sample_id,city,country,fold,split,tile_id,geometry_id,crs,resolution_m,t1,t2,s1_t1_id,s1_t2_id,s2_t1_id,s2_t2_id,cloud_t1_id,cloud_t2_id,label_path,cloud_burden,season,morphology,proposal_source,annotation_status,array_contract_version,cloud_burden_definition,cloud_burden_source,v12_coverage,positive_coverage,label_available,array_path,array_available,cloud_t1_path,cloud_t2_path
SCN_dak_0000,Dakar,Senegal,fold_Dakar,train,DAK_T0000,DAK_G0000,EPSG:32628,10,2023-03-05,2023-03-25,S1_SCN_dak_0000_a,S1_SCN_dak_0000_b,S2_SCN_dak_0000_a,S2_SCN_dak_0000_b,CLD_SCN_dak_0000_a,CLD_SCN_dak_0000_b,labels/SCN_dak_0000.npz,0.656,wet,regular,open_buildings,adjudicated,scene_v2,mean_pixel_probability_across_t1_t2,,,,True,,False,,
SCN_dak_0001,Dakar,Senegal,fold_Dakar,train,DAK_T0001,DAK_G0001,EPSG:32628,10,2023-02-05,2023-02-25,S1_SCN_dak_0001_a,S1_SCN_dak_0001_b,S2_SCN_dak_0001_a,S2_SCN_dak_0001_b,CLD_SCN_dak_0001_a,CLD_SCN_dak_0001_b,labels/SCN_dak_0001.npz,0.529,dry,informal_small_roofs,open_buildings,adjudicated,scene_v2,mean_pixel_probability_across_t1_t2,,,,True,,False,,
SCN_dak_0002,Dakar,Senegal,fold_Dakar,train,DAK_T0002,DAK_G0002,EPSG:32628,10,2023-07-05,2023-07-25,S1_SCN_dak_0002_a,S1_SCN_dak_0002_b,S2_SCN_dak_0002_a,S2_SCN_dak_0002_b,CLD_SCN_dak_0002_a,CLD_SCN_dak_0002_b,labels/SCN_dak_0002.npz,0.844,dry,texture_complex,open_buildings,adjudicated,scene_v2,mean_pixel_probability_across_t1_t2,,,,True,,False,,
SCN_dak_0003,Dakar,Senegal,fold_Dakar,train,DAK_T0003,DAK_G0003,EPSG:32628,10,2023-05-05,2023-05-25,S1_SCN_dak_0003_a,S1_SCN_dak_0003_b,S2_SCN_dak_0003_a,S2_SCN_dak_0003_b,CLD_SCN_dak_0003_a,CLD_SCN_dak_0003_b,labels/SCN_dak_0003.npz,0.856,wet,regular,open_buildings,adjudicated,scene_v2,mean_pixel_probability_across_t1_t2,,,,True,,False,,
SCN_dak_0004,Dakar,Senegal,fold_Dakar,train,DAK_T0004,DAK_G0004,EPSG:32628,10,2023-09-05,2023-09-25,S1_SCN_dak_0004_a,S1_SCN_dak_0004_b,S2_SCN_dak_0004_a,S2_SCN_dak_0004_b,CLD_SCN_dak_0004_a,CLD_SCN_dak_0004_b,labels/SCN_dak_0004.npz,0.894,wet,informal_small_roofs,open_buildings,adjudicated,scene_v2,mean_pixel_probability_across_t1_t2,,,,True,,False,,
SCN_dak_0005,Dakar,Senegal,fold_Dakar,train,DAK_T0005,DAK_G0005,EPSG:32628,10,2023-03-05,2023-03-25,S1_SCN_dak_0005_a,S1_SCN_dak_0005_b,S2_SCN_dak_0005_a,S2_SCN_dak_0005_b,CLD_SCN_dak_0005_a,CLD_SCN_dak_0005_b,labels/SCN_dak_0005.npz,0.324,wet,texture_complex,open_buildings,adjudicated,scene_v2,mean_pixel_probability_across_t1_t2,,,,True,,False,,
SCN_dak_0006,Dakar,Senegal,fold_Dakar,train,DAK_T0006,DAK_G0006,EPSG:32628,10,2023-07-05,2023-07-25,S1_SCN_dak_0006_a,S1_SCN_dak_0006_b,S2_SCN_dak_0006_a,S2_SCN_dak_0006_b,CLD_SCN_dak_0006_a,CLD_SCN_dak_0006_b,labels/SCN_dak_0006.npz,0.11,dry,regular,open_buildings,adjudicated,scene_v2,mean_pixel_probability_across_t1_t2,,,,True,,False,,
SCN_dak_0007,Dakar,Senegal,fold_Dakar,train,DAK_T0007,DAK_G0007,EPSG:32628,10,2023-02-05,2023-02-25,S1_SCN_dak_0007_a,S1_SCN_dak_0007_b,S2_SCN_dak_0007_a,S2_SCN_dak_0007_b,CLD_SCN_dak_0007_a,CLD_SCN_dak_0007_b,labels/SCN_dak_0007.npz,0.363,dry,informal_small_roofs,open_buildings,adjudicated,scene_v2,mean_pixel_probability_across_t1_t2,,,,True,,False,,
SCN_dak_0008,Dakar,Senegal,fold_Dakar,train,DAK_T0008,DAK_G0008,EPSG:32628,10,2023-05-05,2023-05-25,S1_SCN_dak_0008_a,S1_SCN_dak_0008_b,S2_SCN_dak_0008_a,S2_SCN_dak_0008_b,CLD_SCN_dak_0008_a,CLD_SCN_dak_0008_b,labels/SCN_dak_0008.npz,0.09,wet,texture_complex,open_buildings,adjudicated,scene_v2,mean_pixel_probability_across_t1_t2,,,,True,,False,,
SCN_dak_0009,Dakar,Senegal,fold_Dakar,train,DAK_T0009,DAK_G0009,EPSG:32628,10,2023-10-05,2023-10-25,S1_SCN_dak_0009_a,S1_SCN_dak_0009_b,S2_SCN_dak_0009_a,S2_SCN_dak_0009_b,CLD_SCN_dak_0009_a,CLD_SCN_dak_0009_b,labels/SCN_dak_0009.npz,0.381,wet,regular,open_buildings,adjudicated,scene_v2,mean_pixel_probability_across_t1_t2,,,,True,,False,,
SCN_dak_0010,Dakar,Senegal,fold_Dakar,train,DAK_T0010,DAK_G0010,EPSG:32628,10,2023-05-05,2023-05-25,S1_SCN_dak_0010_a,S1_SCN_dak_0010_b,S2_SCN_dak_0010_a,S2_SCN_dak_0010_b,CLD_SCN_dak_0010_a,CLD_SCN_dak_0010_b,labels/SCN_dak_0010.npz,0.69,wet,informal_small_roofs,open_buildings,adjudicated,scene_v2,mean_pixel_probability_across_t1_t2,,,,True,,False,,
SCN_dak_0011,Dakar,Senegal,fold_Dakar,train,DAK_T0011,DAK_G0011,EPSG:32628,10,2023-07-05,2023-07-25,S1_SCN_dak_0011_a,S1_SCN_dak_0011_b,S2_SCN_dak_0011_a,S2_SCN_dak_0011_b,CLD_SCN_dak_0011_a,CLD_SCN_dak_0011_b,labels/SCN_dak_0011.npz,0.793,dry,texture_complex,open_buildings,adjudicated,scene_v2,mean_pixel_probability_across_t1_t2,,,,True,,False,,
SCN_dak_0012,Dakar,Senegal,fold_Dakar,train,DAK_T0012,DAK_G0012,EPSG:32628,10,2023-03-05,2023-03-25,S1_SCN_dak_0012_a,S1_SCN_dak_0012_b,S2_SCN_dak_0012_a,S2_SCN_dak_0012_b,CLD_SCN_dak_0012_a,CLD_SCN_dak_0012_b,labels/SCN_dak_0012.npz,0.434,wet,regular,open_buildings,adjudicated,scene_v2,mean_pixel_probability_across_t1_t2,,,,True,,False,,
SCN_dak_0013,Dakar,Senegal,fold_Dakar,train,DAK_T0013,DAK_G0013,EPSG:32628,10,2023-03-05,2023-03-25,S1_SCN_dak_0013_a,S1_SCN_dak_0013_b,S2_SCN_dak_0013_a,S2_SCN_dak_0013_b,CLD_SCN_dak_0013_a,CLD_SCN_dak_0013_b,labels/SCN_dak_0013.npz,0.785,wet,informal_small_roofs,open_buildings,adjudicated,scene_v2,mean_pixel_probability_across_t1_t2,,,,True,,False,,
SCN_dak_0014,Dakar,Senegal,fold_Dakar,train,DAK_T0014,DAK_G0014,EPSG:32628,10,2023-01-05,2023-01-25,S1_SCN_dak_0014_a,S1_SCN_dak_0014_b,S2_SCN_dak_0014_a,S2_SCN_dak_0014_b,CLD_SCN_dak_0014_a,CLD_SCN_dak_0014_b,labels/SCN_dak_0014.npz,0.879,dry,texture_complex,open_buildings,adjudicated,scene_v2,mean_pixel_probability_across_t1_t2,,,,True,,False,,
SCN_dak_0015,Dakar,Senegal,fold_Dakar,train,DAK_T0015,DAK_G0015,EPSG:32628,10,2023-03-05,2023-03-25,S1_SCN_dak_0015_a,S1_SCN_dak_0015_b,S2_SCN_dak_0015_a,S2_SCN_dak_0015_b,CLD_SCN_dak_0015_a,CLD_SCN_dak_0015_b,labels/SCN_dak_0015.npz,0.802,wet,regular,open_buildings,adjudicated,scene_v2,mean_pixel_probability_across_t1_t2,,,,True,,False,,
SCN_dak_0016,Dakar,Senegal,fold_Dakar,train,DAK_T0016,DAK_G0016,EPSG:32628,10,2023-08-05,2023-08-25,S1_SCN_dak_0016_a,S1_SCN_dak_0016_b,S2_SCN_dak_0016_a,S2_SCN_dak_0016_b,CLD_SCN_dak_0016_a,CLD_SCN_dak_0016_b,labels/SCN_dak_0016.npz,0.808,dry,informal_small_roofs,open_buildings,adjudicated,scene_v2,mean_pixel_probability_across_t1_t2,,,,True,,False,,
SCN_dak_0017,Dakar,Senegal,fold_Dakar,train,DAK_T0017,DAK_G0017,EPSG:32628,10,2023-09-05,2023-09-25,S1_SCN_dak_0017_a,S1_SCN_dak_0017_b,S2_SCN_dak_0017_a,S2_SCN_dak_0017_b,CLD_SCN_dak_0017_a,CLD_SCN_dak_0017_b,labels/SCN_dak_0017.npz,0.236,wet,texture_complex,open_buildings,adjudicated,scene_v2,mean_pixel_probability_across_t1_t2,,,,True,,False,,
SCN_dak_0018,Dakar,Senegal,fold_Dakar,train,DAK_T0018,DAK_G0018,EPSG:32628,10,2023-04-05,2023-04-25,S1_SCN_dak_0018_a,S1_SCN_dak_0018_b,S2_SCN_dak_0018_a,S2_SCN_dak_0018_b,CLD_SCN_dak_0018_a,CLD_SCN_dak_0018_b,labels/SCN_dak_0018.npz,0.733,wet,regular,open_buildings,adjudicated,scene_v2,mean_pixel_probability_across_t1_t2,,,,True,,False,,
SCN_dak_0019,Dakar,Senegal,fold_Dakar,train,DAK_T0019,DAK_G0019,EPSG:32628,10,2023-06-05,2023-06-25,S1_SCN_dak_0019_a,S1_SCN_dak_0019_b,S2_SCN_dak_0019_a,S2_SCN_dak_0019_b,CLD_SCN_dak_0019_a,CLD_SCN_dak_0019_b,labels/SCN_dak_0019.npz,0.179,dry,informal_small_roofs,open_buildings,adjudicated,scene_v2,mean_pixel_probability_across_t1_t2,,,,True,,False,,
SCN_dak_0020,Dakar,Senegal,fold_Dakar,train,DAK_T0020,DAK_G0020,EPSG:32628,10,2023-11-05,2023-11-25,S1_SCN_dak_0020_a,S1_SCN_dak_0020_b,S2_SCN_dak_0020_a,S2_SCN_dak_0020_b,CLD_SCN_dak_0020_a,CLD_SCN_dak_0020_b,labels/SCN_dak_0020.npz,0.586,wet,texture_complex,open_buildings,adjudicated,scene_v2,mean_pixel_probability_across_t1_t2,,,,True,,False,,
SCN_dak_0021,Dakar,Senegal,fold_Dakar,train,DAK_T0021,DAK_G0021,EPSG:32628,10,2023-05-05,2023-05-25,S1_SCN_dak_0021_a,S1_SCN_dak_0021_b,S2_SCN_dak_0021_a,S2_SCN_dak_0021_b,CLD_SCN_dak_0021_a,CLD_SCN_dak_0021_b,labels/SCN_dak_0021.npz,0.43,wet,regular,open_buildings,adjudicated,scene_v2,mean_pixel_probability_across_t1_t2,,,,True,,False,,
SCN_dak_0022,Dakar,Senegal,fold_Dakar,train,DAK_T0022,DAK_G0022,EPSG:32628,10,2023-01-05,2023-01-25,S1_SCN_dak_0022_a,S1_SCN_dak_0022_b,S2_SCN_dak_0022_a,S2_SCN_dak_0022_b,CLD_SCN_dak_0022_a,CLD_SCN_dak_0022_b,labels/SCN_dak_0022.npz,0.095,dry,informal_small_roofs,open_buildings,adjudicated,scene_v2,mean_pixel_probability_across_t1_t2,,,,True,,False,,
SCN_dak_0023,Dakar,Senegal,fold_Dakar,train,DAK_T0023,DAK_G0023,EPSG:32628,10,2023-05-05,2023-05-25,S1_SCN_dak_0023_a,S1_SCN_dak_0023_b,S2_SCN_dak_0023_a,S2_SCN_dak_0023_b,CLD_SCN_dak_0023_a,CLD_SCN_dak_0023_b,labels/SCN_dak_0023.npz,0.753,wet,texture_complex,open_buildings,adjudicated,scene_v2,mean_pixel_probability_across_t1_t2,,,,True,,False,,
SCN_dak_0024,Dakar,Senegal,fold_Dakar,train,DAK_T0024,DAK_G0024,EPSG:32628,10,2023-07-05,2023-07-25,S1_SCN_dak_0024_a,S1_SCN_dak_0024_b,S2_SCN_dak_0024_a,S2_SCN_dak_0024_b,CLD_SCN_dak_0024_a,CLD_SCN_dak_0024_b,labels/SCN_dak_0024.npz,0.886,dry,regular,open_buildings,adjudicated,scene_v2,mean_pixel_probability_across_t1_t2,,,,True,,False,,
SCN_dak_0025,Dakar,Senegal,fold_Dakar,train,DAK_T0025,DAK_G0025,EPSG:32628,10,2023-06-05,2023-06-25,S1_SCN_dak_0025_a,S1_SCN_dak_0025_b,S2_SCN_dak_0025_a,S2_SCN_dak_0025_b,CLD_SCN_dak_0025_a,CLD_SCN_dak_0025_b,labels/SCN_dak_0025.npz,0.289,dry,informal_small_roofs,open_buildings,adjudicated,scene_v2,mean_pixel_probability_across_t1_t2,,,,True,,False,,
SCN_dak_0026,Dakar,Senegal,fold_Dakar,train,DAK_T0026,DAK_G0026,EPSG:32628,10,2023-04-05,2023-04-25,S1_SCN_dak_0026_a,S1_SCN_dak_0026_b,S2_SCN_dak_0026_a,S2_SCN_dak_0026_b,CLD_SCN_dak_0026_a,CLD_SCN_dak_0026_b,labels/SCN_dak_0026.npz,0.812,wet,texture_complex,open_buildings,adjudicated,scene_v2,mean_pixel_probability_across_t1_t2,,,,True,,False,,
SCN_dak_0027,Dakar,Senegal,fold_Dakar,train,DAK_T0027,DAK_G0027,EPSG:32628,10,2023-10-05,2023-10-25,S1_SCN_dak_0027_a,S1_SCN_dak_0027_b,S2_SCN_dak_0027_a,S2_SCN_dak_0027_b,CLD_SCN_dak_0027_a,CLD_SCN_dak_0027_b,labels/SCN_dak_0027.npz,0.328,wet,regular,open_buildings,adjudicated,scene_v2,mean_pixel_probability_across_t1_t2,,,,True,,False,,
SCN_dak_0028,Dakar,Senegal,fold_Dakar,train,DAK_T0028,DAK_G0028,EPSG:32628,10,2023-05-05,2023-05-25,S1_SCN_dak_0028_a,S1_SCN_dak_0028_b,S2_SCN_dak_0028_a,S2_SCN_dak_0028_b,CLD_SCN_dak_0028_a,CLD_SCN_dak_0028_b,labels/SCN_dak_0028.npz,0.828,wet,informal_small_roofs,open_buildings,adjudicated,scene_v2,mean_pixel_probability_across_t1_t2,,,,True,,False,,
SCN_dak_0029,Dakar,Senegal,fold_Dakar,train,DAK_T0029,DAK_G0029,EPSG:32628,10,2023-09-05,2023-09-25,S1_SCN_dak_0029_a,S1_SCN_dak_0029_b,S2_SCN_dak_0029_a,S2_SCN_dak_0029_b,CLD_SCN_dak_0029_a,CLD_SCN_dak_0029_b,labels/SCN_dak_0029.npz,0.623,wet,texture_complex,open_buildings,adjudicated,scene_v2,mean_pixel_probability_across_t1_t2,,,,True,,False,,
SCN_dak_0030,Dakar,Senegal,fold_Dakar,train,DAK_T0030,DAK_G0030,EPSG:32628,10,2023-08-05,2023-08-25,S1_SCN_dak_0030_a,S1_SCN_dak_0030_b,S2_SCN_dak_0030_a,S2_SCN_dak_0030_b,CLD_SCN_dak_0030_a,CLD_SCN_dak_0030_b,labels/SCN_dak_0030.npz,0.264,dry,regular,open_buildings,adjudicated,scene_v2,mean_pixel_probability_across_t1_t2,,,,True,,False,,
SCN_dak_0031,Dakar,Senegal,fold_Dakar,train,DAK_T0031,DAK_G0031,EPSG:32628,10,2023-05-05,2023-05-25,S1_SCN_dak_0031_a,S1_SCN_dak_0031_b,S2_SCN_dak_0031_a,S2_SCN_dak_0031_b,CLD_SCN_dak_0031_a,CLD_SCN_dak_0031_b,labels/SCN_dak_0031.npz,0.552,wet,informal_small_roofs,open_buildings,adjudicated,scene_v2,mean_pixel_probability_across_t1_t2,,,,True,,False,,
SCN_dak_0032,Dakar,Senegal,fold_Dakar,train,DAK_T0032,DAK_G0032,EPSG:32628,10,2023-05-05,2023-05-25,S1_SCN_dak_0032_a,S1_SCN_dak_0032_b,S2_SCN_dak_0032_a,S2_SCN_dak_0032_b,CLD_SCN_dak_0032_a,CLD_SCN_dak_0032_b,labels/SCN_dak_0032.npz,0.488,wet,texture_complex,open_buildings,adjudicated,scene_v2,mean_pixel_probability_across_t1_t2,,,,True,,False,,
SCN_dak_0033,Dakar,Senegal,fold_Dakar,train,DAK_T0033,DAK_G0033,EPSG:32628,10,2023-09-05,2023-09-25,S1_SCN_dak_0033_a,S1_SCN_dak_0033_b,S2_SCN_dak_0033_a,S2_SCN_dak_0033_b,CLD_SCN_dak_0033_a,CLD_SCN_dak_0033_b,labels/SCN_dak_0033.npz,0.549,wet,regular,open_buildings,adjudicated,scene_v2,mean_pixel_probability_across_t1_t2,,,,True,,False,,
SCN_dak_0034,Dakar,Senegal,fold_Dakar,train,DAK_T0034,DAK_G0034,EPSG:32628,10,2023-03-05,2023-03-25,S1_SCN_dak_0034_a,S1_SCN_dak_0034_b,S2_SCN_dak_0034_a,S2_SCN_dak_0034_b,CLD_SCN_dak_0034_a,CLD_SCN_dak_0034_b,labels/SCN_dak_0034.npz,0.246,wet,informal_small_roofs,open_buildings,adjudicated,scene_v2,mean_pixel_probability_across_t1_t2,,,,True,,False,,
SCN_dak_0035,Dakar,Senegal,fold_Dakar,train,DAK_T0035,DAK_G0035,EPSG:32628,10,2023-06-05,2023-06-25,S1_SCN_dak_0035_a,S1_SCN_dak_0035_b,S2_SCN_dak_0035_a,S2_SCN_dak_0035_b,CLD_SCN_dak_0035_a,CLD_SCN_dak_0035_b,labels/SCN_dak_0035.npz,0.391,dry,texture_complex,open_buildings,adjudicated,scene_v2,mean_pixel_probability_across_t1_t2,,,,True,,False,,
SCN_dak_0036,Dakar,Senegal,fold_Dakar,train,DAK_T0036,DAK_G0036,EPSG:32628,10,2023-09-05,2023-09-25,S1_SCN_dak_0036_a,S1_SCN_dak_0036_b,S2_SCN_dak_0036_a,S2_SCN_dak_0036_b,CLD_SCN_dak_0036_a,CLD_SCN_dak_0036_b,labels/SCN_dak_0036.npz,0.797,wet,regular,open_buildings,adjudicated,scene_v2,mean_pixel_probability_across_t1_t2,,,,True,,False,,
SCN_dak_0037,Dakar,Senegal,fold_Dakar,train,DAK_T0037,DAK_G0037,EPSG:32628,10,2023-07-05,2023-07-25,S1_SCN_dak_0037_a,S1_SCN_dak_0037_b,S2_SCN_dak_0037_a,S2_SCN_dak_0037_b,CLD_SCN_dak_0037_a,CLD_SCN_dak_0037_b,labels/SCN_dak_0037.npz,0.31,dry,informal_small_roofs,open_buildings,adjudicated,scene_v2,mean_pixel_probability_across_t1_t2,,,,True,,False,,
SCN_dak_0038,Dakar,Senegal,fold_Dakar,train,DAK_T0038,DAK_G0038,EPSG:32628,10,2023-05-05,2023-05-25,S1_SCN_dak_0038_a,S1_SCN_dak_0038_b,S2_SCN_dak_0038_a,S2_SCN_dak_0038_b,CLD_SCN_dak_0038_a,CLD_SCN_dak_0038_b,labels/SCN_dak_0038.npz,0.616,wet,texture_complex,open_buildings,adjudicated,scene_v2,mean_pixel_probability_across_t1_t2,,,,True,,False,,
SCN_dak_0039,Dakar,Senegal,fold_Dakar,train,DAK_T0039,DAK_G0039,EPSG:32628,10,2023-10-05,2023-10-25,S1_SCN_dak_0039_a,S1_SCN_dak_0039_b,S2_SCN_dak_0039_a,S2_SCN_dak_0039_b,CLD_SCN_dak_0039_a,CLD_SCN_dak_0039_b,labels/SCN_dak_0039.npz,0.205,wet,regular,open_buildings,adjudicated,scene_v2,mean_pixel_probability_across_t1_t2,,,,True,,False,,
SCN_dak_0040,Dakar,Senegal,fold_Dakar,train,DAK_T0040,DAK_G0040,EPSG:32628,10,2023-04-05,2023-04-25,S1_SCN_dak_0040_a,S1_SCN_dak_0040_b,S2_SCN_dak_0040_a,S2_SCN_dak_0040_b,CLD_SCN_dak_0040_a,CLD_SCN_dak_0040_b,labels/SCN_dak_0040.npz,0.659,wet,informal_small_roofs,open_buildings,adjudicated,scene_v2,mean_pixel_probability_across_t1_t2,,,,True,,False,,
SCN_dak_0041,Dakar,Senegal,fold_Dakar,train,DAK_T0041,DAK_G0041,EPSG:32628,10,2023-10-05,2023-10-25,S1_SCN_dak_0041_a,S1_SCN_dak_0041_b,S2_SCN_dak_0041_a,S2_SCN_dak_0041_b,CLD_SCN_dak_0041_a,CLD_SCN_dak_0041_b,labels/SCN_dak_0041.npz,0.13,wet,texture_complex,open_buildings,adjudicated,scene_v2,mean_pixel_probability_across_t1_t2,,,,True,,False,,
SCN_dak_0042,Dakar,Senegal,fold_Dakar,train,DAK_T0042,DAK_G0042,EPSG:32628,10,2023-04-05,2023-04-25,S1_SCN_dak_0042_a,S1_SCN_dak_0042_b,S2_SCN_dak_0042_a,S2_SCN_dak_0042_b,CLD_SCN_dak_0042_a,CLD_SCN_dak_0042_b,labels/SCN_dak_0042.npz,0.2,wet,regular,open_buildings,adjudicated,scene_v2,mean_pixel_probability_across_t1_t2,,,,True,,False,,
SCN_dak_0043,Dakar,Senegal,fold_Dakar,train,DAK_T0043,DAK_G0043,EPSG:32628,10,2023-07-05,2023-07-25,S1_SCN_dak_0043_a,S1_SCN_dak_0043_b,S2_SCN_dak_0043_a,S2_SCN_dak_0043_b,CLD_SCN_dak_0043_a,CLD_SCN_dak_0043_b,labels/SCN_dak_0043.npz,0.936,dry,informal_small_roofs,open_buildings,adjudicated,scene_v2,mean_pixel_probability_across_t1_t2,,,,True,,False,,
SCN_dak_0044,Dakar,Senegal,fold_Dakar,train,DAK_T0044,DAK_G0044,EPSG:32628,10,2023-10-05,2023-10-25,S1_SCN_dak_0044_a,S1_SCN_dak_0044_b,S2_SCN_dak_0044_a,S2_SCN_dak_0044_b,CLD_SCN_dak_0044_a,CLD_SCN_dak_0044_b,labels/SCN_dak_0044.npz,0.77,wet,texture_complex,open_buildings,adjudicated,scene_v2,mean_pixel_probability_across_t1_t2,,,,True,,False,,
SCN_dak_0045,Dakar,Senegal,fold_Dakar,train,DAK_T0045,DAK_G0045,EPSG:32628,10,2023-07-05,2023-07-25,S1_SCN_dak_0045_a,S1_SCN_dak_0045_b,S2_SCN_dak_0045_a,S2_SCN_dak_0045_b,CLD_SCN_dak_0045_a,CLD_SCN_dak_0045_b,labels/SCN_dak_0045.npz,0.146,dry,regular,open_buildings,adjudicated,scene_v2,mean_pixel_probability_across_t1_t2,,,,True,,False,,
SCN_dak_0046,Dakar,Senegal,fold_Dakar,train,DAK_T0046,DAK_G0046,EPSG:32628,10,2023-07-05,2023-07-25,S1_SCN_dak_0046_a,S1_SCN_dak_0046_b,S2_SCN_dak_0046_a,S2_SCN_dak_0046_b,CLD_SCN_dak_0046_a,CLD_SCN_dak_0046_b,labels/SCN_dak_0046.npz,0.223,dry,informal_small_roofs,open_buildings,adjudicated,scene_v2,mean_pixel_probability_across_t1_t2,,,,True,,False,,
SCN_dak_0047,Dakar,Senegal,fold_Dakar,train,DAK_T0047,DAK_G0047,EPSG:32628,10,2023-06-05,2023-06-25,S1_SCN_dak_0047_a,S1_SCN_dak_0047_b,S2_SCN_dak_0047_a,S2_SCN_dak_0047_b,CLD_SCN_dak_0047_a,CLD_SCN_dak_0047_b,labels/SCN_dak_0047.npz,0.916,dry,texture_complex,open_buildings,adjudicated,scene_v2,mean_pixel_probability_across_t1_t2,,,,True,,False,,
SCN_dak_0048,Dakar,Senegal,fold_Dakar,train,DAK_T0048,DAK_G0048,EPSG:32628,10,2023-09-05,2023-09-25,S1_SCN_dak_0048_a,S1_SCN_dak_0048_b,S2_SCN_dak_0048_a,S2_SCN_dak_0048_b,CLD_SCN_dak_0048_a,CLD_SCN_dak_0048_b,labels/SCN_dak_0048.npz,0.723,wet,regular,open_buildings,adjudicated,scene_v2,mean_pixel_probability_across_t1_t2,,,,True,,False,,
SCN_dak_0049,Dakar,Senegal,fold_Dakar,train,DAK_T0049,DAK_G0049,EPSG:32628,10,2023-01-05,2023-01-25,S1_SCN_dak_0049_a,S1_SCN_dak_0049_b,S2_SCN_dak_0049_a,S2_SCN_dak_0049_b,CLD_SCN_dak_0049_a,CLD_SCN_dak_0049_b,labels/SCN_dak_0049.npz,0.719,dry,informal_small_roofs,open_buildings,adjudicated,scene_v2,mean_pixel_probability_across_t1_t2,,,,True,,False,,
SCN_dak_0050,Dakar,Senegal,fold_Dakar,validation,DAK_T0050,DAK_G0050,EPSG:32628,10,2023-05-05,2023-05-25,S1_SCN_dak_0050_a,S1_SCN_dak_0050_b,S2_SCN_dak_0050_a,S2_SCN_dak_0050_b,CLD_SCN_dak_0050_a,CLD_SCN_dak_0050_b,labels/SCN_dak_0050.npz,0.147,wet,texture_complex,open_buildings,adjudicated,scene_v2,mean_pixel_probability_across_t1_t2,,,,True,,False,,
SCN_dak_0051,Dakar,Senegal,fold_Dakar,validation,DAK_T0051,DAK_G0051,EPSG:32628,10,2023-10-05,2023-10-25,S1_SCN_dak_0051_a,S1_SCN_dak_0051_b,S2_SCN_dak_0051_a,S2_SCN_dak_0051_b,CLD_SCN_dak_0051_a,CLD_SCN_dak_0051_b,labels/SCN_dak_0051.npz,0.136,wet,regular,open_buildings,adjudicated,scene_v2,mean_pixel_probability_across_t1_t2,,,,True,,False,,
SCN_dak_0052,Dakar,Senegal,fold_Dakar,validation,DAK_T0052,DAK_G0052,EPSG:32628,10,2023-11-05,2023-11-25,S1_SCN_dak_0052_a,S1_SCN_dak_0052_b,S2_SCN_dak_0052_a,S2_SCN_dak_0052_b,CLD_SCN_dak_0052_a,CLD_SCN_dak_0052_b,labels/SCN_dak_0052.npz,0.539,wet,informal_small_roofs,open_buildings,adjudicated,scene_v2,mean_pixel_probability_across_t1_t2,,,,True,,False,,
SCN_dak_0053,Dakar,Senegal,fold_Dakar,validation,DAK_T0053,DAK_G0053,EPSG:32628,10,2023-11-05,2023-11-25,S1_SCN_dak_0053_a,S1_SCN_dak_0053_b,S2_SCN_dak_0053_a,S2_SCN_dak_0053_b,CLD_SCN_dak_0053_a,CLD_SCN_dak_0053_b,labels/SCN_dak_0053.npz,0.452,wet,texture_complex,open_buildings,adjudicated,scene_v2,mean_pixel_probability_across_t1_t2,,,,True,,False,,
SCN_dak_0054,Dakar,Senegal,fold_Dakar,validation,DAK_T0054,DAK_G0054,EPSG:32628,10,2023-11-05,2023-11-25,S1_SCN_dak_0054_a,S1_SCN_dak_0054_b,S2_SCN_dak_0054_a,S2_SCN_dak_0054_b,CLD_SCN_dak_0054_a,CLD_SCN_dak_0054_b,labels/SCN_dak_0054.npz,0.713,wet,regular,open_buildings,adjudicated,scene_v2,mean_pixel_probability_across_t1_t2,,,,True,,False,,
SCN_dak_0055,Dakar,Senegal,fold_Dakar,validation,DAK_T0055,DAK_G0055,EPSG:32628,10,2023-10-05,2023-10-25,S1_SCN_dak_0055_a,S1_SCN_dak_0055_b,S2_SCN_dak_0055_a,S2_SCN_dak_0055_b,CLD_SCN_dak_0055_a,CLD_SCN_dak_0055_b,labels/SCN_dak_0055.npz,0.734,wet,informal_small_roofs,open_buildings,adjudicated,scene_v2,mean_pixel_probability_across_t1_t2,,,,True,,False,,
SCN_dak_0056,Dakar,Senegal,fold_Dakar,validation,DAK_T0056,DAK_G0056,EPSG:32628,10,2023-03-05,2023-03-25,S1_SCN_dak_0056_a,S1_SCN_dak_0056_b,S2_SCN_dak_0056_a,S2_SCN_dak_0056_b,CLD_SCN_dak_0056_a,CLD_SCN_dak_0056_b,labels/SCN_dak_0056.npz,0.602,wet,texture_complex,open_buildings,adjudicated,scene_v2,mean_pixel_probability_across_t1_t2,,,,True,,False,,
SCN_dak_0057,Dakar,Senegal,fold_Dakar,validation,DAK_T0057,DAK_G0057,EPSG:32628,10,2023-11-05,2023-11-25,S1_SCN_dak_0057_a,S1_SCN_dak_0057_b,S2_SCN_dak_0057_a,S2_SCN_dak_0057_b,CLD_SCN_dak_0057_a,CLD_SCN_dak_0057_b,labels/SCN_dak_0057.npz,0.854,wet,regular,open_buildings,adjudicated,scene_v2,mean_pixel_probability_across_t1_t2,,,,True,,False,,
SCN_dak_0058,Dakar,Senegal,fold_Dakar,test,DAK_T0058,DAK_G0058,EPSG:32628,10,2023-10-05,2023-10-25,S1_SCN_dak_0058_a,S1_SCN_dak_0058_b,S2_SCN_dak_0058_a,S2_SCN_dak_0058_b,CLD_SCN_dak_0058_a,CLD_SCN_dak_0058_b,labels/SCN_dak_0058.npz,0.870644,wet,informal_small_roofs,open_buildings,adjudicated,scene_v2,mean_pixel_probability_across_t1_t2,recomputed_from_shared_scene_arrays,0.135091,0.254545,True,arrays/SCN_dak_0058.npz,True,clouds/SCN_dak_0058_t1.npz,clouds/SCN_dak_0058_t2.npz
SCN_dak_0059,Dakar,Senegal,fold_Dakar,test,DAK_T0059,DAK_G0059,EPSG:32628,10,2023-01-05,2023-01-25,S1_SCN_dak_0059_a,S1_SCN_dak_0059_b,S2_SCN_dak_0059_a,S2_SCN_dak_0059_b,CLD_SCN_dak_0059_a,CLD_SCN_dak_0059_b,labels/SCN_dak_0059.npz,0.838084,dry,texture_complex,open_buildings,adjudicated,scene_v2,mean_pixel_probability_across_t1_t2,recomputed_from_shared_scene_arrays,0.146267,0.286195,True,arrays/SCN_dak_0059.npz,True,clouds/SCN_dak_0059_t1.npz,clouds/SCN_dak_0059_t2.npz
SCN_dak_0060,Dakar,Senegal,fold_Dakar,test,DAK_T0060,DAK_G0060,EPSG:32628,10,2023-03-05,2023-03-25,S1_SCN_dak_0060_a,S1_SCN_dak_0060_b,S2_SCN_dak_0060_a,S2_SCN_dak_0060_b,CLD_SCN_dak_0060_a,CLD_SCN_dak_0060_b,labels/SCN_dak_0060.npz,0.83,wet,regular,open_buildings,adjudicated,scene_v2,mean_pixel_probability_across_t1_t2,recomputed_from_shared_scene_arrays,0.204319,0.312950,True,arrays/SCN_dak_0060.npz,True,clouds/SCN_dak_0060_t1.npz,clouds/SCN_dak_0060_t2.npz
SCN_dak_0061,Dakar,Senegal,fold_Dakar,test,DAK_T0061,DAK_G0061,EPSG:32628,10,2023-04-05,2023-04-25,S1_SCN_dak_0061_a,S1_SCN_dak_0061_b,S2_SCN_dak_0061_a,S2_SCN_dak_0061_b,CLD_SCN_dak_0061_a,CLD_SCN_dak_0061_b,labels/SCN_dak_0061.npz,0.684,wet,informal_small_roofs,open_buildings,adjudicated,scene_v2,mean_pixel_probability_across_t1_t2,recomputed_from_shared_scene_arrays,0.502496,0.734694,True,arrays/SCN_dak_0061.npz,True,clouds/SCN_dak_0061_t1.npz,clouds/SCN_dak_0061_t2.npz
SCN_dak_0062,Dakar,Senegal,fold_Dakar,test,DAK_T0062,DAK_G0062,EPSG:32628,10,2023-11-05,2023-11-25,S1_SCN_dak_0062_a,S1_SCN_dak_0062_b,S2_SCN_dak_0062_a,S2_SCN_dak_0062_b,CLD_SCN_dak_0062_a,CLD_SCN_dak_0062_b,labels/SCN_dak_0062.npz,0.754,wet,texture_complex,open_buildings,adjudicated,scene_v2,mean_pixel_probability_across_t1_t2,recomputed_from_shared_scene_arrays,0.364041,0.654135,True,arrays/SCN_dak_0062.npz,True,clouds/SCN_dak_0062_t1.npz,clouds/SCN_dak_0062_t2.npz
SCN_dak_0063,Dakar,Senegal,fold_Dakar,test,DAK_T0063,DAK_G0063,EPSG:32628,10,2023-02-05,2023-02-25,S1_SCN_dak_0063_a,S1_SCN_dak_0063_b,S2_SCN_dak_0063_a,S2_SCN_dak_0063_b,CLD_SCN_dak_0063_a,CLD_SCN_dak_0063_b,labels/SCN_dak_0063.npz,0.83,dry,regular,open_buildings,adjudicated,scene_v2,mean_pixel_probability_across_t1_t2,recomputed_from_shared_scene_arrays,0.185872,0.296820,True,arrays/SCN_dak_0063.npz,True,clouds/SCN_dak_0063_t1.npz,clouds/SCN_dak_0063_t2.npz
SCN_dak_0064,Dakar,Senegal,fold_Dakar,test,DAK_T0064,DAK_G0064,EPSG:32628,10,2023-10-05,2023-10-25,S1_SCN_dak_0064_a,S1_SCN_dak_0064_b,S2_SCN_dak_0064_a,S2_SCN_dak_0064_b,CLD_SCN_dak_0064_a,CLD_SCN_dak_0064_b,labels/SCN_dak_0064.npz,0.587,wet,informal_small_roofs,open_buildings,adjudicated,scene_v2,mean_pixel_probability_across_t1_t2,recomputed_from_shared_scene_arrays,0.704210,0.451977,True,arrays/SCN_dak_0064.npz,True,clouds/SCN_dak_0064_t1.npz,clouds/SCN_dak_0064_t2.npz
SCN_dak_0065,Dakar,Senegal,fold_Dakar,test,DAK_T0065,DAK_G0065,EPSG:32628,10,2023-02-05,2023-02-25,S1_SCN_dak_0065_a,S1_SCN_dak_0065_b,S2_SCN_dak_0065_a,S2_SCN_dak_0065_b,CLD_SCN_dak_0065_a,CLD_SCN_dak_0065_b,labels/SCN_dak_0065.npz,0.548,dry,texture_complex,open_buildings,adjudicated,scene_v2,mean_pixel_probability_across_t1_t2,recomputed_from_shared_scene_arrays,0.709961,0.671533,True,arrays/SCN_dak_0065.npz,True,clouds/SCN_dak_0065_t1.npz,clouds/SCN_dak_0065_t2.npz
SCN_dak_0066,Dakar,Senegal,fold_Dakar,test,DAK_T0066,DAK_G0066,EPSG:32628,10,2023-01-05,2023-01-25,S1_SCN_dak_0066_a,S1_SCN_dak_0066_b,S2_SCN_dak_0066_a,S2_SCN_dak_0066_b,CLD_SCN_dak_0066_a,CLD_SCN_dak_0066_b,labels/SCN_dak_0066.npz,0.862657,dry,regular,open_buildings,adjudicated,scene_v2,mean_pixel_probability_across_t1_t2,recomputed_from_shared_scene_arrays,0.137153,0.334694,True,arrays/SCN_dak_0066.npz,True,clouds/SCN_dak_0066_t1.npz,clouds/SCN_dak_0066_t2.npz
SCN_dak_0067,Dakar,Senegal,fold_Dakar,test,DAK_T0067,DAK_G0067,EPSG:32628,10,2023-07-05,2023-07-25,S1_SCN_dak_0067_a,S1_SCN_dak_0067_b,S2_SCN_dak_0067_a,S2_SCN_dak_0067_b,CLD_SCN_dak_0067_a,CLD_SCN_dak_0067_b,labels/SCN_dak_0067.npz,0.825844,dry,informal_small_roofs,open_buildings,adjudicated,scene_v2,mean_pixel_probability_across_t1_t2,recomputed_from_shared_scene_arrays,0.189887,0.288660,True,arrays/SCN_dak_0067.npz,True,clouds/SCN_dak_0067_t1.npz,clouds/SCN_dak_0067_t2.npz
SCN_dak_0068,Dakar,Senegal,fold_Dakar,test,DAK_T0068,DAK_G0068,EPSG:32628,10,2023-03-05,2023-03-25,S1_SCN_dak_0068_a,S1_SCN_dak_0068_b,S2_SCN_dak_0068_a,S2_SCN_dak_0068_b,CLD_SCN_dak_0068_a,CLD_SCN_dak_0068_b,labels/SCN_dak_0068.npz,0.421,wet,texture_complex,open_buildings,adjudicated,scene_v2,mean_pixel_probability_across_t1_t2,recomputed_from_shared_scene_arrays,0.906467,0.896552,True,arrays/SCN_dak_0068.npz,True,clouds/SCN_dak_0068_t1.npz,clouds/SCN_dak_0068_t2.npz
SCN_dak_0069,Dakar,Senegal,fold_Dakar,test,DAK_T0069,DAK_G0069,EPSG:32628,10,2023-07-05,2023-07-25,S1_SCN_dak_0069_a,S1_SCN_dak_0069_b,S2_SCN_dak_0069_a,S2_SCN_dak_0069_b,CLD_SCN_dak_0069_a,CLD_SCN_dak_0069_b,labels/SCN_dak_0069.npz,0.72,dry,regular,open_buildings,adjudicated,scene_v2,mean_pixel_probability_across_t1_t2,recomputed_from_shared_scene_arrays,0.382161,0.371166,True,arrays/SCN_dak_0069.npz,True,clouds/SCN_dak_0069_t1.npz,clouds/SCN_dak_0069_t2.npz
SCN_dak_0070,Dakar,Senegal,fold_Dakar,pretrain_pool,DAK_T0070,DAK_G0070,EPSG:32628,10,2023-04-05,2023-04-25,S1_SCN_dak_0070_a,S1_SCN_dak_0070_b,S2_SCN_dak_0070_a,S2_SCN_dak_0070_b,CLD_SCN_dak_0070_a,CLD_SCN_dak_0070_b,,0.897,wet,informal_small_roofs,open_buildings,unlabeled,scene_v2,mean_pixel_probability_across_t1_t2,,,,False,,False,,
SCN_dak_0071,Dakar,Senegal,fold_Dakar,pretrain_pool,DAK_T0071,DAK_G0071,EPSG:32628,10,2023-04-05,2023-04-25,S1_SCN_dak_0071_a,S1_SCN_dak_0071_b,S2_SCN_dak_0071_a,S2_SCN_dak_0071_b,CLD_SCN_dak_0071_a,CLD_SCN_dak_0071_b,,0.536,wet,texture_complex,open_buildings,unlabeled,scene_v2,mean_pixel_probability_across_t1_t2,,,,False,,False,,
SCN_dak_0072,Dakar,Senegal,fold_Dakar,pretrain_pool,DAK_T0072,DAK_G0072,EPSG:32628,10,2023-04-05,2023-04-25,S1_SCN_dak_0072_a,S1_SCN_dak_0072_b,S2_SCN_dak_0072_a,S2_SCN_dak_0072_b,CLD_SCN_dak_0072_a,CLD_SCN_dak_0072_b,,0.707,wet,regular,open_buildings,unlabeled,scene_v2,mean_pixel_probability_across_t1_t2,,,,False,,False,,
SCN_dak_0073,Dakar,Senegal,fold_Dakar,pretrain_pool,DAK_T0073,DAK_G0073,EPSG:32628,10,2023-08-05,2023-08-25,S1_SCN_dak_0073_a,S1_SCN_dak_0073_b,S2_SCN_dak_0073_a,S2_SCN_dak_0073_b,CLD_SCN_dak_0073_a,CLD_SCN_dak_0073_b,,0.245,dry,informal_small_roofs,open_buildings,unlabeled,scene_v2,mean_pixel_probability_across_t1_t2,,,,False,,False,,
SCN_dak_0074,Dakar,Senegal,fold_Dakar,pretrain_pool,DAK_T0074,DAK_G0074,EPSG:32628,10,2023-09-05,2023-09-25,S1_SCN_dak_0074_a,S1_SCN_dak_0074_b,S2_SCN_dak_0074_a,S2_SCN_dak_0074_b,CLD_SCN_dak_0074_a,CLD_SCN_dak_0074_b,,0.46,wet,texture_complex,open_buildings,unlabeled,scene_v2,mean_pixel_probability_across_t1_t2,,,,False,,False,,
SCN_dak_0075,Dakar,Senegal,fold_Dakar,pretrain_pool,DAK_T0075,DAK_G0075,EPSG:32628,10,2023-06-05,2023-06-25,S1_SCN_dak_0075_a,S1_SCN_dak_0075_b,S2_SCN_dak_0075_a,S2_SCN_dak_0075_b,CLD_SCN_dak_0075_a,CLD_SCN_dak_0075_b,,0.6,dry,regular,open_buildings,unlabeled,scene_v2,mean_pixel_probability_across_t1_t2,,,,False,,False,,
SCN_dak_0076,Dakar,Senegal,fold_Dakar,pretrain_pool,DAK_T0076,DAK_G0076,EPSG:32628,10,2023-01-05,2023-01-25,S1_SCN_dak_0076_a,S1_SCN_dak_0076_b,S2_SCN_dak_0076_a,S2_SCN_dak_0076_b,CLD_SCN_dak_0076_a,CLD_SCN_dak_0076_b,,0.195,dry,informal_small_roofs,open_buildings,unlabeled,scene_v2,mean_pixel_probability_across_t1_t2,,,,False,,False,,
SCN_dak_0077,Dakar,Senegal,fold_Dakar,pretrain_pool,DAK_T0077,DAK_G0077,EPSG:32628,10,2023-07-05,2023-07-25,S1_SCN_dak_0077_a,S1_SCN_dak_0077_b,S2_SCN_dak_0077_a,S2_SCN_dak_0077_b,CLD_SCN_dak_0077_a,CLD_SCN_dak_0077_b,,0.801,dry,texture_complex,open_buildings,unlabeled,scene_v2,mean_pixel_probability_across_t1_t2,,,,False,,False,,
SCN_dak_0078,Dakar,Senegal,fold_Dakar,pretrain_pool,DAK_T0078,DAK_G0078,EPSG:32628,10,2023-04-05,2023-04-25,S1_SCN_dak_0078_a,S1_SCN_dak_0078_b,S2_SCN_dak_0078_a,S2_SCN_dak_0078_b,CLD_SCN_dak_0078_a,CLD_SCN_dak_0078_b,,0.249,wet,regular,open_buildings,unlabeled,scene_v2,mean_pixel_probability_across_t1_t2,,,,False,,False,,
SCN_dak_0079,Dakar,Senegal,fold_Dakar,pretrain_pool,DAK_T0079,DAK_G0079,EPSG:32628,10,2023-03-05,2023-03-25,S1_SCN_dak_0079_a,S1_SCN_dak_0079_b,S2_SCN_dak_0079_a,S2_SCN_dak_0079_b,CLD_SCN_dak_0079_a,CLD_SCN_dak_0079_b,,0.587,wet,informal_small_roofs,open_buildings,unlabeled,scene_v2,mean_pixel_probability_across_t1_t2,,,,False,,False,,
SCN_dak_0080,Dakar,Senegal,fold_Dakar,pretrain_pool,DAK_T0080,DAK_G0080,EPSG:32628,10,2023-07-05,2023-07-25,S1_SCN_dak_0080_a,S1_SCN_dak_0080_b,S2_SCN_dak_0080_a,S2_SCN_dak_0080_b,CLD_SCN_dak_0080_a,CLD_SCN_dak_0080_b,,0.573,dry,texture_complex,open_buildings,unlabeled,scene_v2,mean_pixel_probability_across_t1_t2,,,,False,,False,,
SCN_dak_0081,Dakar,Senegal,fold_Dakar,pretrain_pool,DAK_T0081,DAK_G0081,EPSG:32628,10,2023-04-05,2023-04-25,S1_SCN_dak_0081_a,S1_SCN_dak_0081_b,S2_SCN_dak_0081_a,S2_SCN_dak_0081_b,CLD_SCN_dak_0081_a,CLD_SCN_dak_0081_b,,0.32,wet,regular,open_buildings,unlabeled,scene_v2,mean_pixel_probability_across_t1_t2,,,,False,,False,,
SCN_dak_0082,Dakar,Senegal,fold_Dakar,pretrain_pool,DAK_T0082,DAK_G0082,EPSG:32628,10,2023-01-05,2023-01-25,S1_SCN_dak_0082_a,S1_SCN_dak_0082_b,S2_SCN_dak_0082_a,S2_SCN_dak_0082_b,CLD_SCN_dak_0082_a,CLD_SCN_dak_0082_b,,0.802,dry,informal_small_roofs,open_buildings,unlabeled,scene_v2,mean_pixel_probability_across_t1_t2,,,,False,,False,,
SCN_dak_0083,Dakar,Senegal,fold_Dakar,pretrain_pool,DAK_T0083,DAK_G0083,EPSG:32628,10,2023-02-05,2023-02-25,S1_SCN_dak_0083_a,S1_SCN_dak_0083_b,S2_SCN_dak_0083_a,S2_SCN_dak_0083_b,CLD_SCN_dak_0083_a,CLD_SCN_dak_0083_b,,0.241,dry,texture_complex,open_buildings,unlabeled,scene_v2,mean_pixel_probability_across_t1_t2,,,,False,,False,,
SCN_dak_0084,Dakar,Senegal,fold_Dakar,pretrain_pool,DAK_T0084,DAK_G0084,EPSG:32628,10,2023-11-05,2023-11-25,S1_SCN_dak_0084_a,S1_SCN_dak_0084_b,S2_SCN_dak_0084_a,S2_SCN_dak_0084_b,CLD_SCN_dak_0084_a,CLD_SCN_dak_0084_b,,0.302,wet,regular,open_buildings,unlabeled,scene_v2,mean_pixel_probability_across_t1_t2,,,,False,,False,,
SCN_dak_0085,Dakar,Senegal,fold_Dakar,pretrain_pool,DAK_T0085,DAK_G0085,EPSG:32628,10,2023-07-05,2023-07-25,S1_SCN_dak_0085_a,S1_SCN_dak_0085_b,S2_SCN_dak_0085_a,S2_SCN_dak_0085_b,CLD_SCN_dak_0085_a,CLD_SCN_dak_0085_b,,0.592,dry,informal_small_roofs,open_buildings,unlabeled,scene_v2,mean_pixel_probability_across_t1_t2,,,,False,,False,,
SCN_dak_0086,Dakar,Senegal,fold_Dakar,pretrain_pool,DAK_T0086,DAK_G0086,EPSG:32628,10,2023-09-05,2023-09-25,S1_SCN_dak_0086_a,S1_SCN_dak_0086_b,S2_SCN_dak_0086_a,S2_SCN_dak_0086_b,CLD_SCN_dak_0086_a,CLD_SCN_dak_0086_b,,0.811,wet,texture_complex,open_buildings,unlabeled,scene_v2,mean_pixel_probability_across_t1_t2,,,,False,,False,,
SCN_dak_0087,Dakar,Senegal,fold_Dakar,pretrain_pool,DAK_T0087,DAK_G0087,EPSG:32628,10,2023-06-05,2023-06-25,S1_SCN_dak_0087_a,S1_SCN_dak_0087_b,S2_SCN_dak_0087_a,S2_SCN_dak_0087_b,CLD_SCN_dak_0087_a,CLD_SCN_dak_0087_b,,0.239,dry,regular,open_buildings,unlabeled,scene_v2,mean_pixel_probability_across_t1_t2,,,,False,,False,,
SCN_dak_0088,Dakar,Senegal,fold_Dakar,pretrain_pool,DAK_T0088,DAK_G0088,EPSG:32628,10,2023-05-05,2023-05-25,S1_SCN_dak_0088_a,S1_SCN_dak_0088_b,S2_SCN_dak_0088_a,S2_SCN_dak_0088_b,CLD_SCN_dak_0088_a,CLD_SCN_dak_0088_b,,0.89,wet,informal_small_roofs,open_buildings,unlabeled,scene_v2,mean_pixel_probability_across_t1_t2,,,,False,,False,,
SCN_dak_0089,Dakar,Senegal,fold_Dakar,pretrain_pool,DAK_T0089,DAK_G0089,EPSG:32628,10,2023-05-05,2023-05-25,S1_SCN_dak_0089_a,S1_SCN_dak_0089_b,S2_SCN_dak_0089_a,S2_SCN_dak_0089_b,CLD_SCN_dak_0089_a,CLD_SCN_dak_0089_b,,0.603,wet,texture_complex,open_buildings,unlabeled,scene_v2,mean_pixel_probability_across_t1_t2,,,,False,,False,,
SCN_dak_0090,Dakar,Senegal,fold_Dakar,pretrain_pool,DAK_T0090,DAK_G0090,EPSG:32628,10,2023-11-05,2023-11-25,S1_SCN_dak_0090_a,S1_SCN_dak_0090_b,S2_SCN_dak_0090_a,S2_SCN_dak_0090_b,CLD_SCN_dak_0090_a,CLD_SCN_dak_0090_b,,0.511,wet,regular,open_buildings,unlabeled,scene_v2,mean_pixel_probability_across_t1_t2,,,,False,,False,,
SCN_dak_0091,Dakar,Senegal,fold_Dakar,pretrain_pool,DAK_T0091,DAK_G0091,EPSG:32628,10,2023-02-05,2023-02-25,S1_SCN_dak_0091_a,S1_SCN_dak_0091_b,S2_SCN_dak_0091_a,S2_SCN_dak_0091_b,CLD_SCN_dak_0091_a,CLD_SCN_dak_0091_b,,0.712,dry,informal_small_roofs,open_buildings,unlabeled,scene_v2,mean_pixel_probability_across_t1_t2,,,,False,,False,,
SCN_dak_0092,Dakar,Senegal,fold_Dakar,pretrain_pool,DAK_T0092,DAK_G0092,EPSG:32628,10,2023-02-05,2023-02-25,S1_SCN_dak_0092_a,S1_SCN_dak_0092_b,S2_SCN_dak_0092_a,S2_SCN_dak_0092_b,CLD_SCN_dak_0092_a,CLD_SCN_dak_0092_b,,0.583,dry,texture_complex,open_buildings,unlabeled,scene_v2,mean_pixel_probability_across_t1_t2,,,,False,,False,,
SCN_dak_0093,Dakar,Senegal,fold_Dakar,pretrain_pool,DAK_T0093,DAK_G0093,EPSG:32628,10,2023-10-05,2023-10-25,S1_SCN_dak_0093_a,S1_SCN_dak_0093_b,S2_SCN_dak_0093_a,S2_SCN_dak_0093_b,CLD_SCN_dak_0093_a,CLD_SCN_dak_0093_b,,0.709,wet,regular,open_buildings,unlabeled,scene_v2,mean_pixel_probability_across_t1_t2,,,,False,,False,,
SCN_dak_0094,Dakar,Senegal,fold_Dakar,pretrain_pool,DAK_T0094,DAK_G0094,EPSG:32628,10,2023-07-05,2023-07-25,S1_SCN_dak_0094_a,S1_SCN_dak_0094_b,S2_SCN_dak_0094_a,S2_SCN_dak_0094_b,CLD_SCN_dak_0094_a,CLD_SCN_dak_0094_b,,0.836,dry,informal_small_roofs,open_buildings,unlabeled,scene_v2,mean_pixel_probability_across_t1_t2,,,,False,,False,,
SCN_dak_0095,Dakar,Senegal,fold_Dakar,pretrain_pool,DAK_T0095,DAK_G0095,EPSG:32628,10,2023-06-05,2023-06-25,S1_SCN_dak_0095_a,S1_SCN_dak_0095_b,S2_SCN_dak_0095_a,S2_SCN_dak_0095_b,CLD_SCN_dak_0095_a,CLD_SCN_dak_0095_b,,0.091,dry,texture_complex,open_buildings,unlabeled,scene_v2,mean_pixel_probability_across_t1_t2,,,,False,,False,,
SCN_dak_0096,Dakar,Senegal,fold_Dakar,pretrain_pool,DAK_T0096,DAK_G0096,EPSG:32628,10,2023-02-05,2023-02-25,S1_SCN_dak_0096_a,S1_SCN_dak_0096_b,S2_SCN_dak_0096_a,S2_SCN_dak_0096_b,CLD_SCN_dak_0096_a,CLD_SCN_dak_0096_b,,0.71,dry,regular,open_buildings,unlabeled,scene_v2,mean_pixel_probability_across_t1_t2,,,,False,,False,,
SCN_dak_0097,Dakar,Senegal,fold_Dakar,pretrain_pool,DAK_T0097,DAK_G0097,EPSG:32628,10,2023-10-05,2023-10-25,S1_SCN_dak_0097_a,S1_SCN_dak_0097_b,S2_SCN_dak_0097_a,S2_SCN_dak_0097_b,CLD_SCN_dak_0097_a,CLD_SCN_dak_0097_b,,0.628,wet,informal_small_roofs,open_buildings,unlabeled,scene_v2,mean_pixel_probability_across_t1_t2,,,,False,,False,,
SCN_dak_0098,Dakar,Senegal,fold_Dakar,pretrain_pool,DAK_T0098,DAK_G0098,EPSG:32628,10,2023-05-05,2023-05-25,S1_SCN_dak_0098_a,S1_SCN_dak_0098_b,S2_SCN_dak_0098_a,S2_SCN_dak_0098_b,CLD_SCN_dak_0098_a,CLD_SCN_dak_0098_b,,0.744,wet,texture_complex,open_buildings,unlabeled,scene_v2,mean_pixel_probability_across_t1_t2,,,,False,,False,,
SCN_dak_0099,Dakar,Senegal,fold_Dakar,pretrain_pool,DAK_T0099,DAK_G0099,EPSG:32628,10,2023-11-05,2023-11-25,S1_SCN_dak_0099_a,S1_SCN_dak_0099_b,S2_SCN_dak_0099_a,S2_SCN_dak_0099_b,CLD_SCN_dak_0099_a,CLD_SCN_dak_0099_b,,0.524,wet,regular,open_buildings,unlabeled,scene_v2,mean_pixel_probability_across_t1_t2,,,,False,,False,,
SCN_dar_0000,DarEsSalaam,Tanzania,fold_DarEsSalaam,train,DAR_T0000,DAR_G0000,EPSG:32737,10,2023-02-05,2023-02-25,S1_SCN_dar_0000_a,S1_SCN_dar_0000_b,S2_SCN_dar_0000_a,S2_SCN_dar_0000_b,CLD_SCN_dar_0000_a,CLD_SCN_dar_0000_b,labels/SCN_dar_0000.npz,0.228,dry,regular,open_buildings,adjudicated,scene_v2,mean_pixel_probability_across_t1_t2,,,,True,,False,,
SCN_dar_0001,DarEsSalaam,Tanzania,fold_DarEsSalaam,train,DAR_T0001,DAR_G0001,EPSG:32737,10,2023-10-05,2023-10-25,S1_SCN_dar_0001_a,S1_SCN_dar_0001_b,S2_SCN_dar_0001_a,S2_SCN_dar_0001_b,CLD_SCN_dar_0001_a,CLD_SCN_dar_0001_b,labels/SCN_dar_0001.npz,0.634,wet,informal_small_roofs,open_buildings,adjudicated,scene_v2,mean_pixel_probability_across_t1_t2,,,,True,,False,,
SCN_dar_0002,DarEsSalaam,Tanzania,fold_DarEsSalaam,train,DAR_T0002,DAR_G0002,EPSG:32737,10,2023-11-05,2023-11-25,S1_SCN_dar_0002_a,S1_SCN_dar_0002_b,S2_SCN_dar_0002_a,S2_SCN_dar_0002_b,CLD_SCN_dar_0002_a,CLD_SCN_dar_0002_b,labels/SCN_dar_0002.npz,0.54,wet,texture_complex,open_buildings,adjudicated,scene_v2,mean_pixel_probability_across_t1_t2,,,,True,,False,,
SCN_dar_0003,DarEsSalaam,Tanzania,fold_DarEsSalaam,train,DAR_T0003,DAR_G0003,EPSG:32737,10,2023-09-05,2023-09-25,S1_SCN_dar_0003_a,S1_SCN_dar_0003_b,S2_SCN_dar_0003_a,S2_SCN_dar_0003_b,CLD_SCN_dar_0003_a,CLD_SCN_dar_0003_b,labels/SCN_dar_0003.npz,0.092,wet,regular,open_buildings,adjudicated,scene_v2,mean_pixel_probability_across_t1_t2,,,,True,,False,,
SCN_dar_0004,DarEsSalaam,Tanzania,fold_DarEsSalaam,train,DAR_T0004,DAR_G0004,EPSG:32737,10,2023-02-05,2023-02-25,S1_SCN_dar_0004_a,S1_SCN_dar_0004_b,S2_SCN_dar_0004_a,S2_SCN_dar_0004_b,CLD_SCN_dar_0004_a,CLD_SCN_dar_0004_b,labels/SCN_dar_0004.npz,0.082,dry,informal_small_roofs,open_buildings,adjudicated,scene_v2,mean_pixel_probability_across_t1_t2,,,,True,,False,,
SCN_dar_0005,DarEsSalaam,Tanzania,fold_DarEsSalaam,train,DAR_T0005,DAR_G0005,EPSG:32737,10,2023-02-05,2023-02-25,S1_SCN_dar_0005_a,S1_SCN_dar_0005_b,S2_SCN_dar_0005_a,S2_SCN_dar_0005_b,CLD_SCN_dar_0005_a,CLD_SCN_dar_0005_b,labels/SCN_dar_0005.npz,0.217,dry,texture_complex,open_buildings,adjudicated,scene_v2,mean_pixel_probability_across_t1_t2,,,,True,,False,,
SCN_dar_0006,DarEsSalaam,Tanzania,fold_DarEsSalaam,train,DAR_T0006,DAR_G0006,EPSG:32737,10,2023-10-05,2023-10-25,S1_SCN_dar_0006_a,S1_SCN_dar_0006_b,S2_SCN_dar_0006_a,S2_SCN_dar_0006_b,CLD_SCN_dar_0006_a,CLD_SCN_dar_0006_b,labels/SCN_dar_0006.npz,0.169,wet,regular,open_buildings,adjudicated,scene_v2,mean_pixel_probability_across_t1_t2,,,,True,,False,,
SCN_dar_0007,DarEsSalaam,Tanzania,fold_DarEsSalaam,train,DAR_T0007,DAR_G0007,EPSG:32737,10,2023-10-05,2023-10-25,S1_SCN_dar_0007_a,S1_SCN_dar_0007_b,S2_SCN_dar_0007_a,S2_SCN_dar_0007_b,CLD_SCN_dar_0007_a,CLD_SCN_dar_0007_b,labels/SCN_dar_0007.npz,0.412,wet,informal_small_roofs,open_buildings,adjudicated,scene_v2,mean_pixel_probability_across_t1_t2,,,,True,,False,,
SCN_dar_0008,DarEsSalaam,Tanzania,fold_DarEsSalaam,train,DAR_T0008,DAR_G0008,EPSG:32737,10,2023-02-05,2023-02-25,S1_SCN_dar_0008_a,S1_SCN_dar_0008_b,S2_SCN_dar_0008_a,S2_SCN_dar_0008_b,CLD_SCN_dar_0008_a,CLD_SCN_dar_0008_b,labels/SCN_dar_0008.npz,0.285,dry,texture_complex,open_buildings,adjudicated,scene_v2,mean_pixel_probability_across_t1_t2,,,,True,,False,,
SCN_dar_0009,DarEsSalaam,Tanzania,fold_DarEsSalaam,train,DAR_T0009,DAR_G0009,EPSG:32737,10,2023-07-05,2023-07-25,S1_SCN_dar_0009_a,S1_SCN_dar_0009_b,S2_SCN_dar_0009_a,S2_SCN_dar_0009_b,CLD_SCN_dar_0009_a,CLD_SCN_dar_0009_b,labels/SCN_dar_0009.npz,0.869,dry,regular,open_buildings,adjudicated,scene_v2,mean_pixel_probability_across_t1_t2,,,,True,,False,,
SCN_dar_0010,DarEsSalaam,Tanzania,fold_DarEsSalaam,train,DAR_T0010,DAR_G0010,EPSG:32737,10,2023-04-05,2023-04-25,S1_SCN_dar_0010_a,S1_SCN_dar_0010_b,S2_SCN_dar_0010_a,S2_SCN_dar_0010_b,CLD_SCN_dar_0010_a,CLD_SCN_dar_0010_b,labels/SCN_dar_0010.npz,0.66,wet,informal_small_roofs,open_buildings,adjudicated,scene_v2,mean_pixel_probability_across_t1_t2,,,,True,,False,,
SCN_dar_0011,DarEsSalaam,Tanzania,fold_DarEsSalaam,train,DAR_T0011,DAR_G0011,EPSG:32737,10,2023-03-05,2023-03-25,S1_SCN_dar_0011_a,S1_SCN_dar_0011_b,S2_SCN_dar_0011_a,S2_SCN_dar_0011_b,CLD_SCN_dar_0011_a,CLD_SCN_dar_0011_b,labels/SCN_dar_0011.npz,0.583,wet,texture_complex,open_buildings,adjudicated,scene_v2,mean_pixel_probability_across_t1_t2,,,,True,,False,,
SCN_dar_0012,DarEsSalaam,Tanzania,fold_DarEsSalaam,train,DAR_T0012,DAR_G0012,EPSG:32737,10,2023-07-05,2023-07-25,S1_SCN_dar_0012_a,S1_SCN_dar_0012_b,S2_SCN_dar_0012_a,S2_SCN_dar_0012_b,CLD_SCN_dar_0012_a,CLD_SCN_dar_0012_b,labels/SCN_dar_0012.npz,0.82,dry,regular,open_buildings,adjudicated,scene_v2,mean_pixel_probability_across_t1_t2,,,,True,,False,,
SCN_dar_0013,DarEsSalaam,Tanzania,fold_DarEsSalaam,train,DAR_T0013,DAR_G0013,EPSG:32737,10,2023-04-05,2023-04-25,S1_SCN_dar_0013_a,S1_SCN_dar_0013_b,S2_SCN_dar_0013_a,S2_SCN_dar_0013_b,CLD_SCN_dar_0013_a,CLD_SCN_dar_0013_b,labels/SCN_dar_0013.npz,0.866,wet,informal_small_roofs,open_buildings,adjudicated,scene_v2,mean_pixel_probability_across_t1_t2,,,,True,,False,,
SCN_dar_0014,DarEsSalaam,Tanzania,fold_DarEsSalaam,train,DAR_T0014,DAR_G0014,EPSG:32737,10,2023-04-05,2023-04-25,S1_SCN_dar_0014_a,S1_SCN_dar_0014_b,S2_SCN_dar_0014_a,S2_SCN_dar_0014_b,CLD_SCN_dar_0014_a,CLD_SCN_dar_0014_b,labels/SCN_dar_0014.npz,0.602,wet,texture_complex,open_buildings,adjudicated,scene_v2,mean_pixel_probability_across_t1_t2,,,,True,,False,,
SCN_dar_0015,DarEsSalaam,Tanzania,fold_DarEsSalaam,train,DAR_T0015,DAR_G0015,EPSG:32737,10,2023-04-05,2023-04-25,S1_SCN_dar_0015_a,S1_SCN_dar_0015_b,S2_SCN_dar_0015_a,S2_SCN_dar_0015_b,CLD_SCN_dar_0015_a,CLD_SCN_dar_0015_b,labels/SCN_dar_0015.npz,0.174,wet,regular,open_buildings,adjudicated,scene_v2,mean_pixel_probability_across_t1_t2,,,,True,,False,,
SCN_dar_0016,DarEsSalaam,Tanzania,fold_DarEsSalaam,train,DAR_T0016,DAR_G0016,EPSG:32737,10,2023-08-05,2023-08-25,S1_SCN_dar_0016_a,S1_SCN_dar_0016_b,S2_SCN_dar_0016_a,S2_SCN_dar_0016_b,CLD_SCN_dar_0016_a,CLD_SCN_dar_0016_b,labels/SCN_dar_0016.npz,0.051,dry,informal_small_roofs,open_buildings,adjudicated,scene_v2,mean_pixel_probability_across_t1_t2,,,,True,,False,,
SCN_dar_0017,DarEsSalaam,Tanzania,fold_DarEsSalaam,train,DAR_T0017,DAR_G0017,EPSG:32737,10,2023-10-05,2023-10-25,S1_SCN_dar_0017_a,S1_SCN_dar_0017_b,S2_SCN_dar_0017_a,S2_SCN_dar_0017_b,CLD_SCN_dar_0017_a,CLD_SCN_dar_0017_b,labels/SCN_dar_0017.npz,0.303,wet,texture_complex,open_buildings,adjudicated,scene_v2,mean_pixel_probability_across_t1_t2,,,,True,,False,,
SCN_dar_0018,DarEsSalaam,Tanzania,fold_DarEsSalaam,train,DAR_T0018,DAR_G0018,EPSG:32737,10,2023-04-05,2023-04-25,S1_SCN_dar_0018_a,S1_SCN_dar_0018_b,S2_SCN_dar_0018_a,S2_SCN_dar_0018_b,CLD_SCN_dar_0018_a,CLD_SCN_dar_0018_b,labels/SCN_dar_0018.npz,0.863,wet,regular,open_buildings,adjudicated,scene_v2,mean_pixel_probability_across_t1_t2,,,,True,,False,,
SCN_dar_0019,DarEsSalaam,Tanzania,fold_DarEsSalaam,train,DAR_T0019,DAR_G0019,EPSG:32737,10,2023-11-05,2023-11-25,S1_SCN_dar_0019_a,S1_SCN_dar_0019_b,S2_SCN_dar_0019_a,S2_SCN_dar_0019_b,CLD_SCN_dar_0019_a,CLD_SCN_dar_0019_b,labels/SCN_dar_0019.npz,0.926,wet,informal_small_roofs,open_buildings,adjudicated,scene_v2,mean_pixel_probability_across_t1_t2,,,,True,,False,,
SCN_dar_0020,DarEsSalaam,Tanzania,fold_DarEsSalaam,train,DAR_T0020,DAR_G0020,EPSG:32737,10,2023-04-05,2023-04-25,S1_SCN_dar_0020_a,S1_SCN_dar_0020_b,S2_SCN_dar_0020_a,S2_SCN_dar_0020_b,CLD_SCN_dar_0020_a,CLD_SCN_dar_0020_b,labels/SCN_dar_0020.npz,0.725,wet,texture_complex,open_buildings,adjudicated,scene_v2,mean_pixel_probability_across_t1_t2,,,,True,,False,,
SCN_dar_0021,DarEsSalaam,Tanzania,fold_DarEsSalaam,train,DAR_T0021,DAR_G0021,EPSG:32737,10,2023-09-05,2023-09-25,S1_SCN_dar_0021_a,S1_SCN_dar_0021_b,S2_SCN_dar_0021_a,S2_SCN_dar_0021_b,CLD_SCN_dar_0021_a,CLD_SCN_dar_0021_b,labels/SCN_dar_0021.npz,0.301,wet,regular,open_buildings,adjudicated,scene_v2,mean_pixel_probability_across_t1_t2,,,,True,,False,,
SCN_dar_0022,DarEsSalaam,Tanzania,fold_DarEsSalaam,train,DAR_T0022,DAR_G0022,EPSG:32737,10,2023-04-05,2023-04-25,S1_SCN_dar_0022_a,S1_SCN_dar_0022_b,S2_SCN_dar_0022_a,S2_SCN_dar_0022_b,CLD_SCN_dar_0022_a,CLD_SCN_dar_0022_b,labels/SCN_dar_0022.npz,0.773,wet,informal_small_roofs,open_buildings,adjudicated,scene_v2,mean_pixel_probability_across_t1_t2,,,,True,,False,,
SCN_dar_0023,DarEsSalaam,Tanzania,fold_DarEsSalaam,train,DAR_T0023,DAR_G0023,EPSG:32737,10,2023-05-05,2023-05-25,S1_SCN_dar_0023_a,S1_SCN_dar_0023_b,S2_SCN_dar_0023_a,S2_SCN_dar_0023_b,CLD_SCN_dar_0023_a,CLD_SCN_dar_0023_b,labels/SCN_dar_0023.npz,0.116,wet,texture_complex,open_buildings,adjudicated,scene_v2,mean_pixel_probability_across_t1_t2,,,,True,,False,,
SCN_dar_0024,DarEsSalaam,Tanzania,fold_DarEsSalaam,train,DAR_T0024,DAR_G0024,EPSG:32737,10,2023-10-05,2023-10-25,S1_SCN_dar_0024_a,S1_SCN_dar_0024_b,S2_SCN_dar_0024_a,S2_SCN_dar_0024_b,CLD_SCN_dar_0024_a,CLD_SCN_dar_0024_b,labels/SCN_dar_0024.npz,0.175,wet,regular,open_buildings,adjudicated,scene_v2,mean_pixel_probability_across_t1_t2,,,,True,,False,,
SCN_dar_0025,DarEsSalaam,Tanzania,fold_DarEsSalaam,train,DAR_T0025,DAR_G0025,EPSG:32737,10,2023-05-05,2023-05-25,S1_SCN_dar_0025_a,S1_SCN_dar_0025_b,S2_SCN_dar_0025_a,S2_SCN_dar_0025_b,CLD_SCN_dar_0025_a,CLD_SCN_dar_0025_b,labels/SCN_dar_0025.npz,0.397,wet,informal_small_roofs,open_buildings,adjudicated,scene_v2,mean_pixel_probability_across_t1_t2,,,,True,,False,,
SCN_dar_0026,DarEsSalaam,Tanzania,fold_DarEsSalaam,train,DAR_T0026,DAR_G0026,EPSG:32737,10,2023-11-05,2023-11-25,S1_SCN_dar_0026_a,S1_SCN_dar_0026_b,S2_SCN_dar_0026_a,S2_SCN_dar_0026_b,CLD_SCN_dar_0026_a,CLD_SCN_dar_0026_b,labels/SCN_dar_0026.npz,0.788,wet,texture_complex,open_buildings,adjudicated,scene_v2,mean_pixel_probability_across_t1_t2,,,,True,,False,,
SCN_dar_0027,DarEsSalaam,Tanzania,fold_DarEsSalaam,train,DAR_T0027,DAR_G0027,EPSG:32737,10,2023-07-05,2023-07-25,S1_SCN_dar_0027_a,S1_SCN_dar_0027_b,S2_SCN_dar_0027_a,S2_SCN_dar_0027_b,CLD_SCN_dar_0027_a,CLD_SCN_dar_0027_b,labels/SCN_dar_0027.npz,0.279,dry,regular,open_buildings,adjudicated,scene_v2,mean_pixel_probability_across_t1_t2,,,,True,,False,,
SCN_dar_0028,DarEsSalaam,Tanzania,fold_DarEsSalaam,train,DAR_T0028,DAR_G0028,EPSG:32737,10,2023-02-05,2023-02-25,S1_SCN_dar_0028_a,S1_SCN_dar_0028_b,S2_SCN_dar_0028_a,S2_SCN_dar_0028_b,CLD_SCN_dar_0028_a,CLD_SCN_dar_0028_b,labels/SCN_dar_0028.npz,0.1,dry,informal_small_roofs,open_buildings,adjudicated,scene_v2,mean_pixel_probability_across_t1_t2,,,,True,,False,,
SCN_dar_0029,DarEsSalaam,Tanzania,fold_DarEsSalaam,train,DAR_T0029,DAR_G0029,EPSG:32737,10,2023-02-05,2023-02-25,S1_SCN_dar_0029_a,S1_SCN_dar_0029_b,S2_SCN_dar_0029_a,S2_SCN_dar_0029_b,CLD_SCN_dar_0029_a,CLD_SCN_dar_0029_b,labels/SCN_dar_0029.npz,0.067,dry,texture_complex,open_buildings,adjudicated,scene_v2,mean_pixel_probability_across_t1_t2,,,,True,,False,,
SCN_dar_0030,DarEsSalaam,Tanzania,fold_DarEsSalaam,train,DAR_T0030,DAR_G0030,EPSG:32737,10,2023-03-05,2023-03-25,S1_SCN_dar_0030_a,S1_SCN_dar_0030_b,S2_SCN_dar_0030_a,S2_SCN_dar_0030_b,CLD_SCN_dar_0030_a,CLD_SCN_dar_0030_b,labels/SCN_dar_0030.npz,0.236,wet,regular,open_buildings,adjudicated,scene_v2,mean_pixel_probability_across_t1_t2,,,,True,,False,,
SCN_dar_0031,DarEsSalaam,Tanzania,fold_DarEsSalaam,train,DAR_T0031,DAR_G0031,EPSG:32737,10,2023-03-05,2023-03-25,S1_SCN_dar_0031_a,S1_SCN_dar_0031_b,S2_SCN_dar_0031_a,S2_SCN_dar_0031_b,CLD_SCN_dar_0031_a,CLD_SCN_dar_0031_b,labels/SCN_dar_0031.npz,0.639,wet,informal_small_roofs,open_buildings,adjudicated,scene_v2,mean_pixel_probability_across_t1_t2,,,,True,,False,,
SCN_dar_0032,DarEsSalaam,Tanzania,fold_DarEsSalaam,train,DAR_T0032,DAR_G0032,EPSG:32737,10,2023-02-05,2023-02-25,S1_SCN_dar_0032_a,S1_SCN_dar_0032_b,S2_SCN_dar_0032_a,S2_SCN_dar_0032_b,CLD_SCN_dar_0032_a,CLD_SCN_dar_0032_b,labels/SCN_dar_0032.npz,0.274,dry,texture_complex,open_buildings,adjudicated,scene_v2,mean_pixel_probability_across_t1_t2,,,,True,,False,,
SCN_dar_0033,DarEsSalaam,Tanzania,fold_DarEsSalaam,train,DAR_T0033,DAR_G0033,EPSG:32737,10,2023-06-05,2023-06-25,S1_SCN_dar_0033_a,S1_SCN_dar_0033_b,S2_SCN_dar_0033_a,S2_SCN_dar_0033_b,CLD_SCN_dar_0033_a,CLD_SCN_dar_0033_b,labels/SCN_dar_0033.npz,0.4,dry,regular,open_buildings,adjudicated,scene_v2,mean_pixel_probability_across_t1_t2,,,,True,,False,,
SCN_dar_0034,DarEsSalaam,Tanzania,fold_DarEsSalaam,train,DAR_T0034,DAR_G0034,EPSG:32737,10,2023-10-05,2023-10-25,S1_SCN_dar_0034_a,S1_SCN_dar_0034_b,S2_SCN_dar_0034_a,S2_SCN_dar_0034_b,CLD_SCN_dar_0034_a,CLD_SCN_dar_0034_b,labels/SCN_dar_0034.npz,0.671,wet,informal_small_roofs,open_buildings,adjudicated,scene_v2,mean_pixel_probability_across_t1_t2,,,,True,,False,,
SCN_dar_0035,DarEsSalaam,Tanzania,fold_DarEsSalaam,train,DAR_T0035,DAR_G0035,EPSG:32737,10,2023-10-05,2023-10-25,S1_SCN_dar_0035_a,S1_SCN_dar_0035_b,S2_SCN_dar_0035_a,S2_SCN_dar_0035_b,CLD_SCN_dar_0035_a,CLD_SCN_dar_0035_b,labels/SCN_dar_0035.npz,0.075,wet,texture_complex,open_buildings,adjudicated,scene_v2,mean_pixel_probability_across_t1_t2,,,,True,,False,,
SCN_dar_0036,DarEsSalaam,Tanzania,fold_DarEsSalaam,train,DAR_T0036,DAR_G0036,EPSG:32737,10,2023-09-05,2023-09-25,S1_SCN_dar_0036_a,S1_SCN_dar_0036_b,S2_SCN_dar_0036_a,S2_SCN_dar_0036_b,CLD_SCN_dar_0036_a,CLD_SCN_dar_0036_b,labels/SCN_dar_0036.npz,0.153,wet,regular,open_buildings,adjudicated,scene_v2,mean_pixel_probability_across_t1_t2,,,,True,,False,,
SCN_dar_0037,DarEsSalaam,Tanzania,fold_DarEsSalaam,train,DAR_T0037,DAR_G0037,EPSG:32737,10,2023-07-05,2023-07-25,S1_SCN_dar_0037_a,S1_SCN_dar_0037_b,S2_SCN_dar_0037_a,S2_SCN_dar_0037_b,CLD_SCN_dar_0037_a,CLD_SCN_dar_0037_b,labels/SCN_dar_0037.npz,0.419,dry,informal_small_roofs,open_buildings,adjudicated,scene_v2,mean_pixel_probability_across_t1_t2,,,,True,,False,,
SCN_dar_0038,DarEsSalaam,Tanzania,fold_DarEsSalaam,train,DAR_T0038,DAR_G0038,EPSG:32737,10,2023-07-05,2023-07-25,S1_SCN_dar_0038_a,S1_SCN_dar_0038_b,S2_SCN_dar_0038_a,S2_SCN_dar_0038_b,CLD_SCN_dar_0038_a,CLD_SCN_dar_0038_b,labels/SCN_dar_0038.npz,0.654,dry,texture_complex,open_buildings,adjudicated,scene_v2,mean_pixel_probability_across_t1_t2,,,,True,,False,,
SCN_dar_0039,DarEsSalaam,Tanzania,fold_DarEsSalaam,train,DAR_T0039,DAR_G0039,EPSG:32737,10,2023-05-05,2023-05-25,S1_SCN_dar_0039_a,S1_SCN_dar_0039_b,S2_SCN_dar_0039_a,S2_SCN_dar_0039_b,CLD_SCN_dar_0039_a,CLD_SCN_dar_0039_b,labels/SCN_dar_0039.npz,0.122,wet,regular,open_buildings,adjudicated,scene_v2,mean_pixel_probability_across_t1_t2,,,,True,,False,,
SCN_dar_0040,DarEsSalaam,Tanzania,fold_DarEsSalaam,train,DAR_T0040,DAR_G0040,EPSG:32737,10,2023-02-05,2023-02-25,S1_SCN_dar_0040_a,S1_SCN_dar_0040_b,S2_SCN_dar_0040_a,S2_SCN_dar_0040_b,CLD_SCN_dar_0040_a,CLD_SCN_dar_0040_b,labels/SCN_dar_0040.npz,0.178,dry,informal_small_roofs,open_buildings,adjudicated,scene_v2,mean_pixel_probability_across_t1_t2,,,,True,,False,,
SCN_dar_0041,DarEsSalaam,Tanzania,fold_DarEsSalaam,train,DAR_T0041,DAR_G0041,EPSG:32737,10,2023-10-05,2023-10-25,S1_SCN_dar_0041_a,S1_SCN_dar_0041_b,S2_SCN_dar_0041_a,S2_SCN_dar_0041_b,CLD_SCN_dar_0041_a,CLD_SCN_dar_0041_b,labels/SCN_dar_0041.npz,0.599,wet,texture_complex,open_buildings,adjudicated,scene_v2,mean_pixel_probability_across_t1_t2,,,,True,,False,,
SCN_dar_0042,DarEsSalaam,Tanzania,fold_DarEsSalaam,train,DAR_T0042,DAR_G0042,EPSG:32737,10,2023-04-05,2023-04-25,S1_SCN_dar_0042_a,S1_SCN_dar_0042_b,S2_SCN_dar_0042_a,S2_SCN_dar_0042_b,CLD_SCN_dar_0042_a,CLD_SCN_dar_0042_b,labels/SCN_dar_0042.npz,0.132,wet,regular,open_buildings,adjudicated,scene_v2,mean_pixel_probability_across_t1_t2,,,,True,,False,,
SCN_dar_0043,DarEsSalaam,Tanzania,fold_DarEsSalaam,train,DAR_T0043,DAR_G0043,EPSG:32737,10,2023-01-05,2023-01-25,S1_SCN_dar_0043_a,S1_SCN_dar_0043_b,S2_SCN_dar_0043_a,S2_SCN_dar_0043_b,CLD_SCN_dar_0043_a,CLD_SCN_dar_0043_b,labels/SCN_dar_0043.npz,0.763,dry,informal_small_roofs,open_buildings,adjudicated,scene_v2,mean_pixel_probability_across_t1_t2,,,,True,,False,,
SCN_dar_0044,DarEsSalaam,Tanzania,fold_DarEsSalaam,train,DAR_T0044,DAR_G0044,EPSG:32737,10,2023-01-05,2023-01-25,S1_SCN_dar_0044_a,S1_SCN_dar_0044_b,S2_SCN_dar_0044_a,S2_SCN_dar_0044_b,CLD_SCN_dar_0044_a,CLD_SCN_dar_0044_b,labels/SCN_dar_0044.npz,0.55,dry,texture_complex,open_buildings,adjudicated,scene_v2,mean_pixel_probability_across_t1_t2,,,,True,,False,,
SCN_dar_0045,DarEsSalaam,Tanzania,fold_DarEsSalaam,train,DAR_T0045,DAR_G0045,EPSG:32737,10,2023-06-05,2023-06-25,S1_SCN_dar_0045_a,S1_SCN_dar_0045_b,S2_SCN_dar_0045_a,S2_SCN_dar_0045_b,CLD_SCN_dar_0045_a,CLD_SCN_dar_0045_b,labels/SCN_dar_0045.npz,0.127,dry,regular,open_buildings,adjudicated,scene_v2,mean_pixel_probability_across_t1_t2,,,,True,,False,,
SCN_dar_0046,DarEsSalaam,Tanzania,fold_DarEsSalaam,train,DAR_T0046,DAR_G0046,EPSG:32737,10,2023-01-05,2023-01-25,S1_SCN_dar_0046_a,S1_SCN_dar_0046_b,S2_SCN_dar_0046_a,S2_SCN_dar_0046_b,CLD_SCN_dar_0046_a,CLD_SCN_dar_0046_b,labels/SCN_dar_0046.npz,0.563,dry,informal_small_roofs,open_buildings,adjudicated,scene_v2,mean_pixel_probability_across_t1_t2,,,,True,,False,,
SCN_dar_0047,DarEsSalaam,Tanzania,fold_DarEsSalaam,train,DAR_T0047,DAR_G0047,EPSG:32737,10,2023-05-05,2023-05-25,S1_SCN_dar_0047_a,S1_SCN_dar_0047_b,S2_SCN_dar_0047_a,S2_SCN_dar_0047_b,CLD_SCN_dar_0047_a,CLD_SCN_dar_0047_b,labels/SCN_dar_0047.npz,0.479,wet,texture_complex,open_buildings,adjudicated,scene_v2,mean_pixel_probability_across_t1_t2,,,,True,,False,,
SCN_dar_0048,DarEsSalaam,Tanzania,fold_DarEsSalaam,train,DAR_T0048,DAR_G0048,EPSG:32737,10,2023-05-05,2023-05-25,S1_SCN_dar_0048_a,S1_SCN_dar_0048_b,S2_SCN_dar_0048_a,S2_SCN_dar_0048_b,CLD_SCN_dar_0048_a,CLD_SCN_dar_0048_b,labels/SCN_dar_0048.npz,0.071,wet,regular,open_buildings,adjudicated,scene_v2,mean_pixel_probability_across_t1_t2,,,,True,,False,,
SCN_dar_0049,DarEsSalaam,Tanzania,fold_DarEsSalaam,train,DAR_T0049,DAR_G0049,EPSG:32737,10,2023-09-05,2023-09-25,S1_SCN_dar_0049_a,S1_SCN_dar_0049_b,S2_SCN_dar_0049_a,S2_SCN_dar_0049_b,CLD_SCN_dar_0049_a,CLD_SCN_dar_0049_b,labels/SCN_dar_0049.npz,0.559,wet,informal_small_roofs,open_buildings,adjudicated,scene_v2,mean_pixel_probability_across_t1_t2,,,,True,,False,,
SCN_dar_0050,DarEsSalaam,Tanzania,fold_DarEsSalaam,validation,DAR_T0050,DAR_G0050,EPSG:32737,10,2023-08-05,2023-08-25,S1_SCN_dar_0050_a,S1_SCN_dar_0050_b,S2_SCN_dar_0050_a,S2_SCN_dar_0050_b,CLD_SCN_dar_0050_a,CLD_SCN_dar_0050_b,labels/SCN_dar_0050.npz,0.928,dry,texture_complex,open_buildings,adjudicated,scene_v2,mean_pixel_probability_across_t1_t2,,,,True,,False,,
SCN_dar_0051,DarEsSalaam,Tanzania,fold_DarEsSalaam,validation,DAR_T0051,DAR_G0051,EPSG:32737,10,2023-03-05,2023-03-25,S1_SCN_dar_0051_a,S1_SCN_dar_0051_b,S2_SCN_dar_0051_a,S2_SCN_dar_0051_b,CLD_SCN_dar_0051_a,CLD_SCN_dar_0051_b,labels/SCN_dar_0051.npz,0.888,wet,regular,open_buildings,adjudicated,scene_v2,mean_pixel_probability_across_t1_t2,,,,True,,False,,
SCN_dar_0052,DarEsSalaam,Tanzania,fold_DarEsSalaam,validation,DAR_T0052,DAR_G0052,EPSG:32737,10,2023-08-05,2023-08-25,S1_SCN_dar_0052_a,S1_SCN_dar_0052_b,S2_SCN_dar_0052_a,S2_SCN_dar_0052_b,CLD_SCN_dar_0052_a,CLD_SCN_dar_0052_b,labels/SCN_dar_0052.npz,0.281,dry,informal_small_roofs,open_buildings,adjudicated,scene_v2,mean_pixel_probability_across_t1_t2,,,,True,,False,,
SCN_dar_0053,DarEsSalaam,Tanzania,fold_DarEsSalaam,validation,DAR_T0053,DAR_G0053,EPSG:32737,10,2023-09-05,2023-09-25,S1_SCN_dar_0053_a,S1_SCN_dar_0053_b,S2_SCN_dar_0053_a,S2_SCN_dar_0053_b,CLD_SCN_dar_0053_a,CLD_SCN_dar_0053_b,labels/SCN_dar_0053.npz,0.198,wet,texture_complex,open_buildings,adjudicated,scene_v2,mean_pixel_probability_across_t1_t2,,,,True,,False,,
SCN_dar_0054,DarEsSalaam,Tanzania,fold_DarEsSalaam,validation,DAR_T0054,DAR_G0054,EPSG:32737,10,2023-01-05,2023-01-25,S1_SCN_dar_0054_a,S1_SCN_dar_0054_b,S2_SCN_dar_0054_a,S2_SCN_dar_0054_b,CLD_SCN_dar_0054_a,CLD_SCN_dar_0054_b,labels/SCN_dar_0054.npz,0.122,dry,regular,open_buildings,adjudicated,scene_v2,mean_pixel_probability_across_t1_t2,,,,True,,False,,
SCN_dar_0055,DarEsSalaam,Tanzania,fold_DarEsSalaam,validation,DAR_T0055,DAR_G0055,EPSG:32737,10,2023-05-05,2023-05-25,S1_SCN_dar_0055_a,S1_SCN_dar_0055_b,S2_SCN_dar_0055_a,S2_SCN_dar_0055_b,CLD_SCN_dar_0055_a,CLD_SCN_dar_0055_b,labels/SCN_dar_0055.npz,0.083,wet,informal_small_roofs,open_buildings,adjudicated,scene_v2,mean_pixel_probability_across_t1_t2,,,,True,,False,,
SCN_dar_0056,DarEsSalaam,Tanzania,fold_DarEsSalaam,validation,DAR_T0056,DAR_G0056,EPSG:32737,10,2023-02-05,2023-02-25,S1_SCN_dar_0056_a,S1_SCN_dar_0056_b,S2_SCN_dar_0056_a,S2_SCN_dar_0056_b,CLD_SCN_dar_0056_a,CLD_SCN_dar_0056_b,labels/SCN_dar_0056.npz,0.079,dry,texture_complex,open_buildings,adjudicated,scene_v2,mean_pixel_probability_across_t1_t2,,,,True,,False,,
SCN_dar_0057,DarEsSalaam,Tanzania,fold_DarEsSalaam,validation,DAR_T0057,DAR_G0057,EPSG:32737,10,2023-08-05,2023-08-25,S1_SCN_dar_0057_a,S1_SCN_dar_0057_b,S2_SCN_dar_0057_a,S2_SCN_dar_0057_b,CLD_SCN_dar_0057_a,CLD_SCN_dar_0057_b,labels/SCN_dar_0057.npz,0.408,dry,regular,open_buildings,adjudicated,scene_v2,mean_pixel_probability_across_t1_t2,,,,True,,False,,
SCN_dar_0058,DarEsSalaam,Tanzania,fold_DarEsSalaam,test,DAR_T0058,DAR_G0058,EPSG:32737,10,2023-10-05,2023-10-25,S1_SCN_dar_0058_a,S1_SCN_dar_0058_b,S2_SCN_dar_0058_a,S2_SCN_dar_0058_b,CLD_SCN_dar_0058_a,CLD_SCN_dar_0058_b,labels/SCN_dar_0058.npz,0.659,wet,informal_small_roofs,open_buildings,adjudicated,scene_v2,mean_pixel_probability_across_t1_t2,recomputed_from_shared_scene_arrays,0.509006,0.474790,True,arrays/SCN_dar_0058.npz,True,clouds/SCN_dar_0058_t1.npz,clouds/SCN_dar_0058_t2.npz
SCN_dar_0059,DarEsSalaam,Tanzania,fold_DarEsSalaam,test,DAR_T0059,DAR_G0059,EPSG:32737,10,2023-10-05,2023-10-25,S1_SCN_dar_0059_a,S1_SCN_dar_0059_b,S2_SCN_dar_0059_a,S2_SCN_dar_0059_b,CLD_SCN_dar_0059_a,CLD_SCN_dar_0059_b,labels/SCN_dar_0059.npz,0.165,wet,texture_complex,open_buildings,adjudicated,scene_v2,mean_pixel_probability_across_t1_t2,recomputed_from_shared_scene_arrays,1.000000,1.000000,True,arrays/SCN_dar_0059.npz,True,clouds/SCN_dar_0059_t1.npz,clouds/SCN_dar_0059_t2.npz
SCN_dar_0060,DarEsSalaam,Tanzania,fold_DarEsSalaam,test,DAR_T0060,DAR_G0060,EPSG:32737,10,2023-02-05,2023-02-25,S1_SCN_dar_0060_a,S1_SCN_dar_0060_b,S2_SCN_dar_0060_a,S2_SCN_dar_0060_b,CLD_SCN_dar_0060_a,CLD_SCN_dar_0060_b,labels/SCN_dar_0060.npz,0.8214,dry,regular,open_buildings,adjudicated,scene_v2,mean_pixel_probability_across_t1_t2,recomputed_from_shared_scene_arrays,0.188043,0.333333,True,arrays/SCN_dar_0060.npz,True,clouds/SCN_dar_0060_t1.npz,clouds/SCN_dar_0060_t2.npz
SCN_dar_0061,DarEsSalaam,Tanzania,fold_DarEsSalaam,test,DAR_T0061,DAR_G0061,EPSG:32737,10,2023-03-05,2023-03-25,S1_SCN_dar_0061_a,S1_SCN_dar_0061_b,S2_SCN_dar_0061_a,S2_SCN_dar_0061_b,CLD_SCN_dar_0061_a,CLD_SCN_dar_0061_b,labels/SCN_dar_0061.npz,0.655,wet,informal_small_roofs,open_buildings,adjudicated,scene_v2,mean_pixel_probability_across_t1_t2,recomputed_from_shared_scene_arrays,0.600043,0.569444,True,arrays/SCN_dar_0061.npz,True,clouds/SCN_dar_0061_t1.npz,clouds/SCN_dar_0061_t2.npz
SCN_dar_0062,DarEsSalaam,Tanzania,fold_DarEsSalaam,test,DAR_T0062,DAR_G0062,EPSG:32737,10,2023-02-05,2023-02-25,S1_SCN_dar_0062_a,S1_SCN_dar_0062_b,S2_SCN_dar_0062_a,S2_SCN_dar_0062_b,CLD_SCN_dar_0062_a,CLD_SCN_dar_0062_b,labels/SCN_dar_0062.npz,0.35,dry,texture_complex,open_buildings,adjudicated,scene_v2,mean_pixel_probability_across_t1_t2,recomputed_from_shared_scene_arrays,0.961589,1.000000,True,arrays/SCN_dar_0062.npz,True,clouds/SCN_dar_0062_t1.npz,clouds/SCN_dar_0062_t2.npz
SCN_dar_0063,DarEsSalaam,Tanzania,fold_DarEsSalaam,test,DAR_T0063,DAR_G0063,EPSG:32737,10,2023-02-05,2023-02-25,S1_SCN_dar_0063_a,S1_SCN_dar_0063_b,S2_SCN_dar_0063_a,S2_SCN_dar_0063_b,CLD_SCN_dar_0063_a,CLD_SCN_dar_0063_b,labels/SCN_dar_0063.npz,0.772,dry,regular,open_buildings,adjudicated,scene_v2,mean_pixel_probability_across_t1_t2,recomputed_from_shared_scene_arrays,0.337348,0.402542,True,arrays/SCN_dar_0063.npz,True,clouds/SCN_dar_0063_t1.npz,clouds/SCN_dar_0063_t2.npz
SCN_dar_0064,DarEsSalaam,Tanzania,fold_DarEsSalaam,test,DAR_T0064,DAR_G0064,EPSG:32737,10,2023-05-05,2023-05-25,S1_SCN_dar_0064_a,S1_SCN_dar_0064_b,S2_SCN_dar_0064_a,S2_SCN_dar_0064_b,CLD_SCN_dar_0064_a,CLD_SCN_dar_0064_b,labels/SCN_dar_0064.npz,0.221,wet,informal_small_roofs,open_buildings,adjudicated,scene_v2,mean_pixel_probability_across_t1_t2,recomputed_from_shared_scene_arrays,0.977865,1.000000,True,arrays/SCN_dar_0064.npz,True,clouds/SCN_dar_0064_t1.npz,clouds/SCN_dar_0064_t2.npz
SCN_dar_0065,DarEsSalaam,Tanzania,fold_DarEsSalaam,test,DAR_T0065,DAR_G0065,EPSG:32737,10,2023-04-05,2023-04-25,S1_SCN_dar_0065_a,S1_SCN_dar_0065_b,S2_SCN_dar_0065_a,S2_SCN_dar_0065_b,CLD_SCN_dar_0065_a,CLD_SCN_dar_0065_b,labels/SCN_dar_0065.npz,0.79,wet,texture_complex,open_buildings,adjudicated,scene_v2,mean_pixel_probability_across_t1_t2,recomputed_from_shared_scene_arrays,0.236328,0.367089,True,arrays/SCN_dar_0065.npz,True,clouds/SCN_dar_0065_t1.npz,clouds/SCN_dar_0065_t2.npz
SCN_dar_0066,DarEsSalaam,Tanzania,fold_DarEsSalaam,test,DAR_T0066,DAR_G0066,EPSG:32737,10,2023-05-05,2023-05-25,S1_SCN_dar_0066_a,S1_SCN_dar_0066_b,S2_SCN_dar_0066_a,S2_SCN_dar_0066_b,CLD_SCN_dar_0066_a,CLD_SCN_dar_0066_b,labels/SCN_dar_0066.npz,0.741,wet,regular,open_buildings,adjudicated,scene_v2,mean_pixel_probability_across_t1_t2,recomputed_from_shared_scene_arrays,0.296875,0.383886,True,arrays/SCN_dar_0066.npz,True,clouds/SCN_dar_0066_t1.npz,clouds/SCN_dar_0066_t2.npz
SCN_dar_0067,DarEsSalaam,Tanzania,fold_DarEsSalaam,test,DAR_T0067,DAR_G0067,EPSG:32737,10,2023-10-05,2023-10-25,S1_SCN_dar_0067_a,S1_SCN_dar_0067_b,S2_SCN_dar_0067_a,S2_SCN_dar_0067_b,CLD_SCN_dar_0067_a,CLD_SCN_dar_0067_b,labels/SCN_dar_0067.npz,0.246,wet,informal_small_roofs,open_buildings,adjudicated,scene_v2,mean_pixel_probability_across_t1_t2,recomputed_from_shared_scene_arrays,0.937934,1.000000,True,arrays/SCN_dar_0067.npz,True,clouds/SCN_dar_0067_t1.npz,clouds/SCN_dar_0067_t2.npz
SCN_dar_0068,DarEsSalaam,Tanzania,fold_DarEsSalaam,test,DAR_T0068,DAR_G0068,EPSG:32737,10,2023-06-05,2023-06-25,S1_SCN_dar_0068_a,S1_SCN_dar_0068_b,S2_SCN_dar_0068_a,S2_SCN_dar_0068_b,CLD_SCN_dar_0068_a,CLD_SCN_dar_0068_b,labels/SCN_dar_0068.npz,0.445,dry,texture_complex,open_buildings,adjudicated,scene_v2,mean_pixel_probability_across_t1_t2,recomputed_from_shared_scene_arrays,0.847548,0.638710,True,arrays/SCN_dar_0068.npz,True,clouds/SCN_dar_0068_t1.npz,clouds/SCN_dar_0068_t2.npz
SCN_dar_0069,DarEsSalaam,Tanzania,fold_DarEsSalaam,test,DAR_T0069,DAR_G0069,EPSG:32737,10,2023-11-05,2023-11-25,S1_SCN_dar_0069_a,S1_SCN_dar_0069_b,S2_SCN_dar_0069_a,S2_SCN_dar_0069_b,CLD_SCN_dar_0069_a,CLD_SCN_dar_0069_b,labels/SCN_dar_0069.npz,0.814,wet,regular,open_buildings,adjudicated,scene_v2,mean_pixel_probability_across_t1_t2,recomputed_from_shared_scene_arrays,0.242839,0.360870,True,arrays/SCN_dar_0069.npz,True,clouds/SCN_dar_0069_t1.npz,clouds/SCN_dar_0069_t2.npz
SCN_dar_0070,DarEsSalaam,Tanzania,fold_DarEsSalaam,pretrain_pool,DAR_T0070,DAR_G0070,EPSG:32737,10,2023-03-05,2023-03-25,S1_SCN_dar_0070_a,S1_SCN_dar_0070_b,S2_SCN_dar_0070_a,S2_SCN_dar_0070_b,CLD_SCN_dar_0070_a,CLD_SCN_dar_0070_b,,0.787,wet,informal_small_roofs,open_buildings,unlabeled,scene_v2,mean_pixel_probability_across_t1_t2,,,,False,,False,,
SCN_dar_0071,DarEsSalaam,Tanzania,fold_DarEsSalaam,pretrain_pool,DAR_T0071,DAR_G0071,EPSG:32737,10,2023-06-05,2023-06-25,S1_SCN_dar_0071_a,S1_SCN_dar_0071_b,S2_SCN_dar_0071_a,S2_SCN_dar_0071_b,CLD_SCN_dar_0071_a,CLD_SCN_dar_0071_b,,0.859,dry,texture_complex,open_buildings,unlabeled,scene_v2,mean_pixel_probability_across_t1_t2,,,,False,,False,,
SCN_dar_0072,DarEsSalaam,Tanzania,fold_DarEsSalaam,pretrain_pool,DAR_T0072,DAR_G0072,EPSG:32737,10,2023-02-05,2023-02-25,S1_SCN_dar_0072_a,S1_SCN_dar_0072_b,S2_SCN_dar_0072_a,S2_SCN_dar_0072_b,CLD_SCN_dar_0072_a,CLD_SCN_dar_0072_b,,0.43,dry,regular,open_buildings,unlabeled,scene_v2,mean_pixel_probability_across_t1_t2,,,,False,,False,,
SCN_dar_0073,DarEsSalaam,Tanzania,fold_DarEsSalaam,pretrain_pool,DAR_T0073,DAR_G0073,EPSG:32737,10,2023-08-05,2023-08-25,S1_SCN_dar_0073_a,S1_SCN_dar_0073_b,S2_SCN_dar_0073_a,S2_SCN_dar_0073_b,CLD_SCN_dar_0073_a,CLD_SCN_dar_0073_b,,0.253,dry,informal_small_roofs,open_buildings,unlabeled,scene_v2,mean_pixel_probability_across_t1_t2,,,,False,,False,,
SCN_dar_0074,DarEsSalaam,Tanzania,fold_DarEsSalaam,pretrain_pool,DAR_T0074,DAR_G0074,EPSG:32737,10,2023-05-05,2023-05-25,S1_SCN_dar_0074_a,S1_SCN_dar_0074_b,S2_SCN_dar_0074_a,S2_SCN_dar_0074_b,CLD_SCN_dar_0074_a,CLD_SCN_dar_0074_b,,0.316,wet,texture_complex,open_buildings,unlabeled,scene_v2,mean_pixel_probability_across_t1_t2,,,,False,,False,,
SCN_dar_0075,DarEsSalaam,Tanzania,fold_DarEsSalaam,pretrain_pool,DAR_T0075,DAR_G0075,EPSG:32737,10,2023-03-05,2023-03-25,S1_SCN_dar_0075_a,S1_SCN_dar_0075_b,S2_SCN_dar_0075_a,S2_SCN_dar_0075_b,CLD_SCN_dar_0075_a,CLD_SCN_dar_0075_b,,0.45,wet,regular,open_buildings,unlabeled,scene_v2,mean_pixel_probability_across_t1_t2,,,,False,,False,,
SCN_dar_0076,DarEsSalaam,Tanzania,fold_DarEsSalaam,pretrain_pool,DAR_T0076,DAR_G0076,EPSG:32737,10,2023-02-05,2023-02-25,S1_SCN_dar_0076_a,S1_SCN_dar_0076_b,S2_SCN_dar_0076_a,S2_SCN_dar_0076_b,CLD_SCN_dar_0076_a,CLD_SCN_dar_0076_b,,0.568,dry,informal_small_roofs,open_buildings,unlabeled,scene_v2,mean_pixel_probability_across_t1_t2,,,,False,,False,,
SCN_dar_0077,DarEsSalaam,Tanzania,fold_DarEsSalaam,pretrain_pool,DAR_T0077,DAR_G0077,EPSG:32737,10,2023-01-05,2023-01-25,S1_SCN_dar_0077_a,S1_SCN_dar_0077_b,S2_SCN_dar_0077_a,S2_SCN_dar_0077_b,CLD_SCN_dar_0077_a,CLD_SCN_dar_0077_b,,0.313,dry,texture_complex,open_buildings,unlabeled,scene_v2,mean_pixel_probability_across_t1_t2,,,,False,,False,,
SCN_dar_0078,DarEsSalaam,Tanzania,fold_DarEsSalaam,pretrain_pool,DAR_T0078,DAR_G0078,EPSG:32737,10,2023-08-05,2023-08-25,S1_SCN_dar_0078_a,S1_SCN_dar_0078_b,S2_SCN_dar_0078_a,S2_SCN_dar_0078_b,CLD_SCN_dar_0078_a,CLD_SCN_dar_0078_b,,0.841,dry,regular,open_buildings,unlabeled,scene_v2,mean_pixel_probability_across_t1_t2,,,,False,,False,,
SCN_dar_0079,DarEsSalaam,Tanzania,fold_DarEsSalaam,pretrain_pool,DAR_T0079,DAR_G0079,EPSG:32737,10,2023-01-05,2023-01-25,S1_SCN_dar_0079_a,S1_SCN_dar_0079_b,S2_SCN_dar_0079_a,S2_SCN_dar_0079_b,CLD_SCN_dar_0079_a,CLD_SCN_dar_0079_b,,0.341,dry,informal_small_roofs,open_buildings,unlabeled,scene_v2,mean_pixel_probability_across_t1_t2,,,,False,,False,,
SCN_dar_0080,DarEsSalaam,Tanzania,fold_DarEsSalaam,pretrain_pool,DAR_T0080,DAR_G0080,EPSG:32737,10,2023-01-05,2023-01-25,S1_SCN_dar_0080_a,S1_SCN_dar_0080_b,S2_SCN_dar_0080_a,S2_SCN_dar_0080_b,CLD_SCN_dar_0080_a,CLD_SCN_dar_0080_b,,0.915,dry,texture_complex,open_buildings,unlabeled,scene_v2,mean_pixel_probability_across_t1_t2,,,,False,,False,,
SCN_dar_0081,DarEsSalaam,Tanzania,fold_DarEsSalaam,pretrain_pool,DAR_T0081,DAR_G0081,EPSG:32737,10,2023-11-05,2023-11-25,S1_SCN_dar_0081_a,S1_SCN_dar_0081_b,S2_SCN_dar_0081_a,S2_SCN_dar_0081_b,CLD_SCN_dar_0081_a,CLD_SCN_dar_0081_b,,0.334,wet,regular,open_buildings,unlabeled,scene_v2,mean_pixel_probability_across_t1_t2,,,,False,,False,,
SCN_dar_0082,DarEsSalaam,Tanzania,fold_DarEsSalaam,pretrain_pool,DAR_T0082,DAR_G0082,EPSG:32737,10,2023-03-05,2023-03-25,S1_SCN_dar_0082_a,S1_SCN_dar_0082_b,S2_SCN_dar_0082_a,S2_SCN_dar_0082_b,CLD_SCN_dar_0082_a,CLD_SCN_dar_0082_b,,0.726,wet,informal_small_roofs,open_buildings,unlabeled,scene_v2,mean_pixel_probability_across_t1_t2,,,,False,,False,,
SCN_dar_0083,DarEsSalaam,Tanzania,fold_DarEsSalaam,pretrain_pool,DAR_T0083,DAR_G0083,EPSG:32737,10,2023-01-05,2023-01-25,S1_SCN_dar_0083_a,S1_SCN_dar_0083_b,S2_SCN_dar_0083_a,S2_SCN_dar_0083_b,CLD_SCN_dar_0083_a,CLD_SCN_dar_0083_b,,0.162,dry,texture_complex,open_buildings,unlabeled,scene_v2,mean_pixel_probability_across_t1_t2,,,,False,,False,,
SCN_dar_0084,DarEsSalaam,Tanzania,fold_DarEsSalaam,pretrain_pool,DAR_T0084,DAR_G0084,EPSG:32737,10,2023-06-05,2023-06-25,S1_SCN_dar_0084_a,S1_SCN_dar_0084_b,S2_SCN_dar_0084_a,S2_SCN_dar_0084_b,CLD_SCN_dar_0084_a,CLD_SCN_dar_0084_b,,0.224,dry,regular,open_buildings,unlabeled,scene_v2,mean_pixel_probability_across_t1_t2,,,,False,,False,,
SCN_dar_0085,DarEsSalaam,Tanzania,fold_DarEsSalaam,pretrain_pool,DAR_T0085,DAR_G0085,EPSG:32737,10,2023-04-05,2023-04-25,S1_SCN_dar_0085_a,S1_SCN_dar_0085_b,S2_SCN_dar_0085_a,S2_SCN_dar_0085_b,CLD_SCN_dar_0085_a,CLD_SCN_dar_0085_b,,0.536,wet,informal_small_roofs,open_buildings,unlabeled,scene_v2,mean_pixel_probability_across_t1_t2,,,,False,,False,,
SCN_dar_0086,DarEsSalaam,Tanzania,fold_DarEsSalaam,pretrain_pool,DAR_T0086,DAR_G0086,EPSG:32737,10,2023-08-05,2023-08-25,S1_SCN_dar_0086_a,S1_SCN_dar_0086_b,S2_SCN_dar_0086_a,S2_SCN_dar_0086_b,CLD_SCN_dar_0086_a,CLD_SCN_dar_0086_b,,0.892,dry,texture_complex,open_buildings,unlabeled,scene_v2,mean_pixel_probability_across_t1_t2,,,,False,,False,,
SCN_dar_0087,DarEsSalaam,Tanzania,fold_DarEsSalaam,pretrain_pool,DAR_T0087,DAR_G0087,EPSG:32737,10,2023-06-05,2023-06-25,S1_SCN_dar_0087_a,S1_SCN_dar_0087_b,S2_SCN_dar_0087_a,S2_SCN_dar_0087_b,CLD_SCN_dar_0087_a,CLD_SCN_dar_0087_b,,0.676,dry,regular,open_buildings,unlabeled,scene_v2,mean_pixel_probability_across_t1_t2,,,,False,,False,,
SCN_dar_0088,DarEsSalaam,Tanzania,fold_DarEsSalaam,pretrain_pool,DAR_T0088,DAR_G0088,EPSG:32737,10,2023-05-05,2023-05-25,S1_SCN_dar_0088_a,S1_SCN_dar_0088_b,S2_SCN_dar_0088_a,S2_SCN_dar_0088_b,CLD_SCN_dar_0088_a,CLD_SCN_dar_0088_b,,0.27,wet,informal_small_roofs,open_buildings,unlabeled,scene_v2,mean_pixel_probability_across_t1_t2,,,,False,,False,,
SCN_dar_0089,DarEsSalaam,Tanzania,fold_DarEsSalaam,pretrain_pool,DAR_T0089,DAR_G0089,EPSG:32737,10,2023-05-05,2023-05-25,S1_SCN_dar_0089_a,S1_SCN_dar_0089_b,S2_SCN_dar_0089_a,S2_SCN_dar_0089_b,CLD_SCN_dar_0089_a,CLD_SCN_dar_0089_b,,0.298,wet,texture_complex,open_buildings,unlabeled,scene_v2,mean_pixel_probability_across_t1_t2,,,,False,,False,,
SCN_dar_0090,DarEsSalaam,Tanzania,fold_DarEsSalaam,pretrain_pool,DAR_T0090,DAR_G0090,EPSG:32737,10,2023-02-05,2023-02-25,S1_SCN_dar_0090_a,S1_SCN_dar_0090_b,S2_SCN_dar_0090_a,S2_SCN_dar_0090_b,CLD_SCN_dar_0090_a,CLD_SCN_dar_0090_b,,0.29,dry,regular,open_buildings,unlabeled,scene_v2,mean_pixel_probability_across_t1_t2,,,,False,,False,,
SCN_dar_0091,DarEsSalaam,Tanzania,fold_DarEsSalaam,pretrain_pool,DAR_T0091,DAR_G0091,EPSG:32737,10,2023-05-05,2023-05-25,S1_SCN_dar_0091_a,S1_SCN_dar_0091_b,S2_SCN_dar_0091_a,S2_SCN_dar_0091_b,CLD_SCN_dar_0091_a,CLD_SCN_dar_0091_b,,0.721,wet,informal_small_roofs,open_buildings,unlabeled,scene_v2,mean_pixel_probability_across_t1_t2,,,,False,,False,,
SCN_dar_0092,DarEsSalaam,Tanzania,fold_DarEsSalaam,pretrain_pool,DAR_T0092,DAR_G0092,EPSG:32737,10,2023-07-05,2023-07-25,S1_SCN_dar_0092_a,S1_SCN_dar_0092_b,S2_SCN_dar_0092_a,S2_SCN_dar_0092_b,CLD_SCN_dar_0092_a,CLD_SCN_dar_0092_b,,0.888,dry,texture_complex,open_buildings,unlabeled,scene_v2,mean_pixel_probability_across_t1_t2,,,,False,,False,,
SCN_dar_0093,DarEsSalaam,Tanzania,fold_DarEsSalaam,pretrain_pool,DAR_T0093,DAR_G0093,EPSG:32737,10,2023-10-05,2023-10-25,S1_SCN_dar_0093_a,S1_SCN_dar_0093_b,S2_SCN_dar_0093_a,S2_SCN_dar_0093_b,CLD_SCN_dar_0093_a,CLD_SCN_dar_0093_b,,0.192,wet,regular,open_buildings,unlabeled,scene_v2,mean_pixel_probability_across_t1_t2,,,,False,,False,,
SCN_dar_0094,DarEsSalaam,Tanzania,fold_DarEsSalaam,pretrain_pool,DAR_T0094,DAR_G0094,EPSG:32737,10,2023-08-05,2023-08-25,S1_SCN_dar_0094_a,S1_SCN_dar_0094_b,S2_SCN_dar_0094_a,S2_SCN_dar_0094_b,CLD_SCN_dar_0094_a,CLD_SCN_dar_0094_b,,0.424,dry,informal_small_roofs,open_buildings,unlabeled,scene_v2,mean_pixel_probability_across_t1_t2,,,,False,,False,,
SCN_dar_0095,DarEsSalaam,Tanzania,fold_DarEsSalaam,pretrain_pool,DAR_T0095,DAR_G0095,EPSG:32737,10,2023-03-05,2023-03-25,S1_SCN_dar_0095_a,S1_SCN_dar_0095_b,S2_SCN_dar_0095_a,S2_SCN_dar_0095_b,CLD_SCN_dar_0095_a,CLD_SCN_dar_0095_b,,0.427,wet,texture_complex,open_buildings,unlabeled,scene_v2,mean_pixel_probability_across_t1_t2,,,,False,,False,,
SCN_dar_0096,DarEsSalaam,Tanzania,fold_DarEsSalaam,pretrain_pool,DAR_T0096,DAR_G0096,EPSG:32737,10,2023-04-05,2023-04-25,S1_SCN_dar_0096_a,S1_SCN_dar_0096_b,S2_SCN_dar_0096_a,S2_SCN_dar_0096_b,CLD_SCN_dar_0096_a,CLD_SCN_dar_0096_b,,0.326,wet,regular,open_buildings,unlabeled,scene_v2,mean_pixel_probability_across_t1_t2,,,,False,,False,,
SCN_dar_0097,DarEsSalaam,Tanzania,fold_DarEsSalaam,pretrain_pool,DAR_T0097,DAR_G0097,EPSG:32737,10,2023-05-05,2023-05-25,S1_SCN_dar_0097_a,S1_SCN_dar_0097_b,S2_SCN_dar_0097_a,S2_SCN_dar_0097_b,CLD_SCN_dar_0097_a,CLD_SCN_dar_0097_b,,0.417,wet,informal_small_roofs,open_buildings,unlabeled,scene_v2,mean_pixel_probability_across_t1_t2,,,,False,,False,,
SCN_dar_0098,DarEsSalaam,Tanzania,fold_DarEsSalaam,pretrain_pool,DAR_T0098,DAR_G0098,EPSG:32737,10,2023-09-05,2023-09-25,S1_SCN_dar_0098_a,S1_SCN_dar_0098_b,S2_SCN_dar_0098_a,S2_SCN_dar_0098_b,CLD_SCN_dar_0098_a,CLD_SCN_dar_0098_b,,0.137,wet,texture_complex,open_buildings,unlabeled,scene_v2,mean_pixel_probability_across_t1_t2,,,,False,,False,,
SCN_dar_0099,DarEsSalaam,Tanzania,fold_DarEsSalaam,pretrain_pool,DAR_T0099,DAR_G0099,EPSG:32737,10,2023-06-05,2023-06-25,S1_SCN_dar_0099_a,S1_SCN_dar_0099_b,S2_SCN_dar_0099_a,S2_SCN_dar_0099_b,CLD_SCN_dar_0099_a,CLD_SCN_dar_0099_b,,0.479,dry,regular,open_buildings,unlabeled,scene_v2,mean_pixel_probability_across_t1_t2,,,,False,,False,,
SCN_dou_0000,Douala,Cameroon,fold_Douala,train,DLA_T0000,DLA_G0000,EPSG:32632,10,2023-09-05,2023-09-25,S1_SCN_dou_0000_a,S1_SCN_dou_0000_b,S2_SCN_dou_0000_a,S2_SCN_dou_0000_b,CLD_SCN_dou_0000_a,CLD_SCN_dou_0000_b,labels/SCN_dou_0000.npz,0.339,wet,regular,open_buildings,adjudicated,scene_v2,mean_pixel_probability_across_t1_t2,,,,True,,False,,
SCN_dou_0001,Douala,Cameroon,fold_Douala,train,DLA_T0001,DLA_G0001,EPSG:32632,10,2023-09-05,2023-09-25,S1_SCN_dou_0001_a,S1_SCN_dou_0001_b,S2_SCN_dou_0001_a,S2_SCN_dou_0001_b,CLD_SCN_dou_0001_a,CLD_SCN_dou_0001_b,labels/SCN_dou_0001.npz,0.924,wet,informal_small_roofs,open_buildings,adjudicated,scene_v2,mean_pixel_probability_across_t1_t2,,,,True,,False,,
SCN_dou_0002,Douala,Cameroon,fold_Douala,train,DLA_T0002,DLA_G0002,EPSG:32632,10,2023-02-05,2023-02-25,S1_SCN_dou_0002_a,S1_SCN_dou_0002_b,S2_SCN_dou_0002_a,S2_SCN_dou_0002_b,CLD_SCN_dou_0002_a,CLD_SCN_dou_0002_b,labels/SCN_dou_0002.npz,0.856,dry,texture_complex,open_buildings,adjudicated,scene_v2,mean_pixel_probability_across_t1_t2,,,,True,,False,,
SCN_dou_0003,Douala,Cameroon,fold_Douala,train,DLA_T0003,DLA_G0003,EPSG:32632,10,2023-09-05,2023-09-25,S1_SCN_dou_0003_a,S1_SCN_dou_0003_b,S2_SCN_dou_0003_a,S2_SCN_dou_0003_b,CLD_SCN_dou_0003_a,CLD_SCN_dou_0003_b,labels/SCN_dou_0003.npz,0.831,wet,regular,open_buildings,adjudicated,scene_v2,mean_pixel_probability_across_t1_t2,,,,True,,False,,
SCN_dou_0004,Douala,Cameroon,fold_Douala,train,DLA_T0004,DLA_G0004,EPSG:32632,10,2023-11-05,2023-11-25,S1_SCN_dou_0004_a,S1_SCN_dou_0004_b,S2_SCN_dou_0004_a,S2_SCN_dou_0004_b,CLD_SCN_dou_0004_a,CLD_SCN_dou_0004_b,labels/SCN_dou_0004.npz,0.572,wet,informal_small_roofs,open_buildings,adjudicated,scene_v2,mean_pixel_probability_across_t1_t2,,,,True,,False,,
SCN_dou_0005,Douala,Cameroon,fold_Douala,train,DLA_T0005,DLA_G0005,EPSG:32632,10,2023-07-05,2023-07-25,S1_SCN_dou_0005_a,S1_SCN_dou_0005_b,S2_SCN_dou_0005_a,S2_SCN_dou_0005_b,CLD_SCN_dou_0005_a,CLD_SCN_dou_0005_b,labels/SCN_dou_0005.npz,0.368,dry,texture_complex,open_buildings,adjudicated,scene_v2,mean_pixel_probability_across_t1_t2,,,,True,,False,,
SCN_dou_0006,Douala,Cameroon,fold_Douala,train,DLA_T0006,DLA_G0006,EPSG:32632,10,2023-11-05,2023-11-25,S1_SCN_dou_0006_a,S1_SCN_dou_0006_b,S2_SCN_dou_0006_a,S2_SCN_dou_0006_b,CLD_SCN_dou_0006_a,CLD_SCN_dou_0006_b,labels/SCN_dou_0006.npz,0.329,wet,regular,open_buildings,adjudicated,scene_v2,mean_pixel_probability_across_t1_t2,,,,True,,False,,
SCN_dou_0007,Douala,Cameroon,fold_Douala,train,DLA_T0007,DLA_G0007,EPSG:32632,10,2023-07-05,2023-07-25,S1_SCN_dou_0007_a,S1_SCN_dou_0007_b,S2_SCN_dou_0007_a,S2_SCN_dou_0007_b,CLD_SCN_dou_0007_a,CLD_SCN_dou_0007_b,labels/SCN_dou_0007.npz,0.802,dry,informal_small_roofs,open_buildings,adjudicated,scene_v2,mean_pixel_probability_across_t1_t2,,,,True,,False,,
SCN_dou_0008,Douala,Cameroon,fold_Douala,train,DLA_T0008,DLA_G0008,EPSG:32632,10,2023-07-05,2023-07-25,S1_SCN_dou_0008_a,S1_SCN_dou_0008_b,S2_SCN_dou_0008_a,S2_SCN_dou_0008_b,CLD_SCN_dou_0008_a,CLD_SCN_dou_0008_b,labels/SCN_dou_0008.npz,0.261,dry,texture_complex,open_buildings,adjudicated,scene_v2,mean_pixel_probability_across_t1_t2,,,,True,,False,,
SCN_dou_0009,Douala,Cameroon,fold_Douala,train,DLA_T0009,DLA_G0009,EPSG:32632,10,2023-11-05,2023-11-25,S1_SCN_dou_0009_a,S1_SCN_dou_0009_b,S2_SCN_dou_0009_a,S2_SCN_dou_0009_b,CLD_SCN_dou_0009_a,CLD_SCN_dou_0009_b,labels/SCN_dou_0009.npz,0.276,wet,regular,open_buildings,adjudicated,scene_v2,mean_pixel_probability_across_t1_t2,,,,True,,False,,
SCN_dou_0010,Douala,Cameroon,fold_Douala,train,DLA_T0010,DLA_G0010,EPSG:32632,10,2023-10-05,2023-10-25,S1_SCN_dou_0010_a,S1_SCN_dou_0010_b,S2_SCN_dou_0010_a,S2_SCN_dou_0010_b,CLD_SCN_dou_0010_a,CLD_SCN_dou_0010_b,labels/SCN_dou_0010.npz,0.359,wet,informal_small_roofs,open_buildings,adjudicated,scene_v2,mean_pixel_probability_across_t1_t2,,,,True,,False,,
SCN_dou_0011,Douala,Cameroon,fold_Douala,train,DLA_T0011,DLA_G0011,EPSG:32632,10,2023-04-05,2023-04-25,S1_SCN_dou_0011_a,S1_SCN_dou_0011_b,S2_SCN_dou_0011_a,S2_SCN_dou_0011_b,CLD_SCN_dou_0011_a,CLD_SCN_dou_0011_b,labels/SCN_dou_0011.npz,0.438,wet,texture_complex,open_buildings,adjudicated,scene_v2,mean_pixel_probability_across_t1_t2,,,,True,,False,,
SCN_dou_0012,Douala,Cameroon,fold_Douala,train,DLA_T0012,DLA_G0012,EPSG:32632,10,2023-09-05,2023-09-25,S1_SCN_dou_0012_a,S1_SCN_dou_0012_b,S2_SCN_dou_0012_a,S2_SCN_dou_0012_b,CLD_SCN_dou_0012_a,CLD_SCN_dou_0012_b,labels/SCN_dou_0012.npz,0.075,wet,regular,open_buildings,adjudicated,scene_v2,mean_pixel_probability_across_t1_t2,,,,True,,False,,
SCN_dou_0013,Douala,Cameroon,fold_Douala,train,DLA_T0013,DLA_G0013,EPSG:32632,10,2023-11-05,2023-11-25,S1_SCN_dou_0013_a,S1_SCN_dou_0013_b,S2_SCN_dou_0013_a,S2_SCN_dou_0013_b,CLD_SCN_dou_0013_a,CLD_SCN_dou_0013_b,labels/SCN_dou_0013.npz,0.893,wet,informal_small_roofs,open_buildings,adjudicated,scene_v2,mean_pixel_probability_across_t1_t2,,,,True,,False,,
SCN_dou_0014,Douala,Cameroon,fold_Douala,train,DLA_T0014,DLA_G0014,EPSG:32632,10,2023-08-05,2023-08-25,S1_SCN_dou_0014_a,S1_SCN_dou_0014_b,S2_SCN_dou_0014_a,S2_SCN_dou_0014_b,CLD_SCN_dou_0014_a,CLD_SCN_dou_0014_b,labels/SCN_dou_0014.npz,0.243,dry,texture_complex,open_buildings,adjudicated,scene_v2,mean_pixel_probability_across_t1_t2,,,,True,,False,,
SCN_dou_0015,Douala,Cameroon,fold_Douala,train,DLA_T0015,DLA_G0015,EPSG:32632,10,2023-01-05,2023-01-25,S1_SCN_dou_0015_a,S1_SCN_dou_0015_b,S2_SCN_dou_0015_a,S2_SCN_dou_0015_b,CLD_SCN_dou_0015_a,CLD_SCN_dou_0015_b,labels/SCN_dou_0015.npz,0.549,dry,regular,open_buildings,adjudicated,scene_v2,mean_pixel_probability_across_t1_t2,,,,True,,False,,
SCN_dou_0016,Douala,Cameroon,fold_Douala,train,DLA_T0016,DLA_G0016,EPSG:32632,10,2023-03-05,2023-03-25,S1_SCN_dou_0016_a,S1_SCN_dou_0016_b,S2_SCN_dou_0016_a,S2_SCN_dou_0016_b,CLD_SCN_dou_0016_a,CLD_SCN_dou_0016_b,labels/SCN_dou_0016.npz,0.793,wet,informal_small_roofs,open_buildings,adjudicated,scene_v2,mean_pixel_probability_across_t1_t2,,,,True,,False,,
SCN_dou_0017,Douala,Cameroon,fold_Douala,train,DLA_T0017,DLA_G0017,EPSG:32632,10,2023-01-05,2023-01-25,S1_SCN_dou_0017_a,S1_SCN_dou_0017_b,S2_SCN_dou_0017_a,S2_SCN_dou_0017_b,CLD_SCN_dou_0017_a,CLD_SCN_dou_0017_b,labels/SCN_dou_0017.npz,0.932,dry,texture_complex,open_buildings,adjudicated,scene_v2,mean_pixel_probability_across_t1_t2,,,,True,,False,,
SCN_dou_0018,Douala,Cameroon,fold_Douala,train,DLA_T0018,DLA_G0018,EPSG:32632,10,2023-09-05,2023-09-25,S1_SCN_dou_0018_a,S1_SCN_dou_0018_b,S2_SCN_dou_0018_a,S2_SCN_dou_0018_b,CLD_SCN_dou_0018_a,CLD_SCN_dou_0018_b,labels/SCN_dou_0018.npz,0.136,wet,regular,open_buildings,adjudicated,scene_v2,mean_pixel_probability_across_t1_t2,,,,True,,False,,
SCN_dou_0019,Douala,Cameroon,fold_Douala,train,DLA_T0019,DLA_G0019,EPSG:32632,10,2023-11-05,2023-11-25,S1_SCN_dou_0019_a,S1_SCN_dou_0019_b,S2_SCN_dou_0019_a,S2_SCN_dou_0019_b,CLD_SCN_dou_0019_a,CLD_SCN_dou_0019_b,labels/SCN_dou_0019.npz,0.333,wet,informal_small_roofs,open_buildings,adjudicated,scene_v2,mean_pixel_probability_across_t1_t2,,,,True,,False,,
SCN_dou_0020,Douala,Cameroon,fold_Douala,train,DLA_T0020,DLA_G0020,EPSG:32632,10,2023-04-05,2023-04-25,S1_SCN_dou_0020_a,S1_SCN_dou_0020_b,S2_SCN_dou_0020_a,S2_SCN_dou_0020_b,CLD_SCN_dou_0020_a,CLD_SCN_dou_0020_b,labels/SCN_dou_0020.npz,0.837,wet,texture_complex,open_buildings,adjudicated,scene_v2,mean_pixel_probability_across_t1_t2,,,,True,,False,,
SCN_dou_0021,Douala,Cameroon,fold_Douala,train,DLA_T0021,DLA_G0021,EPSG:32632,10,2023-11-05,2023-11-25,S1_SCN_dou_0021_a,S1_SCN_dou_0021_b,S2_SCN_dou_0021_a,S2_SCN_dou_0021_b,CLD_SCN_dou_0021_a,CLD_SCN_dou_0021_b,labels/SCN_dou_0021.npz,0.871,wet,regular,open_buildings,adjudicated,scene_v2,mean_pixel_probability_across_t1_t2,,,,True,,False,,
SCN_dou_0022,Douala,Cameroon,fold_Douala,train,DLA_T0022,DLA_G0022,EPSG:32632,10,2023-03-05,2023-03-25,S1_SCN_dou_0022_a,S1_SCN_dou_0022_b,S2_SCN_dou_0022_a,S2_SCN_dou_0022_b,CLD_SCN_dou_0022_a,CLD_SCN_dou_0022_b,labels/SCN_dou_0022.npz,0.603,wet,informal_small_roofs,open_buildings,adjudicated,scene_v2,mean_pixel_probability_across_t1_t2,,,,True,,False,,
SCN_dou_0023,Douala,Cameroon,fold_Douala,train,DLA_T0023,DLA_G0023,EPSG:32632,10,2023-01-05,2023-01-25,S1_SCN_dou_0023_a,S1_SCN_dou_0023_b,S2_SCN_dou_0023_a,S2_SCN_dou_0023_b,CLD_SCN_dou_0023_a,CLD_SCN_dou_0023_b,labels/SCN_dou_0023.npz,0.112,dry,texture_complex,open_buildings,adjudicated,scene_v2,mean_pixel_probability_across_t1_t2,,,,True,,False,,
SCN_dou_0024,Douala,Cameroon,fold_Douala,train,DLA_T0024,DLA_G0024,EPSG:32632,10,2023-07-05,2023-07-25,S1_SCN_dou_0024_a,S1_SCN_dou_0024_b,S2_SCN_dou_0024_a,S2_SCN_dou_0024_b,CLD_SCN_dou_0024_a,CLD_SCN_dou_0024_b,labels/SCN_dou_0024.npz,0.253,dry,regular,open_buildings,adjudicated,scene_v2,mean_pixel_probability_across_t1_t2,,,,True,,False,,
SCN_dou_0025,Douala,Cameroon,fold_Douala,train,DLA_T0025,DLA_G0025,EPSG:32632,10,2023-10-05,2023-10-25,S1_SCN_dou_0025_a,S1_SCN_dou_0025_b,S2_SCN_dou_0025_a,S2_SCN_dou_0025_b,CLD_SCN_dou_0025_a,CLD_SCN_dou_0025_b,labels/SCN_dou_0025.npz,0.7,wet,informal_small_roofs,open_buildings,adjudicated,scene_v2,mean_pixel_probability_across_t1_t2,,,,True,,False,,
SCN_dou_0026,Douala,Cameroon,fold_Douala,train,DLA_T0026,DLA_G0026,EPSG:32632,10,2023-10-05,2023-10-25,S1_SCN_dou_0026_a,S1_SCN_dou_0026_b,S2_SCN_dou_0026_a,S2_SCN_dou_0026_b,CLD_SCN_dou_0026_a,CLD_SCN_dou_0026_b,labels/SCN_dou_0026.npz,0.304,wet,texture_complex,open_buildings,adjudicated,scene_v2,mean_pixel_probability_across_t1_t2,,,,True,,False,,
SCN_dou_0027,Douala,Cameroon,fold_Douala,train,DLA_T0027,DLA_G0027,EPSG:32632,10,2023-01-05,2023-01-25,S1_SCN_dou_0027_a,S1_SCN_dou_0027_b,S2_SCN_dou_0027_a,S2_SCN_dou_0027_b,CLD_SCN_dou_0027_a,CLD_SCN_dou_0027_b,labels/SCN_dou_0027.npz,0.096,dry,regular,open_buildings,adjudicated,scene_v2,mean_pixel_probability_across_t1_t2,,,,True,,False,,
SCN_dou_0028,Douala,Cameroon,fold_Douala,train,DLA_T0028,DLA_G0028,EPSG:32632,10,2023-05-05,2023-05-25,S1_SCN_dou_0028_a,S1_SCN_dou_0028_b,S2_SCN_dou_0028_a,S2_SCN_dou_0028_b,CLD_SCN_dou_0028_a,CLD_SCN_dou_0028_b,labels/SCN_dou_0028.npz,0.825,wet,informal_small_roofs,open_buildings,adjudicated,scene_v2,mean_pixel_probability_across_t1_t2,,,,True,,False,,
SCN_dou_0029,Douala,Cameroon,fold_Douala,train,DLA_T0029,DLA_G0029,EPSG:32632,10,2023-03-05,2023-03-25,S1_SCN_dou_0029_a,S1_SCN_dou_0029_b,S2_SCN_dou_0029_a,S2_SCN_dou_0029_b,CLD_SCN_dou_0029_a,CLD_SCN_dou_0029_b,labels/SCN_dou_0029.npz,0.345,wet,texture_complex,open_buildings,adjudicated,scene_v2,mean_pixel_probability_across_t1_t2,,,,True,,False,,
SCN_dou_0030,Douala,Cameroon,fold_Douala,train,DLA_T0030,DLA_G0030,EPSG:32632,10,2023-03-05,2023-03-25,S1_SCN_dou_0030_a,S1_SCN_dou_0030_b,S2_SCN_dou_0030_a,S2_SCN_dou_0030_b,CLD_SCN_dou_0030_a,CLD_SCN_dou_0030_b,labels/SCN_dou_0030.npz,0.551,wet,regular,open_buildings,adjudicated,scene_v2,mean_pixel_probability_across_t1_t2,,,,True,,False,,
SCN_dou_0031,Douala,Cameroon,fold_Douala,train,DLA_T0031,DLA_G0031,EPSG:32632,10,2023-02-05,2023-02-25,S1_SCN_dou_0031_a,S1_SCN_dou_0031_b,S2_SCN_dou_0031_a,S2_SCN_dou_0031_b,CLD_SCN_dou_0031_a,CLD_SCN_dou_0031_b,labels/SCN_dou_0031.npz,0.538,dry,informal_small_roofs,open_buildings,adjudicated,scene_v2,mean_pixel_probability_across_t1_t2,,,,True,,False,,
SCN_dou_0032,Douala,Cameroon,fold_Douala,train,DLA_T0032,DLA_G0032,EPSG:32632,10,2023-07-05,2023-07-25,S1_SCN_dou_0032_a,S1_SCN_dou_0032_b,S2_SCN_dou_0032_a,S2_SCN_dou_0032_b,CLD_SCN_dou_0032_a,CLD_SCN_dou_0032_b,labels/SCN_dou_0032.npz,0.372,dry,texture_complex,open_buildings,adjudicated,scene_v2,mean_pixel_probability_across_t1_t2,,,,True,,False,,
SCN_dou_0033,Douala,Cameroon,fold_Douala,train,DLA_T0033,DLA_G0033,EPSG:32632,10,2023-07-05,2023-07-25,S1_SCN_dou_0033_a,S1_SCN_dou_0033_b,S2_SCN_dou_0033_a,S2_SCN_dou_0033_b,CLD_SCN_dou_0033_a,CLD_SCN_dou_0033_b,labels/SCN_dou_0033.npz,0.614,dry,regular,open_buildings,adjudicated,scene_v2,mean_pixel_probability_across_t1_t2,,,,True,,False,,
SCN_dou_0034,Douala,Cameroon,fold_Douala,train,DLA_T0034,DLA_G0034,EPSG:32632,10,2023-11-05,2023-11-25,S1_SCN_dou_0034_a,S1_SCN_dou_0034_b,S2_SCN_dou_0034_a,S2_SCN_dou_0034_b,CLD_SCN_dou_0034_a,CLD_SCN_dou_0034_b,labels/SCN_dou_0034.npz,0.83,wet,informal_small_roofs,open_buildings,adjudicated,scene_v2,mean_pixel_probability_across_t1_t2,,,,True,,False,,
SCN_dou_0035,Douala,Cameroon,fold_Douala,train,DLA_T0035,DLA_G0035,EPSG:32632,10,2023-02-05,2023-02-25,S1_SCN_dou_0035_a,S1_SCN_dou_0035_b,S2_SCN_dou_0035_a,S2_SCN_dou_0035_b,CLD_SCN_dou_0035_a,CLD_SCN_dou_0035_b,labels/SCN_dou_0035.npz,0.393,dry,texture_complex,open_buildings,adjudicated,scene_v2,mean_pixel_probability_across_t1_t2,,,,True,,False,,
SCN_dou_0036,Douala,Cameroon,fold_Douala,train,DLA_T0036,DLA_G0036,EPSG:32632,10,2023-04-05,2023-04-25,S1_SCN_dou_0036_a,S1_SCN_dou_0036_b,S2_SCN_dou_0036_a,S2_SCN_dou_0036_b,CLD_SCN_dou_0036_a,CLD_SCN_dou_0036_b,labels/SCN_dou_0036.npz,0.264,wet,regular,open_buildings,adjudicated,scene_v2,mean_pixel_probability_across_t1_t2,,,,True,,False,,
SCN_dou_0037,Douala,Cameroon,fold_Douala,train,DLA_T0037,DLA_G0037,EPSG:32632,10,2023-08-05,2023-08-25,S1_SCN_dou_0037_a,S1_SCN_dou_0037_b,S2_SCN_dou_0037_a,S2_SCN_dou_0037_b,CLD_SCN_dou_0037_a,CLD_SCN_dou_0037_b,labels/SCN_dou_0037.npz,0.921,dry,informal_small_roofs,open_buildings,adjudicated,scene_v2,mean_pixel_probability_across_t1_t2,,,,True,,False,,
SCN_dou_0038,Douala,Cameroon,fold_Douala,train,DLA_T0038,DLA_G0038,EPSG:32632,10,2023-01-05,2023-01-25,S1_SCN_dou_0038_a,S1_SCN_dou_0038_b,S2_SCN_dou_0038_a,S2_SCN_dou_0038_b,CLD_SCN_dou_0038_a,CLD_SCN_dou_0038_b,labels/SCN_dou_0038.npz,0.17,dry,texture_complex,open_buildings,adjudicated,scene_v2,mean_pixel_probability_across_t1_t2,,,,True,,False,,
SCN_dou_0039,Douala,Cameroon,fold_Douala,train,DLA_T0039,DLA_G0039,EPSG:32632,10,2023-09-05,2023-09-25,S1_SCN_dou_0039_a,S1_SCN_dou_0039_b,S2_SCN_dou_0039_a,S2_SCN_dou_0039_b,CLD_SCN_dou_0039_a,CLD_SCN_dou_0039_b,labels/SCN_dou_0039.npz,0.316,wet,regular,open_buildings,adjudicated,scene_v2,mean_pixel_probability_across_t1_t2,,,,True,,False,,
SCN_dou_0040,Douala,Cameroon,fold_Douala,train,DLA_T0040,DLA_G0040,EPSG:32632,10,2023-03-05,2023-03-25,S1_SCN_dou_0040_a,S1_SCN_dou_0040_b,S2_SCN_dou_0040_a,S2_SCN_dou_0040_b,CLD_SCN_dou_0040_a,CLD_SCN_dou_0040_b,labels/SCN_dou_0040.npz,0.513,wet,informal_small_roofs,open_buildings,adjudicated,scene_v2,mean_pixel_probability_across_t1_t2,,,,True,,False,,
SCN_dou_0041,Douala,Cameroon,fold_Douala,train,DLA_T0041,DLA_G0041,EPSG:32632,10,2023-08-05,2023-08-25,S1_SCN_dou_0041_a,S1_SCN_dou_0041_b,S2_SCN_dou_0041_a,S2_SCN_dou_0041_b,CLD_SCN_dou_0041_a,CLD_SCN_dou_0041_b,labels/SCN_dou_0041.npz,0.092,dry,texture_complex,open_buildings,adjudicated,scene_v2,mean_pixel_probability_across_t1_t2,,,,True,,False,,
SCN_dou_0042,Douala,Cameroon,fold_Douala,train,DLA_T0042,DLA_G0042,EPSG:32632,10,2023-10-05,2023-10-25,S1_SCN_dou_0042_a,S1_SCN_dou_0042_b,S2_SCN_dou_0042_a,S2_SCN_dou_0042_b,CLD_SCN_dou_0042_a,CLD_SCN_dou_0042_b,labels/SCN_dou_0042.npz,0.586,wet,regular,open_buildings,adjudicated,scene_v2,mean_pixel_probability_across_t1_t2,,,,True,,False,,
SCN_dou_0043,Douala,Cameroon,fold_Douala,train,DLA_T0043,DLA_G0043,EPSG:32632,10,2023-01-05,2023-01-25,S1_SCN_dou_0043_a,S1_SCN_dou_0043_b,S2_SCN_dou_0043_a,S2_SCN_dou_0043_b,CLD_SCN_dou_0043_a,CLD_SCN_dou_0043_b,labels/SCN_dou_0043.npz,0.258,dry,informal_small_roofs,open_buildings,adjudicated,scene_v2,mean_pixel_probability_across_t1_t2,,,,True,,False,,
SCN_dou_0044,Douala,Cameroon,fold_Douala,train,DLA_T0044,DLA_G0044,EPSG:32632,10,2023-03-05,2023-03-25,S1_SCN_dou_0044_a,S1_SCN_dou_0044_b,S2_SCN_dou_0044_a,S2_SCN_dou_0044_b,CLD_SCN_dou_0044_a,CLD_SCN_dou_0044_b,labels/SCN_dou_0044.npz,0.6,wet,texture_complex,open_buildings,adjudicated,scene_v2,mean_pixel_probability_across_t1_t2,,,,True,,False,,
SCN_dou_0045,Douala,Cameroon,fold_Douala,train,DLA_T0045,DLA_G0045,EPSG:32632,10,2023-06-05,2023-06-25,S1_SCN_dou_0045_a,S1_SCN_dou_0045_b,S2_SCN_dou_0045_a,S2_SCN_dou_0045_b,CLD_SCN_dou_0045_a,CLD_SCN_dou_0045_b,labels/SCN_dou_0045.npz,0.073,dry,regular,open_buildings,adjudicated,scene_v2,mean_pixel_probability_across_t1_t2,,,,True,,False,,
SCN_dou_0046,Douala,Cameroon,fold_Douala,train,DLA_T0046,DLA_G0046,EPSG:32632,10,2023-05-05,2023-05-25,S1_SCN_dou_0046_a,S1_SCN_dou_0046_b,S2_SCN_dou_0046_a,S2_SCN_dou_0046_b,CLD_SCN_dou_0046_a,CLD_SCN_dou_0046_b,labels/SCN_dou_0046.npz,0.211,wet,informal_small_roofs,open_buildings,adjudicated,scene_v2,mean_pixel_probability_across_t1_t2,,,,True,,False,,
SCN_dou_0047,Douala,Cameroon,fold_Douala,train,DLA_T0047,DLA_G0047,EPSG:32632,10,2023-11-05,2023-11-25,S1_SCN_dou_0047_a,S1_SCN_dou_0047_b,S2_SCN_dou_0047_a,S2_SCN_dou_0047_b,CLD_SCN_dou_0047_a,CLD_SCN_dou_0047_b,labels/SCN_dou_0047.npz,0.701,wet,texture_complex,open_buildings,adjudicated,scene_v2,mean_pixel_probability_across_t1_t2,,,,True,,False,,
SCN_dou_0048,Douala,Cameroon,fold_Douala,train,DLA_T0048,DLA_G0048,EPSG:32632,10,2023-10-05,2023-10-25,S1_SCN_dou_0048_a,S1_SCN_dou_0048_b,S2_SCN_dou_0048_a,S2_SCN_dou_0048_b,CLD_SCN_dou_0048_a,CLD_SCN_dou_0048_b,labels/SCN_dou_0048.npz,0.878,wet,regular,open_buildings,adjudicated,scene_v2,mean_pixel_probability_across_t1_t2,,,,True,,False,,
SCN_dou_0049,Douala,Cameroon,fold_Douala,train,DLA_T0049,DLA_G0049,EPSG:32632,10,2023-09-05,2023-09-25,S1_SCN_dou_0049_a,S1_SCN_dou_0049_b,S2_SCN_dou_0049_a,S2_SCN_dou_0049_b,CLD_SCN_dou_0049_a,CLD_SCN_dou_0049_b,labels/SCN_dou_0049.npz,0.381,wet,informal_small_roofs,open_buildings,adjudicated,scene_v2,mean_pixel_probability_across_t1_t2,,,,True,,False,,
SCN_dou_0050,Douala,Cameroon,fold_Douala,validation,DLA_T0050,DLA_G0050,EPSG:32632,10,2023-10-05,2023-10-25,S1_SCN_dou_0050_a,S1_SCN_dou_0050_b,S2_SCN_dou_0050_a,S2_SCN_dou_0050_b,CLD_SCN_dou_0050_a,CLD_SCN_dou_0050_b,labels/SCN_dou_0050.npz,0.878,wet,texture_complex,open_buildings,adjudicated,scene_v2,mean_pixel_probability_across_t1_t2,,,,True,,False,,
SCN_dou_0051,Douala,Cameroon,fold_Douala,validation,DLA_T0051,DLA_G0051,EPSG:32632,10,2023-05-05,2023-05-25,S1_SCN_dou_0051_a,S1_SCN_dou_0051_b,S2_SCN_dou_0051_a,S2_SCN_dou_0051_b,CLD_SCN_dou_0051_a,CLD_SCN_dou_0051_b,labels/SCN_dou_0051.npz,0.449,wet,regular,open_buildings,adjudicated,scene_v2,mean_pixel_probability_across_t1_t2,,,,True,,False,,
SCN_dou_0052,Douala,Cameroon,fold_Douala,validation,DLA_T0052,DLA_G0052,EPSG:32632,10,2023-11-05,2023-11-25,S1_SCN_dou_0052_a,S1_SCN_dou_0052_b,S2_SCN_dou_0052_a,S2_SCN_dou_0052_b,CLD_SCN_dou_0052_a,CLD_SCN_dou_0052_b,labels/SCN_dou_0052.npz,0.737,wet,informal_small_roofs,open_buildings,adjudicated,scene_v2,mean_pixel_probability_across_t1_t2,,,,True,,False,,
SCN_dou_0053,Douala,Cameroon,fold_Douala,validation,DLA_T0053,DLA_G0053,EPSG:32632,10,2023-10-05,2023-10-25,S1_SCN_dou_0053_a,S1_SCN_dou_0053_b,S2_SCN_dou_0053_a,S2_SCN_dou_0053_b,CLD_SCN_dou_0053_a,CLD_SCN_dou_0053_b,labels/SCN_dou_0053.npz,0.211,wet,texture_complex,open_buildings,adjudicated,scene_v2,mean_pixel_probability_across_t1_t2,,,,True,,False,,
SCN_dou_0054,Douala,Cameroon,fold_Douala,validation,DLA_T0054,DLA_G0054,EPSG:32632,10,2023-10-05,2023-10-25,S1_SCN_dou_0054_a,S1_SCN_dou_0054_b,S2_SCN_dou_0054_a,S2_SCN_dou_0054_b,CLD_SCN_dou_0054_a,CLD_SCN_dou_0054_b,labels/SCN_dou_0054.npz,0.459,wet,regular,open_buildings,adjudicated,scene_v2,mean_pixel_probability_across_t1_t2,,,,True,,False,,
SCN_dou_0055,Douala,Cameroon,fold_Douala,validation,DLA_T0055,DLA_G0055,EPSG:32632,10,2023-08-05,2023-08-25,S1_SCN_dou_0055_a,S1_SCN_dou_0055_b,S2_SCN_dou_0055_a,S2_SCN_dou_0055_b,CLD_SCN_dou_0055_a,CLD_SCN_dou_0055_b,labels/SCN_dou_0055.npz,0.885,dry,informal_small_roofs,open_buildings,adjudicated,scene_v2,mean_pixel_probability_across_t1_t2,,,,True,,False,,
SCN_dou_0056,Douala,Cameroon,fold_Douala,validation,DLA_T0056,DLA_G0056,EPSG:32632,10,2023-11-05,2023-11-25,S1_SCN_dou_0056_a,S1_SCN_dou_0056_b,S2_SCN_dou_0056_a,S2_SCN_dou_0056_b,CLD_SCN_dou_0056_a,CLD_SCN_dou_0056_b,labels/SCN_dou_0056.npz,0.713,wet,texture_complex,open_buildings,adjudicated,scene_v2,mean_pixel_probability_across_t1_t2,,,,True,,False,,
SCN_dou_0057,Douala,Cameroon,fold_Douala,validation,DLA_T0057,DLA_G0057,EPSG:32632,10,2023-04-05,2023-04-25,S1_SCN_dou_0057_a,S1_SCN_dou_0057_b,S2_SCN_dou_0057_a,S2_SCN_dou_0057_b,CLD_SCN_dou_0057_a,CLD_SCN_dou_0057_b,labels/SCN_dou_0057.npz,0.74,wet,regular,open_buildings,adjudicated,scene_v2,mean_pixel_probability_across_t1_t2,,,,True,,False,,
SCN_dou_0058,Douala,Cameroon,fold_Douala,test,DLA_T0058,DLA_G0058,EPSG:32632,10,2023-04-05,2023-04-25,S1_SCN_dou_0058_a,S1_SCN_dou_0058_b,S2_SCN_dou_0058_a,S2_SCN_dou_0058_b,CLD_SCN_dou_0058_a,CLD_SCN_dou_0058_b,labels/SCN_dou_0058.npz,0.544,wet,informal_small_roofs,open_buildings,adjudicated,scene_v2,mean_pixel_probability_across_t1_t2,recomputed_from_shared_scene_arrays,0.745443,0.771574,True,arrays/SCN_dou_0058.npz,True,clouds/SCN_dou_0058_t1.npz,clouds/SCN_dou_0058_t2.npz
SCN_dou_0059,Douala,Cameroon,fold_Douala,test,DLA_T0059,DLA_G0059,EPSG:32632,10,2023-08-05,2023-08-25,S1_SCN_dou_0059_a,S1_SCN_dou_0059_b,S2_SCN_dou_0059_a,S2_SCN_dou_0059_b,CLD_SCN_dou_0059_a,CLD_SCN_dou_0059_b,labels/SCN_dou_0059.npz,0.576,dry,texture_complex,open_buildings,adjudicated,scene_v2,mean_pixel_probability_across_t1_t2,recomputed_from_shared_scene_arrays,0.737630,0.832432,True,arrays/SCN_dou_0059.npz,True,clouds/SCN_dou_0059_t1.npz,clouds/SCN_dou_0059_t2.npz
SCN_dou_0060,Douala,Cameroon,fold_Douala,test,DLA_T0060,DLA_G0060,EPSG:32632,10,2023-04-05,2023-04-25,S1_SCN_dou_0060_a,S1_SCN_dou_0060_b,S2_SCN_dou_0060_a,S2_SCN_dou_0060_b,CLD_SCN_dou_0060_a,CLD_SCN_dou_0060_b,labels/SCN_dou_0060.npz,0.829394,wet,regular,open_buildings,adjudicated,scene_v2,mean_pixel_probability_across_t1_t2,recomputed_from_shared_scene_arrays,0.193685,0.397260,True,arrays/SCN_dou_0060.npz,True,clouds/SCN_dou_0060_t1.npz,clouds/SCN_dou_0060_t2.npz
SCN_dou_0061,Douala,Cameroon,fold_Douala,test,DLA_T0061,DLA_G0061,EPSG:32632,10,2023-08-05,2023-08-25,S1_SCN_dou_0061_a,S1_SCN_dou_0061_b,S2_SCN_dou_0061_a,S2_SCN_dou_0061_b,CLD_SCN_dou_0061_a,CLD_SCN_dou_0061_b,labels/SCN_dou_0061.npz,0.314,dry,informal_small_roofs,open_buildings,adjudicated,scene_v2,mean_pixel_probability_across_t1_t2,recomputed_from_shared_scene_arrays,0.915256,0.942085,True,arrays/SCN_dou_0061.npz,True,clouds/SCN_dou_0061_t1.npz,clouds/SCN_dou_0061_t2.npz
SCN_dou_0062,Douala,Cameroon,fold_Douala,test,DLA_T0062,DLA_G0062,EPSG:32632,10,2023-11-05,2023-11-25,S1_SCN_dou_0062_a,S1_SCN_dou_0062_b,S2_SCN_dou_0062_a,S2_SCN_dou_0062_b,CLD_SCN_dou_0062_a,CLD_SCN_dou_0062_b,labels/SCN_dou_0062.npz,0.114,wet,texture_complex,open_buildings,adjudicated,scene_v2,mean_pixel_probability_across_t1_t2,recomputed_from_shared_scene_arrays,1.000000,1.000000,True,arrays/SCN_dou_0062.npz,True,clouds/SCN_dou_0062_t1.npz,clouds/SCN_dou_0062_t2.npz
SCN_dou_0063,Douala,Cameroon,fold_Douala,test,DLA_T0063,DLA_G0063,EPSG:32632,10,2023-05-05,2023-05-25,S1_SCN_dou_0063_a,S1_SCN_dou_0063_b,S2_SCN_dou_0063_a,S2_SCN_dou_0063_b,CLD_SCN_dou_0063_a,CLD_SCN_dou_0063_b,labels/SCN_dou_0063.npz,0.812,wet,regular,open_buildings,adjudicated,scene_v2,mean_pixel_probability_across_t1_t2,recomputed_from_shared_scene_arrays,0.143229,0.309963,True,arrays/SCN_dou_0063.npz,True,clouds/SCN_dou_0063_t1.npz,clouds/SCN_dou_0063_t2.npz
SCN_dou_0064,Douala,Cameroon,fold_Douala,test,DLA_T0064,DLA_G0064,EPSG:32632,10,2023-09-05,2023-09-25,S1_SCN_dou_0064_a,S1_SCN_dou_0064_b,S2_SCN_dou_0064_a,S2_SCN_dou_0064_b,CLD_SCN_dou_0064_a,CLD_SCN_dou_0064_b,labels/SCN_dou_0064.npz,0.621,wet,informal_small_roofs,open_buildings,adjudicated,scene_v2,mean_pixel_probability_across_t1_t2,recomputed_from_shared_scene_arrays,0.562934,0.624585,True,arrays/SCN_dou_0064.npz,True,clouds/SCN_dou_0064_t1.npz,clouds/SCN_dou_0064_t2.npz
SCN_dou_0065,Douala,Cameroon,fold_Douala,test,DLA_T0065,DLA_G0065,EPSG:32632,10,2023-03-05,2023-03-25,S1_SCN_dou_0065_a,S1_SCN_dou_0065_b,S2_SCN_dou_0065_a,S2_SCN_dou_0065_b,CLD_SCN_dou_0065_a,CLD_SCN_dou_0065_b,labels/SCN_dou_0065.npz,0.456,wet,texture_complex,open_buildings,adjudicated,scene_v2,mean_pixel_probability_across_t1_t2,recomputed_from_shared_scene_arrays,0.875217,1.000000,True,arrays/SCN_dou_0065.npz,True,clouds/SCN_dou_0065_t1.npz,clouds/SCN_dou_0065_t2.npz
SCN_dou_0066,Douala,Cameroon,fold_Douala,test,DLA_T0066,DLA_G0066,EPSG:32632,10,2023-07-05,2023-07-25,S1_SCN_dou_0066_a,S1_SCN_dou_0066_b,S2_SCN_dou_0066_a,S2_SCN_dou_0066_b,CLD_SCN_dou_0066_a,CLD_SCN_dou_0066_b,labels/SCN_dou_0066.npz,0.836,dry,regular,open_buildings,adjudicated,scene_v2,mean_pixel_probability_across_t1_t2,recomputed_from_shared_scene_arrays,0.115451,0.281690,True,arrays/SCN_dou_0066.npz,True,clouds/SCN_dou_0066_t1.npz,clouds/SCN_dou_0066_t2.npz
SCN_dou_0067,Douala,Cameroon,fold_Douala,test,DLA_T0067,DLA_G0067,EPSG:32632,10,2023-08-05,2023-08-25,S1_SCN_dou_0067_a,S1_SCN_dou_0067_b,S2_SCN_dou_0067_a,S2_SCN_dou_0067_b,CLD_SCN_dou_0067_a,CLD_SCN_dou_0067_b,labels/SCN_dou_0067.npz,0.476,dry,informal_small_roofs,open_buildings,adjudicated,scene_v2,mean_pixel_probability_across_t1_t2,recomputed_from_shared_scene_arrays,0.800456,0.890995,True,arrays/SCN_dou_0067.npz,True,clouds/SCN_dou_0067_t1.npz,clouds/SCN_dou_0067_t2.npz
SCN_dou_0068,Douala,Cameroon,fold_Douala,test,DLA_T0068,DLA_G0068,EPSG:32632,10,2023-02-05,2023-02-25,S1_SCN_dou_0068_a,S1_SCN_dou_0068_b,S2_SCN_dou_0068_a,S2_SCN_dou_0068_b,CLD_SCN_dou_0068_a,CLD_SCN_dou_0068_b,labels/SCN_dou_0068.npz,0.86,dry,texture_complex,open_buildings,adjudicated,scene_v2,mean_pixel_probability_across_t1_t2,recomputed_from_shared_scene_arrays,0.081163,0.423469,True,arrays/SCN_dou_0068.npz,True,clouds/SCN_dou_0068_t1.npz,clouds/SCN_dou_0068_t2.npz
SCN_dou_0069,Douala,Cameroon,fold_Douala,test,DLA_T0069,DLA_G0069,EPSG:32632,10,2023-10-05,2023-10-25,S1_SCN_dou_0069_a,S1_SCN_dou_0069_b,S2_SCN_dou_0069_a,S2_SCN_dou_0069_b,CLD_SCN_dou_0069_a,CLD_SCN_dou_0069_b,labels/SCN_dou_0069.npz,0.823,wet,regular,open_buildings,adjudicated,scene_v2,mean_pixel_probability_across_t1_t2,recomputed_from_shared_scene_arrays,0.226780,0.433155,True,arrays/SCN_dou_0069.npz,True,clouds/SCN_dou_0069_t1.npz,clouds/SCN_dou_0069_t2.npz
SCN_dou_0070,Douala,Cameroon,fold_Douala,pretrain_pool,DLA_T0070,DLA_G0070,EPSG:32632,10,2023-09-05,2023-09-25,S1_SCN_dou_0070_a,S1_SCN_dou_0070_b,S2_SCN_dou_0070_a,S2_SCN_dou_0070_b,CLD_SCN_dou_0070_a,CLD_SCN_dou_0070_b,,0.206,wet,informal_small_roofs,open_buildings,unlabeled,scene_v2,mean_pixel_probability_across_t1_t2,,,,False,,False,,
SCN_dou_0071,Douala,Cameroon,fold_Douala,pretrain_pool,DLA_T0071,DLA_G0071,EPSG:32632,10,2023-07-05,2023-07-25,S1_SCN_dou_0071_a,S1_SCN_dou_0071_b,S2_SCN_dou_0071_a,S2_SCN_dou_0071_b,CLD_SCN_dou_0071_a,CLD_SCN_dou_0071_b,,0.678,dry,texture_complex,open_buildings,unlabeled,scene_v2,mean_pixel_probability_across_t1_t2,,,,False,,False,,
SCN_dou_0072,Douala,Cameroon,fold_Douala,pretrain_pool,DLA_T0072,DLA_G0072,EPSG:32632,10,2023-06-05,2023-06-25,S1_SCN_dou_0072_a,S1_SCN_dou_0072_b,S2_SCN_dou_0072_a,S2_SCN_dou_0072_b,CLD_SCN_dou_0072_a,CLD_SCN_dou_0072_b,,0.541,dry,regular,open_buildings,unlabeled,scene_v2,mean_pixel_probability_across_t1_t2,,,,False,,False,,
SCN_dou_0073,Douala,Cameroon,fold_Douala,pretrain_pool,DLA_T0073,DLA_G0073,EPSG:32632,10,2023-02-05,2023-02-25,S1_SCN_dou_0073_a,S1_SCN_dou_0073_b,S2_SCN_dou_0073_a,S2_SCN_dou_0073_b,CLD_SCN_dou_0073_a,CLD_SCN_dou_0073_b,,0.926,dry,informal_small_roofs,open_buildings,unlabeled,scene_v2,mean_pixel_probability_across_t1_t2,,,,False,,False,,
SCN_dou_0074,Douala,Cameroon,fold_Douala,pretrain_pool,DLA_T0074,DLA_G0074,EPSG:32632,10,2023-02-05,2023-02-25,S1_SCN_dou_0074_a,S1_SCN_dou_0074_b,S2_SCN_dou_0074_a,S2_SCN_dou_0074_b,CLD_SCN_dou_0074_a,CLD_SCN_dou_0074_b,,0.424,dry,texture_complex,open_buildings,unlabeled,scene_v2,mean_pixel_probability_across_t1_t2,,,,False,,False,,
SCN_dou_0075,Douala,Cameroon,fold_Douala,pretrain_pool,DLA_T0075,DLA_G0075,EPSG:32632,10,2023-11-05,2023-11-25,S1_SCN_dou_0075_a,S1_SCN_dou_0075_b,S2_SCN_dou_0075_a,S2_SCN_dou_0075_b,CLD_SCN_dou_0075_a,CLD_SCN_dou_0075_b,,0.176,wet,regular,open_buildings,unlabeled,scene_v2,mean_pixel_probability_across_t1_t2,,,,False,,False,,
SCN_dou_0076,Douala,Cameroon,fold_Douala,pretrain_pool,DLA_T0076,DLA_G0076,EPSG:32632,10,2023-11-05,2023-11-25,S1_SCN_dou_0076_a,S1_SCN_dou_0076_b,S2_SCN_dou_0076_a,S2_SCN_dou_0076_b,CLD_SCN_dou_0076_a,CLD_SCN_dou_0076_b,,0.812,wet,informal_small_roofs,open_buildings,unlabeled,scene_v2,mean_pixel_probability_across_t1_t2,,,,False,,False,,
SCN_dou_0077,Douala,Cameroon,fold_Douala,pretrain_pool,DLA_T0077,DLA_G0077,EPSG:32632,10,2023-07-05,2023-07-25,S1_SCN_dou_0077_a,S1_SCN_dou_0077_b,S2_SCN_dou_0077_a,S2_SCN_dou_0077_b,CLD_SCN_dou_0077_a,CLD_SCN_dou_0077_b,,0.664,dry,texture_complex,open_buildings,unlabeled,scene_v2,mean_pixel_probability_across_t1_t2,,,,False,,False,,
SCN_dou_0078,Douala,Cameroon,fold_Douala,pretrain_pool,DLA_T0078,DLA_G0078,EPSG:32632,10,2023-03-05,2023-03-25,S1_SCN_dou_0078_a,S1_SCN_dou_0078_b,S2_SCN_dou_0078_a,S2_SCN_dou_0078_b,CLD_SCN_dou_0078_a,CLD_SCN_dou_0078_b,,0.25,wet,regular,open_buildings,unlabeled,scene_v2,mean_pixel_probability_across_t1_t2,,,,False,,False,,
SCN_dou_0079,Douala,Cameroon,fold_Douala,pretrain_pool,DLA_T0079,DLA_G0079,EPSG:32632,10,2023-05-05,2023-05-25,S1_SCN_dou_0079_a,S1_SCN_dou_0079_b,S2_SCN_dou_0079_a,S2_SCN_dou_0079_b,CLD_SCN_dou_0079_a,CLD_SCN_dou_0079_b,,0.544,wet,informal_small_roofs,open_buildings,unlabeled,scene_v2,mean_pixel_probability_across_t1_t2,,,,False,,False,,
SCN_dou_0080,Douala,Cameroon,fold_Douala,pretrain_pool,DLA_T0080,DLA_G0080,EPSG:32632,10,2023-10-05,2023-10-25,S1_SCN_dou_0080_a,S1_SCN_dou_0080_b,S2_SCN_dou_0080_a,S2_SCN_dou_0080_b,CLD_SCN_dou_0080_a,CLD_SCN_dou_0080_b,,0.338,wet,texture_complex,open_buildings,unlabeled,scene_v2,mean_pixel_probability_across_t1_t2,,,,False,,False,,
SCN_dou_0081,Douala,Cameroon,fold_Douala,pretrain_pool,DLA_T0081,DLA_G0081,EPSG:32632,10,2023-02-05,2023-02-25,S1_SCN_dou_0081_a,S1_SCN_dou_0081_b,S2_SCN_dou_0081_a,S2_SCN_dou_0081_b,CLD_SCN_dou_0081_a,CLD_SCN_dou_0081_b,,0.86,dry,regular,open_buildings,unlabeled,scene_v2,mean_pixel_probability_across_t1_t2,,,,False,,False,,
SCN_dou_0082,Douala,Cameroon,fold_Douala,pretrain_pool,DLA_T0082,DLA_G0082,EPSG:32632,10,2023-01-05,2023-01-25,S1_SCN_dou_0082_a,S1_SCN_dou_0082_b,S2_SCN_dou_0082_a,S2_SCN_dou_0082_b,CLD_SCN_dou_0082_a,CLD_SCN_dou_0082_b,,0.667,dry,informal_small_roofs,open_buildings,unlabeled,scene_v2,mean_pixel_probability_across_t1_t2,,,,False,,False,,
SCN_dou_0083,Douala,Cameroon,fold_Douala,pretrain_pool,DLA_T0083,DLA_G0083,EPSG:32632,10,2023-10-05,2023-10-25,S1_SCN_dou_0083_a,S1_SCN_dou_0083_b,S2_SCN_dou_0083_a,S2_SCN_dou_0083_b,CLD_SCN_dou_0083_a,CLD_SCN_dou_0083_b,,0.356,wet,texture_complex,open_buildings,unlabeled,scene_v2,mean_pixel_probability_across_t1_t2,,,,False,,False,,
SCN_dou_0084,Douala,Cameroon,fold_Douala,pretrain_pool,DLA_T0084,DLA_G0084,EPSG:32632,10,2023-07-05,2023-07-25,S1_SCN_dou_0084_a,S1_SCN_dou_0084_b,S2_SCN_dou_0084_a,S2_SCN_dou_0084_b,CLD_SCN_dou_0084_a,CLD_SCN_dou_0084_b,,0.426,dry,regular,open_buildings,unlabeled,scene_v2,mean_pixel_probability_across_t1_t2,,,,False,,False,,
SCN_dou_0085,Douala,Cameroon,fold_Douala,pretrain_pool,DLA_T0085,DLA_G0085,EPSG:32632,10,2023-04-05,2023-04-25,S1_SCN_dou_0085_a,S1_SCN_dou_0085_b,S2_SCN_dou_0085_a,S2_SCN_dou_0085_b,CLD_SCN_dou_0085_a,CLD_SCN_dou_0085_b,,0.507,wet,informal_small_roofs,open_buildings,unlabeled,scene_v2,mean_pixel_probability_across_t1_t2,,,,False,,False,,
SCN_dou_0086,Douala,Cameroon,fold_Douala,pretrain_pool,DLA_T0086,DLA_G0086,EPSG:32632,10,2023-08-05,2023-08-25,S1_SCN_dou_0086_a,S1_SCN_dou_0086_b,S2_SCN_dou_0086_a,S2_SCN_dou_0086_b,CLD_SCN_dou_0086_a,CLD_SCN_dou_0086_b,,0.792,dry,texture_complex,open_buildings,unlabeled,scene_v2,mean_pixel_probability_across_t1_t2,,,,False,,False,,
SCN_dou_0087,Douala,Cameroon,fold_Douala,pretrain_pool,DLA_T0087,DLA_G0087,EPSG:32632,10,2023-11-05,2023-11-25,S1_SCN_dou_0087_a,S1_SCN_dou_0087_b,S2_SCN_dou_0087_a,S2_SCN_dou_0087_b,CLD_SCN_dou_0087_a,CLD_SCN_dou_0087_b,,0.549,wet,regular,open_buildings,unlabeled,scene_v2,mean_pixel_probability_across_t1_t2,,,,False,,False,,
SCN_dou_0088,Douala,Cameroon,fold_Douala,pretrain_pool,DLA_T0088,DLA_G0088,EPSG:32632,10,2023-03-05,2023-03-25,S1_SCN_dou_0088_a,S1_SCN_dou_0088_b,S2_SCN_dou_0088_a,S2_SCN_dou_0088_b,CLD_SCN_dou_0088_a,CLD_SCN_dou_0088_b,,0.243,wet,informal_small_roofs,open_buildings,unlabeled,scene_v2,mean_pixel_probability_across_t1_t2,,,,False,,False,,
SCN_dou_0089,Douala,Cameroon,fold_Douala,pretrain_pool,DLA_T0089,DLA_G0089,EPSG:32632,10,2023-06-05,2023-06-25,S1_SCN_dou_0089_a,S1_SCN_dou_0089_b,S2_SCN_dou_0089_a,S2_SCN_dou_0089_b,CLD_SCN_dou_0089_a,CLD_SCN_dou_0089_b,,0.133,dry,texture_complex,open_buildings,unlabeled,scene_v2,mean_pixel_probability_across_t1_t2,,,,False,,False,,
SCN_dou_0090,Douala,Cameroon,fold_Douala,pretrain_pool,DLA_T0090,DLA_G0090,EPSG:32632,10,2023-07-05,2023-07-25,S1_SCN_dou_0090_a,S1_SCN_dou_0090_b,S2_SCN_dou_0090_a,S2_SCN_dou_0090_b,CLD_SCN_dou_0090_a,CLD_SCN_dou_0090_b,,0.357,dry,regular,open_buildings,unlabeled,scene_v2,mean_pixel_probability_across_t1_t2,,,,False,,False,,
SCN_dou_0091,Douala,Cameroon,fold_Douala,pretrain_pool,DLA_T0091,DLA_G0091,EPSG:32632,10,2023-03-05,2023-03-25,S1_SCN_dou_0091_a,S1_SCN_dou_0091_b,S2_SCN_dou_0091_a,S2_SCN_dou_0091_b,CLD_SCN_dou_0091_a,CLD_SCN_dou_0091_b,,0.286,wet,informal_small_roofs,open_buildings,unlabeled,scene_v2,mean_pixel_probability_across_t1_t2,,,,False,,False,,
SCN_dou_0092,Douala,Cameroon,fold_Douala,pretrain_pool,DLA_T0092,DLA_G0092,EPSG:32632,10,2023-06-05,2023-06-25,S1_SCN_dou_0092_a,S1_SCN_dou_0092_b,S2_SCN_dou_0092_a,S2_SCN_dou_0092_b,CLD_SCN_dou_0092_a,CLD_SCN_dou_0092_b,,0.273,dry,texture_complex,open_buildings,unlabeled,scene_v2,mean_pixel_probability_across_t1_t2,,,,False,,False,,
SCN_dou_0093,Douala,Cameroon,fold_Douala,pretrain_pool,DLA_T0093,DLA_G0093,EPSG:32632,10,2023-01-05,2023-01-25,S1_SCN_dou_0093_a,S1_SCN_dou_0093_b,S2_SCN_dou_0093_a,S2_SCN_dou_0093_b,CLD_SCN_dou_0093_a,CLD_SCN_dou_0093_b,,0.592,dry,regular,open_buildings,unlabeled,scene_v2,mean_pixel_probability_across_t1_t2,,,,False,,False,,
SCN_dou_0094,Douala,Cameroon,fold_Douala,pretrain_pool,DLA_T0094,DLA_G0094,EPSG:32632,10,2023-06-05,2023-06-25,S1_SCN_dou_0094_a,S1_SCN_dou_0094_b,S2_SCN_dou_0094_a,S2_SCN_dou_0094_b,CLD_SCN_dou_0094_a,CLD_SCN_dou_0094_b,,0.128,dry,informal_small_roofs,open_buildings,unlabeled,scene_v2,mean_pixel_probability_across_t1_t2,,,,False,,False,,
SCN_dou_0095,Douala,Cameroon,fold_Douala,pretrain_pool,DLA_T0095,DLA_G0095,EPSG:32632,10,2023-05-05,2023-05-25,S1_SCN_dou_0095_a,S1_SCN_dou_0095_b,S2_SCN_dou_0095_a,S2_SCN_dou_0095_b,CLD_SCN_dou_0095_a,CLD_SCN_dou_0095_b,,0.169,wet,texture_complex,open_buildings,unlabeled,scene_v2,mean_pixel_probability_across_t1_t2,,,,False,,False,,
SCN_dou_0096,Douala,Cameroon,fold_Douala,pretrain_pool,DLA_T0096,DLA_G0096,EPSG:32632,10,2023-09-05,2023-09-25,S1_SCN_dou_0096_a,S1_SCN_dou_0096_b,S2_SCN_dou_0096_a,S2_SCN_dou_0096_b,CLD_SCN_dou_0096_a,CLD_SCN_dou_0096_b,,0.822,wet,regular,open_buildings,unlabeled,scene_v2,mean_pixel_probability_across_t1_t2,,,,False,,False,,
SCN_dou_0097,Douala,Cameroon,fold_Douala,pretrain_pool,DLA_T0097,DLA_G0097,EPSG:32632,10,2023-09-05,2023-09-25,S1_SCN_dou_0097_a,S1_SCN_dou_0097_b,S2_SCN_dou_0097_a,S2_SCN_dou_0097_b,CLD_SCN_dou_0097_a,CLD_SCN_dou_0097_b,,0.758,wet,informal_small_roofs,open_buildings,unlabeled,scene_v2,mean_pixel_probability_across_t1_t2,,,,False,,False,,
SCN_dou_0098,Douala,Cameroon,fold_Douala,pretrain_pool,DLA_T0098,DLA_G0098,EPSG:32632,10,2023-02-05,2023-02-25,S1_SCN_dou_0098_a,S1_SCN_dou_0098_b,S2_SCN_dou_0098_a,S2_SCN_dou_0098_b,CLD_SCN_dou_0098_a,CLD_SCN_dou_0098_b,,0.525,dry,texture_complex,open_buildings,unlabeled,scene_v2,mean_pixel_probability_across_t1_t2,,,,False,,False,,
SCN_dou_0099,Douala,Cameroon,fold_Douala,pretrain_pool,DLA_T0099,DLA_G0099,EPSG:32632,10,2023-05-05,2023-05-25,S1_SCN_dou_0099_a,S1_SCN_dou_0099_b,S2_SCN_dou_0099_a,S2_SCN_dou_0099_b,CLD_SCN_dou_0099_a,CLD_SCN_dou_0099_b,,0.593,wet,regular,open_buildings,unlabeled,scene_v2,mean_pixel_probability_across_t1_t2,,,,False,,False,,
SCN_gar_0000,Garoua,Cameroon,fold_Garoua,train,GAR_T0000,GAR_G0000,EPSG:32633,10,2023-05-05,2023-05-25,S1_SCN_gar_0000_a,S1_SCN_gar_0000_b,S2_SCN_gar_0000_a,S2_SCN_gar_0000_b,CLD_SCN_gar_0000_a,CLD_SCN_gar_0000_b,labels/SCN_gar_0000.npz,0.86,wet,regular,open_buildings,adjudicated,scene_v2,mean_pixel_probability_across_t1_t2,,,,True,,False,,
SCN_gar_0001,Garoua,Cameroon,fold_Garoua,train,GAR_T0001,GAR_G0001,EPSG:32633,10,2023-05-05,2023-05-25,S1_SCN_gar_0001_a,S1_SCN_gar_0001_b,S2_SCN_gar_0001_a,S2_SCN_gar_0001_b,CLD_SCN_gar_0001_a,CLD_SCN_gar_0001_b,labels/SCN_gar_0001.npz,0.839,wet,informal_small_roofs,open_buildings,adjudicated,scene_v2,mean_pixel_probability_across_t1_t2,,,,True,,False,,
SCN_gar_0002,Garoua,Cameroon,fold_Garoua,train,GAR_T0002,GAR_G0002,EPSG:32633,10,2023-03-05,2023-03-25,S1_SCN_gar_0002_a,S1_SCN_gar_0002_b,S2_SCN_gar_0002_a,S2_SCN_gar_0002_b,CLD_SCN_gar_0002_a,CLD_SCN_gar_0002_b,labels/SCN_gar_0002.npz,0.712,wet,texture_complex,open_buildings,adjudicated,scene_v2,mean_pixel_probability_across_t1_t2,,,,True,,False,,
SCN_gar_0003,Garoua,Cameroon,fold_Garoua,train,GAR_T0003,GAR_G0003,EPSG:32633,10,2023-03-05,2023-03-25,S1_SCN_gar_0003_a,S1_SCN_gar_0003_b,S2_SCN_gar_0003_a,S2_SCN_gar_0003_b,CLD_SCN_gar_0003_a,CLD_SCN_gar_0003_b,labels/SCN_gar_0003.npz,0.789,wet,regular,open_buildings,adjudicated,scene_v2,mean_pixel_probability_across_t1_t2,,,,True,,False,,
SCN_gar_0004,Garoua,Cameroon,fold_Garoua,train,GAR_T0004,GAR_G0004,EPSG:32633,10,2023-11-05,2023-11-25,S1_SCN_gar_0004_a,S1_SCN_gar_0004_b,S2_SCN_gar_0004_a,S2_SCN_gar_0004_b,CLD_SCN_gar_0004_a,CLD_SCN_gar_0004_b,labels/SCN_gar_0004.npz,0.777,wet,informal_small_roofs,open_buildings,adjudicated,scene_v2,mean_pixel_probability_across_t1_t2,,,,True,,False,,
SCN_gar_0005,Garoua,Cameroon,fold_Garoua,train,GAR_T0005,GAR_G0005,EPSG:32633,10,2023-04-05,2023-04-25,S1_SCN_gar_0005_a,S1_SCN_gar_0005_b,S2_SCN_gar_0005_a,S2_SCN_gar_0005_b,CLD_SCN_gar_0005_a,CLD_SCN_gar_0005_b,labels/SCN_gar_0005.npz,0.326,wet,texture_complex,open_buildings,adjudicated,scene_v2,mean_pixel_probability_across_t1_t2,,,,True,,False,,
SCN_gar_0006,Garoua,Cameroon,fold_Garoua,train,GAR_T0006,GAR_G0006,EPSG:32633,10,2023-07-05,2023-07-25,S1_SCN_gar_0006_a,S1_SCN_gar_0006_b,S2_SCN_gar_0006_a,S2_SCN_gar_0006_b,CLD_SCN_gar_0006_a,CLD_SCN_gar_0006_b,labels/SCN_gar_0006.npz,0.134,dry,regular,open_buildings,adjudicated,scene_v2,mean_pixel_probability_across_t1_t2,,,,True,,False,,
SCN_gar_0007,Garoua,Cameroon,fold_Garoua,train,GAR_T0007,GAR_G0007,EPSG:32633,10,2023-08-05,2023-08-25,S1_SCN_gar_0007_a,S1_SCN_gar_0007_b,S2_SCN_gar_0007_a,S2_SCN_gar_0007_b,CLD_SCN_gar_0007_a,CLD_SCN_gar_0007_b,labels/SCN_gar_0007.npz,0.097,dry,informal_small_roofs,open_buildings,adjudicated,scene_v2,mean_pixel_probability_across_t1_t2,,,,True,,False,,
SCN_gar_0008,Garoua,Cameroon,fold_Garoua,train,GAR_T0008,GAR_G0008,EPSG:32633,10,2023-11-05,2023-11-25,S1_SCN_gar_0008_a,S1_SCN_gar_0008_b,S2_SCN_gar_0008_a,S2_SCN_gar_0008_b,CLD_SCN_gar_0008_a,CLD_SCN_gar_0008_b,labels/SCN_gar_0008.npz,0.647,wet,texture_complex,open_buildings,adjudicated,scene_v2,mean_pixel_probability_across_t1_t2,,,,True,,False,,
SCN_gar_0009,Garoua,Cameroon,fold_Garoua,train,GAR_T0009,GAR_G0009,EPSG:32633,10,2023-06-05,2023-06-25,S1_SCN_gar_0009_a,S1_SCN_gar_0009_b,S2_SCN_gar_0009_a,S2_SCN_gar_0009_b,CLD_SCN_gar_0009_a,CLD_SCN_gar_0009_b,labels/SCN_gar_0009.npz,0.275,dry,regular,open_buildings,adjudicated,scene_v2,mean_pixel_probability_across_t1_t2,,,,True,,False,,
SCN_gar_0010,Garoua,Cameroon,fold_Garoua,train,GAR_T0010,GAR_G0010,EPSG:32633,10,2023-08-05,2023-08-25,S1_SCN_gar_0010_a,S1_SCN_gar_0010_b,S2_SCN_gar_0010_a,S2_SCN_gar_0010_b,CLD_SCN_gar_0010_a,CLD_SCN_gar_0010_b,labels/SCN_gar_0010.npz,0.664,dry,informal_small_roofs,open_buildings,adjudicated,scene_v2,mean_pixel_probability_across_t1_t2,,,,True,,False,,
SCN_gar_0011,Garoua,Cameroon,fold_Garoua,train,GAR_T0011,GAR_G0011,EPSG:32633,10,2023-04-05,2023-04-25,S1_SCN_gar_0011_a,S1_SCN_gar_0011_b,S2_SCN_gar_0011_a,S2_SCN_gar_0011_b,CLD_SCN_gar_0011_a,CLD_SCN_gar_0011_b,labels/SCN_gar_0011.npz,0.943,wet,texture_complex,open_buildings,adjudicated,scene_v2,mean_pixel_probability_across_t1_t2,,,,True,,False,,
SCN_gar_0012,Garoua,Cameroon,fold_Garoua,train,GAR_T0012,GAR_G0012,EPSG:32633,10,2023-05-05,2023-05-25,S1_SCN_gar_0012_a,S1_SCN_gar_0012_b,S2_SCN_gar_0012_a,S2_SCN_gar_0012_b,CLD_SCN_gar_0012_a,CLD_SCN_gar_0012_b,labels/SCN_gar_0012.npz,0.195,wet,regular,open_buildings,adjudicated,scene_v2,mean_pixel_probability_across_t1_t2,,,,True,,False,,
SCN_gar_0013,Garoua,Cameroon,fold_Garoua,train,GAR_T0013,GAR_G0013,EPSG:32633,10,2023-06-05,2023-06-25,S1_SCN_gar_0013_a,S1_SCN_gar_0013_b,S2_SCN_gar_0013_a,S2_SCN_gar_0013_b,CLD_SCN_gar_0013_a,CLD_SCN_gar_0013_b,labels/SCN_gar_0013.npz,0.528,dry,informal_small_roofs,open_buildings,adjudicated,scene_v2,mean_pixel_probability_across_t1_t2,,,,True,,False,,
SCN_gar_0014,Garoua,Cameroon,fold_Garoua,train,GAR_T0014,GAR_G0014,EPSG:32633,10,2023-04-05,2023-04-25,S1_SCN_gar_0014_a,S1_SCN_gar_0014_b,S2_SCN_gar_0014_a,S2_SCN_gar_0014_b,CLD_SCN_gar_0014_a,CLD_SCN_gar_0014_b,labels/SCN_gar_0014.npz,0.587,wet,texture_complex,open_buildings,adjudicated,scene_v2,mean_pixel_probability_across_t1_t2,,,,True,,False,,
SCN_gar_0015,Garoua,Cameroon,fold_Garoua,train,GAR_T0015,GAR_G0015,EPSG:32633,10,2023-01-05,2023-01-25,S1_SCN_gar_0015_a,S1_SCN_gar_0015_b,S2_SCN_gar_0015_a,S2_SCN_gar_0015_b,CLD_SCN_gar_0015_a,CLD_SCN_gar_0015_b,labels/SCN_gar_0015.npz,0.2,dry,regular,open_buildings,adjudicated,scene_v2,mean_pixel_probability_across_t1_t2,,,,True,,False,,
SCN_gar_0016,Garoua,Cameroon,fold_Garoua,train,GAR_T0016,GAR_G0016,EPSG:32633,10,2023-09-05,2023-09-25,S1_SCN_gar_0016_a,S1_SCN_gar_0016_b,S2_SCN_gar_0016_a,S2_SCN_gar_0016_b,CLD_SCN_gar_0016_a,CLD_SCN_gar_0016_b,labels/SCN_gar_0016.npz,0.74,wet,informal_small_roofs,open_buildings,adjudicated,scene_v2,mean_pixel_probability_across_t1_t2,,,,True,,False,,
SCN_gar_0017,Garoua,Cameroon,fold_Garoua,train,GAR_T0017,GAR_G0017,EPSG:32633,10,2023-11-05,2023-11-25,S1_SCN_gar_0017_a,S1_SCN_gar_0017_b,S2_SCN_gar_0017_a,S2_SCN_gar_0017_b,CLD_SCN_gar_0017_a,CLD_SCN_gar_0017_b,labels/SCN_gar_0017.npz,0.408,wet,texture_complex,open_buildings,adjudicated,scene_v2,mean_pixel_probability_across_t1_t2,,,,True,,False,,
SCN_gar_0018,Garoua,Cameroon,fold_Garoua,train,GAR_T0018,GAR_G0018,EPSG:32633,10,2023-04-05,2023-04-25,S1_SCN_gar_0018_a,S1_SCN_gar_0018_b,S2_SCN_gar_0018_a,S2_SCN_gar_0018_b,CLD_SCN_gar_0018_a,CLD_SCN_gar_0018_b,labels/SCN_gar_0018.npz,0.834,wet,regular,open_buildings,adjudicated,scene_v2,mean_pixel_probability_across_t1_t2,,,,True,,False,,
SCN_gar_0019,Garoua,Cameroon,fold_Garoua,train,GAR_T0019,GAR_G0019,EPSG:32633,10,2023-05-05,2023-05-25,S1_SCN_gar_0019_a,S1_SCN_gar_0019_b,S2_SCN_gar_0019_a,S2_SCN_gar_0019_b,CLD_SCN_gar_0019_a,CLD_SCN_gar_0019_b,labels/SCN_gar_0019.npz,0.65,wet,informal_small_roofs,open_buildings,adjudicated,scene_v2,mean_pixel_probability_across_t1_t2,,,,True,,False,,
SCN_gar_0020,Garoua,Cameroon,fold_Garoua,train,GAR_T0020,GAR_G0020,EPSG:32633,10,2023-10-05,2023-10-25,S1_SCN_gar_0020_a,S1_SCN_gar_0020_b,S2_SCN_gar_0020_a,S2_SCN_gar_0020_b,CLD_SCN_gar_0020_a,CLD_SCN_gar_0020_b,labels/SCN_gar_0020.npz,0.877,wet,texture_complex,open_buildings,adjudicated,scene_v2,mean_pixel_probability_across_t1_t2,,,,True,,False,,
SCN_gar_0021,Garoua,Cameroon,fold_Garoua,train,GAR_T0021,GAR_G0021,EPSG:32633,10,2023-07-05,2023-07-25,S1_SCN_gar_0021_a,S1_SCN_gar_0021_b,S2_SCN_gar_0021_a,S2_SCN_gar_0021_b,CLD_SCN_gar_0021_a,CLD_SCN_gar_0021_b,labels/SCN_gar_0021.npz,0.899,dry,regular,open_buildings,adjudicated,scene_v2,mean_pixel_probability_across_t1_t2,,,,True,,False,,
SCN_gar_0022,Garoua,Cameroon,fold_Garoua,train,GAR_T0022,GAR_G0022,EPSG:32633,10,2023-05-05,2023-05-25,S1_SCN_gar_0022_a,S1_SCN_gar_0022_b,S2_SCN_gar_0022_a,S2_SCN_gar_0022_b,CLD_SCN_gar_0022_a,CLD_SCN_gar_0022_b,labels/SCN_gar_0022.npz,0.861,wet,informal_small_roofs,open_buildings,adjudicated,scene_v2,mean_pixel_probability_across_t1_t2,,,,True,,False,,
SCN_gar_0023,Garoua,Cameroon,fold_Garoua,train,GAR_T0023,GAR_G0023,EPSG:32633,10,2023-02-05,2023-02-25,S1_SCN_gar_0023_a,S1_SCN_gar_0023_b,S2_SCN_gar_0023_a,S2_SCN_gar_0023_b,CLD_SCN_gar_0023_a,CLD_SCN_gar_0023_b,labels/SCN_gar_0023.npz,0.111,dry,texture_complex,open_buildings,adjudicated,scene_v2,mean_pixel_probability_across_t1_t2,,,,True,,False,,
SCN_gar_0024,Garoua,Cameroon,fold_Garoua,train,GAR_T0024,GAR_G0024,EPSG:32633,10,2023-06-05,2023-06-25,S1_SCN_gar_0024_a,S1_SCN_gar_0024_b,S2_SCN_gar_0024_a,S2_SCN_gar_0024_b,CLD_SCN_gar_0024_a,CLD_SCN_gar_0024_b,labels/SCN_gar_0024.npz,0.54,dry,regular,open_buildings,adjudicated,scene_v2,mean_pixel_probability_across_t1_t2,,,,True,,False,,
SCN_gar_0025,Garoua,Cameroon,fold_Garoua,train,GAR_T0025,GAR_G0025,EPSG:32633,10,2023-08-05,2023-08-25,S1_SCN_gar_0025_a,S1_SCN_gar_0025_b,S2_SCN_gar_0025_a,S2_SCN_gar_0025_b,CLD_SCN_gar_0025_a,CLD_SCN_gar_0025_b,labels/SCN_gar_0025.npz,0.253,dry,informal_small_roofs,open_buildings,adjudicated,scene_v2,mean_pixel_probability_across_t1_t2,,,,True,,False,,
SCN_gar_0026,Garoua,Cameroon,fold_Garoua,train,GAR_T0026,GAR_G0026,EPSG:32633,10,2023-02-05,2023-02-25,S1_SCN_gar_0026_a,S1_SCN_gar_0026_b,S2_SCN_gar_0026_a,S2_SCN_gar_0026_b,CLD_SCN_gar_0026_a,CLD_SCN_gar_0026_b,labels/SCN_gar_0026.npz,0.351,dry,texture_complex,open_buildings,adjudicated,scene_v2,mean_pixel_probability_across_t1_t2,,,,True,,False,,
SCN_gar_0027,Garoua,Cameroon,fold_Garoua,train,GAR_T0027,GAR_G0027,EPSG:32633,10,2023-06-05,2023-06-25,S1_SCN_gar_0027_a,S1_SCN_gar_0027_b,S2_SCN_gar_0027_a,S2_SCN_gar_0027_b,CLD_SCN_gar_0027_a,CLD_SCN_gar_0027_b,labels/SCN_gar_0027.npz,0.219,dry,regular,open_buildings,adjudicated,scene_v2,mean_pixel_probability_across_t1_t2,,,,True,,False,,
SCN_gar_0028,Garoua,Cameroon,fold_Garoua,train,GAR_T0028,GAR_G0028,EPSG:32633,10,2023-01-05,2023-01-25,S1_SCN_gar_0028_a,S1_SCN_gar_0028_b,S2_SCN_gar_0028_a,S2_SCN_gar_0028_b,CLD_SCN_gar_0028_a,CLD_SCN_gar_0028_b,labels/SCN_gar_0028.npz,0.492,dry,informal_small_roofs,open_buildings,adjudicated,scene_v2,mean_pixel_probability_across_t1_t2,,,,True,,False,,
SCN_gar_0029,Garoua,Cameroon,fold_Garoua,train,GAR_T0029,GAR_G0029,EPSG:32633,10,2023-05-05,2023-05-25,S1_SCN_gar_0029_a,S1_SCN_gar_0029_b,S2_SCN_gar_0029_a,S2_SCN_gar_0029_b,CLD_SCN_gar_0029_a,CLD_SCN_gar_0029_b,labels/SCN_gar_0029.npz,0.87,wet,texture_complex,open_buildings,adjudicated,scene_v2,mean_pixel_probability_across_t1_t2,,,,True,,False,,
SCN_gar_0030,Garoua,Cameroon,fold_Garoua,train,GAR_T0030,GAR_G0030,EPSG:32633,10,2023-05-05,2023-05-25,S1_SCN_gar_0030_a,S1_SCN_gar_0030_b,S2_SCN_gar_0030_a,S2_SCN_gar_0030_b,CLD_SCN_gar_0030_a,CLD_SCN_gar_0030_b,labels/SCN_gar_0030.npz,0.379,wet,regular,open_buildings,adjudicated,scene_v2,mean_pixel_probability_across_t1_t2,,,,True,,False,,
SCN_gar_0031,Garoua,Cameroon,fold_Garoua,train,GAR_T0031,GAR_G0031,EPSG:32633,10,2023-06-05,2023-06-25,S1_SCN_gar_0031_a,S1_SCN_gar_0031_b,S2_SCN_gar_0031_a,S2_SCN_gar_0031_b,CLD_SCN_gar_0031_a,CLD_SCN_gar_0031_b,labels/SCN_gar_0031.npz,0.422,dry,informal_small_roofs,open_buildings,adjudicated,scene_v2,mean_pixel_probability_across_t1_t2,,,,True,,False,,
SCN_gar_0032,Garoua,Cameroon,fold_Garoua,train,GAR_T0032,GAR_G0032,EPSG:32633,10,2023-01-05,2023-01-25,S1_SCN_gar_0032_a,S1_SCN_gar_0032_b,S2_SCN_gar_0032_a,S2_SCN_gar_0032_b,CLD_SCN_gar_0032_a,CLD_SCN_gar_0032_b,labels/SCN_gar_0032.npz,0.508,dry,texture_complex,open_buildings,adjudicated,scene_v2,mean_pixel_probability_across_t1_t2,,,,True,,False,,
SCN_gar_0033,Garoua,Cameroon,fold_Garoua,train,GAR_T0033,GAR_G0033,EPSG:32633,10,2023-04-05,2023-04-25,S1_SCN_gar_0033_a,S1_SCN_gar_0033_b,S2_SCN_gar_0033_a,S2_SCN_gar_0033_b,CLD_SCN_gar_0033_a,CLD_SCN_gar_0033_b,labels/SCN_gar_0033.npz,0.939,wet,regular,open_buildings,adjudicated,scene_v2,mean_pixel_probability_across_t1_t2,,,,True,,False,,
SCN_gar_0034,Garoua,Cameroon,fold_Garoua,train,GAR_T0034,GAR_G0034,EPSG:32633,10,2023-11-05,2023-11-25,S1_SCN_gar_0034_a,S1_SCN_gar_0034_b,S2_SCN_gar_0034_a,S2_SCN_gar_0034_b,CLD_SCN_gar_0034_a,CLD_SCN_gar_0034_b,labels/SCN_gar_0034.npz,0.673,wet,informal_small_roofs,open_buildings,adjudicated,scene_v2,mean_pixel_probability_across_t1_t2,,,,True,,False,,
SCN_gar_0035,Garoua,Cameroon,fold_Garoua,train,GAR_T0035,GAR_G0035,EPSG:32633,10,2023-05-05,2023-05-25,S1_SCN_gar_0035_a,S1_SCN_gar_0035_b,S2_SCN_gar_0035_a,S2_SCN_gar_0035_b,CLD_SCN_gar_0035_a,CLD_SCN_gar_0035_b,labels/SCN_gar_0035.npz,0.368,wet,texture_complex,open_buildings,adjudicated,scene_v2,mean_pixel_probability_across_t1_t2,,,,True,,False,,
SCN_gar_0036,Garoua,Cameroon,fold_Garoua,train,GAR_T0036,GAR_G0036,EPSG:32633,10,2023-01-05,2023-01-25,S1_SCN_gar_0036_a,S1_SCN_gar_0036_b,S2_SCN_gar_0036_a,S2_SCN_gar_0036_b,CLD_SCN_gar_0036_a,CLD_SCN_gar_0036_b,labels/SCN_gar_0036.npz,0.726,dry,regular,open_buildings,adjudicated,scene_v2,mean_pixel_probability_across_t1_t2,,,,True,,False,,
SCN_gar_0037,Garoua,Cameroon,fold_Garoua,train,GAR_T0037,GAR_G0037,EPSG:32633,10,2023-08-05,2023-08-25,S1_SCN_gar_0037_a,S1_SCN_gar_0037_b,S2_SCN_gar_0037_a,S2_SCN_gar_0037_b,CLD_SCN_gar_0037_a,CLD_SCN_gar_0037_b,labels/SCN_gar_0037.npz,0.163,dry,informal_small_roofs,open_buildings,adjudicated,scene_v2,mean_pixel_probability_across_t1_t2,,,,True,,False,,
SCN_gar_0038,Garoua,Cameroon,fold_Garoua,train,GAR_T0038,GAR_G0038,EPSG:32633,10,2023-09-05,2023-09-25,S1_SCN_gar_0038_a,S1_SCN_gar_0038_b,S2_SCN_gar_0038_a,S2_SCN_gar_0038_b,CLD_SCN_gar_0038_a,CLD_SCN_gar_0038_b,labels/SCN_gar_0038.npz,0.179,wet,texture_complex,open_buildings,adjudicated,scene_v2,mean_pixel_probability_across_t1_t2,,,,True,,False,,
SCN_gar_0039,Garoua,Cameroon,fold_Garoua,train,GAR_T0039,GAR_G0039,EPSG:32633,10,2023-11-05,2023-11-25,S1_SCN_gar_0039_a,S1_SCN_gar_0039_b,S2_SCN_gar_0039_a,S2_SCN_gar_0039_b,CLD_SCN_gar_0039_a,CLD_SCN_gar_0039_b,labels/SCN_gar_0039.npz,0.684,wet,regular,open_buildings,adjudicated,scene_v2,mean_pixel_probability_across_t1_t2,,,,True,,False,,
SCN_gar_0040,Garoua,Cameroon,fold_Garoua,train,GAR_T0040,GAR_G0040,EPSG:32633,10,2023-05-05,2023-05-25,S1_SCN_gar_0040_a,S1_SCN_gar_0040_b,S2_SCN_gar_0040_a,S2_SCN_gar_0040_b,CLD_SCN_gar_0040_a,CLD_SCN_gar_0040_b,labels/SCN_gar_0040.npz,0.148,wet,informal_small_roofs,open_buildings,adjudicated,scene_v2,mean_pixel_probability_across_t1_t2,,,,True,,False,,
SCN_gar_0041,Garoua,Cameroon,fold_Garoua,train,GAR_T0041,GAR_G0041,EPSG:32633,10,2023-05-05,2023-05-25,S1_SCN_gar_0041_a,S1_SCN_gar_0041_b,S2_SCN_gar_0041_a,S2_SCN_gar_0041_b,CLD_SCN_gar_0041_a,CLD_SCN_gar_0041_b,labels/SCN_gar_0041.npz,0.87,wet,texture_complex,open_buildings,adjudicated,scene_v2,mean_pixel_probability_across_t1_t2,,,,True,,False,,
SCN_gar_0042,Garoua,Cameroon,fold_Garoua,train,GAR_T0042,GAR_G0042,EPSG:32633,10,2023-03-05,2023-03-25,S1_SCN_gar_0042_a,S1_SCN_gar_0042_b,S2_SCN_gar_0042_a,S2_SCN_gar_0042_b,CLD_SCN_gar_0042_a,CLD_SCN_gar_0042_b,labels/SCN_gar_0042.npz,0.485,wet,regular,open_buildings,adjudicated,scene_v2,mean_pixel_probability_across_t1_t2,,,,True,,False,,
SCN_gar_0043,Garoua,Cameroon,fold_Garoua,train,GAR_T0043,GAR_G0043,EPSG:32633,10,2023-05-05,2023-05-25,S1_SCN_gar_0043_a,S1_SCN_gar_0043_b,S2_SCN_gar_0043_a,S2_SCN_gar_0043_b,CLD_SCN_gar_0043_a,CLD_SCN_gar_0043_b,labels/SCN_gar_0043.npz,0.122,wet,informal_small_roofs,open_buildings,adjudicated,scene_v2,mean_pixel_probability_across_t1_t2,,,,True,,False,,
SCN_gar_0044,Garoua,Cameroon,fold_Garoua,train,GAR_T0044,GAR_G0044,EPSG:32633,10,2023-07-05,2023-07-25,S1_SCN_gar_0044_a,S1_SCN_gar_0044_b,S2_SCN_gar_0044_a,S2_SCN_gar_0044_b,CLD_SCN_gar_0044_a,CLD_SCN_gar_0044_b,labels/SCN_gar_0044.npz,0.638,dry,texture_complex,open_buildings,adjudicated,scene_v2,mean_pixel_probability_across_t1_t2,,,,True,,False,,
SCN_gar_0045,Garoua,Cameroon,fold_Garoua,train,GAR_T0045,GAR_G0045,EPSG:32633,10,2023-02-05,2023-02-25,S1_SCN_gar_0045_a,S1_SCN_gar_0045_b,S2_SCN_gar_0045_a,S2_SCN_gar_0045_b,CLD_SCN_gar_0045_a,CLD_SCN_gar_0045_b,labels/SCN_gar_0045.npz,0.929,dry,regular,open_buildings,adjudicated,scene_v2,mean_pixel_probability_across_t1_t2,,,,True,,False,,
SCN_gar_0046,Garoua,Cameroon,fold_Garoua,train,GAR_T0046,GAR_G0046,EPSG:32633,10,2023-08-05,2023-08-25,S1_SCN_gar_0046_a,S1_SCN_gar_0046_b,S2_SCN_gar_0046_a,S2_SCN_gar_0046_b,CLD_SCN_gar_0046_a,CLD_SCN_gar_0046_b,labels/SCN_gar_0046.npz,0.204,dry,informal_small_roofs,open_buildings,adjudicated,scene_v2,mean_pixel_probability_across_t1_t2,,,,True,,False,,
SCN_gar_0047,Garoua,Cameroon,fold_Garoua,train,GAR_T0047,GAR_G0047,EPSG:32633,10,2023-06-05,2023-06-25,S1_SCN_gar_0047_a,S1_SCN_gar_0047_b,S2_SCN_gar_0047_a,S2_SCN_gar_0047_b,CLD_SCN_gar_0047_a,CLD_SCN_gar_0047_b,labels/SCN_gar_0047.npz,0.689,dry,texture_complex,open_buildings,adjudicated,scene_v2,mean_pixel_probability_across_t1_t2,,,,True,,False,,
SCN_gar_0048,Garoua,Cameroon,fold_Garoua,train,GAR_T0048,GAR_G0048,EPSG:32633,10,2023-03-05,2023-03-25,S1_SCN_gar_0048_a,S1_SCN_gar_0048_b,S2_SCN_gar_0048_a,S2_SCN_gar_0048_b,CLD_SCN_gar_0048_a,CLD_SCN_gar_0048_b,labels/SCN_gar_0048.npz,0.244,wet,regular,open_buildings,adjudicated,scene_v2,mean_pixel_probability_across_t1_t2,,,,True,,False,,
SCN_gar_0049,Garoua,Cameroon,fold_Garoua,train,GAR_T0049,GAR_G0049,EPSG:32633,10,2023-02-05,2023-02-25,S1_SCN_gar_0049_a,S1_SCN_gar_0049_b,S2_SCN_gar_0049_a,S2_SCN_gar_0049_b,CLD_SCN_gar_0049_a,CLD_SCN_gar_0049_b,labels/SCN_gar_0049.npz,0.56,dry,informal_small_roofs,open_buildings,adjudicated,scene_v2,mean_pixel_probability_across_t1_t2,,,,True,,False,,
SCN_gar_0050,Garoua,Cameroon,fold_Garoua,validation,GAR_T0050,GAR_G0050,EPSG:32633,10,2023-10-05,2023-10-25,S1_SCN_gar_0050_a,S1_SCN_gar_0050_b,S2_SCN_gar_0050_a,S2_SCN_gar_0050_b,CLD_SCN_gar_0050_a,CLD_SCN_gar_0050_b,labels/SCN_gar_0050.npz,0.901,wet,texture_complex,open_buildings,adjudicated,scene_v2,mean_pixel_probability_across_t1_t2,,,,True,,False,,
SCN_gar_0051,Garoua,Cameroon,fold_Garoua,validation,GAR_T0051,GAR_G0051,EPSG:32633,10,2023-06-05,2023-06-25,S1_SCN_gar_0051_a,S1_SCN_gar_0051_b,S2_SCN_gar_0051_a,S2_SCN_gar_0051_b,CLD_SCN_gar_0051_a,CLD_SCN_gar_0051_b,labels/SCN_gar_0051.npz,0.832,dry,regular,open_buildings,adjudicated,scene_v2,mean_pixel_probability_across_t1_t2,,,,True,,False,,
SCN_gar_0052,Garoua,Cameroon,fold_Garoua,validation,GAR_T0052,GAR_G0052,EPSG:32633,10,2023-02-05,2023-02-25,S1_SCN_gar_0052_a,S1_SCN_gar_0052_b,S2_SCN_gar_0052_a,S2_SCN_gar_0052_b,CLD_SCN_gar_0052_a,CLD_SCN_gar_0052_b,labels/SCN_gar_0052.npz,0.611,dry,informal_small_roofs,open_buildings,adjudicated,scene_v2,mean_pixel_probability_across_t1_t2,,,,True,,False,,
SCN_gar_0053,Garoua,Cameroon,fold_Garoua,validation,GAR_T0053,GAR_G0053,EPSG:32633,10,2023-05-05,2023-05-25,S1_SCN_gar_0053_a,S1_SCN_gar_0053_b,S2_SCN_gar_0053_a,S2_SCN_gar_0053_b,CLD_SCN_gar_0053_a,CLD_SCN_gar_0053_b,labels/SCN_gar_0053.npz,0.197,wet,texture_complex,open_buildings,adjudicated,scene_v2,mean_pixel_probability_across_t1_t2,,,,True,,False,,
SCN_gar_0054,Garoua,Cameroon,fold_Garoua,validation,GAR_T0054,GAR_G0054,EPSG:32633,10,2023-07-05,2023-07-25,S1_SCN_gar_0054_a,S1_SCN_gar_0054_b,S2_SCN_gar_0054_a,S2_SCN_gar_0054_b,CLD_SCN_gar_0054_a,CLD_SCN_gar_0054_b,labels/SCN_gar_0054.npz,0.116,dry,regular,open_buildings,adjudicated,scene_v2,mean_pixel_probability_across_t1_t2,,,,True,,False,,
SCN_gar_0055,Garoua,Cameroon,fold_Garoua,validation,GAR_T0055,GAR_G0055,EPSG:32633,10,2023-10-05,2023-10-25,S1_SCN_gar_0055_a,S1_SCN_gar_0055_b,S2_SCN_gar_0055_a,S2_SCN_gar_0055_b,CLD_SCN_gar_0055_a,CLD_SCN_gar_0055_b,labels/SCN_gar_0055.npz,0.877,wet,informal_small_roofs,open_buildings,adjudicated,scene_v2,mean_pixel_probability_across_t1_t2,,,,True,,False,,
SCN_gar_0056,Garoua,Cameroon,fold_Garoua,validation,GAR_T0056,GAR_G0056,EPSG:32633,10,2023-05-05,2023-05-25,S1_SCN_gar_0056_a,S1_SCN_gar_0056_b,S2_SCN_gar_0056_a,S2_SCN_gar_0056_b,CLD_SCN_gar_0056_a,CLD_SCN_gar_0056_b,labels/SCN_gar_0056.npz,0.409,wet,texture_complex,open_buildings,adjudicated,scene_v2,mean_pixel_probability_across_t1_t2,,,,True,,False,,
SCN_gar_0057,Garoua,Cameroon,fold_Garoua,validation,GAR_T0057,GAR_G0057,EPSG:32633,10,2023-09-05,2023-09-25,S1_SCN_gar_0057_a,S1_SCN_gar_0057_b,S2_SCN_gar_0057_a,S2_SCN_gar_0057_b,CLD_SCN_gar_0057_a,CLD_SCN_gar_0057_b,labels/SCN_gar_0057.npz,0.482,wet,regular,open_buildings,adjudicated,scene_v2,mean_pixel_probability_across_t1_t2,,,,True,,False,,
SCN_gar_0058,Garoua,Cameroon,fold_Garoua,test,GAR_T0058,GAR_G0058,EPSG:32633,10,2023-03-05,2023-03-25,S1_SCN_gar_0058_a,S1_SCN_gar_0058_b,S2_SCN_gar_0058_a,S2_SCN_gar_0058_b,CLD_SCN_gar_0058_a,CLD_SCN_gar_0058_b,labels/SCN_gar_0058.npz,0.15,wet,informal_small_roofs,open_buildings,adjudicated,scene_v2,mean_pixel_probability_across_t1_t2,recomputed_from_shared_scene_arrays,0.997179,1.000000,True,arrays/SCN_gar_0058.npz,True,clouds/SCN_gar_0058_t1.npz,clouds/SCN_gar_0058_t2.npz
SCN_gar_0059,Garoua,Cameroon,fold_Garoua,test,GAR_T0059,GAR_G0059,EPSG:32633,10,2023-01-05,2023-01-25,S1_SCN_gar_0059_a,S1_SCN_gar_0059_b,S2_SCN_gar_0059_a,S2_SCN_gar_0059_b,CLD_SCN_gar_0059_a,CLD_SCN_gar_0059_b,labels/SCN_gar_0059.npz,0.055,dry,texture_complex,open_buildings,adjudicated,scene_v2,mean_pixel_probability_across_t1_t2,recomputed_from_shared_scene_arrays,1.000000,1.000000,True,arrays/SCN_gar_0059.npz,True,clouds/SCN_gar_0059_t1.npz,clouds/SCN_gar_0059_t2.npz
SCN_gar_0060,Garoua,Cameroon,fold_Garoua,test,GAR_T0060,GAR_G0060,EPSG:32633,10,2023-10-05,2023-10-25,S1_SCN_gar_0060_a,S1_SCN_gar_0060_b,S2_SCN_gar_0060_a,S2_SCN_gar_0060_b,CLD_SCN_gar_0060_a,CLD_SCN_gar_0060_b,labels/SCN_gar_0060.npz,0.848,wet,regular,open_buildings,adjudicated,scene_v2,mean_pixel_probability_across_t1_t2,recomputed_from_shared_scene_arrays,0.201823,0.367257,True,arrays/SCN_gar_0060.npz,True,clouds/SCN_gar_0060_t1.npz,clouds/SCN_gar_0060_t2.npz
SCN_gar_0061,Garoua,Cameroon,fold_Garoua,test,GAR_T0061,GAR_G0061,EPSG:32633,10,2023-01-05,2023-01-25,S1_SCN_gar_0061_a,S1_SCN_gar_0061_b,S2_SCN_gar_0061_a,S2_SCN_gar_0061_b,CLD_SCN_gar_0061_a,CLD_SCN_gar_0061_b,labels/SCN_gar_0061.npz,0.787,dry,informal_small_roofs,open_buildings,adjudicated,scene_v2,mean_pixel_probability_across_t1_t2,recomputed_from_shared_scene_arrays,0.304796,0.662500,True,arrays/SCN_gar_0061.npz,True,clouds/SCN_gar_0061_t1.npz,clouds/SCN_gar_0061_t2.npz
SCN_gar_0062,Garoua,Cameroon,fold_Garoua,test,GAR_T0062,GAR_G0062,EPSG:32633,10,2023-10-05,2023-10-25,S1_SCN_gar_0062_a,S1_SCN_gar_0062_b,S2_SCN_gar_0062_a,S2_SCN_gar_0062_b,CLD_SCN_gar_0062_a,CLD_SCN_gar_0062_b,labels/SCN_gar_0062.npz,0.336,wet,texture_complex,open_buildings,adjudicated,scene_v2,mean_pixel_probability_across_t1_t2,recomputed_from_shared_scene_arrays,0.939345,0.991071,True,arrays/SCN_gar_0062.npz,True,clouds/SCN_gar_0062_t1.npz,clouds/SCN_gar_0062_t2.npz
SCN_gar_0063,Garoua,Cameroon,fold_Garoua,test,GAR_T0063,GAR_G0063,EPSG:32633,10,2023-03-05,2023-03-25,S1_SCN_gar_0063_a,S1_SCN_gar_0063_b,S2_SCN_gar_0063_a,S2_SCN_gar_0063_b,CLD_SCN_gar_0063_a,CLD_SCN_gar_0063_b,labels/SCN_gar_0063.npz,0.818292,wet,regular,open_buildings,adjudicated,scene_v2,mean_pixel_probability_across_t1_t2,recomputed_from_shared_scene_arrays,0.133030,0.343220,True,arrays/SCN_gar_0063.npz,True,clouds/SCN_gar_0063_t1.npz,clouds/SCN_gar_0063_t2.npz
SCN_gar_0064,Garoua,Cameroon,fold_Garoua,test,GAR_T0064,GAR_G0064,EPSG:32633,10,2023-11-05,2023-11-25,S1_SCN_gar_0064_a,S1_SCN_gar_0064_b,S2_SCN_gar_0064_a,S2_SCN_gar_0064_b,CLD_SCN_gar_0064_a,CLD_SCN_gar_0064_b,labels/SCN_gar_0064.npz,0.183,wet,informal_small_roofs,open_buildings,adjudicated,scene_v2,mean_pixel_probability_across_t1_t2,recomputed_from_shared_scene_arrays,1.000000,1.000000,True,arrays/SCN_gar_0064.npz,True,clouds/SCN_gar_0064_t1.npz,clouds/SCN_gar_0064_t2.npz
SCN_gar_0065,Garoua,Cameroon,fold_Garoua,test,GAR_T0065,GAR_G0065,EPSG:32633,10,2023-11-05,2023-11-25,S1_SCN_gar_0065_a,S1_SCN_gar_0065_b,S2_SCN_gar_0065_a,S2_SCN_gar_0065_b,CLD_SCN_gar_0065_a,CLD_SCN_gar_0065_b,labels/SCN_gar_0065.npz,0.192,wet,texture_complex,open_buildings,adjudicated,scene_v2,mean_pixel_probability_across_t1_t2,recomputed_from_shared_scene_arrays,0.986979,1.000000,True,arrays/SCN_gar_0065.npz,True,clouds/SCN_gar_0065_t1.npz,clouds/SCN_gar_0065_t2.npz
SCN_gar_0066,Garoua,Cameroon,fold_Garoua,test,GAR_T0066,GAR_G0066,EPSG:32633,10,2023-11-05,2023-11-25,S1_SCN_gar_0066_a,S1_SCN_gar_0066_b,S2_SCN_gar_0066_a,S2_SCN_gar_0066_b,CLD_SCN_gar_0066_a,CLD_SCN_gar_0066_b,labels/SCN_gar_0066.npz,0.832,wet,regular,open_buildings,adjudicated,scene_v2,mean_pixel_probability_across_t1_t2,recomputed_from_shared_scene_arrays,0.159722,0.315018,True,arrays/SCN_gar_0066.npz,True,clouds/SCN_gar_0066_t1.npz,clouds/SCN_gar_0066_t2.npz
SCN_gar_0067,Garoua,Cameroon,fold_Garoua,test,GAR_T0067,GAR_G0067,EPSG:32633,10,2023-01-05,2023-01-25,S1_SCN_gar_0067_a,S1_SCN_gar_0067_b,S2_SCN_gar_0067_a,S2_SCN_gar_0067_b,CLD_SCN_gar_0067_a,CLD_SCN_gar_0067_b,labels/SCN_gar_0067.npz,0.845563,dry,informal_small_roofs,open_buildings,adjudicated,scene_v2,mean_pixel_probability_across_t1_t2,recomputed_from_shared_scene_arrays,0.087457,0.240240,True,arrays/SCN_gar_0067.npz,True,clouds/SCN_gar_0067_t1.npz,clouds/SCN_gar_0067_t2.npz
SCN_gar_0068,Garoua,Cameroon,fold_Garoua,test,GAR_T0068,GAR_G0068,EPSG:32633,10,2023-01-05,2023-01-25,S1_SCN_gar_0068_a,S1_SCN_gar_0068_b,S2_SCN_gar_0068_a,S2_SCN_gar_0068_b,CLD_SCN_gar_0068_a,CLD_SCN_gar_0068_b,labels/SCN_gar_0068.npz,0.19,dry,texture_complex,open_buildings,adjudicated,scene_v2,mean_pixel_probability_across_t1_t2,recomputed_from_shared_scene_arrays,1.000000,1.000000,True,arrays/SCN_gar_0068.npz,True,clouds/SCN_gar_0068_t1.npz,clouds/SCN_gar_0068_t2.npz
SCN_gar_0069,Garoua,Cameroon,fold_Garoua,test,GAR_T0069,GAR_G0069,EPSG:32633,10,2023-08-05,2023-08-25,S1_SCN_gar_0069_a,S1_SCN_gar_0069_b,S2_SCN_gar_0069_a,S2_SCN_gar_0069_b,CLD_SCN_gar_0069_a,CLD_SCN_gar_0069_b,labels/SCN_gar_0069.npz,0.754,dry,regular,open_buildings,adjudicated,scene_v2,mean_pixel_probability_across_t1_t2,recomputed_from_shared_scene_arrays,0.399957,0.339552,True,arrays/SCN_gar_0069.npz,True,clouds/SCN_gar_0069_t1.npz,clouds/SCN_gar_0069_t2.npz
SCN_gar_0070,Garoua,Cameroon,fold_Garoua,pretrain_pool,GAR_T0070,GAR_G0070,EPSG:32633,10,2023-11-05,2023-11-25,S1_SCN_gar_0070_a,S1_SCN_gar_0070_b,S2_SCN_gar_0070_a,S2_SCN_gar_0070_b,CLD_SCN_gar_0070_a,CLD_SCN_gar_0070_b,,0.159,wet,informal_small_roofs,open_buildings,unlabeled,scene_v2,mean_pixel_probability_across_t1_t2,,,,False,,False,,
SCN_gar_0071,Garoua,Cameroon,fold_Garoua,pretrain_pool,GAR_T0071,GAR_G0071,EPSG:32633,10,2023-08-05,2023-08-25,S1_SCN_gar_0071_a,S1_SCN_gar_0071_b,S2_SCN_gar_0071_a,S2_SCN_gar_0071_b,CLD_SCN_gar_0071_a,CLD_SCN_gar_0071_b,,0.415,dry,texture_complex,open_buildings,unlabeled,scene_v2,mean_pixel_probability_across_t1_t2,,,,False,,False,,
SCN_gar_0072,Garoua,Cameroon,fold_Garoua,pretrain_pool,GAR_T0072,GAR_G0072,EPSG:32633,10,2023-05-05,2023-05-25,S1_SCN_gar_0072_a,S1_SCN_gar_0072_b,S2_SCN_gar_0072_a,S2_SCN_gar_0072_b,CLD_SCN_gar_0072_a,CLD_SCN_gar_0072_b,,0.142,wet,regular,open_buildings,unlabeled,scene_v2,mean_pixel_probability_across_t1_t2,,,,False,,False,,
SCN_gar_0073,Garoua,Cameroon,fold_Garoua,pretrain_pool,GAR_T0073,GAR_G0073,EPSG:32633,10,2023-11-05,2023-11-25,S1_SCN_gar_0073_a,S1_SCN_gar_0073_b,S2_SCN_gar_0073_a,S2_SCN_gar_0073_b,CLD_SCN_gar_0073_a,CLD_SCN_gar_0073_b,,0.213,wet,informal_small_roofs,open_buildings,unlabeled,scene_v2,mean_pixel_probability_across_t1_t2,,,,False,,False,,
SCN_gar_0074,Garoua,Cameroon,fold_Garoua,pretrain_pool,GAR_T0074,GAR_G0074,EPSG:32633,10,2023-02-05,2023-02-25,S1_SCN_gar_0074_a,S1_SCN_gar_0074_b,S2_SCN_gar_0074_a,S2_SCN_gar_0074_b,CLD_SCN_gar_0074_a,CLD_SCN_gar_0074_b,,0.945,dry,texture_complex,open_buildings,unlabeled,scene_v2,mean_pixel_probability_across_t1_t2,,,,False,,False,,
SCN_gar_0075,Garoua,Cameroon,fold_Garoua,pretrain_pool,GAR_T0075,GAR_G0075,EPSG:32633,10,2023-02-05,2023-02-25,S1_SCN_gar_0075_a,S1_SCN_gar_0075_b,S2_SCN_gar_0075_a,S2_SCN_gar_0075_b,CLD_SCN_gar_0075_a,CLD_SCN_gar_0075_b,,0.204,dry,regular,open_buildings,unlabeled,scene_v2,mean_pixel_probability_across_t1_t2,,,,False,,False,,
SCN_gar_0076,Garoua,Cameroon,fold_Garoua,pretrain_pool,GAR_T0076,GAR_G0076,EPSG:32633,10,2023-04-05,2023-04-25,S1_SCN_gar_0076_a,S1_SCN_gar_0076_b,S2_SCN_gar_0076_a,S2_SCN_gar_0076_b,CLD_SCN_gar_0076_a,CLD_SCN_gar_0076_b,,0.782,wet,informal_small_roofs,open_buildings,unlabeled,scene_v2,mean_pixel_probability_across_t1_t2,,,,False,,False,,
SCN_gar_0077,Garoua,Cameroon,fold_Garoua,pretrain_pool,GAR_T0077,GAR_G0077,EPSG:32633,10,2023-06-05,2023-06-25,S1_SCN_gar_0077_a,S1_SCN_gar_0077_b,S2_SCN_gar_0077_a,S2_SCN_gar_0077_b,CLD_SCN_gar_0077_a,CLD_SCN_gar_0077_b,,0.744,dry,texture_complex,open_buildings,unlabeled,scene_v2,mean_pixel_probability_across_t1_t2,,,,False,,False,,
SCN_gar_0078,Garoua,Cameroon,fold_Garoua,pretrain_pool,GAR_T0078,GAR_G0078,EPSG:32633,10,2023-05-05,2023-05-25,S1_SCN_gar_0078_a,S1_SCN_gar_0078_b,S2_SCN_gar_0078_a,S2_SCN_gar_0078_b,CLD_SCN_gar_0078_a,CLD_SCN_gar_0078_b,,0.514,wet,regular,open_buildings,unlabeled,scene_v2,mean_pixel_probability_across_t1_t2,,,,False,,False,,
SCN_gar_0079,Garoua,Cameroon,fold_Garoua,pretrain_pool,GAR_T0079,GAR_G0079,EPSG:32633,10,2023-09-05,2023-09-25,S1_SCN_gar_0079_a,S1_SCN_gar_0079_b,S2_SCN_gar_0079_a,S2_SCN_gar_0079_b,CLD_SCN_gar_0079_a,CLD_SCN_gar_0079_b,,0.59,wet,informal_small_roofs,open_buildings,unlabeled,scene_v2,mean_pixel_probability_across_t1_t2,,,,False,,False,,
SCN_gar_0080,Garoua,Cameroon,fold_Garoua,pretrain_pool,GAR_T0080,GAR_G0080,EPSG:32633,10,2023-01-05,2023-01-25,S1_SCN_gar_0080_a,S1_SCN_gar_0080_b,S2_SCN_gar_0080_a,S2_SCN_gar_0080_b,CLD_SCN_gar_0080_a,CLD_SCN_gar_0080_b,,0.321,dry,texture_complex,open_buildings,unlabeled,scene_v2,mean_pixel_probability_across_t1_t2,,,,False,,False,,
SCN_gar_0081,Garoua,Cameroon,fold_Garoua,pretrain_pool,GAR_T0081,GAR_G0081,EPSG:32633,10,2023-09-05,2023-09-25,S1_SCN_gar_0081_a,S1_SCN_gar_0081_b,S2_SCN_gar_0081_a,S2_SCN_gar_0081_b,CLD_SCN_gar_0081_a,CLD_SCN_gar_0081_b,,0.784,wet,regular,open_buildings,unlabeled,scene_v2,mean_pixel_probability_across_t1_t2,,,,False,,False,,
SCN_gar_0082,Garoua,Cameroon,fold_Garoua,pretrain_pool,GAR_T0082,GAR_G0082,EPSG:32633,10,2023-02-05,2023-02-25,S1_SCN_gar_0082_a,S1_SCN_gar_0082_b,S2_SCN_gar_0082_a,S2_SCN_gar_0082_b,CLD_SCN_gar_0082_a,CLD_SCN_gar_0082_b,,0.608,dry,informal_small_roofs,open_buildings,unlabeled,scene_v2,mean_pixel_probability_across_t1_t2,,,,False,,False,,
SCN_gar_0083,Garoua,Cameroon,fold_Garoua,pretrain_pool,GAR_T0083,GAR_G0083,EPSG:32633,10,2023-02-05,2023-02-25,S1_SCN_gar_0083_a,S1_SCN_gar_0083_b,S2_SCN_gar_0083_a,S2_SCN_gar_0083_b,CLD_SCN_gar_0083_a,CLD_SCN_gar_0083_b,,0.882,dry,texture_complex,open_buildings,unlabeled,scene_v2,mean_pixel_probability_across_t1_t2,,,,False,,False,,
SCN_gar_0084,Garoua,Cameroon,fold_Garoua,pretrain_pool,GAR_T0084,GAR_G0084,EPSG:32633,10,2023-06-05,2023-06-25,S1_SCN_gar_0084_a,S1_SCN_gar_0084_b,S2_SCN_gar_0084_a,S2_SCN_gar_0084_b,CLD_SCN_gar_0084_a,CLD_SCN_gar_0084_b,,0.312,dry,regular,open_buildings,unlabeled,scene_v2,mean_pixel_probability_across_t1_t2,,,,False,,False,,
SCN_gar_0085,Garoua,Cameroon,fold_Garoua,pretrain_pool,GAR_T0085,GAR_G0085,EPSG:32633,10,2023-11-05,2023-11-25,S1_SCN_gar_0085_a,S1_SCN_gar_0085_b,S2_SCN_gar_0085_a,S2_SCN_gar_0085_b,CLD_SCN_gar_0085_a,CLD_SCN_gar_0085_b,,0.595,wet,informal_small_roofs,open_buildings,unlabeled,scene_v2,mean_pixel_probability_across_t1_t2,,,,False,,False,,
SCN_gar_0086,Garoua,Cameroon,fold_Garoua,pretrain_pool,GAR_T0086,GAR_G0086,EPSG:32633,10,2023-01-05,2023-01-25,S1_SCN_gar_0086_a,S1_SCN_gar_0086_b,S2_SCN_gar_0086_a,S2_SCN_gar_0086_b,CLD_SCN_gar_0086_a,CLD_SCN_gar_0086_b,,0.549,dry,texture_complex,open_buildings,unlabeled,scene_v2,mean_pixel_probability_across_t1_t2,,,,False,,False,,
SCN_gar_0087,Garoua,Cameroon,fold_Garoua,pretrain_pool,GAR_T0087,GAR_G0087,EPSG:32633,10,2023-08-05,2023-08-25,S1_SCN_gar_0087_a,S1_SCN_gar_0087_b,S2_SCN_gar_0087_a,S2_SCN_gar_0087_b,CLD_SCN_gar_0087_a,CLD_SCN_gar_0087_b,,0.745,dry,regular,open_buildings,unlabeled,scene_v2,mean_pixel_probability_across_t1_t2,,,,False,,False,,
SCN_gar_0088,Garoua,Cameroon,fold_Garoua,pretrain_pool,GAR_T0088,GAR_G0088,EPSG:32633,10,2023-11-05,2023-11-25,S1_SCN_gar_0088_a,S1_SCN_gar_0088_b,S2_SCN_gar_0088_a,S2_SCN_gar_0088_b,CLD_SCN_gar_0088_a,CLD_SCN_gar_0088_b,,0.127,wet,informal_small_roofs,open_buildings,unlabeled,scene_v2,mean_pixel_probability_across_t1_t2,,,,False,,False,,
SCN_gar_0089,Garoua,Cameroon,fold_Garoua,pretrain_pool,GAR_T0089,GAR_G0089,EPSG:32633,10,2023-10-05,2023-10-25,S1_SCN_gar_0089_a,S1_SCN_gar_0089_b,S2_SCN_gar_0089_a,S2_SCN_gar_0089_b,CLD_SCN_gar_0089_a,CLD_SCN_gar_0089_b,,0.49,wet,texture_complex,open_buildings,unlabeled,scene_v2,mean_pixel_probability_across_t1_t2,,,,False,,False,,
SCN_gar_0090,Garoua,Cameroon,fold_Garoua,pretrain_pool,GAR_T0090,GAR_G0090,EPSG:32633,10,2023-03-05,2023-03-25,S1_SCN_gar_0090_a,S1_SCN_gar_0090_b,S2_SCN_gar_0090_a,S2_SCN_gar_0090_b,CLD_SCN_gar_0090_a,CLD_SCN_gar_0090_b,,0.711,wet,regular,open_buildings,unlabeled,scene_v2,mean_pixel_probability_across_t1_t2,,,,False,,False,,
SCN_gar_0091,Garoua,Cameroon,fold_Garoua,pretrain_pool,GAR_T0091,GAR_G0091,EPSG:32633,10,2023-05-05,2023-05-25,S1_SCN_gar_0091_a,S1_SCN_gar_0091_b,S2_SCN_gar_0091_a,S2_SCN_gar_0091_b,CLD_SCN_gar_0091_a,CLD_SCN_gar_0091_b,,0.285,wet,informal_small_roofs,open_buildings,unlabeled,scene_v2,mean_pixel_probability_across_t1_t2,,,,False,,False,,
SCN_gar_0092,Garoua,Cameroon,fold_Garoua,pretrain_pool,GAR_T0092,GAR_G0092,EPSG:32633,10,2023-05-05,2023-05-25,S1_SCN_gar_0092_a,S1_SCN_gar_0092_b,S2_SCN_gar_0092_a,S2_SCN_gar_0092_b,CLD_SCN_gar_0092_a,CLD_SCN_gar_0092_b,,0.09,wet,texture_complex,open_buildings,unlabeled,scene_v2,mean_pixel_probability_across_t1_t2,,,,False,,False,,
SCN_gar_0093,Garoua,Cameroon,fold_Garoua,pretrain_pool,GAR_T0093,GAR_G0093,EPSG:32633,10,2023-07-05,2023-07-25,S1_SCN_gar_0093_a,S1_SCN_gar_0093_b,S2_SCN_gar_0093_a,S2_SCN_gar_0093_b,CLD_SCN_gar_0093_a,CLD_SCN_gar_0093_b,,0.627,dry,regular,open_buildings,unlabeled,scene_v2,mean_pixel_probability_across_t1_t2,,,,False,,False,,
SCN_gar_0094,Garoua,Cameroon,fold_Garoua,pretrain_pool,GAR_T0094,GAR_G0094,EPSG:32633,10,2023-04-05,2023-04-25,S1_SCN_gar_0094_a,S1_SCN_gar_0094_b,S2_SCN_gar_0094_a,S2_SCN_gar_0094_b,CLD_SCN_gar_0094_a,CLD_SCN_gar_0094_b,,0.29,wet,informal_small_roofs,open_buildings,unlabeled,scene_v2,mean_pixel_probability_across_t1_t2,,,,False,,False,,
SCN_gar_0095,Garoua,Cameroon,fold_Garoua,pretrain_pool,GAR_T0095,GAR_G0095,EPSG:32633,10,2023-11-05,2023-11-25,S1_SCN_gar_0095_a,S1_SCN_gar_0095_b,S2_SCN_gar_0095_a,S2_SCN_gar_0095_b,CLD_SCN_gar_0095_a,CLD_SCN_gar_0095_b,,0.57,wet,texture_complex,open_buildings,unlabeled,scene_v2,mean_pixel_probability_across_t1_t2,,,,False,,False,,
SCN_gar_0096,Garoua,Cameroon,fold_Garoua,pretrain_pool,GAR_T0096,GAR_G0096,EPSG:32633,10,2023-01-05,2023-01-25,S1_SCN_gar_0096_a,S1_SCN_gar_0096_b,S2_SCN_gar_0096_a,S2_SCN_gar_0096_b,CLD_SCN_gar_0096_a,CLD_SCN_gar_0096_b,,0.917,dry,regular,open_buildings,unlabeled,scene_v2,mean_pixel_probability_across_t1_t2,,,,False,,False,,
SCN_gar_0097,Garoua,Cameroon,fold_Garoua,pretrain_pool,GAR_T0097,GAR_G0097,EPSG:32633,10,2023-05-05,2023-05-25,S1_SCN_gar_0097_a,S1_SCN_gar_0097_b,S2_SCN_gar_0097_a,S2_SCN_gar_0097_b,CLD_SCN_gar_0097_a,CLD_SCN_gar_0097_b,,0.169,wet,informal_small_roofs,open_buildings,unlabeled,scene_v2,mean_pixel_probability_across_t1_t2,,,,False,,False,,
SCN_gar_0098,Garoua,Cameroon,fold_Garoua,pretrain_pool,GAR_T0098,GAR_G0098,EPSG:32633,10,2023-05-05,2023-05-25,S1_SCN_gar_0098_a,S1_SCN_gar_0098_b,S2_SCN_gar_0098_a,S2_SCN_gar_0098_b,CLD_SCN_gar_0098_a,CLD_SCN_gar_0098_b,,0.416,wet,texture_complex,open_buildings,unlabeled,scene_v2,mean_pixel_probability_across_t1_t2,,,,False,,False,,
SCN_gar_0099,Garoua,Cameroon,fold_Garoua,pretrain_pool,GAR_T0099,GAR_G0099,EPSG:32633,10,2023-05-05,2023-05-25,S1_SCN_gar_0099_a,S1_SCN_gar_0099_b,S2_SCN_gar_0099_a,S2_SCN_gar_0099_b,CLD_SCN_gar_0099_a,CLD_SCN_gar_0099_b,,0.113,wet,regular,open_buildings,unlabeled,scene_v2,mean_pixel_probability_across_t1_t2,,,,False,,False,,
SCN_kig_0000,Kigali,Rwanda,fold_Kigali,train,KGL_T0000,KGL_G0000,EPSG:32736,10,2023-08-05,2023-08-25,S1_SCN_kig_0000_a,S1_SCN_kig_0000_b,S2_SCN_kig_0000_a,S2_SCN_kig_0000_b,CLD_SCN_kig_0000_a,CLD_SCN_kig_0000_b,labels/SCN_kig_0000.npz,0.459,dry,regular,open_buildings,adjudicated,scene_v2,mean_pixel_probability_across_t1_t2,,,,True,,False,,
SCN_kig_0001,Kigali,Rwanda,fold_Kigali,train,KGL_T0001,KGL_G0001,EPSG:32736,10,2023-03-05,2023-03-25,S1_SCN_kig_0001_a,S1_SCN_kig_0001_b,S2_SCN_kig_0001_a,S2_SCN_kig_0001_b,CLD_SCN_kig_0001_a,CLD_SCN_kig_0001_b,labels/SCN_kig_0001.npz,0.276,wet,informal_small_roofs,open_buildings,adjudicated,scene_v2,mean_pixel_probability_across_t1_t2,,,,True,,False,,
SCN_kig_0002,Kigali,Rwanda,fold_Kigali,train,KGL_T0002,KGL_G0002,EPSG:32736,10,2023-07-05,2023-07-25,S1_SCN_kig_0002_a,S1_SCN_kig_0002_b,S2_SCN_kig_0002_a,S2_SCN_kig_0002_b,CLD_SCN_kig_0002_a,CLD_SCN_kig_0002_b,labels/SCN_kig_0002.npz,0.256,dry,texture_complex,open_buildings,adjudicated,scene_v2,mean_pixel_probability_across_t1_t2,,,,True,,False,,
SCN_kig_0003,Kigali,Rwanda,fold_Kigali,train,KGL_T0003,KGL_G0003,EPSG:32736,10,2023-09-05,2023-09-25,S1_SCN_kig_0003_a,S1_SCN_kig_0003_b,S2_SCN_kig_0003_a,S2_SCN_kig_0003_b,CLD_SCN_kig_0003_a,CLD_SCN_kig_0003_b,labels/SCN_kig_0003.npz,0.913,wet,regular,open_buildings,adjudicated,scene_v2,mean_pixel_probability_across_t1_t2,,,,True,,False,,
SCN_kig_0004,Kigali,Rwanda,fold_Kigali,train,KGL_T0004,KGL_G0004,EPSG:32736,10,2023-10-05,2023-10-25,S1_SCN_kig_0004_a,S1_SCN_kig_0004_b,S2_SCN_kig_0004_a,S2_SCN_kig_0004_b,CLD_SCN_kig_0004_a,CLD_SCN_kig_0004_b,labels/SCN_kig_0004.npz,0.227,wet,informal_small_roofs,open_buildings,adjudicated,scene_v2,mean_pixel_probability_across_t1_t2,,,,True,,False,,
SCN_kig_0005,Kigali,Rwanda,fold_Kigali,train,KGL_T0005,KGL_G0005,EPSG:32736,10,2023-03-05,2023-03-25,S1_SCN_kig_0005_a,S1_SCN_kig_0005_b,S2_SCN_kig_0005_a,S2_SCN_kig_0005_b,CLD_SCN_kig_0005_a,CLD_SCN_kig_0005_b,labels/SCN_kig_0005.npz,0.566,wet,texture_complex,open_buildings,adjudicated,scene_v2,mean_pixel_probability_across_t1_t2,,,,True,,False,,
SCN_kig_0006,Kigali,Rwanda,fold_Kigali,train,KGL_T0006,KGL_G0006,EPSG:32736,10,2023-10-05,2023-10-25,S1_SCN_kig_0006_a,S1_SCN_kig_0006_b,S2_SCN_kig_0006_a,S2_SCN_kig_0006_b,CLD_SCN_kig_0006_a,CLD_SCN_kig_0006_b,labels/SCN_kig_0006.npz,0.699,wet,regular,open_buildings,adjudicated,scene_v2,mean_pixel_probability_across_t1_t2,,,,True,,False,,
SCN_kig_0007,Kigali,Rwanda,fold_Kigali,train,KGL_T0007,KGL_G0007,EPSG:32736,10,2023-11-05,2023-11-25,S1_SCN_kig_0007_a,S1_SCN_kig_0007_b,S2_SCN_kig_0007_a,S2_SCN_kig_0007_b,CLD_SCN_kig_0007_a,CLD_SCN_kig_0007_b,labels/SCN_kig_0007.npz,0.27,wet,informal_small_roofs,open_buildings,adjudicated,scene_v2,mean_pixel_probability_across_t1_t2,,,,True,,False,,
SCN_kig_0008,Kigali,Rwanda,fold_Kigali,train,KGL_T0008,KGL_G0008,EPSG:32736,10,2023-10-05,2023-10-25,S1_SCN_kig_0008_a,S1_SCN_kig_0008_b,S2_SCN_kig_0008_a,S2_SCN_kig_0008_b,CLD_SCN_kig_0008_a,CLD_SCN_kig_0008_b,labels/SCN_kig_0008.npz,0.874,wet,texture_complex,open_buildings,adjudicated,scene_v2,mean_pixel_probability_across_t1_t2,,,,True,,False,,
SCN_kig_0009,Kigali,Rwanda,fold_Kigali,train,KGL_T0009,KGL_G0009,EPSG:32736,10,2023-07-05,2023-07-25,S1_SCN_kig_0009_a,S1_SCN_kig_0009_b,S2_SCN_kig_0009_a,S2_SCN_kig_0009_b,CLD_SCN_kig_0009_a,CLD_SCN_kig_0009_b,labels/SCN_kig_0009.npz,0.811,dry,regular,open_buildings,adjudicated,scene_v2,mean_pixel_probability_across_t1_t2,,,,True,,False,,
SCN_kig_0010,Kigali,Rwanda,fold_Kigali,train,KGL_T0010,KGL_G0010,EPSG:32736,10,2023-10-05,2023-10-25,S1_SCN_kig_0010_a,S1_SCN_kig_0010_b,S2_SCN_kig_0010_a,S2_SCN_kig_0010_b,CLD_SCN_kig_0010_a,CLD_SCN_kig_0010_b,labels/SCN_kig_0010.npz,0.509,wet,informal_small_roofs,open_buildings,adjudicated,scene_v2,mean_pixel_probability_across_t1_t2,,,,True,,False,,
SCN_kig_0011,Kigali,Rwanda,fold_Kigali,train,KGL_T0011,KGL_G0011,EPSG:32736,10,2023-06-05,2023-06-25,S1_SCN_kig_0011_a,S1_SCN_kig_0011_b,S2_SCN_kig_0011_a,S2_SCN_kig_0011_b,CLD_SCN_kig_0011_a,CLD_SCN_kig_0011_b,labels/SCN_kig_0011.npz,0.687,dry,texture_complex,open_buildings,adjudicated,scene_v2,mean_pixel_probability_across_t1_t2,,,,True,,False,,
SCN_kig_0012,Kigali,Rwanda,fold_Kigali,train,KGL_T0012,KGL_G0012,EPSG:32736,10,2023-07-05,2023-07-25,S1_SCN_kig_0012_a,S1_SCN_kig_0012_b,S2_SCN_kig_0012_a,S2_SCN_kig_0012_b,CLD_SCN_kig_0012_a,CLD_SCN_kig_0012_b,labels/SCN_kig_0012.npz,0.684,dry,regular,open_buildings,adjudicated,scene_v2,mean_pixel_probability_across_t1_t2,,,,True,,False,,
SCN_kig_0013,Kigali,Rwanda,fold_Kigali,train,KGL_T0013,KGL_G0013,EPSG:32736,10,2023-08-05,2023-08-25,S1_SCN_kig_0013_a,S1_SCN_kig_0013_b,S2_SCN_kig_0013_a,S2_SCN_kig_0013_b,CLD_SCN_kig_0013_a,CLD_SCN_kig_0013_b,labels/SCN_kig_0013.npz,0.424,dry,informal_small_roofs,open_buildings,adjudicated,scene_v2,mean_pixel_probability_across_t1_t2,,,,True,,False,,
SCN_kig_0014,Kigali,Rwanda,fold_Kigali,train,KGL_T0014,KGL_G0014,EPSG:32736,10,2023-01-05,2023-01-25,S1_SCN_kig_0014_a,S1_SCN_kig_0014_b,S2_SCN_kig_0014_a,S2_SCN_kig_0014_b,CLD_SCN_kig_0014_a,CLD_SCN_kig_0014_b,labels/SCN_kig_0014.npz,0.719,dry,texture_complex,open_buildings,adjudicated,scene_v2,mean_pixel_probability_across_t1_t2,,,,True,,False,,
SCN_kig_0015,Kigali,Rwanda,fold_Kigali,train,KGL_T0015,KGL_G0015,EPSG:32736,10,2023-07-05,2023-07-25,S1_SCN_kig_0015_a,S1_SCN_kig_0015_b,S2_SCN_kig_0015_a,S2_SCN_kig_0015_b,CLD_SCN_kig_0015_a,CLD_SCN_kig_0015_b,labels/SCN_kig_0015.npz,0.551,dry,regular,open_buildings,adjudicated,scene_v2,mean_pixel_probability_across_t1_t2,,,,True,,False,,
SCN_kig_0016,Kigali,Rwanda,fold_Kigali,train,KGL_T0016,KGL_G0016,EPSG:32736,10,2023-06-05,2023-06-25,S1_SCN_kig_0016_a,S1_SCN_kig_0016_b,S2_SCN_kig_0016_a,S2_SCN_kig_0016_b,CLD_SCN_kig_0016_a,CLD_SCN_kig_0016_b,labels/SCN_kig_0016.npz,0.771,dry,informal_small_roofs,open_buildings,adjudicated,scene_v2,mean_pixel_probability_across_t1_t2,,,,True,,False,,
SCN_kig_0017,Kigali,Rwanda,fold_Kigali,train,KGL_T0017,KGL_G0017,EPSG:32736,10,2023-05-05,2023-05-25,S1_SCN_kig_0017_a,S1_SCN_kig_0017_b,S2_SCN_kig_0017_a,S2_SCN_kig_0017_b,CLD_SCN_kig_0017_a,CLD_SCN_kig_0017_b,labels/SCN_kig_0017.npz,0.361,wet,texture_complex,open_buildings,adjudicated,scene_v2,mean_pixel_probability_across_t1_t2,,,,True,,False,,
SCN_kig_0018,Kigali,Rwanda,fold_Kigali,train,KGL_T0018,KGL_G0018,EPSG:32736,10,2023-04-05,2023-04-25,S1_SCN_kig_0018_a,S1_SCN_kig_0018_b,S2_SCN_kig_0018_a,S2_SCN_kig_0018_b,CLD_SCN_kig_0018_a,CLD_SCN_kig_0018_b,labels/SCN_kig_0018.npz,0.582,wet,regular,open_buildings,adjudicated,scene_v2,mean_pixel_probability_across_t1_t2,,,,True,,False,,
SCN_kig_0019,Kigali,Rwanda,fold_Kigali,train,KGL_T0019,KGL_G0019,EPSG:32736,10,2023-01-05,2023-01-25,S1_SCN_kig_0019_a,S1_SCN_kig_0019_b,S2_SCN_kig_0019_a,S2_SCN_kig_0019_b,CLD_SCN_kig_0019_a,CLD_SCN_kig_0019_b,labels/SCN_kig_0019.npz,0.647,dry,informal_small_roofs,open_buildings,adjudicated,scene_v2,mean_pixel_probability_across_t1_t2,,,,True,,False,,
SCN_kig_0020,Kigali,Rwanda,fold_Kigali,train,KGL_T0020,KGL_G0020,EPSG:32736,10,2023-09-05,2023-09-25,S1_SCN_kig_0020_a,S1_SCN_kig_0020_b,S2_SCN_kig_0020_a,S2_SCN_kig_0020_b,CLD_SCN_kig_0020_a,CLD_SCN_kig_0020_b,labels/SCN_kig_0020.npz,0.842,wet,texture_complex,open_buildings,adjudicated,scene_v2,mean_pixel_probability_across_t1_t2,,,,True,,False,,
SCN_kig_0021,Kigali,Rwanda,fold_Kigali,train,KGL_T0021,KGL_G0021,EPSG:32736,10,2023-01-05,2023-01-25,S1_SCN_kig_0021_a,S1_SCN_kig_0021_b,S2_SCN_kig_0021_a,S2_SCN_kig_0021_b,CLD_SCN_kig_0021_a,CLD_SCN_kig_0021_b,labels/SCN_kig_0021.npz,0.876,dry,regular,open_buildings,adjudicated,scene_v2,mean_pixel_probability_across_t1_t2,,,,True,,False,,
SCN_kig_0022,Kigali,Rwanda,fold_Kigali,train,KGL_T0022,KGL_G0022,EPSG:32736,10,2023-10-05,2023-10-25,S1_SCN_kig_0022_a,S1_SCN_kig_0022_b,S2_SCN_kig_0022_a,S2_SCN_kig_0022_b,CLD_SCN_kig_0022_a,CLD_SCN_kig_0022_b,labels/SCN_kig_0022.npz,0.475,wet,informal_small_roofs,open_buildings,adjudicated,scene_v2,mean_pixel_probability_across_t1_t2,,,,True,,False,,
SCN_kig_0023,Kigali,Rwanda,fold_Kigali,train,KGL_T0023,KGL_G0023,EPSG:32736,10,2023-01-05,2023-01-25,S1_SCN_kig_0023_a,S1_SCN_kig_0023_b,S2_SCN_kig_0023_a,S2_SCN_kig_0023_b,CLD_SCN_kig_0023_a,CLD_SCN_kig_0023_b,labels/SCN_kig_0023.npz,0.422,dry,texture_complex,open_buildings,adjudicated,scene_v2,mean_pixel_probability_across_t1_t2,,,,True,,False,,
SCN_kig_0024,Kigali,Rwanda,fold_Kigali,train,KGL_T0024,KGL_G0024,EPSG:32736,10,2023-05-05,2023-05-25,S1_SCN_kig_0024_a,S1_SCN_kig_0024_b,S2_SCN_kig_0024_a,S2_SCN_kig_0024_b,CLD_SCN_kig_0024_a,CLD_SCN_kig_0024_b,labels/SCN_kig_0024.npz,0.877,wet,regular,open_buildings,adjudicated,scene_v2,mean_pixel_probability_across_t1_t2,,,,True,,False,,
SCN_kig_0025,Kigali,Rwanda,fold_Kigali,train,KGL_T0025,KGL_G0025,EPSG:32736,10,2023-08-05,2023-08-25,S1_SCN_kig_0025_a,S1_SCN_kig_0025_b,S2_SCN_kig_0025_a,S2_SCN_kig_0025_b,CLD_SCN_kig_0025_a,CLD_SCN_kig_0025_b,labels/SCN_kig_0025.npz,0.494,dry,informal_small_roofs,open_buildings,adjudicated,scene_v2,mean_pixel_probability_across_t1_t2,,,,True,,False,,
SCN_kig_0026,Kigali,Rwanda,fold_Kigali,train,KGL_T0026,KGL_G0026,EPSG:32736,10,2023-01-05,2023-01-25,S1_SCN_kig_0026_a,S1_SCN_kig_0026_b,S2_SCN_kig_0026_a,S2_SCN_kig_0026_b,CLD_SCN_kig_0026_a,CLD_SCN_kig_0026_b,labels/SCN_kig_0026.npz,0.226,dry,texture_complex,open_buildings,adjudicated,scene_v2,mean_pixel_probability_across_t1_t2,,,,True,,False,,
SCN_kig_0027,Kigali,Rwanda,fold_Kigali,train,KGL_T0027,KGL_G0027,EPSG:32736,10,2023-11-05,2023-11-25,S1_SCN_kig_0027_a,S1_SCN_kig_0027_b,S2_SCN_kig_0027_a,S2_SCN_kig_0027_b,CLD_SCN_kig_0027_a,CLD_SCN_kig_0027_b,labels/SCN_kig_0027.npz,0.841,wet,regular,open_buildings,adjudicated,scene_v2,mean_pixel_probability_across_t1_t2,,,,True,,False,,
SCN_kig_0028,Kigali,Rwanda,fold_Kigali,train,KGL_T0028,KGL_G0028,EPSG:32736,10,2023-04-05,2023-04-25,S1_SCN_kig_0028_a,S1_SCN_kig_0028_b,S2_SCN_kig_0028_a,S2_SCN_kig_0028_b,CLD_SCN_kig_0028_a,CLD_SCN_kig_0028_b,labels/SCN_kig_0028.npz,0.413,wet,informal_small_roofs,open_buildings,adjudicated,scene_v2,mean_pixel_probability_across_t1_t2,,,,True,,False,,
SCN_kig_0029,Kigali,Rwanda,fold_Kigali,train,KGL_T0029,KGL_G0029,EPSG:32736,10,2023-05-05,2023-05-25,S1_SCN_kig_0029_a,S1_SCN_kig_0029_b,S2_SCN_kig_0029_a,S2_SCN_kig_0029_b,CLD_SCN_kig_0029_a,CLD_SCN_kig_0029_b,labels/SCN_kig_0029.npz,0.454,wet,texture_complex,open_buildings,adjudicated,scene_v2,mean_pixel_probability_across_t1_t2,,,,True,,False,,
SCN_kig_0030,Kigali,Rwanda,fold_Kigali,train,KGL_T0030,KGL_G0030,EPSG:32736,10,2023-07-05,2023-07-25,S1_SCN_kig_0030_a,S1_SCN_kig_0030_b,S2_SCN_kig_0030_a,S2_SCN_kig_0030_b,CLD_SCN_kig_0030_a,CLD_SCN_kig_0030_b,labels/SCN_kig_0030.npz,0.403,dry,regular,open_buildings,adjudicated,scene_v2,mean_pixel_probability_across_t1_t2,,,,True,,False,,
SCN_kig_0031,Kigali,Rwanda,fold_Kigali,train,KGL_T0031,KGL_G0031,EPSG:32736,10,2023-04-05,2023-04-25,S1_SCN_kig_0031_a,S1_SCN_kig_0031_b,S2_SCN_kig_0031_a,S2_SCN_kig_0031_b,CLD_SCN_kig_0031_a,CLD_SCN_kig_0031_b,labels/SCN_kig_0031.npz,0.147,wet,informal_small_roofs,open_buildings,adjudicated,scene_v2,mean_pixel_probability_across_t1_t2,,,,True,,False,,
SCN_kig_0032,Kigali,Rwanda,fold_Kigali,train,KGL_T0032,KGL_G0032,EPSG:32736,10,2023-11-05,2023-11-25,S1_SCN_kig_0032_a,S1_SCN_kig_0032_b,S2_SCN_kig_0032_a,S2_SCN_kig_0032_b,CLD_SCN_kig_0032_a,CLD_SCN_kig_0032_b,labels/SCN_kig_0032.npz,0.875,wet,texture_complex,open_buildings,adjudicated,scene_v2,mean_pixel_probability_across_t1_t2,,,,True,,False,,
SCN_kig_0033,Kigali,Rwanda,fold_Kigali,train,KGL_T0033,KGL_G0033,EPSG:32736,10,2023-05-05,2023-05-25,S1_SCN_kig_0033_a,S1_SCN_kig_0033_b,S2_SCN_kig_0033_a,S2_SCN_kig_0033_b,CLD_SCN_kig_0033_a,CLD_SCN_kig_0033_b,labels/SCN_kig_0033.npz,0.714,wet,regular,open_buildings,adjudicated,scene_v2,mean_pixel_probability_across_t1_t2,,,,True,,False,,
SCN_kig_0034,Kigali,Rwanda,fold_Kigali,train,KGL_T0034,KGL_G0034,EPSG:32736,10,2023-02-05,2023-02-25,S1_SCN_kig_0034_a,S1_SCN_kig_0034_b,S2_SCN_kig_0034_a,S2_SCN_kig_0034_b,CLD_SCN_kig_0034_a,CLD_SCN_kig_0034_b,labels/SCN_kig_0034.npz,0.572,dry,informal_small_roofs,open_buildings,adjudicated,scene_v2,mean_pixel_probability_across_t1_t2,,,,True,,False,,
SCN_kig_0035,Kigali,Rwanda,fold_Kigali,train,KGL_T0035,KGL_G0035,EPSG:32736,10,2023-08-05,2023-08-25,S1_SCN_kig_0035_a,S1_SCN_kig_0035_b,S2_SCN_kig_0035_a,S2_SCN_kig_0035_b,CLD_SCN_kig_0035_a,CLD_SCN_kig_0035_b,labels/SCN_kig_0035.npz,0.552,dry,texture_complex,open_buildings,adjudicated,scene_v2,mean_pixel_probability_across_t1_t2,,,,True,,False,,
SCN_kig_0036,Kigali,Rwanda,fold_Kigali,train,KGL_T0036,KGL_G0036,EPSG:32736,10,2023-04-05,2023-04-25,S1_SCN_kig_0036_a,S1_SCN_kig_0036_b,S2_SCN_kig_0036_a,S2_SCN_kig_0036_b,CLD_SCN_kig_0036_a,CLD_SCN_kig_0036_b,labels/SCN_kig_0036.npz,0.243,wet,regular,open_buildings,adjudicated,scene_v2,mean_pixel_probability_across_t1_t2,,,,True,,False,,
SCN_kig_0037,Kigali,Rwanda,fold_Kigali,train,KGL_T0037,KGL_G0037,EPSG:32736,10,2023-10-05,2023-10-25,S1_SCN_kig_0037_a,S1_SCN_kig_0037_b,S2_SCN_kig_0037_a,S2_SCN_kig_0037_b,CLD_SCN_kig_0037_a,CLD_SCN_kig_0037_b,labels/SCN_kig_0037.npz,0.619,wet,informal_small_roofs,open_buildings,adjudicated,scene_v2,mean_pixel_probability_across_t1_t2,,,,True,,False,,
SCN_kig_0038,Kigali,Rwanda,fold_Kigali,train,KGL_T0038,KGL_G0038,EPSG:32736,10,2023-09-05,2023-09-25,S1_SCN_kig_0038_a,S1_SCN_kig_0038_b,S2_SCN_kig_0038_a,S2_SCN_kig_0038_b,CLD_SCN_kig_0038_a,CLD_SCN_kig_0038_b,labels/SCN_kig_0038.npz,0.869,wet,texture_complex,open_buildings,adjudicated,scene_v2,mean_pixel_probability_across_t1_t2,,,,True,,False,,
SCN_kig_0039,Kigali,Rwanda,fold_Kigali,train,KGL_T0039,KGL_G0039,EPSG:32736,10,2023-07-05,2023-07-25,S1_SCN_kig_0039_a,S1_SCN_kig_0039_b,S2_SCN_kig_0039_a,S2_SCN_kig_0039_b,CLD_SCN_kig_0039_a,CLD_SCN_kig_0039_b,labels/SCN_kig_0039.npz,0.315,dry,regular,open_buildings,adjudicated,scene_v2,mean_pixel_probability_across_t1_t2,,,,True,,False,,
SCN_kig_0040,Kigali,Rwanda,fold_Kigali,train,KGL_T0040,KGL_G0040,EPSG:32736,10,2023-04-05,2023-04-25,S1_SCN_kig_0040_a,S1_SCN_kig_0040_b,S2_SCN_kig_0040_a,S2_SCN_kig_0040_b,CLD_SCN_kig_0040_a,CLD_SCN_kig_0040_b,labels/SCN_kig_0040.npz,0.182,wet,informal_small_roofs,open_buildings,adjudicated,scene_v2,mean_pixel_probability_across_t1_t2,,,,True,,False,,
SCN_kig_0041,Kigali,Rwanda,fold_Kigali,train,KGL_T0041,KGL_G0041,EPSG:32736,10,2023-09-05,2023-09-25,S1_SCN_kig_0041_a,S1_SCN_kig_0041_b,S2_SCN_kig_0041_a,S2_SCN_kig_0041_b,CLD_SCN_kig_0041_a,CLD_SCN_kig_0041_b,labels/SCN_kig_0041.npz,0.622,wet,texture_complex,open_buildings,adjudicated,scene_v2,mean_pixel_probability_across_t1_t2,,,,True,,False,,
SCN_kig_0042,Kigali,Rwanda,fold_Kigali,train,KGL_T0042,KGL_G0042,EPSG:32736,10,2023-05-05,2023-05-25,S1_SCN_kig_0042_a,S1_SCN_kig_0042_b,S2_SCN_kig_0042_a,S2_SCN_kig_0042_b,CLD_SCN_kig_0042_a,CLD_SCN_kig_0042_b,labels/SCN_kig_0042.npz,0.368,wet,regular,open_buildings,adjudicated,scene_v2,mean_pixel_probability_across_t1_t2,,,,True,,False,,
SCN_kig_0043,Kigali,Rwanda,fold_Kigali,train,KGL_T0043,KGL_G0043,EPSG:32736,10,2023-02-05,2023-02-25,S1_SCN_kig_0043_a,S1_SCN_kig_0043_b,S2_SCN_kig_0043_a,S2_SCN_kig_0043_b,CLD_SCN_kig_0043_a,CLD_SCN_kig_0043_b,labels/SCN_kig_0043.npz,0.781,dry,informal_small_roofs,open_buildings,adjudicated,scene_v2,mean_pixel_probability_across_t1_t2,,,,True,,False,,
SCN_kig_0044,Kigali,Rwanda,fold_Kigali,train,KGL_T0044,KGL_G0044,EPSG:32736,10,2023-04-05,2023-04-25,S1_SCN_kig_0044_a,S1_SCN_kig_0044_b,S2_SCN_kig_0044_a,S2_SCN_kig_0044_b,CLD_SCN_kig_0044_a,CLD_SCN_kig_0044_b,labels/SCN_kig_0044.npz,0.644,wet,texture_complex,open_buildings,adjudicated,scene_v2,mean_pixel_probability_across_t1_t2,,,,True,,False,,
SCN_kig_0045,Kigali,Rwanda,fold_Kigali,train,KGL_T0045,KGL_G0045,EPSG:32736,10,2023-01-05,2023-01-25,S1_SCN_kig_0045_a,S1_SCN_kig_0045_b,S2_SCN_kig_0045_a,S2_SCN_kig_0045_b,CLD_SCN_kig_0045_a,CLD_SCN_kig_0045_b,labels/SCN_kig_0045.npz,0.148,dry,regular,open_buildings,adjudicated,scene_v2,mean_pixel_probability_across_t1_t2,,,,True,,False,,
SCN_kig_0046,Kigali,Rwanda,fold_Kigali,train,KGL_T0046,KGL_G0046,EPSG:32736,10,2023-07-05,2023-07-25,S1_SCN_kig_0046_a,S1_SCN_kig_0046_b,S2_SCN_kig_0046_a,S2_SCN_kig_0046_b,CLD_SCN_kig_0046_a,CLD_SCN_kig_0046_b,labels/SCN_kig_0046.npz,0.578,dry,informal_small_roofs,open_buildings,adjudicated,scene_v2,mean_pixel_probability_across_t1_t2,,,,True,,False,,
SCN_kig_0047,Kigali,Rwanda,fold_Kigali,train,KGL_T0047,KGL_G0047,EPSG:32736,10,2023-04-05,2023-04-25,S1_SCN_kig_0047_a,S1_SCN_kig_0047_b,S2_SCN_kig_0047_a,S2_SCN_kig_0047_b,CLD_SCN_kig_0047_a,CLD_SCN_kig_0047_b,labels/SCN_kig_0047.npz,0.46,wet,texture_complex,open_buildings,adjudicated,scene_v2,mean_pixel_probability_across_t1_t2,,,,True,,False,,
SCN_kig_0048,Kigali,Rwanda,fold_Kigali,train,KGL_T0048,KGL_G0048,EPSG:32736,10,2023-10-05,2023-10-25,S1_SCN_kig_0048_a,S1_SCN_kig_0048_b,S2_SCN_kig_0048_a,S2_SCN_kig_0048_b,CLD_SCN_kig_0048_a,CLD_SCN_kig_0048_b,labels/SCN_kig_0048.npz,0.242,wet,regular,open_buildings,adjudicated,scene_v2,mean_pixel_probability_across_t1_t2,,,,True,,False,,
SCN_kig_0049,Kigali,Rwanda,fold_Kigali,train,KGL_T0049,KGL_G0049,EPSG:32736,10,2023-09-05,2023-09-25,S1_SCN_kig_0049_a,S1_SCN_kig_0049_b,S2_SCN_kig_0049_a,S2_SCN_kig_0049_b,CLD_SCN_kig_0049_a,CLD_SCN_kig_0049_b,labels/SCN_kig_0049.npz,0.512,wet,informal_small_roofs,open_buildings,adjudicated,scene_v2,mean_pixel_probability_across_t1_t2,,,,True,,False,,
SCN_kig_0050,Kigali,Rwanda,fold_Kigali,validation,KGL_T0050,KGL_G0050,EPSG:32736,10,2023-11-05,2023-11-25,S1_SCN_kig_0050_a,S1_SCN_kig_0050_b,S2_SCN_kig_0050_a,S2_SCN_kig_0050_b,CLD_SCN_kig_0050_a,CLD_SCN_kig_0050_b,labels/SCN_kig_0050.npz,0.674,wet,texture_complex,open_buildings,adjudicated,scene_v2,mean_pixel_probability_across_t1_t2,,,,True,,False,,
SCN_kig_0051,Kigali,Rwanda,fold_Kigali,validation,KGL_T0051,KGL_G0051,EPSG:32736,10,2023-11-05,2023-11-25,S1_SCN_kig_0051_a,S1_SCN_kig_0051_b,S2_SCN_kig_0051_a,S2_SCN_kig_0051_b,CLD_SCN_kig_0051_a,CLD_SCN_kig_0051_b,labels/SCN_kig_0051.npz,0.617,wet,regular,open_buildings,adjudicated,scene_v2,mean_pixel_probability_across_t1_t2,,,,True,,False,,
SCN_kig_0052,Kigali,Rwanda,fold_Kigali,validation,KGL_T0052,KGL_G0052,EPSG:32736,10,2023-10-05,2023-10-25,S1_SCN_kig_0052_a,S1_SCN_kig_0052_b,S2_SCN_kig_0052_a,S2_SCN_kig_0052_b,CLD_SCN_kig_0052_a,CLD_SCN_kig_0052_b,labels/SCN_kig_0052.npz,0.452,wet,informal_small_roofs,open_buildings,adjudicated,scene_v2,mean_pixel_probability_across_t1_t2,,,,True,,False,,
SCN_kig_0053,Kigali,Rwanda,fold_Kigali,validation,KGL_T0053,KGL_G0053,EPSG:32736,10,2023-07-05,2023-07-25,S1_SCN_kig_0053_a,S1_SCN_kig_0053_b,S2_SCN_kig_0053_a,S2_SCN_kig_0053_b,CLD_SCN_kig_0053_a,CLD_SCN_kig_0053_b,labels/SCN_kig_0053.npz,0.122,dry,texture_complex,open_buildings,adjudicated,scene_v2,mean_pixel_probability_across_t1_t2,,,,True,,False,,
SCN_kig_0054,Kigali,Rwanda,fold_Kigali,validation,KGL_T0054,KGL_G0054,EPSG:32736,10,2023-11-05,2023-11-25,S1_SCN_kig_0054_a,S1_SCN_kig_0054_b,S2_SCN_kig_0054_a,S2_SCN_kig_0054_b,CLD_SCN_kig_0054_a,CLD_SCN_kig_0054_b,labels/SCN_kig_0054.npz,0.798,wet,regular,open_buildings,adjudicated,scene_v2,mean_pixel_probability_across_t1_t2,,,,True,,False,,
SCN_kig_0055,Kigali,Rwanda,fold_Kigali,validation,KGL_T0055,KGL_G0055,EPSG:32736,10,2023-02-05,2023-02-25,S1_SCN_kig_0055_a,S1_SCN_kig_0055_b,S2_SCN_kig_0055_a,S2_SCN_kig_0055_b,CLD_SCN_kig_0055_a,CLD_SCN_kig_0055_b,labels/SCN_kig_0055.npz,0.858,dry,informal_small_roofs,open_buildings,adjudicated,scene_v2,mean_pixel_probability_across_t1_t2,,,,True,,False,,
SCN_kig_0056,Kigali,Rwanda,fold_Kigali,validation,KGL_T0056,KGL_G0056,EPSG:32736,10,2023-03-05,2023-03-25,S1_SCN_kig_0056_a,S1_SCN_kig_0056_b,S2_SCN_kig_0056_a,S2_SCN_kig_0056_b,CLD_SCN_kig_0056_a,CLD_SCN_kig_0056_b,labels/SCN_kig_0056.npz,0.938,wet,texture_complex,open_buildings,adjudicated,scene_v2,mean_pixel_probability_across_t1_t2,,,,True,,False,,
SCN_kig_0057,Kigali,Rwanda,fold_Kigali,validation,KGL_T0057,KGL_G0057,EPSG:32736,10,2023-08-05,2023-08-25,S1_SCN_kig_0057_a,S1_SCN_kig_0057_b,S2_SCN_kig_0057_a,S2_SCN_kig_0057_b,CLD_SCN_kig_0057_a,CLD_SCN_kig_0057_b,labels/SCN_kig_0057.npz,0.776,dry,regular,open_buildings,adjudicated,scene_v2,mean_pixel_probability_across_t1_t2,,,,True,,False,,
SCN_kig_0058,Kigali,Rwanda,fold_Kigali,test,KGL_T0058,KGL_G0058,EPSG:32736,10,2023-07-05,2023-07-25,S1_SCN_kig_0058_a,S1_SCN_kig_0058_b,S2_SCN_kig_0058_a,S2_SCN_kig_0058_b,CLD_SCN_kig_0058_a,CLD_SCN_kig_0058_b,labels/SCN_kig_0058.npz,0.793,dry,informal_small_roofs,open_buildings,adjudicated,scene_v2,mean_pixel_probability_across_t1_t2,recomputed_from_shared_scene_arrays,0.264540,0.382075,True,arrays/SCN_kig_0058.npz,True,clouds/SCN_kig_0058_t1.npz,clouds/SCN_kig_0058_t2.npz
SCN_kig_0059,Kigali,Rwanda,fold_Kigali,test,KGL_T0059,KGL_G0059,EPSG:32736,10,2023-10-05,2023-10-25,S1_SCN_kig_0059_a,S1_SCN_kig_0059_b,S2_SCN_kig_0059_a,S2_SCN_kig_0059_b,CLD_SCN_kig_0059_a,CLD_SCN_kig_0059_b,labels/SCN_kig_0059.npz,0.525,wet,texture_complex,open_buildings,adjudicated,scene_v2,mean_pixel_probability_across_t1_t2,recomputed_from_shared_scene_arrays,0.779188,0.636364,True,arrays/SCN_kig_0059.npz,True,clouds/SCN_kig_0059_t1.npz,clouds/SCN_kig_0059_t2.npz
SCN_kig_0060,Kigali,Rwanda,fold_Kigali,test,KGL_T0060,KGL_G0060,EPSG:32736,10,2023-11-05,2023-11-25,S1_SCN_kig_0060_a,S1_SCN_kig_0060_b,S2_SCN_kig_0060_a,S2_SCN_kig_0060_b,CLD_SCN_kig_0060_a,CLD_SCN_kig_0060_b,labels/SCN_kig_0060.npz,0.830194,wet,regular,open_buildings,adjudicated,scene_v2,mean_pixel_probability_across_t1_t2,recomputed_from_shared_scene_arrays,0.154514,0.423280,True,arrays/SCN_kig_0060.npz,True,clouds/SCN_kig_0060_t1.npz,clouds/SCN_kig_0060_t2.npz
SCN_kig_0061,Kigali,Rwanda,fold_Kigali,test,KGL_T0061,KGL_G0061,EPSG:32736,10,2023-04-05,2023-04-25,S1_SCN_kig_0061_a,S1_SCN_kig_0061_b,S2_SCN_kig_0061_a,S2_SCN_kig_0061_b,CLD_SCN_kig_0061_a,CLD_SCN_kig_0061_b,labels/SCN_kig_0061.npz,0.824,wet,informal_small_roofs,open_buildings,adjudicated,scene_v2,mean_pixel_probability_across_t1_t2,recomputed_from_shared_scene_arrays,0.108181,0.310219,True,arrays/SCN_kig_0061.npz,True,clouds/SCN_kig_0061_t1.npz,clouds/SCN_kig_0061_t2.npz
SCN_kig_0062,Kigali,Rwanda,fold_Kigali,test,KGL_T0062,KGL_G0062,EPSG:32736,10,2023-01-05,2023-01-25,S1_SCN_kig_0062_a,S1_SCN_kig_0062_b,S2_SCN_kig_0062_a,S2_SCN_kig_0062_b,CLD_SCN_kig_0062_a,CLD_SCN_kig_0062_b,labels/SCN_kig_0062.npz,0.464,dry,texture_complex,open_buildings,adjudicated,scene_v2,mean_pixel_probability_across_t1_t2,recomputed_from_shared_scene_arrays,0.883681,0.988000,True,arrays/SCN_kig_0062.npz,True,clouds/SCN_kig_0062_t1.npz,clouds/SCN_kig_0062_t2.npz
SCN_kig_0063,Kigali,Rwanda,fold_Kigali,test,KGL_T0063,KGL_G0063,EPSG:32736,10,2023-07-05,2023-07-25,S1_SCN_kig_0063_a,S1_SCN_kig_0063_b,S2_SCN_kig_0063_a,S2_SCN_kig_0063_b,CLD_SCN_kig_0063_a,CLD_SCN_kig_0063_b,labels/SCN_kig_0063.npz,0.753,dry,regular,open_buildings,adjudicated,scene_v2,mean_pixel_probability_across_t1_t2,recomputed_from_shared_scene_arrays,0.244575,0.467391,True,arrays/SCN_kig_0063.npz,True,clouds/SCN_kig_0063_t1.npz,clouds/SCN_kig_0063_t2.npz
SCN_kig_0064,Kigali,Rwanda,fold_Kigali,test,KGL_T0064,KGL_G0064,EPSG:32736,10,2023-10-05,2023-10-25,S1_SCN_kig_0064_a,S1_SCN_kig_0064_b,S2_SCN_kig_0064_a,S2_SCN_kig_0064_b,CLD_SCN_kig_0064_a,CLD_SCN_kig_0064_b,labels/SCN_kig_0064.npz,0.599,wet,informal_small_roofs,open_buildings,adjudicated,scene_v2,mean_pixel_probability_across_t1_t2,recomputed_from_shared_scene_arrays,0.646159,0.532000,True,arrays/SCN_kig_0064.npz,True,clouds/SCN_kig_0064_t1.npz,clouds/SCN_kig_0064_t2.npz
SCN_kig_0065,Kigali,Rwanda,fold_Kigali,test,KGL_T0065,KGL_G0065,EPSG:32736,10,2023-04-05,2023-04-25,S1_SCN_kig_0065_a,S1_SCN_kig_0065_b,S2_SCN_kig_0065_a,S2_SCN_kig_0065_b,CLD_SCN_kig_0065_a,CLD_SCN_kig_0065_b,labels/SCN_kig_0065.npz,0.428,wet,texture_complex,open_buildings,adjudicated,scene_v2,mean_pixel_probability_across_t1_t2,recomputed_from_shared_scene_arrays,0.893772,0.875000,True,arrays/SCN_kig_0065.npz,True,clouds/SCN_kig_0065_t1.npz,clouds/SCN_kig_0065_t2.npz
SCN_kig_0066,Kigali,Rwanda,fold_Kigali,test,KGL_T0066,KGL_G0066,EPSG:32736,10,2023-02-05,2023-02-25,S1_SCN_kig_0066_a,S1_SCN_kig_0066_b,S2_SCN_kig_0066_a,S2_SCN_kig_0066_b,CLD_SCN_kig_0066_a,CLD_SCN_kig_0066_b,labels/SCN_kig_0066.npz,0.843,dry,regular,open_buildings,adjudicated,scene_v2,mean_pixel_probability_across_t1_t2,recomputed_from_shared_scene_arrays,0.186849,0.462366,True,arrays/SCN_kig_0066.npz,True,clouds/SCN_kig_0066_t1.npz,clouds/SCN_kig_0066_t2.npz
SCN_kig_0067,Kigali,Rwanda,fold_Kigali,test,KGL_T0067,KGL_G0067,EPSG:32736,10,2023-10-05,2023-10-25,S1_SCN_kig_0067_a,S1_SCN_kig_0067_b,S2_SCN_kig_0067_a,S2_SCN_kig_0067_b,CLD_SCN_kig_0067_a,CLD_SCN_kig_0067_b,labels/SCN_kig_0067.npz,0.176,wet,informal_small_roofs,open_buildings,adjudicated,scene_v2,mean_pixel_probability_across_t1_t2,recomputed_from_shared_scene_arrays,1.000000,1.000000,True,arrays/SCN_kig_0067.npz,True,clouds/SCN_kig_0067_t1.npz,clouds/SCN_kig_0067_t2.npz
SCN_kig_0068,Kigali,Rwanda,fold_Kigali,test,KGL_T0068,KGL_G0068,EPSG:32736,10,2023-04-05,2023-04-25,S1_SCN_kig_0068_a,S1_SCN_kig_0068_b,S2_SCN_kig_0068_a,S2_SCN_kig_0068_b,CLD_SCN_kig_0068_a,CLD_SCN_kig_0068_b,labels/SCN_kig_0068.npz,0.437,wet,texture_complex,open_buildings,adjudicated,scene_v2,mean_pixel_probability_across_t1_t2,recomputed_from_shared_scene_arrays,0.870877,1.000000,True,arrays/SCN_kig_0068.npz,True,clouds/SCN_kig_0068_t1.npz,clouds/SCN_kig_0068_t2.npz
SCN_kig_0069,Kigali,Rwanda,fold_Kigali,test,KGL_T0069,KGL_G0069,EPSG:32736,10,2023-05-05,2023-05-25,S1_SCN_kig_0069_a,S1_SCN_kig_0069_b,S2_SCN_kig_0069_a,S2_SCN_kig_0069_b,CLD_SCN_kig_0069_a,CLD_SCN_kig_0069_b,labels/SCN_kig_0069.npz,0.810449,wet,regular,open_buildings,adjudicated,scene_v2,mean_pixel_probability_across_t1_t2,recomputed_from_shared_scene_arrays,0.122830,0.371308,True,arrays/SCN_kig_0069.npz,True,clouds/SCN_kig_0069_t1.npz,clouds/SCN_kig_0069_t2.npz
SCN_kig_0070,Kigali,Rwanda,fold_Kigali,pretrain_pool,KGL_T0070,KGL_G0070,EPSG:32736,10,2023-05-05,2023-05-25,S1_SCN_kig_0070_a,S1_SCN_kig_0070_b,S2_SCN_kig_0070_a,S2_SCN_kig_0070_b,CLD_SCN_kig_0070_a,CLD_SCN_kig_0070_b,,0.893,wet,informal_small_roofs,open_buildings,unlabeled,scene_v2,mean_pixel_probability_across_t1_t2,,,,False,,False,,
SCN_kig_0071,Kigali,Rwanda,fold_Kigali,pretrain_pool,KGL_T0071,KGL_G0071,EPSG:32736,10,2023-09-05,2023-09-25,S1_SCN_kig_0071_a,S1_SCN_kig_0071_b,S2_SCN_kig_0071_a,S2_SCN_kig_0071_b,CLD_SCN_kig_0071_a,CLD_SCN_kig_0071_b,,0.476,wet,texture_complex,open_buildings,unlabeled,scene_v2,mean_pixel_probability_across_t1_t2,,,,False,,False,,
SCN_kig_0072,Kigali,Rwanda,fold_Kigali,pretrain_pool,KGL_T0072,KGL_G0072,EPSG:32736,10,2023-09-05,2023-09-25,S1_SCN_kig_0072_a,S1_SCN_kig_0072_b,S2_SCN_kig_0072_a,S2_SCN_kig_0072_b,CLD_SCN_kig_0072_a,CLD_SCN_kig_0072_b,,0.681,wet,regular,open_buildings,unlabeled,scene_v2,mean_pixel_probability_across_t1_t2,,,,False,,False,,
SCN_kig_0073,Kigali,Rwanda,fold_Kigali,pretrain_pool,KGL_T0073,KGL_G0073,EPSG:32736,10,2023-10-05,2023-10-25,S1_SCN_kig_0073_a,S1_SCN_kig_0073_b,S2_SCN_kig_0073_a,S2_SCN_kig_0073_b,CLD_SCN_kig_0073_a,CLD_SCN_kig_0073_b,,0.782,wet,informal_small_roofs,open_buildings,unlabeled,scene_v2,mean_pixel_probability_across_t1_t2,,,,False,,False,,
SCN_kig_0074,Kigali,Rwanda,fold_Kigali,pretrain_pool,KGL_T0074,KGL_G0074,EPSG:32736,10,2023-04-05,2023-04-25,S1_SCN_kig_0074_a,S1_SCN_kig_0074_b,S2_SCN_kig_0074_a,S2_SCN_kig_0074_b,CLD_SCN_kig_0074_a,CLD_SCN_kig_0074_b,,0.664,wet,texture_complex,open_buildings,unlabeled,scene_v2,mean_pixel_probability_across_t1_t2,,,,False,,False,,
SCN_kig_0075,Kigali,Rwanda,fold_Kigali,pretrain_pool,KGL_T0075,KGL_G0075,EPSG:32736,10,2023-06-05,2023-06-25,S1_SCN_kig_0075_a,S1_SCN_kig_0075_b,S2_SCN_kig_0075_a,S2_SCN_kig_0075_b,CLD_SCN_kig_0075_a,CLD_SCN_kig_0075_b,,0.47,dry,regular,open_buildings,unlabeled,scene_v2,mean_pixel_probability_across_t1_t2,,,,False,,False,,
SCN_kig_0076,Kigali,Rwanda,fold_Kigali,pretrain_pool,KGL_T0076,KGL_G0076,EPSG:32736,10,2023-04-05,2023-04-25,S1_SCN_kig_0076_a,S1_SCN_kig_0076_b,S2_SCN_kig_0076_a,S2_SCN_kig_0076_b,CLD_SCN_kig_0076_a,CLD_SCN_kig_0076_b,,0.352,wet,informal_small_roofs,open_buildings,unlabeled,scene_v2,mean_pixel_probability_across_t1_t2,,,,False,,False,,
SCN_kig_0077,Kigali,Rwanda,fold_Kigali,pretrain_pool,KGL_T0077,KGL_G0077,EPSG:32736,10,2023-10-05,2023-10-25,S1_SCN_kig_0077_a,S1_SCN_kig_0077_b,S2_SCN_kig_0077_a,S2_SCN_kig_0077_b,CLD_SCN_kig_0077_a,CLD_SCN_kig_0077_b,,0.335,wet,texture_complex,open_buildings,unlabeled,scene_v2,mean_pixel_probability_across_t1_t2,,,,False,,False,,
SCN_kig_0078,Kigali,Rwanda,fold_Kigali,pretrain_pool,KGL_T0078,KGL_G0078,EPSG:32736,10,2023-08-05,2023-08-25,S1_SCN_kig_0078_a,S1_SCN_kig_0078_b,S2_SCN_kig_0078_a,S2_SCN_kig_0078_b,CLD_SCN_kig_0078_a,CLD_SCN_kig_0078_b,,0.599,dry,regular,open_buildings,unlabeled,scene_v2,mean_pixel_probability_across_t1_t2,,,,False,,False,,
SCN_kig_0079,Kigali,Rwanda,fold_Kigali,pretrain_pool,KGL_T0079,KGL_G0079,EPSG:32736,10,2023-10-05,2023-10-25,S1_SCN_kig_0079_a,S1_SCN_kig_0079_b,S2_SCN_kig_0079_a,S2_SCN_kig_0079_b,CLD_SCN_kig_0079_a,CLD_SCN_kig_0079_b,,0.324,wet,informal_small_roofs,open_buildings,unlabeled,scene_v2,mean_pixel_probability_across_t1_t2,,,,False,,False,,
SCN_kig_0080,Kigali,Rwanda,fold_Kigali,pretrain_pool,KGL_T0080,KGL_G0080,EPSG:32736,10,2023-05-05,2023-05-25,S1_SCN_kig_0080_a,S1_SCN_kig_0080_b,S2_SCN_kig_0080_a,S2_SCN_kig_0080_b,CLD_SCN_kig_0080_a,CLD_SCN_kig_0080_b,,0.479,wet,texture_complex,open_buildings,unlabeled,scene_v2,mean_pixel_probability_across_t1_t2,,,,False,,False,,
SCN_kig_0081,Kigali,Rwanda,fold_Kigali,pretrain_pool,KGL_T0081,KGL_G0081,EPSG:32736,10,2023-09-05,2023-09-25,S1_SCN_kig_0081_a,S1_SCN_kig_0081_b,S2_SCN_kig_0081_a,S2_SCN_kig_0081_b,CLD_SCN_kig_0081_a,CLD_SCN_kig_0081_b,,0.057,wet,regular,open_buildings,unlabeled,scene_v2,mean_pixel_probability_across_t1_t2,,,,False,,False,,
SCN_kig_0082,Kigali,Rwanda,fold_Kigali,pretrain_pool,KGL_T0082,KGL_G0082,EPSG:32736,10,2023-10-05,2023-10-25,S1_SCN_kig_0082_a,S1_SCN_kig_0082_b,S2_SCN_kig_0082_a,S2_SCN_kig_0082_b,CLD_SCN_kig_0082_a,CLD_SCN_kig_0082_b,,0.732,wet,informal_small_roofs,open_buildings,unlabeled,scene_v2,mean_pixel_probability_across_t1_t2,,,,False,,False,,
SCN_kig_0083,Kigali,Rwanda,fold_Kigali,pretrain_pool,KGL_T0083,KGL_G0083,EPSG:32736,10,2023-07-05,2023-07-25,S1_SCN_kig_0083_a,S1_SCN_kig_0083_b,S2_SCN_kig_0083_a,S2_SCN_kig_0083_b,CLD_SCN_kig_0083_a,CLD_SCN_kig_0083_b,,0.065,dry,texture_complex,open_buildings,unlabeled,scene_v2,mean_pixel_probability_across_t1_t2,,,,False,,False,,
SCN_kig_0084,Kigali,Rwanda,fold_Kigali,pretrain_pool,KGL_T0084,KGL_G0084,EPSG:32736,10,2023-11-05,2023-11-25,S1_SCN_kig_0084_a,S1_SCN_kig_0084_b,S2_SCN_kig_0084_a,S2_SCN_kig_0084_b,CLD_SCN_kig_0084_a,CLD_SCN_kig_0084_b,,0.631,wet,regular,open_buildings,unlabeled,scene_v2,mean_pixel_probability_across_t1_t2,,,,False,,False,,
SCN_kig_0085,Kigali,Rwanda,fold_Kigali,pretrain_pool,KGL_T0085,KGL_G0085,EPSG:32736,10,2023-08-05,2023-08-25,S1_SCN_kig_0085_a,S1_SCN_kig_0085_b,S2_SCN_kig_0085_a,S2_SCN_kig_0085_b,CLD_SCN_kig_0085_a,CLD_SCN_kig_0085_b,,0.913,dry,informal_small_roofs,open_buildings,unlabeled,scene_v2,mean_pixel_probability_across_t1_t2,,,,False,,False,,
SCN_kig_0086,Kigali,Rwanda,fold_Kigali,pretrain_pool,KGL_T0086,KGL_G0086,EPSG:32736,10,2023-01-05,2023-01-25,S1_SCN_kig_0086_a,S1_SCN_kig_0086_b,S2_SCN_kig_0086_a,S2_SCN_kig_0086_b,CLD_SCN_kig_0086_a,CLD_SCN_kig_0086_b,,0.126,dry,texture_complex,open_buildings,unlabeled,scene_v2,mean_pixel_probability_across_t1_t2,,,,False,,False,,
SCN_kig_0087,Kigali,Rwanda,fold_Kigali,pretrain_pool,KGL_T0087,KGL_G0087,EPSG:32736,10,2023-08-05,2023-08-25,S1_SCN_kig_0087_a,S1_SCN_kig_0087_b,S2_SCN_kig_0087_a,S2_SCN_kig_0087_b,CLD_SCN_kig_0087_a,CLD_SCN_kig_0087_b,,0.147,dry,regular,open_buildings,unlabeled,scene_v2,mean_pixel_probability_across_t1_t2,,,,False,,False,,
SCN_kig_0088,Kigali,Rwanda,fold_Kigali,pretrain_pool,KGL_T0088,KGL_G0088,EPSG:32736,10,2023-03-05,2023-03-25,S1_SCN_kig_0088_a,S1_SCN_kig_0088_b,S2_SCN_kig_0088_a,S2_SCN_kig_0088_b,CLD_SCN_kig_0088_a,CLD_SCN_kig_0088_b,,0.525,wet,informal_small_roofs,open_buildings,unlabeled,scene_v2,mean_pixel_probability_across_t1_t2,,,,False,,False,,
SCN_kig_0089,Kigali,Rwanda,fold_Kigali,pretrain_pool,KGL_T0089,KGL_G0089,EPSG:32736,10,2023-02-05,2023-02-25,S1_SCN_kig_0089_a,S1_SCN_kig_0089_b,S2_SCN_kig_0089_a,S2_SCN_kig_0089_b,CLD_SCN_kig_0089_a,CLD_SCN_kig_0089_b,,0.509,dry,texture_complex,open_buildings,unlabeled,scene_v2,mean_pixel_probability_across_t1_t2,,,,False,,False,,
SCN_kig_0090,Kigali,Rwanda,fold_Kigali,pretrain_pool,KGL_T0090,KGL_G0090,EPSG:32736,10,2023-05-05,2023-05-25,S1_SCN_kig_0090_a,S1_SCN_kig_0090_b,S2_SCN_kig_0090_a,S2_SCN_kig_0090_b,CLD_SCN_kig_0090_a,CLD_SCN_kig_0090_b,,0.298,wet,regular,open_buildings,unlabeled,scene_v2,mean_pixel_probability_across_t1_t2,,,,False,,False,,
SCN_kig_0091,Kigali,Rwanda,fold_Kigali,pretrain_pool,KGL_T0091,KGL_G0091,EPSG:32736,10,2023-03-05,2023-03-25,S1_SCN_kig_0091_a,S1_SCN_kig_0091_b,S2_SCN_kig_0091_a,S2_SCN_kig_0091_b,CLD_SCN_kig_0091_a,CLD_SCN_kig_0091_b,,0.159,wet,informal_small_roofs,open_buildings,unlabeled,scene_v2,mean_pixel_probability_across_t1_t2,,,,False,,False,,
SCN_kig_0092,Kigali,Rwanda,fold_Kigali,pretrain_pool,KGL_T0092,KGL_G0092,EPSG:32736,10,2023-05-05,2023-05-25,S1_SCN_kig_0092_a,S1_SCN_kig_0092_b,S2_SCN_kig_0092_a,S2_SCN_kig_0092_b,CLD_SCN_kig_0092_a,CLD_SCN_kig_0092_b,,0.906,wet,texture_complex,open_buildings,unlabeled,scene_v2,mean_pixel_probability_across_t1_t2,,,,False,,False,,
SCN_kig_0093,Kigali,Rwanda,fold_Kigali,pretrain_pool,KGL_T0093,KGL_G0093,EPSG:32736,10,2023-10-05,2023-10-25,S1_SCN_kig_0093_a,S1_SCN_kig_0093_b,S2_SCN_kig_0093_a,S2_SCN_kig_0093_b,CLD_SCN_kig_0093_a,CLD_SCN_kig_0093_b,,0.538,wet,regular,open_buildings,unlabeled,scene_v2,mean_pixel_probability_across_t1_t2,,,,False,,False,,
SCN_kig_0094,Kigali,Rwanda,fold_Kigali,pretrain_pool,KGL_T0094,KGL_G0094,EPSG:32736,10,2023-11-05,2023-11-25,S1_SCN_kig_0094_a,S1_SCN_kig_0094_b,S2_SCN_kig_0094_a,S2_SCN_kig_0094_b,CLD_SCN_kig_0094_a,CLD_SCN_kig_0094_b,,0.347,wet,informal_small_roofs,open_buildings,unlabeled,scene_v2,mean_pixel_probability_across_t1_t2,,,,False,,False,,
SCN_kig_0095,Kigali,Rwanda,fold_Kigali,pretrain_pool,KGL_T0095,KGL_G0095,EPSG:32736,10,2023-02-05,2023-02-25,S1_SCN_kig_0095_a,S1_SCN_kig_0095_b,S2_SCN_kig_0095_a,S2_SCN_kig_0095_b,CLD_SCN_kig_0095_a,CLD_SCN_kig_0095_b,,0.409,dry,texture_complex,open_buildings,unlabeled,scene_v2,mean_pixel_probability_across_t1_t2,,,,False,,False,,
SCN_kig_0096,Kigali,Rwanda,fold_Kigali,pretrain_pool,KGL_T0096,KGL_G0096,EPSG:32736,10,2023-07-05,2023-07-25,S1_SCN_kig_0096_a,S1_SCN_kig_0096_b,S2_SCN_kig_0096_a,S2_SCN_kig_0096_b,CLD_SCN_kig_0096_a,CLD_SCN_kig_0096_b,,0.211,dry,regular,open_buildings,unlabeled,scene_v2,mean_pixel_probability_across_t1_t2,,,,False,,False,,
SCN_kig_0097,Kigali,Rwanda,fold_Kigali,pretrain_pool,KGL_T0097,KGL_G0097,EPSG:32736,10,2023-10-05,2023-10-25,S1_SCN_kig_0097_a,S1_SCN_kig_0097_b,S2_SCN_kig_0097_a,S2_SCN_kig_0097_b,CLD_SCN_kig_0097_a,CLD_SCN_kig_0097_b,,0.452,wet,informal_small_roofs,open_buildings,unlabeled,scene_v2,mean_pixel_probability_across_t1_t2,,,,False,,False,,
SCN_kig_0098,Kigali,Rwanda,fold_Kigali,pretrain_pool,KGL_T0098,KGL_G0098,EPSG:32736,10,2023-05-05,2023-05-25,S1_SCN_kig_0098_a,S1_SCN_kig_0098_b,S2_SCN_kig_0098_a,S2_SCN_kig_0098_b,CLD_SCN_kig_0098_a,CLD_SCN_kig_0098_b,,0.628,wet,texture_complex,open_buildings,unlabeled,scene_v2,mean_pixel_probability_across_t1_t2,,,,False,,False,,
SCN_kig_0099,Kigali,Rwanda,fold_Kigali,pretrain_pool,KGL_T0099,KGL_G0099,EPSG:32736,10,2023-03-05,2023-03-25,S1_SCN_kig_0099_a,S1_SCN_kig_0099_b,S2_SCN_kig_0099_a,S2_SCN_kig_0099_b,CLD_SCN_kig_0099_a,CLD_SCN_kig_0099_b,,0.063,wet,regular,open_buildings,unlabeled,scene_v2,mean_pixel_probability_across_t1_t2,,,,False,,False,,
SCN_yao_0000,Yaounde,Cameroon,fold_Yaounde,train,YAO_T0000,YAO_G0000,EPSG:32632,10,2023-03-05,2023-03-25,S1_SCN_yao_0000_a,S1_SCN_yao_0000_b,S2_SCN_yao_0000_a,S2_SCN_yao_0000_b,CLD_SCN_yao_0000_a,CLD_SCN_yao_0000_b,labels/SCN_yao_0000.npz,0.152,wet,regular,open_buildings,adjudicated,scene_v2,mean_pixel_probability_across_t1_t2,,,,True,,False,,
SCN_yao_0001,Yaounde,Cameroon,fold_Yaounde,train,YAO_T0001,YAO_G0001,EPSG:32632,10,2023-02-05,2023-02-25,S1_SCN_yao_0001_a,S1_SCN_yao_0001_b,S2_SCN_yao_0001_a,S2_SCN_yao_0001_b,CLD_SCN_yao_0001_a,CLD_SCN_yao_0001_b,labels/SCN_yao_0001.npz,0.298,dry,informal_small_roofs,open_buildings,adjudicated,scene_v2,mean_pixel_probability_across_t1_t2,,,,True,,False,,
SCN_yao_0002,Yaounde,Cameroon,fold_Yaounde,train,YAO_T0002,YAO_G0002,EPSG:32632,10,2023-07-05,2023-07-25,S1_SCN_yao_0002_a,S1_SCN_yao_0002_b,S2_SCN_yao_0002_a,S2_SCN_yao_0002_b,CLD_SCN_yao_0002_a,CLD_SCN_yao_0002_b,labels/SCN_yao_0002.npz,0.75,dry,texture_complex,open_buildings,adjudicated,scene_v2,mean_pixel_probability_across_t1_t2,,,,True,,False,,
SCN_yao_0003,Yaounde,Cameroon,fold_Yaounde,train,YAO_T0003,YAO_G0003,EPSG:32632,10,2023-10-05,2023-10-25,S1_SCN_yao_0003_a,S1_SCN_yao_0003_b,S2_SCN_yao_0003_a,S2_SCN_yao_0003_b,CLD_SCN_yao_0003_a,CLD_SCN_yao_0003_b,labels/SCN_yao_0003.npz,0.478,wet,regular,open_buildings,adjudicated,scene_v2,mean_pixel_probability_across_t1_t2,,,,True,,False,,
SCN_yao_0004,Yaounde,Cameroon,fold_Yaounde,train,YAO_T0004,YAO_G0004,EPSG:32632,10,2023-04-05,2023-04-25,S1_SCN_yao_0004_a,S1_SCN_yao_0004_b,S2_SCN_yao_0004_a,S2_SCN_yao_0004_b,CLD_SCN_yao_0004_a,CLD_SCN_yao_0004_b,labels/SCN_yao_0004.npz,0.754,wet,informal_small_roofs,open_buildings,adjudicated,scene_v2,mean_pixel_probability_across_t1_t2,,,,True,,False,,
SCN_yao_0005,Yaounde,Cameroon,fold_Yaounde,train,YAO_T0005,YAO_G0005,EPSG:32632,10,2023-04-05,2023-04-25,S1_SCN_yao_0005_a,S1_SCN_yao_0005_b,S2_SCN_yao_0005_a,S2_SCN_yao_0005_b,CLD_SCN_yao_0005_a,CLD_SCN_yao_0005_b,labels/SCN_yao_0005.npz,0.38,wet,texture_complex,open_buildings,adjudicated,scene_v2,mean_pixel_probability_across_t1_t2,,,,True,,False,,
SCN_yao_0006,Yaounde,Cameroon,fold_Yaounde,train,YAO_T0006,YAO_G0006,EPSG:32632,10,2023-11-05,2023-11-25,S1_SCN_yao_0006_a,S1_SCN_yao_0006_b,S2_SCN_yao_0006_a,S2_SCN_yao_0006_b,CLD_SCN_yao_0006_a,CLD_SCN_yao_0006_b,labels/SCN_yao_0006.npz,0.085,wet,regular,open_buildings,adjudicated,scene_v2,mean_pixel_probability_across_t1_t2,,,,True,,False,,
SCN_yao_0007,Yaounde,Cameroon,fold_Yaounde,train,YAO_T0007,YAO_G0007,EPSG:32632,10,2023-04-05,2023-04-25,S1_SCN_yao_0007_a,S1_SCN_yao_0007_b,S2_SCN_yao_0007_a,S2_SCN_yao_0007_b,CLD_SCN_yao_0007_a,CLD_SCN_yao_0007_b,labels/SCN_yao_0007.npz,0.796,wet,informal_small_roofs,open_buildings,adjudicated,scene_v2,mean_pixel_probability_across_t1_t2,,,,True,,False,,
SCN_yao_0008,Yaounde,Cameroon,fold_Yaounde,train,YAO_T0008,YAO_G0008,EPSG:32632,10,2023-10-05,2023-10-25,S1_SCN_yao_0008_a,S1_SCN_yao_0008_b,S2_SCN_yao_0008_a,S2_SCN_yao_0008_b,CLD_SCN_yao_0008_a,CLD_SCN_yao_0008_b,labels/SCN_yao_0008.npz,0.282,wet,texture_complex,open_buildings,adjudicated,scene_v2,mean_pixel_probability_across_t1_t2,,,,True,,False,,
SCN_yao_0009,Yaounde,Cameroon,fold_Yaounde,train,YAO_T0009,YAO_G0009,EPSG:32632,10,2023-10-05,2023-10-25,S1_SCN_yao_0009_a,S1_SCN_yao_0009_b,S2_SCN_yao_0009_a,S2_SCN_yao_0009_b,CLD_SCN_yao_0009_a,CLD_SCN_yao_0009_b,labels/SCN_yao_0009.npz,0.452,wet,regular,open_buildings,adjudicated,scene_v2,mean_pixel_probability_across_t1_t2,,,,True,,False,,
SCN_yao_0010,Yaounde,Cameroon,fold_Yaounde,train,YAO_T0010,YAO_G0010,EPSG:32632,10,2023-11-05,2023-11-25,S1_SCN_yao_0010_a,S1_SCN_yao_0010_b,S2_SCN_yao_0010_a,S2_SCN_yao_0010_b,CLD_SCN_yao_0010_a,CLD_SCN_yao_0010_b,labels/SCN_yao_0010.npz,0.664,wet,informal_small_roofs,open_buildings,adjudicated,scene_v2,mean_pixel_probability_across_t1_t2,,,,True,,False,,
SCN_yao_0011,Yaounde,Cameroon,fold_Yaounde,train,YAO_T0011,YAO_G0011,EPSG:32632,10,2023-11-05,2023-11-25,S1_SCN_yao_0011_a,S1_SCN_yao_0011_b,S2_SCN_yao_0011_a,S2_SCN_yao_0011_b,CLD_SCN_yao_0011_a,CLD_SCN_yao_0011_b,labels/SCN_yao_0011.npz,0.115,wet,texture_complex,open_buildings,adjudicated,scene_v2,mean_pixel_probability_across_t1_t2,,,,True,,False,,
SCN_yao_0012,Yaounde,Cameroon,fold_Yaounde,train,YAO_T0012,YAO_G0012,EPSG:32632,10,2023-09-05,2023-09-25,S1_SCN_yao_0012_a,S1_SCN_yao_0012_b,S2_SCN_yao_0012_a,S2_SCN_yao_0012_b,CLD_SCN_yao_0012_a,CLD_SCN_yao_0012_b,labels/SCN_yao_0012.npz,0.949,wet,regular,open_buildings,adjudicated,scene_v2,mean_pixel_probability_across_t1_t2,,,,True,,False,,
SCN_yao_0013,Yaounde,Cameroon,fold_Yaounde,train,YAO_T0013,YAO_G0013,EPSG:32632,10,2023-02-05,2023-02-25,S1_SCN_yao_0013_a,S1_SCN_yao_0013_b,S2_SCN_yao_0013_a,S2_SCN_yao_0013_b,CLD_SCN_yao_0013_a,CLD_SCN_yao_0013_b,labels/SCN_yao_0013.npz,0.401,dry,informal_small_roofs,open_buildings,adjudicated,scene_v2,mean_pixel_probability_across_t1_t2,,,,True,,False,,
SCN_yao_0014,Yaounde,Cameroon,fold_Yaounde,train,YAO_T0014,YAO_G0014,EPSG:32632,10,2023-01-05,2023-01-25,S1_SCN_yao_0014_a,S1_SCN_yao_0014_b,S2_SCN_yao_0014_a,S2_SCN_yao_0014_b,CLD_SCN_yao_0014_a,CLD_SCN_yao_0014_b,labels/SCN_yao_0014.npz,0.241,dry,texture_complex,open_buildings,adjudicated,scene_v2,mean_pixel_probability_across_t1_t2,,,,True,,False,,
SCN_yao_0015,Yaounde,Cameroon,fold_Yaounde,train,YAO_T0015,YAO_G0015,EPSG:32632,10,2023-11-05,2023-11-25,S1_SCN_yao_0015_a,S1_SCN_yao_0015_b,S2_SCN_yao_0015_a,S2_SCN_yao_0015_b,CLD_SCN_yao_0015_a,CLD_SCN_yao_0015_b,labels/SCN_yao_0015.npz,0.754,wet,regular,open_buildings,adjudicated,scene_v2,mean_pixel_probability_across_t1_t2,,,,True,,False,,
SCN_yao_0016,Yaounde,Cameroon,fold_Yaounde,train,YAO_T0016,YAO_G0016,EPSG:32632,10,2023-03-05,2023-03-25,S1_SCN_yao_0016_a,S1_SCN_yao_0016_b,S2_SCN_yao_0016_a,S2_SCN_yao_0016_b,CLD_SCN_yao_0016_a,CLD_SCN_yao_0016_b,labels/SCN_yao_0016.npz,0.845,wet,informal_small_roofs,open_buildings,adjudicated,scene_v2,mean_pixel_probability_across_t1_t2,,,,True,,False,,
SCN_yao_0017,Yaounde,Cameroon,fold_Yaounde,train,YAO_T0017,YAO_G0017,EPSG:32632,10,2023-04-05,2023-04-25,S1_SCN_yao_0017_a,S1_SCN_yao_0017_b,S2_SCN_yao_0017_a,S2_SCN_yao_0017_b,CLD_SCN_yao_0017_a,CLD_SCN_yao_0017_b,labels/SCN_yao_0017.npz,0.7,wet,texture_complex,open_buildings,adjudicated,scene_v2,mean_pixel_probability_across_t1_t2,,,,True,,False,,
SCN_yao_0018,Yaounde,Cameroon,fold_Yaounde,train,YAO_T0018,YAO_G0018,EPSG:32632,10,2023-01-05,2023-01-25,S1_SCN_yao_0018_a,S1_SCN_yao_0018_b,S2_SCN_yao_0018_a,S2_SCN_yao_0018_b,CLD_SCN_yao_0018_a,CLD_SCN_yao_0018_b,labels/SCN_yao_0018.npz,0.063,dry,regular,open_buildings,adjudicated,scene_v2,mean_pixel_probability_across_t1_t2,,,,True,,False,,
SCN_yao_0019,Yaounde,Cameroon,fold_Yaounde,train,YAO_T0019,YAO_G0019,EPSG:32632,10,2023-10-05,2023-10-25,S1_SCN_yao_0019_a,S1_SCN_yao_0019_b,S2_SCN_yao_0019_a,S2_SCN_yao_0019_b,CLD_SCN_yao_0019_a,CLD_SCN_yao_0019_b,labels/SCN_yao_0019.npz,0.704,wet,informal_small_roofs,open_buildings,adjudicated,scene_v2,mean_pixel_probability_across_t1_t2,,,,True,,False,,
SCN_yao_0020,Yaounde,Cameroon,fold_Yaounde,train,YAO_T0020,YAO_G0020,EPSG:32632,10,2023-09-05,2023-09-25,S1_SCN_yao_0020_a,S1_SCN_yao_0020_b,S2_SCN_yao_0020_a,S2_SCN_yao_0020_b,CLD_SCN_yao_0020_a,CLD_SCN_yao_0020_b,labels/SCN_yao_0020.npz,0.824,wet,texture_complex,open_buildings,adjudicated,scene_v2,mean_pixel_probability_across_t1_t2,,,,True,,False,,
SCN_yao_0021,Yaounde,Cameroon,fold_Yaounde,train,YAO_T0021,YAO_G0021,EPSG:32632,10,2023-11-05,2023-11-25,S1_SCN_yao_0021_a,S1_SCN_yao_0021_b,S2_SCN_yao_0021_a,S2_SCN_yao_0021_b,CLD_SCN_yao_0021_a,CLD_SCN_yao_0021_b,labels/SCN_yao_0021.npz,0.94,wet,regular,open_buildings,adjudicated,scene_v2,mean_pixel_probability_across_t1_t2,,,,True,,False,,
SCN_yao_0022,Yaounde,Cameroon,fold_Yaounde,train,YAO_T0022,YAO_G0022,EPSG:32632,10,2023-08-05,2023-08-25,S1_SCN_yao_0022_a,S1_SCN_yao_0022_b,S2_SCN_yao_0022_a,S2_SCN_yao_0022_b,CLD_SCN_yao_0022_a,CLD_SCN_yao_0022_b,labels/SCN_yao_0022.npz,0.544,dry,informal_small_roofs,open_buildings,adjudicated,scene_v2,mean_pixel_probability_across_t1_t2,,,,True,,False,,
SCN_yao_0023,Yaounde,Cameroon,fold_Yaounde,train,YAO_T0023,YAO_G0023,EPSG:32632,10,2023-10-05,2023-10-25,S1_SCN_yao_0023_a,S1_SCN_yao_0023_b,S2_SCN_yao_0023_a,S2_SCN_yao_0023_b,CLD_SCN_yao_0023_a,CLD_SCN_yao_0023_b,labels/SCN_yao_0023.npz,0.433,wet,texture_complex,open_buildings,adjudicated,scene_v2,mean_pixel_probability_across_t1_t2,,,,True,,False,,
SCN_yao_0024,Yaounde,Cameroon,fold_Yaounde,train,YAO_T0024,YAO_G0024,EPSG:32632,10,2023-08-05,2023-08-25,S1_SCN_yao_0024_a,S1_SCN_yao_0024_b,S2_SCN_yao_0024_a,S2_SCN_yao_0024_b,CLD_SCN_yao_0024_a,CLD_SCN_yao_0024_b,labels/SCN_yao_0024.npz,0.497,dry,regular,open_buildings,adjudicated,scene_v2,mean_pixel_probability_across_t1_t2,,,,True,,False,,
SCN_yao_0025,Yaounde,Cameroon,fold_Yaounde,train,YAO_T0025,YAO_G0025,EPSG:32632,10,2023-09-05,2023-09-25,S1_SCN_yao_0025_a,S1_SCN_yao_0025_b,S2_SCN_yao_0025_a,S2_SCN_yao_0025_b,CLD_SCN_yao_0025_a,CLD_SCN_yao_0025_b,labels/SCN_yao_0025.npz,0.269,wet,informal_small_roofs,open_buildings,adjudicated,scene_v2,mean_pixel_probability_across_t1_t2,,,,True,,False,,
SCN_yao_0026,Yaounde,Cameroon,fold_Yaounde,train,YAO_T0026,YAO_G0026,EPSG:32632,10,2023-07-05,2023-07-25,S1_SCN_yao_0026_a,S1_SCN_yao_0026_b,S2_SCN_yao_0026_a,S2_SCN_yao_0026_b,CLD_SCN_yao_0026_a,CLD_SCN_yao_0026_b,labels/SCN_yao_0026.npz,0.453,dry,texture_complex,open_buildings,adjudicated,scene_v2,mean_pixel_probability_across_t1_t2,,,,True,,False,,
SCN_yao_0027,Yaounde,Cameroon,fold_Yaounde,train,YAO_T0027,YAO_G0027,EPSG:32632,10,2023-04-05,2023-04-25,S1_SCN_yao_0027_a,S1_SCN_yao_0027_b,S2_SCN_yao_0027_a,S2_SCN_yao_0027_b,CLD_SCN_yao_0027_a,CLD_SCN_yao_0027_b,labels/SCN_yao_0027.npz,0.176,wet,regular,open_buildings,adjudicated,scene_v2,mean_pixel_probability_across_t1_t2,,,,True,,False,,
SCN_yao_0028,Yaounde,Cameroon,fold_Yaounde,train,YAO_T0028,YAO_G0028,EPSG:32632,10,2023-11-05,2023-11-25,S1_SCN_yao_0028_a,S1_SCN_yao_0028_b,S2_SCN_yao_0028_a,S2_SCN_yao_0028_b,CLD_SCN_yao_0028_a,CLD_SCN_yao_0028_b,labels/SCN_yao_0028.npz,0.734,wet,informal_small_roofs,open_buildings,adjudicated,scene_v2,mean_pixel_probability_across_t1_t2,,,,True,,False,,
SCN_yao_0029,Yaounde,Cameroon,fold_Yaounde,train,YAO_T0029,YAO_G0029,EPSG:32632,10,2023-05-05,2023-05-25,S1_SCN_yao_0029_a,S1_SCN_yao_0029_b,S2_SCN_yao_0029_a,S2_SCN_yao_0029_b,CLD_SCN_yao_0029_a,CLD_SCN_yao_0029_b,labels/SCN_yao_0029.npz,0.837,wet,texture_complex,open_buildings,adjudicated,scene_v2,mean_pixel_probability_across_t1_t2,,,,True,,False,,
SCN_yao_0030,Yaounde,Cameroon,fold_Yaounde,train,YAO_T0030,YAO_G0030,EPSG:32632,10,2023-09-05,2023-09-25,S1_SCN_yao_0030_a,S1_SCN_yao_0030_b,S2_SCN_yao_0030_a,S2_SCN_yao_0030_b,CLD_SCN_yao_0030_a,CLD_SCN_yao_0030_b,labels/SCN_yao_0030.npz,0.24,wet,regular,open_buildings,adjudicated,scene_v2,mean_pixel_probability_across_t1_t2,,,,True,,False,,
SCN_yao_0031,Yaounde,Cameroon,fold_Yaounde,train,YAO_T0031,YAO_G0031,EPSG:32632,10,2023-07-05,2023-07-25,S1_SCN_yao_0031_a,S1_SCN_yao_0031_b,S2_SCN_yao_0031_a,S2_SCN_yao_0031_b,CLD_SCN_yao_0031_a,CLD_SCN_yao_0031_b,labels/SCN_yao_0031.npz,0.466,dry,informal_small_roofs,open_buildings,adjudicated,scene_v2,mean_pixel_probability_across_t1_t2,,,,True,,False,,
SCN_yao_0032,Yaounde,Cameroon,fold_Yaounde,train,YAO_T0032,YAO_G0032,EPSG:32632,10,2023-07-05,2023-07-25,S1_SCN_yao_0032_a,S1_SCN_yao_0032_b,S2_SCN_yao_0032_a,S2_SCN_yao_0032_b,CLD_SCN_yao_0032_a,CLD_SCN_yao_0032_b,labels/SCN_yao_0032.npz,0.813,dry,texture_complex,open_buildings,adjudicated,scene_v2,mean_pixel_probability_across_t1_t2,,,,True,,False,,
SCN_yao_0033,Yaounde,Cameroon,fold_Yaounde,train,YAO_T0033,YAO_G0033,EPSG:32632,10,2023-09-05,2023-09-25,S1_SCN_yao_0033_a,S1_SCN_yao_0033_b,S2_SCN_yao_0033_a,S2_SCN_yao_0033_b,CLD_SCN_yao_0033_a,CLD_SCN_yao_0033_b,labels/SCN_yao_0033.npz,0.652,wet,regular,open_buildings,adjudicated,scene_v2,mean_pixel_probability_across_t1_t2,,,,True,,False,,
SCN_yao_0034,Yaounde,Cameroon,fold_Yaounde,train,YAO_T0034,YAO_G0034,EPSG:32632,10,2023-08-05,2023-08-25,S1_SCN_yao_0034_a,S1_SCN_yao_0034_b,S2_SCN_yao_0034_a,S2_SCN_yao_0034_b,CLD_SCN_yao_0034_a,CLD_SCN_yao_0034_b,labels/SCN_yao_0034.npz,0.086,dry,informal_small_roofs,open_buildings,adjudicated,scene_v2,mean_pixel_probability_across_t1_t2,,,,True,,False,,
SCN_yao_0035,Yaounde,Cameroon,fold_Yaounde,train,YAO_T0035,YAO_G0035,EPSG:32632,10,2023-04-05,2023-04-25,S1_SCN_yao_0035_a,S1_SCN_yao_0035_b,S2_SCN_yao_0035_a,S2_SCN_yao_0035_b,CLD_SCN_yao_0035_a,CLD_SCN_yao_0035_b,labels/SCN_yao_0035.npz,0.124,wet,texture_complex,open_buildings,adjudicated,scene_v2,mean_pixel_probability_across_t1_t2,,,,True,,False,,
SCN_yao_0036,Yaounde,Cameroon,fold_Yaounde,train,YAO_T0036,YAO_G0036,EPSG:32632,10,2023-02-05,2023-02-25,S1_SCN_yao_0036_a,S1_SCN_yao_0036_b,S2_SCN_yao_0036_a,S2_SCN_yao_0036_b,CLD_SCN_yao_0036_a,CLD_SCN_yao_0036_b,labels/SCN_yao_0036.npz,0.791,dry,regular,open_buildings,adjudicated,scene_v2,mean_pixel_probability_across_t1_t2,,,,True,,False,,
SCN_yao_0037,Yaounde,Cameroon,fold_Yaounde,train,YAO_T0037,YAO_G0037,EPSG:32632,10,2023-10-05,2023-10-25,S1_SCN_yao_0037_a,S1_SCN_yao_0037_b,S2_SCN_yao_0037_a,S2_SCN_yao_0037_b,CLD_SCN_yao_0037_a,CLD_SCN_yao_0037_b,labels/SCN_yao_0037.npz,0.768,wet,informal_small_roofs,open_buildings,adjudicated,scene_v2,mean_pixel_probability_across_t1_t2,,,,True,,False,,
SCN_yao_0038,Yaounde,Cameroon,fold_Yaounde,train,YAO_T0038,YAO_G0038,EPSG:32632,10,2023-11-05,2023-11-25,S1_SCN_yao_0038_a,S1_SCN_yao_0038_b,S2_SCN_yao_0038_a,S2_SCN_yao_0038_b,CLD_SCN_yao_0038_a,CLD_SCN_yao_0038_b,labels/SCN_yao_0038.npz,0.124,wet,texture_complex,open_buildings,adjudicated,scene_v2,mean_pixel_probability_across_t1_t2,,,,True,,False,,
SCN_yao_0039,Yaounde,Cameroon,fold_Yaounde,train,YAO_T0039,YAO_G0039,EPSG:32632,10,2023-08-05,2023-08-25,S1_SCN_yao_0039_a,S1_SCN_yao_0039_b,S2_SCN_yao_0039_a,S2_SCN_yao_0039_b,CLD_SCN_yao_0039_a,CLD_SCN_yao_0039_b,labels/SCN_yao_0039.npz,0.916,dry,regular,open_buildings,adjudicated,scene_v2,mean_pixel_probability_across_t1_t2,,,,True,,False,,
SCN_yao_0040,Yaounde,Cameroon,fold_Yaounde,train,YAO_T0040,YAO_G0040,EPSG:32632,10,2023-02-05,2023-02-25,S1_SCN_yao_0040_a,S1_SCN_yao_0040_b,S2_SCN_yao_0040_a,S2_SCN_yao_0040_b,CLD_SCN_yao_0040_a,CLD_SCN_yao_0040_b,labels/SCN_yao_0040.npz,0.074,dry,informal_small_roofs,open_buildings,adjudicated,scene_v2,mean_pixel_probability_across_t1_t2,,,,True,,False,,
SCN_yao_0041,Yaounde,Cameroon,fold_Yaounde,train,YAO_T0041,YAO_G0041,EPSG:32632,10,2023-09-05,2023-09-25,S1_SCN_yao_0041_a,S1_SCN_yao_0041_b,S2_SCN_yao_0041_a,S2_SCN_yao_0041_b,CLD_SCN_yao_0041_a,CLD_SCN_yao_0041_b,labels/SCN_yao_0041.npz,0.635,wet,texture_complex,open_buildings,adjudicated,scene_v2,mean_pixel_probability_across_t1_t2,,,,True,,False,,
SCN_yao_0042,Yaounde,Cameroon,fold_Yaounde,train,YAO_T0042,YAO_G0042,EPSG:32632,10,2023-08-05,2023-08-25,S1_SCN_yao_0042_a,S1_SCN_yao_0042_b,S2_SCN_yao_0042_a,S2_SCN_yao_0042_b,CLD_SCN_yao_0042_a,CLD_SCN_yao_0042_b,labels/SCN_yao_0042.npz,0.282,dry,regular,open_buildings,adjudicated,scene_v2,mean_pixel_probability_across_t1_t2,,,,True,,False,,
SCN_yao_0043,Yaounde,Cameroon,fold_Yaounde,train,YAO_T0043,YAO_G0043,EPSG:32632,10,2023-06-05,2023-06-25,S1_SCN_yao_0043_a,S1_SCN_yao_0043_b,S2_SCN_yao_0043_a,S2_SCN_yao_0043_b,CLD_SCN_yao_0043_a,CLD_SCN_yao_0043_b,labels/SCN_yao_0043.npz,0.142,dry,informal_small_roofs,open_buildings,adjudicated,scene_v2,mean_pixel_probability_across_t1_t2,,,,True,,False,,
SCN_yao_0044,Yaounde,Cameroon,fold_Yaounde,train,YAO_T0044,YAO_G0044,EPSG:32632,10,2023-07-05,2023-07-25,S1_SCN_yao_0044_a,S1_SCN_yao_0044_b,S2_SCN_yao_0044_a,S2_SCN_yao_0044_b,CLD_SCN_yao_0044_a,CLD_SCN_yao_0044_b,labels/SCN_yao_0044.npz,0.319,dry,texture_complex,open_buildings,adjudicated,scene_v2,mean_pixel_probability_across_t1_t2,,,,True,,False,,
SCN_yao_0045,Yaounde,Cameroon,fold_Yaounde,train,YAO_T0045,YAO_G0045,EPSG:32632,10,2023-09-05,2023-09-25,S1_SCN_yao_0045_a,S1_SCN_yao_0045_b,S2_SCN_yao_0045_a,S2_SCN_yao_0045_b,CLD_SCN_yao_0045_a,CLD_SCN_yao_0045_b,labels/SCN_yao_0045.npz,0.76,wet,regular,open_buildings,adjudicated,scene_v2,mean_pixel_probability_across_t1_t2,,,,True,,False,,
SCN_yao_0046,Yaounde,Cameroon,fold_Yaounde,train,YAO_T0046,YAO_G0046,EPSG:32632,10,2023-04-05,2023-04-25,S1_SCN_yao_0046_a,S1_SCN_yao_0046_b,S2_SCN_yao_0046_a,S2_SCN_yao_0046_b,CLD_SCN_yao_0046_a,CLD_SCN_yao_0046_b,labels/SCN_yao_0046.npz,0.47,wet,informal_small_roofs,open_buildings,adjudicated,scene_v2,mean_pixel_probability_across_t1_t2,,,,True,,False,,
SCN_yao_0047,Yaounde,Cameroon,fold_Yaounde,train,YAO_T0047,YAO_G0047,EPSG:32632,10,2023-05-05,2023-05-25,S1_SCN_yao_0047_a,S1_SCN_yao_0047_b,S2_SCN_yao_0047_a,S2_SCN_yao_0047_b,CLD_SCN_yao_0047_a,CLD_SCN_yao_0047_b,labels/SCN_yao_0047.npz,0.89,wet,texture_complex,open_buildings,adjudicated,scene_v2,mean_pixel_probability_across_t1_t2,,,,True,,False,,
SCN_yao_0048,Yaounde,Cameroon,fold_Yaounde,train,YAO_T0048,YAO_G0048,EPSG:32632,10,2023-06-05,2023-06-25,S1_SCN_yao_0048_a,S1_SCN_yao_0048_b,S2_SCN_yao_0048_a,S2_SCN_yao_0048_b,CLD_SCN_yao_0048_a,CLD_SCN_yao_0048_b,labels/SCN_yao_0048.npz,0.946,dry,regular,open_buildings,adjudicated,scene_v2,mean_pixel_probability_across_t1_t2,,,,True,,False,,
SCN_yao_0049,Yaounde,Cameroon,fold_Yaounde,train,YAO_T0049,YAO_G0049,EPSG:32632,10,2023-03-05,2023-03-25,S1_SCN_yao_0049_a,S1_SCN_yao_0049_b,S2_SCN_yao_0049_a,S2_SCN_yao_0049_b,CLD_SCN_yao_0049_a,CLD_SCN_yao_0049_b,labels/SCN_yao_0049.npz,0.913,wet,informal_small_roofs,open_buildings,adjudicated,scene_v2,mean_pixel_probability_across_t1_t2,,,,True,,False,,
SCN_yao_0050,Yaounde,Cameroon,fold_Yaounde,validation,YAO_T0050,YAO_G0050,EPSG:32632,10,2023-02-05,2023-02-25,S1_SCN_yao_0050_a,S1_SCN_yao_0050_b,S2_SCN_yao_0050_a,S2_SCN_yao_0050_b,CLD_SCN_yao_0050_a,CLD_SCN_yao_0050_b,labels/SCN_yao_0050.npz,0.171,dry,texture_complex,open_buildings,adjudicated,scene_v2,mean_pixel_probability_across_t1_t2,,,,True,,False,,
SCN_yao_0051,Yaounde,Cameroon,fold_Yaounde,validation,YAO_T0051,YAO_G0051,EPSG:32632,10,2023-10-05,2023-10-25,S1_SCN_yao_0051_a,S1_SCN_yao_0051_b,S2_SCN_yao_0051_a,S2_SCN_yao_0051_b,CLD_SCN_yao_0051_a,CLD_SCN_yao_0051_b,labels/SCN_yao_0051.npz,0.646,wet,regular,open_buildings,adjudicated,scene_v2,mean_pixel_probability_across_t1_t2,,,,True,,False,,
SCN_yao_0052,Yaounde,Cameroon,fold_Yaounde,validation,YAO_T0052,YAO_G0052,EPSG:32632,10,2023-01-05,2023-01-25,S1_SCN_yao_0052_a,S1_SCN_yao_0052_b,S2_SCN_yao_0052_a,S2_SCN_yao_0052_b,CLD_SCN_yao_0052_a,CLD_SCN_yao_0052_b,labels/SCN_yao_0052.npz,0.307,dry,informal_small_roofs,open_buildings,adjudicated,scene_v2,mean_pixel_probability_across_t1_t2,,,,True,,False,,
SCN_yao_0053,Yaounde,Cameroon,fold_Yaounde,validation,YAO_T0053,YAO_G0053,EPSG:32632,10,2023-02-05,2023-02-25,S1_SCN_yao_0053_a,S1_SCN_yao_0053_b,S2_SCN_yao_0053_a,S2_SCN_yao_0053_b,CLD_SCN_yao_0053_a,CLD_SCN_yao_0053_b,labels/SCN_yao_0053.npz,0.724,dry,texture_complex,open_buildings,adjudicated,scene_v2,mean_pixel_probability_across_t1_t2,,,,True,,False,,
SCN_yao_0054,Yaounde,Cameroon,fold_Yaounde,validation,YAO_T0054,YAO_G0054,EPSG:32632,10,2023-06-05,2023-06-25,S1_SCN_yao_0054_a,S1_SCN_yao_0054_b,S2_SCN_yao_0054_a,S2_SCN_yao_0054_b,CLD_SCN_yao_0054_a,CLD_SCN_yao_0054_b,labels/SCN_yao_0054.npz,0.601,dry,regular,open_buildings,adjudicated,scene_v2,mean_pixel_probability_across_t1_t2,,,,True,,False,,
SCN_yao_0055,Yaounde,Cameroon,fold_Yaounde,validation,YAO_T0055,YAO_G0055,EPSG:32632,10,2023-09-05,2023-09-25,S1_SCN_yao_0055_a,S1_SCN_yao_0055_b,S2_SCN_yao_0055_a,S2_SCN_yao_0055_b,CLD_SCN_yao_0055_a,CLD_SCN_yao_0055_b,labels/SCN_yao_0055.npz,0.114,wet,informal_small_roofs,open_buildings,adjudicated,scene_v2,mean_pixel_probability_across_t1_t2,,,,True,,False,,
SCN_yao_0056,Yaounde,Cameroon,fold_Yaounde,validation,YAO_T0056,YAO_G0056,EPSG:32632,10,2023-01-05,2023-01-25,S1_SCN_yao_0056_a,S1_SCN_yao_0056_b,S2_SCN_yao_0056_a,S2_SCN_yao_0056_b,CLD_SCN_yao_0056_a,CLD_SCN_yao_0056_b,labels/SCN_yao_0056.npz,0.372,dry,texture_complex,open_buildings,adjudicated,scene_v2,mean_pixel_probability_across_t1_t2,,,,True,,False,,
SCN_yao_0057,Yaounde,Cameroon,fold_Yaounde,validation,YAO_T0057,YAO_G0057,EPSG:32632,10,2023-02-05,2023-02-25,S1_SCN_yao_0057_a,S1_SCN_yao_0057_b,S2_SCN_yao_0057_a,S2_SCN_yao_0057_b,CLD_SCN_yao_0057_a,CLD_SCN_yao_0057_b,labels/SCN_yao_0057.npz,0.056,dry,regular,open_buildings,adjudicated,scene_v2,mean_pixel_probability_across_t1_t2,,,,True,,False,,
SCN_yao_0058,Yaounde,Cameroon,fold_Yaounde,test,YAO_T0058,YAO_G0058,EPSG:32632,10,2023-06-05,2023-06-25,S1_SCN_yao_0058_a,S1_SCN_yao_0058_b,S2_SCN_yao_0058_a,S2_SCN_yao_0058_b,CLD_SCN_yao_0058_a,CLD_SCN_yao_0058_b,labels/SCN_yao_0058.npz,0.289,dry,informal_small_roofs,open_buildings,adjudicated,scene_v2,mean_pixel_probability_across_t1_t2,recomputed_from_shared_scene_arrays,0.943034,0.991071,True,arrays/SCN_yao_0058.npz,True,clouds/SCN_yao_0058_t1.npz,clouds/SCN_yao_0058_t2.npz
SCN_yao_0059,Yaounde,Cameroon,fold_Yaounde,test,YAO_T0059,YAO_G0059,EPSG:32632,10,2023-04-05,2023-04-25,S1_SCN_yao_0059_a,S1_SCN_yao_0059_b,S2_SCN_yao_0059_a,S2_SCN_yao_0059_b,CLD_SCN_yao_0059_a,CLD_SCN_yao_0059_b,labels/SCN_yao_0059.npz,0.357,wet,texture_complex,open_buildings,adjudicated,scene_v2,mean_pixel_probability_across_t1_t2,recomputed_from_shared_scene_arrays,0.962023,1.000000,True,arrays/SCN_yao_0059.npz,True,clouds/SCN_yao_0059_t1.npz,clouds/SCN_yao_0059_t2.npz
SCN_yao_0060,Yaounde,Cameroon,fold_Yaounde,test,YAO_T0060,YAO_G0060,EPSG:32632,10,2023-11-05,2023-11-25,S1_SCN_yao_0060_a,S1_SCN_yao_0060_b,S2_SCN_yao_0060_a,S2_SCN_yao_0060_b,CLD_SCN_yao_0060_a,CLD_SCN_yao_0060_b,labels/SCN_yao_0060.npz,0.801,wet,regular,open_buildings,adjudicated,scene_v2,mean_pixel_probability_across_t1_t2,recomputed_from_shared_scene_arrays,0.231879,0.315589,True,arrays/SCN_yao_0060.npz,True,clouds/SCN_yao_0060_t1.npz,clouds/SCN_yao_0060_t2.npz
SCN_yao_0061,Yaounde,Cameroon,fold_Yaounde,test,YAO_T0061,YAO_G0061,EPSG:32632,10,2023-02-05,2023-02-25,S1_SCN_yao_0061_a,S1_SCN_yao_0061_b,S2_SCN_yao_0061_a,S2_SCN_yao_0061_b,CLD_SCN_yao_0061_a,CLD_SCN_yao_0061_b,labels/SCN_yao_0061.npz,0.735,dry,informal_small_roofs,open_buildings,adjudicated,scene_v2,mean_pixel_probability_across_t1_t2,recomputed_from_shared_scene_arrays,0.395508,0.376068,True,arrays/SCN_yao_0061.npz,True,clouds/SCN_yao_0061_t1.npz,clouds/SCN_yao_0061_t2.npz
SCN_yao_0062,Yaounde,Cameroon,fold_Yaounde,test,YAO_T0062,YAO_G0062,EPSG:32632,10,2023-01-05,2023-01-25,S1_SCN_yao_0062_a,S1_SCN_yao_0062_b,S2_SCN_yao_0062_a,S2_SCN_yao_0062_b,CLD_SCN_yao_0062_a,CLD_SCN_yao_0062_b,labels/SCN_yao_0062.npz,0.256,dry,texture_complex,open_buildings,adjudicated,scene_v2,mean_pixel_probability_across_t1_t2,recomputed_from_shared_scene_arrays,0.990343,1.000000,True,arrays/SCN_yao_0062.npz,True,clouds/SCN_yao_0062_t1.npz,clouds/SCN_yao_0062_t2.npz
SCN_yao_0063,Yaounde,Cameroon,fold_Yaounde,test,YAO_T0063,YAO_G0063,EPSG:32632,10,2023-08-05,2023-08-25,S1_SCN_yao_0063_a,S1_SCN_yao_0063_b,S2_SCN_yao_0063_a,S2_SCN_yao_0063_b,CLD_SCN_yao_0063_a,CLD_SCN_yao_0063_b,labels/SCN_yao_0063.npz,0.848301,dry,regular,open_buildings,adjudicated,scene_v2,mean_pixel_probability_across_t1_t2,recomputed_from_shared_scene_arrays,0.099067,0.359184,True,arrays/SCN_yao_0063.npz,True,clouds/SCN_yao_0063_t1.npz,clouds/SCN_yao_0063_t2.npz
SCN_yao_0064,Yaounde,Cameroon,fold_Yaounde,test,YAO_T0064,YAO_G0064,EPSG:32632,10,2023-07-05,2023-07-25,S1_SCN_yao_0064_a,S1_SCN_yao_0064_b,S2_SCN_yao_0064_a,S2_SCN_yao_0064_b,CLD_SCN_yao_0064_a,CLD_SCN_yao_0064_b,labels/SCN_yao_0064.npz,0.061,dry,informal_small_roofs,open_buildings,adjudicated,scene_v2,mean_pixel_probability_across_t1_t2,recomputed_from_shared_scene_arrays,1.000000,1.000000,True,arrays/SCN_yao_0064.npz,True,clouds/SCN_yao_0064_t1.npz,clouds/SCN_yao_0064_t2.npz
SCN_yao_0065,Yaounde,Cameroon,fold_Yaounde,test,YAO_T0065,YAO_G0065,EPSG:32632,10,2023-09-05,2023-09-25,S1_SCN_yao_0065_a,S1_SCN_yao_0065_b,S2_SCN_yao_0065_a,S2_SCN_yao_0065_b,CLD_SCN_yao_0065_a,CLD_SCN_yao_0065_b,labels/SCN_yao_0065.npz,0.241,wet,texture_complex,open_buildings,adjudicated,scene_v2,mean_pixel_probability_across_t1_t2,recomputed_from_shared_scene_arrays,0.986003,1.000000,True,arrays/SCN_yao_0065.npz,True,clouds/SCN_yao_0065_t1.npz,clouds/SCN_yao_0065_t2.npz
SCN_yao_0066,Yaounde,Cameroon,fold_Yaounde,test,YAO_T0066,YAO_G0066,EPSG:32632,10,2023-03-05,2023-03-25,S1_SCN_yao_0066_a,S1_SCN_yao_0066_b,S2_SCN_yao_0066_a,S2_SCN_yao_0066_b,CLD_SCN_yao_0066_a,CLD_SCN_yao_0066_b,labels/SCN_yao_0066.npz,0.816322,wet,regular,open_buildings,adjudicated,scene_v2,mean_pixel_probability_across_t1_t2,recomputed_from_shared_scene_arrays,0.203885,0.358025,True,arrays/SCN_yao_0066.npz,True,clouds/SCN_yao_0066_t1.npz,clouds/SCN_yao_0066_t2.npz
SCN_yao_0067,Yaounde,Cameroon,fold_Yaounde,test,YAO_T0067,YAO_G0067,EPSG:32632,10,2023-10-05,2023-10-25,S1_SCN_yao_0067_a,S1_SCN_yao_0067_b,S2_SCN_yao_0067_a,S2_SCN_yao_0067_b,CLD_SCN_yao_0067_a,CLD_SCN_yao_0067_b,labels/SCN_yao_0067.npz,0.24,wet,informal_small_roofs,open_buildings,adjudicated,scene_v2,mean_pixel_probability_across_t1_t2,recomputed_from_shared_scene_arrays,1.000000,1.000000,True,arrays/SCN_yao_0067.npz,True,clouds/SCN_yao_0067_t1.npz,clouds/SCN_yao_0067_t2.npz
SCN_yao_0068,Yaounde,Cameroon,fold_Yaounde,test,YAO_T0068,YAO_G0068,EPSG:32632,10,2023-10-05,2023-10-25,S1_SCN_yao_0068_a,S1_SCN_yao_0068_b,S2_SCN_yao_0068_a,S2_SCN_yao_0068_b,CLD_SCN_yao_0068_a,CLD_SCN_yao_0068_b,labels/SCN_yao_0068.npz,0.602,wet,texture_complex,open_buildings,adjudicated,scene_v2,mean_pixel_probability_across_t1_t2,recomputed_from_shared_scene_arrays,0.589952,0.551724,True,arrays/SCN_yao_0068.npz,True,clouds/SCN_yao_0068_t1.npz,clouds/SCN_yao_0068_t2.npz
SCN_yao_0069,Yaounde,Cameroon,fold_Yaounde,test,YAO_T0069,YAO_G0069,EPSG:32632,10,2023-10-05,2023-10-25,S1_SCN_yao_0069_a,S1_SCN_yao_0069_b,S2_SCN_yao_0069_a,S2_SCN_yao_0069_b,CLD_SCN_yao_0069_a,CLD_SCN_yao_0069_b,labels/SCN_yao_0069.npz,0.765597,wet,regular,open_buildings,adjudicated,scene_v2,mean_pixel_probability_across_t1_t2,recomputed_from_shared_scene_arrays,0.183594,0.448087,True,arrays/SCN_yao_0069.npz,True,clouds/SCN_yao_0069_t1.npz,clouds/SCN_yao_0069_t2.npz
SCN_yao_0070,Yaounde,Cameroon,fold_Yaounde,pretrain_pool,YAO_T0070,YAO_G0070,EPSG:32632,10,2023-02-05,2023-02-25,S1_SCN_yao_0070_a,S1_SCN_yao_0070_b,S2_SCN_yao_0070_a,S2_SCN_yao_0070_b,CLD_SCN_yao_0070_a,CLD_SCN_yao_0070_b,,0.366,dry,informal_small_roofs,open_buildings,unlabeled,scene_v2,mean_pixel_probability_across_t1_t2,,,,False,,False,,
SCN_yao_0071,Yaounde,Cameroon,fold_Yaounde,pretrain_pool,YAO_T0071,YAO_G0071,EPSG:32632,10,2023-11-05,2023-11-25,S1_SCN_yao_0071_a,S1_SCN_yao_0071_b,S2_SCN_yao_0071_a,S2_SCN_yao_0071_b,CLD_SCN_yao_0071_a,CLD_SCN_yao_0071_b,,0.335,wet,texture_complex,open_buildings,unlabeled,scene_v2,mean_pixel_probability_across_t1_t2,,,,False,,False,,
SCN_yao_0072,Yaounde,Cameroon,fold_Yaounde,pretrain_pool,YAO_T0072,YAO_G0072,EPSG:32632,10,2023-02-05,2023-02-25,S1_SCN_yao_0072_a,S1_SCN_yao_0072_b,S2_SCN_yao_0072_a,S2_SCN_yao_0072_b,CLD_SCN_yao_0072_a,CLD_SCN_yao_0072_b,,0.413,dry,regular,open_buildings,unlabeled,scene_v2,mean_pixel_probability_across_t1_t2,,,,False,,False,,
SCN_yao_0073,Yaounde,Cameroon,fold_Yaounde,pretrain_pool,YAO_T0073,YAO_G0073,EPSG:32632,10,2023-04-05,2023-04-25,S1_SCN_yao_0073_a,S1_SCN_yao_0073_b,S2_SCN_yao_0073_a,S2_SCN_yao_0073_b,CLD_SCN_yao_0073_a,CLD_SCN_yao_0073_b,,0.187,wet,informal_small_roofs,open_buildings,unlabeled,scene_v2,mean_pixel_probability_across_t1_t2,,,,False,,False,,
SCN_yao_0074,Yaounde,Cameroon,fold_Yaounde,pretrain_pool,YAO_T0074,YAO_G0074,EPSG:32632,10,2023-03-05,2023-03-25,S1_SCN_yao_0074_a,S1_SCN_yao_0074_b,S2_SCN_yao_0074_a,S2_SCN_yao_0074_b,CLD_SCN_yao_0074_a,CLD_SCN_yao_0074_b,,0.312,wet,texture_complex,open_buildings,unlabeled,scene_v2,mean_pixel_probability_across_t1_t2,,,,False,,False,,
SCN_yao_0075,Yaounde,Cameroon,fold_Yaounde,pretrain_pool,YAO_T0075,YAO_G0075,EPSG:32632,10,2023-10-05,2023-10-25,S1_SCN_yao_0075_a,S1_SCN_yao_0075_b,S2_SCN_yao_0075_a,S2_SCN_yao_0075_b,CLD_SCN_yao_0075_a,CLD_SCN_yao_0075_b,,0.119,wet,regular,open_buildings,unlabeled,scene_v2,mean_pixel_probability_across_t1_t2,,,,False,,False,,
SCN_yao_0076,Yaounde,Cameroon,fold_Yaounde,pretrain_pool,YAO_T0076,YAO_G0076,EPSG:32632,10,2023-05-05,2023-05-25,S1_SCN_yao_0076_a,S1_SCN_yao_0076_b,S2_SCN_yao_0076_a,S2_SCN_yao_0076_b,CLD_SCN_yao_0076_a,CLD_SCN_yao_0076_b,,0.705,wet,informal_small_roofs,open_buildings,unlabeled,scene_v2,mean_pixel_probability_across_t1_t2,,,,False,,False,,
SCN_yao_0077,Yaounde,Cameroon,fold_Yaounde,pretrain_pool,YAO_T0077,YAO_G0077,EPSG:32632,10,2023-09-05,2023-09-25,S1_SCN_yao_0077_a,S1_SCN_yao_0077_b,S2_SCN_yao_0077_a,S2_SCN_yao_0077_b,CLD_SCN_yao_0077_a,CLD_SCN_yao_0077_b,,0.406,wet,texture_complex,open_buildings,unlabeled,scene_v2,mean_pixel_probability_across_t1_t2,,,,False,,False,,
SCN_yao_0078,Yaounde,Cameroon,fold_Yaounde,pretrain_pool,YAO_T0078,YAO_G0078,EPSG:32632,10,2023-07-05,2023-07-25,S1_SCN_yao_0078_a,S1_SCN_yao_0078_b,S2_SCN_yao_0078_a,S2_SCN_yao_0078_b,CLD_SCN_yao_0078_a,CLD_SCN_yao_0078_b,,0.372,dry,regular,open_buildings,unlabeled,scene_v2,mean_pixel_probability_across_t1_t2,,,,False,,False,,
SCN_yao_0079,Yaounde,Cameroon,fold_Yaounde,pretrain_pool,YAO_T0079,YAO_G0079,EPSG:32632,10,2023-06-05,2023-06-25,S1_SCN_yao_0079_a,S1_SCN_yao_0079_b,S2_SCN_yao_0079_a,S2_SCN_yao_0079_b,CLD_SCN_yao_0079_a,CLD_SCN_yao_0079_b,,0.589,dry,informal_small_roofs,open_buildings,unlabeled,scene_v2,mean_pixel_probability_across_t1_t2,,,,False,,False,,
SCN_yao_0080,Yaounde,Cameroon,fold_Yaounde,pretrain_pool,YAO_T0080,YAO_G0080,EPSG:32632,10,2023-04-05,2023-04-25,S1_SCN_yao_0080_a,S1_SCN_yao_0080_b,S2_SCN_yao_0080_a,S2_SCN_yao_0080_b,CLD_SCN_yao_0080_a,CLD_SCN_yao_0080_b,,0.102,wet,texture_complex,open_buildings,unlabeled,scene_v2,mean_pixel_probability_across_t1_t2,,,,False,,False,,
SCN_yao_0081,Yaounde,Cameroon,fold_Yaounde,pretrain_pool,YAO_T0081,YAO_G0081,EPSG:32632,10,2023-11-05,2023-11-25,S1_SCN_yao_0081_a,S1_SCN_yao_0081_b,S2_SCN_yao_0081_a,S2_SCN_yao_0081_b,CLD_SCN_yao_0081_a,CLD_SCN_yao_0081_b,,0.59,wet,regular,open_buildings,unlabeled,scene_v2,mean_pixel_probability_across_t1_t2,,,,False,,False,,
SCN_yao_0082,Yaounde,Cameroon,fold_Yaounde,pretrain_pool,YAO_T0082,YAO_G0082,EPSG:32632,10,2023-11-05,2023-11-25,S1_SCN_yao_0082_a,S1_SCN_yao_0082_b,S2_SCN_yao_0082_a,S2_SCN_yao_0082_b,CLD_SCN_yao_0082_a,CLD_SCN_yao_0082_b,,0.187,wet,informal_small_roofs,open_buildings,unlabeled,scene_v2,mean_pixel_probability_across_t1_t2,,,,False,,False,,
SCN_yao_0083,Yaounde,Cameroon,fold_Yaounde,pretrain_pool,YAO_T0083,YAO_G0083,EPSG:32632,10,2023-06-05,2023-06-25,S1_SCN_yao_0083_a,S1_SCN_yao_0083_b,S2_SCN_yao_0083_a,S2_SCN_yao_0083_b,CLD_SCN_yao_0083_a,CLD_SCN_yao_0083_b,,0.393,dry,texture_complex,open_buildings,unlabeled,scene_v2,mean_pixel_probability_across_t1_t2,,,,False,,False,,
SCN_yao_0084,Yaounde,Cameroon,fold_Yaounde,pretrain_pool,YAO_T0084,YAO_G0084,EPSG:32632,10,2023-06-05,2023-06-25,S1_SCN_yao_0084_a,S1_SCN_yao_0084_b,S2_SCN_yao_0084_a,S2_SCN_yao_0084_b,CLD_SCN_yao_0084_a,CLD_SCN_yao_0084_b,,0.567,dry,regular,open_buildings,unlabeled,scene_v2,mean_pixel_probability_across_t1_t2,,,,False,,False,,
SCN_yao_0085,Yaounde,Cameroon,fold_Yaounde,pretrain_pool,YAO_T0085,YAO_G0085,EPSG:32632,10,2023-04-05,2023-04-25,S1_SCN_yao_0085_a,S1_SCN_yao_0085_b,S2_SCN_yao_0085_a,S2_SCN_yao_0085_b,CLD_SCN_yao_0085_a,CLD_SCN_yao_0085_b,,0.408,wet,informal_small_roofs,open_buildings,unlabeled,scene_v2,mean_pixel_probability_across_t1_t2,,,,False,,False,,
SCN_yao_0086,Yaounde,Cameroon,fold_Yaounde,pretrain_pool,YAO_T0086,YAO_G0086,EPSG:32632,10,2023-01-05,2023-01-25,S1_SCN_yao_0086_a,S1_SCN_yao_0086_b,S2_SCN_yao_0086_a,S2_SCN_yao_0086_b,CLD_SCN_yao_0086_a,CLD_SCN_yao_0086_b,,0.445,dry,texture_complex,open_buildings,unlabeled,scene_v2,mean_pixel_probability_across_t1_t2,,,,False,,False,,
SCN_yao_0087,Yaounde,Cameroon,fold_Yaounde,pretrain_pool,YAO_T0087,YAO_G0087,EPSG:32632,10,2023-02-05,2023-02-25,S1_SCN_yao_0087_a,S1_SCN_yao_0087_b,S2_SCN_yao_0087_a,S2_SCN_yao_0087_b,CLD_SCN_yao_0087_a,CLD_SCN_yao_0087_b,,0.06,dry,regular,open_buildings,unlabeled,scene_v2,mean_pixel_probability_across_t1_t2,,,,False,,False,,
SCN_yao_0088,Yaounde,Cameroon,fold_Yaounde,pretrain_pool,YAO_T0088,YAO_G0088,EPSG:32632,10,2023-08-05,2023-08-25,S1_SCN_yao_0088_a,S1_SCN_yao_0088_b,S2_SCN_yao_0088_a,S2_SCN_yao_0088_b,CLD_SCN_yao_0088_a,CLD_SCN_yao_0088_b,,0.075,dry,informal_small_roofs,open_buildings,unlabeled,scene_v2,mean_pixel_probability_across_t1_t2,,,,False,,False,,
SCN_yao_0089,Yaounde,Cameroon,fold_Yaounde,pretrain_pool,YAO_T0089,YAO_G0089,EPSG:32632,10,2023-09-05,2023-09-25,S1_SCN_yao_0089_a,S1_SCN_yao_0089_b,S2_SCN_yao_0089_a,S2_SCN_yao_0089_b,CLD_SCN_yao_0089_a,CLD_SCN_yao_0089_b,,0.232,wet,texture_complex,open_buildings,unlabeled,scene_v2,mean_pixel_probability_across_t1_t2,,,,False,,False,,
SCN_yao_0090,Yaounde,Cameroon,fold_Yaounde,pretrain_pool,YAO_T0090,YAO_G0090,EPSG:32632,10,2023-10-05,2023-10-25,S1_SCN_yao_0090_a,S1_SCN_yao_0090_b,S2_SCN_yao_0090_a,S2_SCN_yao_0090_b,CLD_SCN_yao_0090_a,CLD_SCN_yao_0090_b,,0.528,wet,regular,open_buildings,unlabeled,scene_v2,mean_pixel_probability_across_t1_t2,,,,False,,False,,
SCN_yao_0091,Yaounde,Cameroon,fold_Yaounde,pretrain_pool,YAO_T0091,YAO_G0091,EPSG:32632,10,2023-01-05,2023-01-25,S1_SCN_yao_0091_a,S1_SCN_yao_0091_b,S2_SCN_yao_0091_a,S2_SCN_yao_0091_b,CLD_SCN_yao_0091_a,CLD_SCN_yao_0091_b,,0.801,dry,informal_small_roofs,open_buildings,unlabeled,scene_v2,mean_pixel_probability_across_t1_t2,,,,False,,False,,
SCN_yao_0092,Yaounde,Cameroon,fold_Yaounde,pretrain_pool,YAO_T0092,YAO_G0092,EPSG:32632,10,2023-08-05,2023-08-25,S1_SCN_yao_0092_a,S1_SCN_yao_0092_b,S2_SCN_yao_0092_a,S2_SCN_yao_0092_b,CLD_SCN_yao_0092_a,CLD_SCN_yao_0092_b,,0.286,dry,texture_complex,open_buildings,unlabeled,scene_v2,mean_pixel_probability_across_t1_t2,,,,False,,False,,
SCN_yao_0093,Yaounde,Cameroon,fold_Yaounde,pretrain_pool,YAO_T0093,YAO_G0093,EPSG:32632,10,2023-08-05,2023-08-25,S1_SCN_yao_0093_a,S1_SCN_yao_0093_b,S2_SCN_yao_0093_a,S2_SCN_yao_0093_b,CLD_SCN_yao_0093_a,CLD_SCN_yao_0093_b,,0.895,dry,regular,open_buildings,unlabeled,scene_v2,mean_pixel_probability_across_t1_t2,,,,False,,False,,
SCN_yao_0094,Yaounde,Cameroon,fold_Yaounde,pretrain_pool,YAO_T0094,YAO_G0094,EPSG:32632,10,2023-02-05,2023-02-25,S1_SCN_yao_0094_a,S1_SCN_yao_0094_b,S2_SCN_yao_0094_a,S2_SCN_yao_0094_b,CLD_SCN_yao_0094_a,CLD_SCN_yao_0094_b,,0.85,dry,informal_small_roofs,open_buildings,unlabeled,scene_v2,mean_pixel_probability_across_t1_t2,,,,False,,False,,
SCN_yao_0095,Yaounde,Cameroon,fold_Yaounde,pretrain_pool,YAO_T0095,YAO_G0095,EPSG:32632,10,2023-10-05,2023-10-25,S1_SCN_yao_0095_a,S1_SCN_yao_0095_b,S2_SCN_yao_0095_a,S2_SCN_yao_0095_b,CLD_SCN_yao_0095_a,CLD_SCN_yao_0095_b,,0.69,wet,texture_complex,open_buildings,unlabeled,scene_v2,mean_pixel_probability_across_t1_t2,,,,False,,False,,
SCN_yao_0096,Yaounde,Cameroon,fold_Yaounde,pretrain_pool,YAO_T0096,YAO_G0096,EPSG:32632,10,2023-09-05,2023-09-25,S1_SCN_yao_0096_a,S1_SCN_yao_0096_b,S2_SCN_yao_0096_a,S2_SCN_yao_0096_b,CLD_SCN_yao_0096_a,CLD_SCN_yao_0096_b,,0.082,wet,regular,open_buildings,unlabeled,scene_v2,mean_pixel_probability_across_t1_t2,,,,False,,False,,
SCN_yao_0097,Yaounde,Cameroon,fold_Yaounde,pretrain_pool,YAO_T0097,YAO_G0097,EPSG:32632,10,2023-10-05,2023-10-25,S1_SCN_yao_0097_a,S1_SCN_yao_0097_b,S2_SCN_yao_0097_a,S2_SCN_yao_0097_b,CLD_SCN_yao_0097_a,CLD_SCN_yao_0097_b,,0.357,wet,informal_small_roofs,open_buildings,unlabeled,scene_v2,mean_pixel_probability_across_t1_t2,,,,False,,False,,
SCN_yao_0098,Yaounde,Cameroon,fold_Yaounde,pretrain_pool,YAO_T0098,YAO_G0098,EPSG:32632,10,2023-04-05,2023-04-25,S1_SCN_yao_0098_a,S1_SCN_yao_0098_b,S2_SCN_yao_0098_a,S2_SCN_yao_0098_b,CLD_SCN_yao_0098_a,CLD_SCN_yao_0098_b,,0.795,wet,texture_complex,open_buildings,unlabeled,scene_v2,mean_pixel_probability_across_t1_t2,,,,False,,False,,
SCN_yao_0099,Yaounde,Cameroon,fold_Yaounde,pretrain_pool,YAO_T0099,YAO_G0099,EPSG:32632,10,2023-05-05,2023-05-25,S1_SCN_yao_0099_a,S1_SCN_yao_0099_b,S2_SCN_yao_0099_a,S2_SCN_yao_0099_b,CLD_SCN_yao_0099_a,CLD_SCN_yao_0099_b,,0.773,wet,regular,open_buildings,unlabeled,scene_v2,mean_pixel_probability_across_t1_t2,,,,False,,False,,
