change_id,audit_tile_id,annotator_id,geometry_path,change_present,building_type,confidence,ambiguity_reason,proposed_by_open_buildings,stratum
CHG_clear_regular_0000,AUD_clear_regular_000,adjudicated,geoms/changes/CHG_clear_regular_0000.geojson,true,formal,high,,true,clear_regular
CHG_clear_regular_0001,AUD_clear_regular_001,adjudicated,geoms/changes/CHG_clear_regular_0001.geojson,true,formal,high,,false,clear_regular
CHG_clear_regular_0002,AUD_clear_regular_002,adjudicated,geoms/changes/CHG_clear_regular_0002.geojson,true,formal,high,,true,clear_regular
CHG_clear_regular_0003,AUD_clear_regular_003,adjudicated,geoms/changes/CHG_clear_regular_0003.geojson,true,formal,high,,true,clear_regular
CHG_clear_regular_0004,AUD_clear_regular_004,adjudicated,geoms/changes/CHG_clear_regular_0004.geojson,true,formal,high,,true,clear_regular
CHG_clear_regular_0005,AUD_clear_regular_005,adjudicated,geoms/changes/CHG_clear_regular_0005.geojson,true,formal,high,,true,clear_regular
CHG_clear_regular_0006,AUD_clear_regular_006,adjudicated,geoms/changes/CHG_clear_regular_0006.geojson,true,formal,high,,false,clear_regular
CHG_clear_regular_0007,AUD_clear_regular_007,adjudicated,geoms/changes/CHG_clear_regular_0007.geojson,true,formal,high,,true,clear_regular
CHG_clear_regular_0008,AUD_clear_regular_008,adjudicated,geoms/changes/CHG_clear_regular_0008.geojson,true,formal,high,,true,clear_regular
CHG_clear_regular_0009,AUD_clear_regular_009,adjudicated,geoms/changes/CHG_clear_regular_0009.geojson,true,formal,high,,false,clear_regular
CHG_clear_regular_0010,AUD_clear_regular_010,adjudicated,geoms/changes/CHG_clear_regular_0010.geojson,true,formal,high,,true,clear_regular
CHG_clear_regular_0011,AUD_clear_regular_011,adjudicated,geoms/changes/CHG_clear_regular_0011.geojson,true,formal,high,,true,clear_regular
CHG_clear_regular_0012,AUD_clear_regular_012,adjudicated,geoms/changes/CHG_clear_regular_0012.geojson,true,formal,high,,true,clear_regular
CHG_clear_regular_0013,AUD_clear_regular_013,adjudicated,geoms/changes/CHG_clear_regular_0013.geojson,true,formal,high,,true,clear_regular
CHG_clear_regular_0014,AUD_clear_regular_014,adjudicated,geoms/changes/CHG_clear_regular_0014.geojson,true,formal,high,,true,clear_regular
CHG_clear_regular_0015,AUD_clear_regular_015,adjudicated,geoms/changes/CHG_clear_regular_0015.geojson,true,formal,high,,true,clear_regular
CHG_clear_regular_0016,AUD_clear_regular_016,adjudicated,geoms/changes/CHG_clear_regular_0016.geojson,true,formal,high,,false,clear_regular
CHG_clear_regular_0017,AUD_clear_regular_017,adjudicated,geoms/changes/CHG_clear_regular_0017.geojson,true,formal,high,,false,clear_regular
CHG_clear_regular_0018,AUD_clear_regular_018,adjudicated,geoms/changes/CHG_clear_regular_0018.geojson,true,formal,high,,true,clear_regular
CHG_clear_regular_0019,AUD_clear_regular_019,adjudicated,geoms/changes/CHG_clear_regular_0019.geojson,true,formal,high,,true,clear_regular
CHG_clear_regular_0020,AUD_clear_regular_020,adjudicated,geoms/changes/CHG_clear_regular_0020.geojson,true,formal,high,,true,clear_regular
CHG_clear_regular_0021,AUD_clear_regular_021,adjudicated,geoms/changes/CHG_clear_regular_0021.geojson,true,formal,high,,false,clear_regular
CHG_clear_regular_0022,AUD_clear_regular_022,adjudicated,geoms/changes/CHG_clear_regular_0022.geojson,true,formal,high,,true,clear_regular
CHG_clear_regular_0023,AUD_clear_regular_023,adjudicated,geoms/changes/CHG_clear_regular_0023.geojson,true,formal,medium,partial_occlusion,true,clear_regular
CHG_clear_regular_0024,AUD_clear_regular_024,adjudicated,geoms/changes/CHG_clear_regular_0024.geojson,true,formal,high,,true,clear_regular
CHG_clear_regular_0025,AUD_clear_regular_025,adjudicated,geoms/changes/CHG_clear_regular_0025.geojson,true,formal,high,,true,clear_regular
CHG_clear_regular_0026,AUD_clear_regular_026,adjudicated,geoms/changes/CHG_clear_regular_0026.geojson,true,formal,high,,true,clear_regular
CHG_clear_regular_0027,AUD_clear_regular_027,adjudicated,geoms/changes/CHG_clear_regular_0027.geojson,true,formal,high,,true,clear_regular
CHG_clear_regular_0028,AUD_clear_regular_028,adjudicated,geoms/changes/CHG_clear_regular_0028.geojson,true,formal,high,,true,clear_regular
CHG_clear_regular_0029,AUD_clear_regular_029,adjudicated,geoms/changes/CHG_clear_regular_0029.geojson,true,formal,high,,true,clear_regular
CHG_clear_regular_0030,AUD_clear_regular_030,adjudicated,geoms/changes/CHG_clear_regular_0030.geojson,true,formal,high,,true,clear_regular
CHG_clear_regular_0031,AUD_clear_regular_031,adjudicated,geoms/changes/CHG_clear_regular_0031.geojson,true,formal,high,,false,clear_regular
CHG_clear_regular_0032,AUD_clear_regular_032,adjudicated,geoms/changes/CHG_clear_regular_0032.geojson,true,formal,medium,partial_occlusion,true,clear_regular
CHG_clear_regular_0033,AUD_clear_regular_033,adjudicated,geoms/changes/CHG_clear_regular_0033.geojson,true,formal,high,,false,clear_regular
CHG_clear_regular_0034,AUD_clear_regular_034,adjudicated,geoms/changes/CHG_clear_regular_0034.geojson,true,formal,high,,true,clear_regular
CHG_clear_regular_0035,AUD_clear_regular_035,adjudicated,geoms/changes/CHG_clear_regular_0035.geojson,true,formal,medium,partial_occlusion,false,clear_regular
CHG_clear_regular_0036,AUD_clear_regular_036,adjudicated,geoms/changes/CHG_clear_regular_0036.geojson,true,formal,high,,false,clear_regular
CHG_clear_regular_0037,AUD_clear_regular_037,adjudicated,geoms/changes/CHG_clear_regular_0037.geojson,true,formal,high,,true,clear_regular
CHG_clear_regular_0038,AUD_clear_regular_038,adjudicated,geoms/changes/CHG_clear_regular_0038.geojson,true,formal,high,,true,clear_regular
CHG_clear_regular_0039,AUD_clear_regular_039,adjudicated,geoms/changes/CHG_clear_regular_0039.geojson,true,formal,high,,false,clear_regular
CHG_clear_regular_0040,AUD_clear_regular_040,adjudicated,geoms/changes/CHG_clear_regular_0040.geojson,true,formal,high,,true,clear_regular
CHG_clear_regular_0041,AUD_clear_regular_041,adjudicated,geoms/changes/CHG_clear_regular_0041.geojson,true,formal,medium,partial_occlusion,true,clear_regular
CHG_clear_regular_0042,AUD_clear_regular_042,adjudicated,geoms/changes/CHG_clear_regular_0042.geojson,true,formal,high,,true,clear_regular
CHG_clear_regular_0043,AUD_clear_regular_043,adjudicated,geoms/changes/CHG_clear_regular_0043.geojson,true,formal,high,,true,clear_regular
CHG_clear_regular_0044,AUD_clear_regular_044,adjudicated,geoms/changes/CHG_clear_regular_0044.geojson,true,formal,high,,false,clear_regular
CHG_clear_regular_0045,AUD_clear_regular_045,adjudicated,geoms/changes/CHG_clear_regular_0045.geojson,true,formal,medium,partial_occlusion,true,clear_regular
CHG_clear_regular_0046,AUD_clear_regular_046,adjudicated,geoms/changes/CHG_clear_regular_0046.geojson,true,formal,high,,true,clear_regular
CHG_clear_regular_0047,AUD_clear_regular_047,adjudicated,geoms/changes/CHG_clear_regular_0047.geojson,true,formal,high,,true,clear_regular
CHG_clear_regular_0048,AUD_clear_regular_048,adjudicated,geoms/changes/CHG_clear_regular_0048.geojson,true,formal,high,,true,clear_regular
CHG_clear_regular_0049,AUD_clear_regular_049,adjudicated,geoms/changes/CHG_clear_regular_0049.geojson,true,formal,high,,true,clear_regular
CHG_clear_regular_0050,AUD_clear_regular_050,adjudicated,geoms/changes/CHG_clear_regular_0050.geojson,true,formal,medium,partial_occlusion,true,clear_regular
CHG_clear_regular_0051,AUD_clear_regular_051,adjudicated,geoms/changes/CHG_clear_regular_0051.geojson,true,formal,high,,true,clear_regular
CHG_clear_regular_0052,AUD_clear_regular_052,adjudicated,geoms/changes/CHG_clear_regular_0052.geojson,true,formal,high,,true,clear_regular
CHG_clear_regular_0053,AUD_clear_regular_053,adjudicated,geoms/changes/CHG_clear_regular_0053.geojson,true,formal,high,,true,clear_regular
CHG_clear_regular_0054,AUD_clear_regular_054,adjudicated,geoms/changes/CHG_clear_regular_0054.geojson,true,formal,high,,true,clear_regular
CHG_clear_regular_0055,AUD_clear_regular_055,adjudicated,geoms/changes/CHG_clear_regular_0055.geojson,true,formal,high,,true,clear_regular
CHG_clear_regular_0056,AUD_clear_regular_056,adjudicated,geoms/changes/CHG_clear_regular_0056.geojson,true,formal,high,,true,clear_regular
CHG_clear_regular_0057,AUD_clear_regular_057,adjudicated,geoms/changes/CHG_clear_regular_0057.geojson,true,formal,high,,true,clear_regular
CHG_clear_regular_0058,AUD_clear_regular_058,adjudicated,geoms/changes/CHG_clear_regular_0058.geojson,true,formal,high,,true,clear_regular
CHG_clear_regular_0059,AUD_clear_regular_059,adjudicated,geoms/changes/CHG_clear_regular_0059.geojson,true,formal,high,,true,clear_regular
CHG_clear_regular_0060,AUD_clear_regular_000,adjudicated,geoms/changes/CHG_clear_regular_0060.geojson,true,formal,high,,true,clear_regular
CHG_clear_regular_0061,AUD_clear_regular_001,adjudicated,geoms/changes/CHG_clear_regular_0061.geojson,true,formal,high,,true,clear_regular
CHG_clear_regular_0062,AUD_clear_regular_002,adjudicated,geoms/changes/CHG_clear_regular_0062.geojson,true,formal,high,,false,clear_regular
CHG_clear_regular_0063,AUD_clear_regular_003,adjudicated,geoms/changes/CHG_clear_regular_0063.geojson,true,formal,medium,partial_occlusion,true,clear_regular
CHG_clear_regular_0064,AUD_clear_regular_004,adjudicated,geoms/changes/CHG_clear_regular_0064.geojson,true,formal,high,,true,clear_regular
CHG_clear_regular_0065,AUD_clear_regular_005,adjudicated,geoms/changes/CHG_clear_regular_0065.geojson,true,formal,high,,true,clear_regular
CHG_clear_regular_0066,AUD_clear_regular_006,adjudicated,geoms/changes/CHG_clear_regular_0066.geojson,true,formal,high,,true,clear_regular
CHG_clear_regular_0067,AUD_clear_regular_007,adjudicated,geoms/changes/CHG_clear_regular_0067.geojson,true,formal,high,,true,clear_regular
CHG_clear_regular_0068,AUD_clear_regular_008,adjudicated,geoms/changes/CHG_clear_regular_0068.geojson,true,formal,high,,true,clear_regular
CHG_clear_regular_0069,AUD_clear_regular_009,adjudicated,geoms/changes/CHG_clear_regular_0069.geojson,true,formal,medium,partial_occlusion,true,clear_regular
CHG_clear_regular_0070,AUD_clear_regular_010,adjudicated,geoms/changes/CHG_clear_regular_0070.geojson,true,formal,high,,true,clear_regular
CHG_clear_regular_0071,AUD_clear_regular_011,adjudicated,geoms/changes/CHG_clear_regular_0071.geojson,true,formal,high,,true,clear_regular
CHG_clear_regular_0072,AUD_clear_regular_012,adjudicated,geoms/changes/CHG_clear_regular_0072.geojson,true,formal,high,,true,clear_regular
CHG_clear_regular_0073,AUD_clear_regular_013,adjudicated,geoms/changes/CHG_clear_regular_0073.geojson,true,formal,high,,true,clear_regular
CHG_clear_regular_0074,AUD_clear_regular_014,adjudicated,geoms/changes/CHG_clear_regular_0074.geojson,true,formal,high,,true,clear_regular
CHG_clear_regular_0075,AUD_clear_regular_015,adjudicated,geoms/changes/CHG_clear_regular_0075.geojson,true,formal,high,,false,clear_regular
CHG_clear_regular_0076,AUD_clear_regular_016,adjudicated,geoms/changes/CHG_clear_regular_0076.geojson,true,formal,high,,true,clear_regular
CHG_clear_regular_0077,AUD_clear_regular_017,adjudicated,geoms/changes/CHG_clear_regular_0077.geojson,true,formal,high,,true,clear_regular
CHG_clear_regular_0078,AUD_clear_regular_018,adjudicated,geoms/changes/CHG_clear_regular_0078.geojson,true,formal,high,,true,clear_regular
CHG_clear_regular_0079,AUD_clear_regular_019,adjudicated,geoms/changes/CHG_clear_regular_0079.geojson,true,formal,high,,true,clear_regular
CHG_clear_regular_0080,AUD_clear_regular_020,adjudicated,geoms/changes/CHG_clear_regular_0080.geojson,true,formal,high,,true,clear_regular
CHG_clear_regular_0081,AUD_clear_regular_021,adjudicated,geoms/changes/CHG_clear_regular_0081.geojson,true,formal,high,,true,clear_regular
CHG_clear_regular_0082,AUD_clear_regular_022,adjudicated,geoms/changes/CHG_clear_regular_0082.geojson,true,formal,medium,partial_occlusion,false,clear_regular
CHG_clear_regular_0083,AUD_clear_regular_023,adjudicated,geoms/changes/CHG_clear_regular_0083.geojson,true,formal,high,,true,clear_regular
CHG_clear_regular_0084,AUD_clear_regular_024,adjudicated,geoms/changes/CHG_clear_regular_0084.geojson,true,formal,high,,true,clear_regular
CHG_clear_regular_0085,AUD_clear_regular_025,adjudicated,geoms/changes/CHG_clear_regular_0085.geojson,true,formal,medium,partial_occlusion,true,clear_regular
CHG_clear_regular_0086,AUD_clear_regular_026,adjudicated,geoms/changes/CHG_clear_regular_0086.geojson,true,formal,medium,partial_occlusion,false,clear_regular
CHG_clear_regular_0087,AUD_clear_regular_027,adjudicated,geoms/changes/CHG_clear_regular_0087.geojson,true,formal,high,,false,clear_regular
CHG_clear_regular_0088,AUD_clear_regular_028,adjudicated,geoms/changes/CHG_clear_regular_0088.geojson,true,formal,high,,true,clear_regular
CHG_clear_regular_0089,AUD_clear_regular_029,adjudicated,geoms/changes/CHG_clear_regular_0089.geojson,true,formal,high,,true,clear_regular
CHG_clear_regular_0090,AUD_clear_regular_030,adjudicated,geoms/changes/CHG_clear_regular_0090.geojson,true,formal,high,,true,clear_regular
CHG_clear_regular_0091,AUD_clear_regular_031,adjudicated,geoms/changes/CHG_clear_regular_0091.geojson,true,formal,medium,partial_occlusion,true,clear_regular
CHG_clear_regular_0092,AUD_clear_regular_032,adjudicated,geoms/changes/CHG_clear_regular_0092.geojson,true,formal,high,,true,clear_regular
CHG_clear_regular_0093,AUD_clear_regular_033,adjudicated,geoms/changes/CHG_clear_regular_0093.geojson,true,formal,high,,true,clear_regular
CHG_clear_regular_0094,AUD_clear_regular_034,adjudicated,geoms/changes/CHG_clear_regular_0094.geojson,true,formal,high,,true,clear_regular
CHG_clear_regular_0095,AUD_clear_regular_035,adjudicated,geoms/changes/CHG_clear_regular_0095.geojson,true,formal,high,,true,clear_regular
CHG_clear_regular_0096,AUD_clear_regular_036,adjudicated,geoms/changes/CHG_clear_regular_0096.geojson,true,formal,high,,true,clear_regular
CHG_clear_regular_0097,AUD_clear_regular_037,adjudicated,geoms/changes/CHG_clear_regular_0097.geojson,true,formal,high,,true,clear_regular
CHG_clear_regular_0098,AUD_clear_regular_038,adjudicated,geoms/changes/CHG_clear_regular_0098.geojson,true,formal,high,,true,clear_regular
CHG_clear_regular_0099,AUD_clear_regular_039,adjudicated,geoms/changes/CHG_clear_regular_0099.geojson,true,formal,high,,true,clear_regular
CHG_clear_regular_0100,AUD_clear_regular_040,adjudicated,geoms/changes/CHG_clear_regular_0100.geojson,true,formal,high,,true,clear_regular
CHG_clear_regular_0101,AUD_clear_regular_041,adjudicated,geoms/changes/CHG_clear_regular_0101.geojson,true,formal,high,,true,clear_regular
CHG_clear_regular_0102,AUD_clear_regular_042,adjudicated,geoms/changes/CHG_clear_regular_0102.geojson,true,formal,high,,true,clear_regular
CHG_clear_regular_0103,AUD_clear_regular_043,adjudicated,geoms/changes/CHG_clear_regular_0103.geojson,true,formal,high,,true,clear_regular
CHG_clear_regular_0104,AUD_clear_regular_044,adjudicated,geoms/changes/CHG_clear_regular_0104.geojson,true,formal,high,,false,clear_regular
CHG_clear_regular_0105,AUD_clear_regular_045,adjudicated,geoms/changes/CHG_clear_regular_0105.geojson,true,formal,high,,true,clear_regular
CHG_clear_regular_0106,AUD_clear_regular_046,adjudicated,geoms/changes/CHG_clear_regular_0106.geojson,true,formal,high,,true,clear_regular
CHG_clear_regular_0107,AUD_clear_regular_047,adjudicated,geoms/changes/CHG_clear_regular_0107.geojson,true,formal,high,,false,clear_regular
CHG_clear_regular_0108,AUD_clear_regular_048,adjudicated,geoms/changes/CHG_clear_regular_0108.geojson,true,formal,high,,true,clear_regular
CHG_clear_regular_0109,AUD_clear_regular_049,adjudicated,geoms/changes/CHG_clear_regular_0109.geojson,true,formal,high,,true,clear_regular
CHG_clear_regular_0110,AUD_clear_regular_050,adjudicated,geoms/changes/CHG_clear_regular_0110.geojson,true,formal,medium,partial_occlusion,true,clear_regular
CHG_clear_regular_0111,AUD_clear_regular_051,adjudicated,geoms/changes/CHG_clear_regular_0111.geojson,true,formal,high,,true,clear_regular
CHG_clear_regular_0112,AUD_clear_regular_052,adjudicated,geoms/changes/CHG_clear_regular_0112.geojson,true,formal,high,,true,clear_regular
CHG_clear_regular_0113,AUD_clear_regular_053,adjudicated,geoms/changes/CHG_clear_regular_0113.geojson,true,formal,high,,true,clear_regular
CHG_clear_regular_0114,AUD_clear_regular_054,adjudicated,geoms/changes/CHG_clear_regular_0114.geojson,true,formal,high,,true,clear_regular
CHG_clear_regular_0115,AUD_clear_regular_055,adjudicated,geoms/changes/CHG_clear_regular_0115.geojson,true,formal,high,,true,clear_regular
CHG_clear_regular_0116,AUD_clear_regular_056,adjudicated,geoms/changes/CHG_clear_regular_0116.geojson,true,formal,high,,true,clear_regular
CHG_clear_regular_0117,AUD_clear_regular_057,adjudicated,geoms/changes/CHG_clear_regular_0117.geojson,true,formal,high,,true,clear_regular
CHG_clear_regular_0118,AUD_clear_regular_058,adjudicated,geoms/changes/CHG_clear_regular_0118.geojson,true,formal,high,,true,clear_regular
CHG_clear_regular_0119,AUD_clear_regular_059,adjudicated,geoms/changes/CHG_clear_regular_0119.geojson,true,formal,high,,true,clear_regular
CHG_clear_regular_0120,AUD_clear_regular_000,adjudicated,geoms/changes/CHG_clear_regular_0120.geojson,true,formal,high,,true,clear_regular
CHG_clear_regular_0121,AUD_clear_regular_001,adjudicated,geoms/changes/CHG_clear_regular_0121.geojson,true,formal,high,,true,clear_regular
CHG_clear_regular_0122,AUD_clear_regular_002,adjudicated,geoms/changes/CHG_clear_regular_0122.geojson,true,formal,high,,true,clear_regular
CHG_clear_regular_0123,AUD_clear_regular_003,adjudicated,geoms/changes/CHG_clear_regular_0123.geojson,true,formal,high,,true,clear_regular
CHG_clear_regular_0124,AUD_clear_regular_004,adjudicated,geoms/changes/CHG_clear_regular_0124.geojson,true,formal,high,,true,clear_regular
CHG_clear_regular_0125,AUD_clear_regular_005,adjudicated,geoms/changes/CHG_clear_regular_0125.geojson,true,formal,high,,true,clear_regular
CHG_clear_regular_0126,AUD_clear_regular_006,adjudicated,geoms/changes/CHG_clear_regular_0126.geojson,true,formal,medium,partial_occlusion,true,clear_regular
CHG_clear_regular_0127,AUD_clear_regular_007,adjudicated,geoms/changes/CHG_clear_regular_0127.geojson,true,formal,high,,true,clear_regular
CHG_clear_regular_0128,AUD_clear_regular_008,adjudicated,geoms/changes/CHG_clear_regular_0128.geojson,true,formal,high,,true,clear_regular
CHG_clear_regular_0129,AUD_clear_regular_009,adjudicated,geoms/changes/CHG_clear_regular_0129.geojson,true,formal,high,,true,clear_regular
CHG_clear_regular_0130,AUD_clear_regular_010,adjudicated,geoms/changes/CHG_clear_regular_0130.geojson,true,formal,medium,partial_occlusion,true,clear_regular
CHG_clear_regular_0131,AUD_clear_regular_011,adjudicated,geoms/changes/CHG_clear_regular_0131.geojson,true,formal,high,,true,clear_regular
CHG_clear_regular_0132,AUD_clear_regular_012,adjudicated,geoms/changes/CHG_clear_regular_0132.geojson,true,formal,high,,true,clear_regular
CHG_clear_regular_0133,AUD_clear_regular_013,adjudicated,geoms/changes/CHG_clear_regular_0133.geojson,true,formal,high,,true,clear_regular
CHG_clear_regular_0134,AUD_clear_regular_014,adjudicated,geoms/changes/CHG_clear_regular_0134.geojson,true,formal,medium,partial_occlusion,true,clear_regular
CHG_clear_regular_0135,AUD_clear_regular_015,adjudicated,geoms/changes/CHG_clear_regular_0135.geojson,true,formal,high,,true,clear_regular
CHG_clear_regular_0136,AUD_clear_regular_016,adjudicated,geoms/changes/CHG_clear_regular_0136.geojson,true,formal,high,,true,clear_regular
CHG_clear_regular_0137,AUD_clear_regular_017,adjudicated,geoms/changes/CHG_clear_regular_0137.geojson,true,formal,high,,true,clear_regular
CHG_clear_regular_0138,AUD_clear_regular_018,adjudicated,geoms/changes/CHG_clear_regular_0138.geojson,true,formal,high,,false,clear_regular
CHG_clear_regular_0139,AUD_clear_regular_019,adjudicated,geoms/changes/CHG_clear_regular_0139.geojson,true,formal,medium,partial_occlusion,true,clear_regular
CHG_clear_regular_0140,AUD_clear_regular_020,adjudicated,geoms/changes/CHG_clear_regular_0140.geojson,true,formal,high,,true,clear_regular
CHG_clear_regular_0141,AUD_clear_regular_021,adjudicated,geoms/changes/CHG_clear_regular_0141.geojson,true,formal,high,,true,clear_regular
CHG_clear_regular_0142,AUD_clear_regular_022,adjudicated,geoms/changes/CHG_clear_regular_0142.geojson,true,formal,high,,true,clear_regular
CHG_clear_regular_0143,AUD_clear_regular_023,adjudicated,geoms/changes/CHG_clear_regular_0143.geojson,true,formal,medium,partial_occlusion,true,clear_regular
CHG_clear_regular_0144,AUD_clear_regular_024,adjudicated,geoms/changes/CHG_clear_regular_0144.geojson,true,formal,high,,true,clear_regular
CHG_clear_regular_0145,AUD_clear_regular_025,adjudicated,geoms/changes/CHG_clear_regular_0145.geojson,true,formal,high,,true,clear_regular
CHG_clear_regular_0146,AUD_clear_regular_026,adjudicated,geoms/changes/CHG_clear_regular_0146.geojson,true,formal,high,,true,clear_regular
CHG_clear_regular_0147,AUD_clear_regular_027,adjudicated,geoms/changes/CHG_clear_regular_0147.geojson,true,formal,high,,true,clear_regular
CHG_clear_regular_0148,AUD_clear_regular_028,adjudicated,geoms/changes/CHG_clear_regular_0148.geojson,true,formal,high,,true,clear_regular
CHG_clear_regular_0149,AUD_clear_regular_029,adjudicated,geoms/changes/CHG_clear_regular_0149.geojson,true,formal,high,,true,clear_regular
CHG_clear_regular_0150,AUD_clear_regular_030,adjudicated,geoms/changes/CHG_clear_regular_0150.geojson,true,formal,high,,true,clear_regular
CHG_clear_regular_0151,AUD_clear_regular_031,adjudicated,geoms/changes/CHG_clear_regular_0151.geojson,true,formal,high,,true,clear_regular
CHG_clear_regular_0152,AUD_clear_regular_032,adjudicated,geoms/changes/CHG_clear_regular_0152.geojson,true,formal,high,,true,clear_regular
CHG_clear_regular_0153,AUD_clear_regular_033,adjudicated,geoms/changes/CHG_clear_regular_0153.geojson,true,formal,high,,true,clear_regular
CHG_clear_regular_0154,AUD_clear_regular_034,adjudicated,geoms/changes/CHG_clear_regular_0154.geojson,true,formal,high,,true,clear_regular
CHG_clear_regular_0155,AUD_clear_regular_035,adjudicated,geoms/changes/CHG_clear_regular_0155.geojson,true,formal,high,,true,clear_regular
CHG_clear_regular_0156,AUD_clear_regular_036,adjudicated,geoms/changes/CHG_clear_regular_0156.geojson,true,formal,high,,true,clear_regular
CHG_clear_regular_0157,AUD_clear_regular_037,adjudicated,geoms/changes/CHG_clear_regular_0157.geojson,true,formal,high,,true,clear_regular
CHG_clear_regular_0158,AUD_clear_regular_038,adjudicated,geoms/changes/CHG_clear_regular_0158.geojson,true,formal,medium,partial_occlusion,true,clear_regular
CHG_heavy_cloud_0000,AUD_heavy_cloud_000,adjudicated,geoms/changes/CHG_heavy_cloud_0000.geojson,true,formal,high,,false,heavy_cloud
CHG_heavy_cloud_0001,AUD_heavy_cloud_001,adjudicated,geoms/changes/CHG_heavy_cloud_0001.geojson,true,formal,high,,true,heavy_cloud
CHG_heavy_cloud_0002,AUD_heavy_cloud_002,adjudicated,geoms/changes/CHG_heavy_cloud_0002.geojson,true,formal,high,,true,heavy_cloud
CHG_heavy_cloud_0003,AUD_heavy_cloud_003,adjudicated,geoms/changes/CHG_heavy_cloud_0003.geojson,true,formal,high,,true,heavy_cloud
CHG_heavy_cloud_0004,AUD_heavy_cloud_004,adjudicated,geoms/changes/CHG_heavy_cloud_0004.geojson,true,formal,high,,true,heavy_cloud
CHG_heavy_cloud_0005,AUD_heavy_cloud_005,adjudicated,geoms/changes/CHG_heavy_cloud_0005.geojson,true,formal,medium,partial_occlusion,false,heavy_cloud
CHG_heavy_cloud_0006,AUD_heavy_cloud_006,adjudicated,geoms/changes/CHG_heavy_cloud_0006.geojson,true,formal,high,,false,heavy_cloud
CHG_heavy_cloud_0007,AUD_heavy_cloud_007,adjudicated,geoms/changes/CHG_heavy_cloud_0007.geojson,true,formal,high,,false,heavy_cloud
CHG_heavy_cloud_0008,AUD_heavy_cloud_008,adjudicated,geoms/changes/CHG_heavy_cloud_0008.geojson,true,formal,high,,true,heavy_cloud
CHG_heavy_cloud_0009,AUD_heavy_cloud_009,adjudicated,geoms/changes/CHG_heavy_cloud_0009.geojson,true,formal,high,,false,heavy_cloud
CHG_heavy_cloud_0010,AUD_heavy_cloud_010,adjudicated,geoms/changes/CHG_heavy_cloud_0010.geojson,true,formal,high,,true,heavy_cloud
CHG_heavy_cloud_0011,AUD_heavy_cloud_011,adjudicated,geoms/changes/CHG_heavy_cloud_0011.geojson,true,formal,medium,partial_occlusion,true,heavy_cloud
CHG_heavy_cloud_0012,AUD_heavy_cloud_012,adjudicated,geoms/changes/CHG_heavy_cloud_0012.geojson,true,formal,high,,false,heavy_cloud
CHG_heavy_cloud_0013,AUD_heavy_cloud_013,adjudicated,geoms/changes/CHG_heavy_cloud_0013.geojson,true,formal,high,,true,heavy_cloud
CHG_heavy_cloud_0014,AUD_heavy_cloud_014,adjudicated,geoms/changes/CHG_heavy_cloud_0014.geojson,true,formal,high,,true,heavy_cloud
CHG_heavy_cloud_0015,AUD_heavy_cloud_015,adjudicated,geoms/changes/CHG_heavy_cloud_0015.geojson,true,formal,high,,true,heavy_cloud
CHG_heavy_cloud_0016,AUD_heavy_cloud_016,adjudicated,geoms/changes/CHG_heavy_cloud_0016.geojson,true,formal,high,,true,heavy_cloud
CHG_heavy_cloud_0017,AUD_heavy_cloud_017,adjudicated,geoms/changes/CHG_heavy_cloud_0017.geojson,true,formal,high,,true,heavy_cloud
CHG_heavy_cloud_0018,AUD_heavy_cloud_018,adjudicated,geoms/changes/CHG_heavy_cloud_0018.geojson,true,formal,high,,true,heavy_cloud
CHG_heavy_cloud_0019,AUD_heavy_cloud_019,adjudicated,geoms/changes/CHG_heavy_cloud_0019.geojson,true,formal,high,,true,heavy_cloud
CHG_heavy_cloud_0020,AUD_heavy_cloud_020,adjudicated,geoms/changes/CHG_heavy_cloud_0020.geojson,true,formal,high,,true,heavy_cloud
CHG_heavy_cloud_0021,AUD_heavy_cloud_021,adjudicated,geoms/changes/CHG_heavy_cloud_0021.geojson,true,formal,high,,true,heavy_cloud
CHG_heavy_cloud_0022,AUD_heavy_cloud_022,adjudicated,geoms/changes/CHG_heavy_cloud_0022.geojson,true,formal,high,,true,heavy_cloud
CHG_heavy_cloud_0023,AUD_heavy_cloud_023,adjudicated,geoms/changes/CHG_heavy_cloud_0023.geojson,true,formal,high,,true,heavy_cloud
CHG_heavy_cloud_0024,AUD_heavy_cloud_024,adjudicated,geoms/changes/CHG_heavy_cloud_0024.geojson,true,formal,high,,true,heavy_cloud
CHG_heavy_cloud_0025,AUD_heavy_cloud_025,adjudicated,geoms/changes/CHG_heavy_cloud_0025.geojson,true,formal,high,,true,heavy_cloud
CHG_heavy_cloud_0026,AUD_heavy_cloud_026,adjudicated,geoms/changes/CHG_heavy_cloud_0026.geojson,true,formal,medium,partial_occlusion,false,heavy_cloud
CHG_heavy_cloud_0027,AUD_heavy_cloud_027,adjudicated,geoms/changes/CHG_heavy_cloud_0027.geojson,true,formal,high,,true,heavy_cloud
CHG_heavy_cloud_0028,AUD_heavy_cloud_028,adjudicated,geoms/changes/CHG_heavy_cloud_0028.geojson,true,formal,high,,true,heavy_cloud
CHG_heavy_cloud_0029,AUD_heavy_cloud_029,adjudicated,geoms/changes/CHG_heavy_cloud_0029.geojson,true,formal,high,,true,heavy_cloud
CHG_heavy_cloud_0030,AUD_heavy_cloud_030,adjudicated,geoms/changes/CHG_heavy_cloud_0030.geojson,true,formal,high,,true,heavy_cloud
CHG_heavy_cloud_0031,AUD_heavy_cloud_031,adjudicated,geoms/changes/CHG_heavy_cloud_0031.geojson,true,formal,high,,true,heavy_cloud
CHG_heavy_cloud_0032,AUD_heavy_cloud_032,adjudicated,geoms/changes/CHG_heavy_cloud_0032.geojson,true,formal,high,,true,heavy_cloud
CHG_heavy_cloud_0033,AUD_heavy_cloud_033,adjudicated,geoms/changes/CHG_heavy_cloud_0033.geojson,true,formal,high,,true,heavy_cloud
CHG_heavy_cloud_0034,AUD_heavy_cloud_034,adjudicated,geoms/changes/CHG_heavy_cloud_0034.geojson,true,formal,high,,false,heavy_cloud
CHG_heavy_cloud_0035,AUD_heavy_cloud_035,adjudicated,geoms/changes/CHG_heavy_cloud_0035.geojson,true,formal,high,,true,heavy_cloud
CHG_heavy_cloud_0036,AUD_heavy_cloud_036,adjudicated,geoms/changes/CHG_heavy_cloud_0036.geojson,true,formal,high,,true,heavy_cloud
CHG_heavy_cloud_0037,AUD_heavy_cloud_037,adjudicated,geoms/changes/CHG_heavy_cloud_0037.geojson,true,formal,high,,true,heavy_cloud
CHG_heavy_cloud_0038,AUD_heavy_cloud_038,adjudicated,geoms/changes/CHG_heavy_cloud_0038.geojson,true,formal,high,,true,heavy_cloud
CHG_heavy_cloud_0039,AUD_heavy_cloud_039,adjudicated,geoms/changes/CHG_heavy_cloud_0039.geojson,true,formal,high,,true,heavy_cloud
CHG_heavy_cloud_0040,AUD_heavy_cloud_040,adjudicated,geoms/changes/CHG_heavy_cloud_0040.geojson,true,formal,medium,partial_occlusion,true,heavy_cloud
CHG_heavy_cloud_0041,AUD_heavy_cloud_041,adjudicated,geoms/changes/CHG_heavy_cloud_0041.geojson,true,formal,high,,true,heavy_cloud
CHG_heavy_cloud_0042,AUD_heavy_cloud_042,adjudicated,geoms/changes/CHG_heavy_cloud_0042.geojson,true,formal,high,,false,heavy_cloud
CHG_heavy_cloud_0043,AUD_heavy_cloud_043,adjudicated,geoms/changes/CHG_heavy_cloud_0043.geojson,true,formal,high,,false,heavy_cloud
CHG_heavy_cloud_0044,AUD_heavy_cloud_044,adjudicated,geoms/changes/CHG_heavy_cloud_0044.geojson,true,formal,high,,true,heavy_cloud
CHG_heavy_cloud_0045,AUD_heavy_cloud_045,adjudicated,geoms/changes/CHG_heavy_cloud_0045.geojson,true,formal,high,,true,heavy_cloud
CHG_heavy_cloud_0046,AUD_heavy_cloud_046,adjudicated,geoms/changes/CHG_heavy_cloud_0046.geojson,true,formal,high,,true,heavy_cloud
CHG_heavy_cloud_0047,AUD_heavy_cloud_047,adjudicated,geoms/changes/CHG_heavy_cloud_0047.geojson,true,formal,high,,true,heavy_cloud
CHG_heavy_cloud_0048,AUD_heavy_cloud_048,adjudicated,geoms/changes/CHG_heavy_cloud_0048.geojson,true,formal,high,,true,heavy_cloud
CHG_heavy_cloud_0049,AUD_heavy_cloud_049,adjudicated,geoms/changes/CHG_heavy_cloud_0049.geojson,true,formal,high,,true,heavy_cloud
CHG_heavy_cloud_0050,AUD_heavy_cloud_050,adjudicated,geoms/changes/CHG_heavy_cloud_0050.geojson,true,formal,high,,true,heavy_cloud
CHG_heavy_cloud_0051,AUD_heavy_cloud_051,adjudicated,geoms/changes/CHG_heavy_cloud_0051.geojson,true,formal,high,,true,heavy_cloud
CHG_heavy_cloud_0052,AUD_heavy_cloud_052,adjudicated,geoms/changes/CHG_heavy_cloud_0052.geojson,true,formal,medium,partial_occlusion,false,heavy_cloud
CHG_heavy_cloud_0053,AUD_heavy_cloud_053,adjudicated,geoms/changes/CHG_heavy_cloud_0053.geojson,true,formal,high,,true,heavy_cloud
CHG_heavy_cloud_0054,AUD_heavy_cloud_054,adjudicated,geoms/changes/CHG_heavy_cloud_0054.geojson,true,formal,high,,true,heavy_cloud
CHG_heavy_cloud_0055,AUD_heavy_cloud_055,adjudicated,geoms/changes/CHG_heavy_cloud_0055.geojson,true,formal,high,,true,heavy_cloud
CHG_heavy_cloud_0056,AUD_heavy_cloud_056,adjudicated,geoms/changes/CHG_heavy_cloud_0056.geojson,true,formal,medium,partial_occlusion,true,heavy_cloud
CHG_heavy_cloud_0057,AUD_heavy_cloud_057,adjudicated,geoms/changes/CHG_heavy_cloud_0057.geojson,true,formal,medium,partial_occlusion,true,heavy_cloud
CHG_heavy_cloud_0058,AUD_heavy_cloud_058,adjudicated,geoms/changes/CHG_heavy_cloud_0058.geojson,true,formal,medium,partial_occlusion,true,heavy_cloud
CHG_heavy_cloud_0059,AUD_heavy_cloud_059,adjudicated,geoms/changes/CHG_heavy_cloud_0059.geojson,true,formal,high,,true,heavy_cloud
CHG_heavy_cloud_0060,AUD_heavy_cloud_000,adjudicated,geoms/changes/CHG_heavy_cloud_0060.geojson,true,formal,medium,partial_occlusion,true,heavy_cloud
CHG_heavy_cloud_0061,AUD_heavy_cloud_001,adjudicated,geoms/changes/CHG_heavy_cloud_0061.geojson,true,formal,high,,true,heavy_cloud
CHG_heavy_cloud_0062,AUD_heavy_cloud_002,adjudicated,geoms/changes/CHG_heavy_cloud_0062.geojson,true,formal,high,,false,heavy_cloud
CHG_heavy_cloud_0063,AUD_heavy_cloud_003,adjudicated,geoms/changes/CHG_heavy_cloud_0063.geojson,true,formal,high,,true,heavy_cloud
CHG_heavy_cloud_0064,AUD_heavy_cloud_004,adjudicated,geoms/changes/CHG_heavy_cloud_0064.geojson,true,formal,high,,false,heavy_cloud
CHG_heavy_cloud_0065,AUD_heavy_cloud_005,adjudicated,geoms/changes/CHG_heavy_cloud_0065.geojson,true,formal,high,,true,heavy_cloud
CHG_heavy_cloud_0066,AUD_heavy_cloud_006,adjudicated,geoms/changes/CHG_heavy_cloud_0066.geojson,true,formal,medium,partial_occlusion,false,heavy_cloud
CHG_heavy_cloud_0067,AUD_heavy_cloud_007,adjudicated,geoms/changes/CHG_heavy_cloud_0067.geojson,true,formal,high,,true,heavy_cloud
CHG_heavy_cloud_0068,AUD_heavy_cloud_008,adjudicated,geoms/changes/CHG_heavy_cloud_0068.geojson,true,formal,high,,true,heavy_cloud
CHG_heavy_cloud_0069,AUD_heavy_cloud_009,adjudicated,geoms/changes/CHG_heavy_cloud_0069.geojson,true,formal,high,,false,heavy_cloud
CHG_heavy_cloud_0070,AUD_heavy_cloud_010,adjudicated,geoms/changes/CHG_heavy_cloud_0070.geojson,true,formal,high,,true,heavy_cloud
CHG_heavy_cloud_0071,AUD_heavy_cloud_011,adjudicated,geoms/changes/CHG_heavy_cloud_0071.geojson,true,formal,high,,true,heavy_cloud
CHG_heavy_cloud_0072,AUD_heavy_cloud_012,adjudicated,geoms/changes/CHG_heavy_cloud_0072.geojson,true,formal,high,,true,heavy_cloud
CHG_heavy_cloud_0073,AUD_heavy_cloud_013,adjudicated,geoms/changes/CHG_heavy_cloud_0073.geojson,true,formal,high,,true,heavy_cloud
CHG_heavy_cloud_0074,AUD_heavy_cloud_014,adjudicated,geoms/changes/CHG_heavy_cloud_0074.geojson,true,formal,high,,true,heavy_cloud
CHG_heavy_cloud_0075,AUD_heavy_cloud_015,adjudicated,geoms/changes/CHG_heavy_cloud_0075.geojson,true,formal,high,,true,heavy_cloud
CHG_heavy_cloud_0076,AUD_heavy_cloud_016,adjudicated,geoms/changes/CHG_heavy_cloud_0076.geojson,true,formal,high,,true,heavy_cloud
CHG_heavy_cloud_0077,AUD_heavy_cloud_017,adjudicated,geoms/changes/CHG_heavy_cloud_0077.geojson,true,formal,high,,true,heavy_cloud
CHG_heavy_cloud_0078,AUD_heavy_cloud_018,adjudicated,geoms/changes/CHG_heavy_cloud_0078.geojson,true,formal,high,,true,heavy_cloud
CHG_heavy_cloud_0079,AUD_heavy_cloud_019,adjudicated,geoms/changes/CHG_heavy_cloud_0079.geojson,true,formal,high,,true,heavy_cloud
CHG_heavy_cloud_0080,AUD_heavy_cloud_020,adjudicated,geoms/changes/CHG_heavy_cloud_0080.geojson,true,formal,high,,true,heavy_cloud
CHG_heavy_cloud_0081,AUD_heavy_cloud_021,adjudicated,geoms/changes/CHG_heavy_cloud_0081.geojson,true,formal,high,,false,heavy_cloud
CHG_heavy_cloud_0082,AUD_heavy_cloud_022,adjudicated,geoms/changes/CHG_heavy_cloud_0082.geojson,true,formal,high,,true,heavy_cloud
CHG_heavy_cloud_0083,AUD_heavy_cloud_023,adjudicated,geoms/changes/CHG_heavy_cloud_0083.geojson,true,formal,high,,true,heavy_cloud
CHG_heavy_cloud_0084,AUD_heavy_cloud_024,adjudicated,geoms/changes/CHG_heavy_cloud_0084.geojson,true,formal,high,,true,heavy_cloud
CHG_heavy_cloud_0085,AUD_heavy_cloud_025,adjudicated,geoms/changes/CHG_heavy_cloud_0085.geojson,true,formal,high,,false,heavy_cloud
CHG_heavy_cloud_0086,AUD_heavy_cloud_026,adjudicated,geoms/changes/CHG_heavy_cloud_0086.geojson,true,formal,high,,true,heavy_cloud
CHG_heavy_cloud_0087,AUD_heavy_cloud_027,adjudicated,geoms/changes/CHG_heavy_cloud_0087.geojson,true,formal,high,,true,heavy_cloud
CHG_heavy_cloud_0088,AUD_heavy_cloud_028,adjudicated,geoms/changes/CHG_heavy_cloud_0088.geojson,true,formal,high,,true,heavy_cloud
CHG_heavy_cloud_0089,AUD_heavy_cloud_029,adjudicated,geoms/changes/CHG_heavy_cloud_0089.geojson,true,formal,high,,true,heavy_cloud
CHG_heavy_cloud_0090,AUD_heavy_cloud_030,adjudicated,geoms/changes/CHG_heavy_cloud_0090.geojson,true,formal,high,,true,heavy_cloud
CHG_heavy_cloud_0091,AUD_heavy_cloud_031,adjudicated,geoms/changes/CHG_heavy_cloud_0091.geojson,true,formal,high,,true,heavy_cloud
CHG_heavy_cloud_0092,AUD_heavy_cloud_032,adjudicated,geoms/changes/CHG_heavy_cloud_0092.geojson,true,formal,high,,true,heavy_cloud
CHG_heavy_cloud_0093,AUD_heavy_cloud_033,adjudicated,geoms/changes/CHG_heavy_cloud_0093.geojson,true,formal,high,,true,heavy_cloud
CHG_heavy_cloud_0094,AUD_heavy_cloud_034,adjudicated,geoms/changes/CHG_heavy_cloud_0094.geojson,true,formal,medium,partial_occlusion,true,heavy_cloud
CHG_heavy_cloud_0095,AUD_heavy_cloud_035,adjudicated,geoms/changes/CHG_heavy_cloud_0095.geojson,true,formal,high,,false,heavy_cloud
CHG_heavy_cloud_0096,AUD_heavy_cloud_036,adjudicated,geoms/changes/CHG_heavy_cloud_0096.geojson,true,formal,high,,false,heavy_cloud
CHG_heavy_cloud_0097,AUD_heavy_cloud_037,adjudicated,geoms/changes/CHG_heavy_cloud_0097.geojson,true,formal,high,,false,heavy_cloud
CHG_heavy_cloud_0098,AUD_heavy_cloud_038,adjudicated,geoms/changes/CHG_heavy_cloud_0098.geojson,true,formal,high,,true,heavy_cloud
CHG_heavy_cloud_0099,AUD_heavy_cloud_039,adjudicated,geoms/changes/CHG_heavy_cloud_0099.geojson,true,formal,high,,true,heavy_cloud
CHG_heavy_cloud_0100,AUD_heavy_cloud_040,adjudicated,geoms/changes/CHG_heavy_cloud_0100.geojson,true,formal,high,,true,heavy_cloud
CHG_heavy_cloud_0101,AUD_heavy_cloud_041,adjudicated,geoms/changes/CHG_heavy_cloud_0101.geojson,true,formal,high,,true,heavy_cloud
CHG_heavy_cloud_0102,AUD_heavy_cloud_042,adjudicated,geoms/changes/CHG_heavy_cloud_0102.geojson,true,formal,medium,partial_occlusion,true,heavy_cloud
CHG_heavy_cloud_0103,AUD_heavy_cloud_043,adjudicated,geoms/changes/CHG_heavy_cloud_0103.geojson,true,formal,medium,partial_occlusion,false,heavy_cloud
CHG_heavy_cloud_0104,AUD_heavy_cloud_044,adjudicated,geoms/changes/CHG_heavy_cloud_0104.geojson,true,formal,high,,true,heavy_cloud
CHG_heavy_cloud_0105,AUD_heavy_cloud_045,adjudicated,geoms/changes/CHG_heavy_cloud_0105.geojson,true,formal,high,,true,heavy_cloud
CHG_heavy_cloud_0106,AUD_heavy_cloud_046,adjudicated,geoms/changes/CHG_heavy_cloud_0106.geojson,true,formal,high,,false,heavy_cloud
CHG_heavy_cloud_0107,AUD_heavy_cloud_047,adjudicated,geoms/changes/CHG_heavy_cloud_0107.geojson,true,formal,medium,partial_occlusion,false,heavy_cloud
CHG_heavy_cloud_0108,AUD_heavy_cloud_048,adjudicated,geoms/changes/CHG_heavy_cloud_0108.geojson,true,formal,high,,true,heavy_cloud
CHG_heavy_cloud_0109,AUD_heavy_cloud_049,adjudicated,geoms/changes/CHG_heavy_cloud_0109.geojson,true,formal,high,,true,heavy_cloud
CHG_heavy_cloud_0110,AUD_heavy_cloud_050,adjudicated,geoms/changes/CHG_heavy_cloud_0110.geojson,true,formal,high,,false,heavy_cloud
CHG_heavy_cloud_0111,AUD_heavy_cloud_051,adjudicated,geoms/changes/CHG_heavy_cloud_0111.geojson,true,formal,high,,true,heavy_cloud
CHG_heavy_cloud_0112,AUD_heavy_cloud_052,adjudicated,geoms/changes/CHG_heavy_cloud_0112.geojson,true,formal,high,,true,heavy_cloud
CHG_heavy_cloud_0113,AUD_heavy_cloud_053,adjudicated,geoms/changes/CHG_heavy_cloud_0113.geojson,true,formal,high,,true,heavy_cloud
CHG_heavy_cloud_0114,AUD_heavy_cloud_054,adjudicated,geoms/changes/CHG_heavy_cloud_0114.geojson,true,formal,high,,false,heavy_cloud
CHG_heavy_cloud_0115,AUD_heavy_cloud_055,adjudicated,geoms/changes/CHG_heavy_cloud_0115.geojson,true,formal,high,,true,heavy_cloud
CHG_heavy_cloud_0116,AUD_heavy_cloud_056,adjudicated,geoms/changes/CHG_heavy_cloud_0116.geojson,true,formal,high,,false,heavy_cloud
CHG_heavy_cloud_0117,AUD_heavy_cloud_057,adjudicated,geoms/changes/CHG_heavy_cloud_0117.geojson,true,formal,high,,false,heavy_cloud
CHG_heavy_cloud_0118,AUD_heavy_cloud_058,adjudicated,geoms/changes/CHG_heavy_cloud_0118.geojson,true,formal,high,,true,heavy_cloud
CHG_heavy_cloud_0119,AUD_heavy_cloud_059,adjudicated,geoms/changes/CHG_heavy_cloud_0119.geojson,true,formal,high,,true,heavy_cloud
CHG_heavy_cloud_0120,AUD_heavy_cloud_000,adjudicated,geoms/changes/CHG_heavy_cloud_0120.geojson,true,formal,high,,false,heavy_cloud
CHG_heavy_cloud_0121,AUD_heavy_cloud_001,adjudicated,geoms/changes/CHG_heavy_cloud_0121.geojson,true,formal,high,,true,heavy_cloud
CHG_heavy_cloud_0122,AUD_heavy_cloud_002,adjudicated,geoms/changes/CHG_heavy_cloud_0122.geojson,true,formal,high,,true,heavy_cloud
CHG_heavy_cloud_0123,AUD_heavy_cloud_003,adjudicated,geoms/changes/CHG_heavy_cloud_0123.geojson,true,formal,high,,true,heavy_cloud
CHG_heavy_cloud_0124,AUD_heavy_cloud_004,adjudicated,geoms/changes/CHG_heavy_cloud_0124.geojson,true,formal,high,,true,heavy_cloud
CHG_heavy_cloud_0125,AUD_heavy_cloud_005,adjudicated,geoms/changes/CHG_heavy_cloud_0125.geojson,true,formal,high,,true,heavy_cloud
CHG_heavy_cloud_0126,AUD_heavy_cloud_006,adjudicated,geoms/changes/CHG_heavy_cloud_0126.geojson,true,formal,high,,true,heavy_cloud
CHG_heavy_cloud_0127,AUD_heavy_cloud_007,adjudicated,geoms/changes/CHG_heavy_cloud_0127.geojson,true,formal,high,,true,heavy_cloud
CHG_heavy_cloud_0128,AUD_heavy_cloud_008,adjudicated,geoms/changes/CHG_heavy_cloud_0128.geojson,true,formal,high,,false,heavy_cloud
CHG_heavy_cloud_0129,AUD_heavy_cloud_009,adjudicated,geoms/changes/CHG_heavy_cloud_0129.geojson,true,formal,high,,true,heavy_cloud
CHG_heavy_cloud_0130,AUD_heavy_cloud_010,adjudicated,geoms/changes/CHG_heavy_cloud_0130.geojson,true,formal,high,,true,heavy_cloud
CHG_heavy_cloud_0131,AUD_heavy_cloud_011,adjudicated,geoms/changes/CHG_heavy_cloud_0131.geojson,true,formal,high,,true,heavy_cloud
CHG_heavy_cloud_0132,AUD_heavy_cloud_012,adjudicated,geoms/changes/CHG_heavy_cloud_0132.geojson,true,formal,high,,false,heavy_cloud
CHG_heavy_cloud_0133,AUD_heavy_cloud_013,adjudicated,geoms/changes/CHG_heavy_cloud_0133.geojson,true,formal,high,,true,heavy_cloud
CHG_heavy_cloud_0134,AUD_heavy_cloud_014,adjudicated,geoms/changes/CHG_heavy_cloud_0134.geojson,true,formal,high,,false,heavy_cloud
CHG_heavy_cloud_0135,AUD_heavy_cloud_015,adjudicated,geoms/changes/CHG_heavy_cloud_0135.geojson,true,formal,high,,false,heavy_cloud
CHG_heavy_cloud_0136,AUD_heavy_cloud_016,adjudicated,geoms/changes/CHG_heavy_cloud_0136.geojson,true,formal,high,,true,heavy_cloud
CHG_heavy_cloud_0137,AUD_heavy_cloud_017,adjudicated,geoms/changes/CHG_heavy_cloud_0137.geojson,true,formal,high,,true,heavy_cloud
CHG_heavy_cloud_0138,AUD_heavy_cloud_018,adjudicated,geoms/changes/CHG_heavy_cloud_0138.geojson,true,formal,high,,true,heavy_cloud
CHG_heavy_cloud_0139,AUD_heavy_cloud_019,adjudicated,geoms/changes/CHG_heavy_cloud_0139.geojson,true,formal,high,,true,heavy_cloud
CHG_heavy_cloud_0140,AUD_heavy_cloud_020,adjudicated,geoms/changes/CHG_heavy_cloud_0140.geojson,true,formal,high,,true,heavy_cloud
CHG_heavy_cloud_0141,AUD_heavy_cloud_021,adjudicated,geoms/changes/CHG_heavy_cloud_0141.geojson,true,formal,high,,true,heavy_cloud
CHG_heavy_cloud_0142,AUD_heavy_cloud_022,adjudicated,geoms/changes/CHG_heavy_cloud_0142.geojson,true,formal,high,,true,heavy_cloud
CHG_heavy_cloud_0143,AUD_heavy_cloud_023,adjudicated,geoms/changes/CHG_heavy_cloud_0143.geojson,true,formal,high,,false,heavy_cloud
CHG_heavy_cloud_0144,AUD_heavy_cloud_024,adjudicated,geoms/changes/CHG_heavy_cloud_0144.geojson,true,formal,medium,partial_occlusion,true,heavy_cloud
CHG_heavy_cloud_0145,AUD_heavy_cloud_025,adjudicated,geoms/changes/CHG_heavy_cloud_0145.geojson,true,formal,high,,true,heavy_cloud
CHG_heavy_cloud_0146,AUD_heavy_cloud_026,adjudicated,geoms/changes/CHG_heavy_cloud_0146.geojson,true,formal,high,,true,heavy_cloud
CHG_heavy_cloud_0147,AUD_heavy_cloud_027,adjudicated,geoms/changes/CHG_heavy_cloud_0147.geojson,true,formal,high,,true,heavy_cloud
CHG_heavy_cloud_0148,AUD_heavy_cloud_028,adjudicated,geoms/changes/CHG_heavy_cloud_0148.geojson,true,formal,high,,true,heavy_cloud
CHG_heavy_cloud_0149,AUD_heavy_cloud_029,adjudicated,geoms/changes/CHG_heavy_cloud_0149.geojson,true,formal,high,,false,heavy_cloud
CHG_heavy_cloud_0150,AUD_heavy_cloud_030,adjudicated,geoms/changes/CHG_heavy_cloud_0150.geojson,true,formal,high,,true,heavy_cloud
CHG_heavy_cloud_0151,AUD_heavy_cloud_031,adjudicated,geoms/changes/CHG_heavy_cloud_0151.geojson,true,formal,high,,false,heavy_cloud
CHG_heavy_cloud_0152,AUD_heavy_cloud_032,adjudicated,geoms/changes/CHG_heavy_cloud_0152.geojson,true,formal,high,,true,heavy_cloud
CHG_heavy_cloud_0153,AUD_heavy_cloud_033,adjudicated,geoms/changes/CHG_heavy_cloud_0153.geojson,true,formal,high,,true,heavy_cloud
CHG_heavy_cloud_0154,AUD_heavy_cloud_034,adjudicated,geoms/changes/CHG_heavy_cloud_0154.geojson,true,formal,high,,false,heavy_cloud
CHG_heavy_cloud_0155,AUD_heavy_cloud_035,adjudicated,geoms/changes/CHG_heavy_cloud_0155.geojson,true,formal,medium,partial_occlusion,true,heavy_cloud
CHG_heavy_cloud_0156,AUD_heavy_cloud_036,adjudicated,geoms/changes/CHG_heavy_cloud_0156.geojson,true,formal,medium,partial_occlusion,true,heavy_cloud
CHG_heavy_cloud_0157,AUD_heavy_cloud_037,adjudicated,geoms/changes/CHG_heavy_cloud_0157.geojson,true,formal,high,,false,heavy_cloud
CHG_heavy_cloud_0158,AUD_heavy_cloud_038,adjudicated,geoms/changes/CHG_heavy_cloud_0158.geojson,true,formal,high,,true,heavy_cloud
CHG_heavy_cloud_0159,AUD_heavy_cloud_039,adjudicated,geoms/changes/CHG_heavy_cloud_0159.geojson,true,formal,high,,false,heavy_cloud
CHG_heavy_cloud_0160,AUD_heavy_cloud_040,adjudicated,geoms/changes/CHG_heavy_cloud_0160.geojson,true,formal,high,,true,heavy_cloud
CHG_heavy_cloud_0161,AUD_heavy_cloud_041,adjudicated,geoms/changes/CHG_heavy_cloud_0161.geojson,true,formal,high,,true,heavy_cloud
CHG_heavy_cloud_0162,AUD_heavy_cloud_042,adjudicated,geoms/changes/CHG_heavy_cloud_0162.geojson,true,formal,medium,partial_occlusion,true,heavy_cloud
CHG_heavy_cloud_0163,AUD_heavy_cloud_043,adjudicated,geoms/changes/CHG_heavy_cloud_0163.geojson,true,formal,high,,true,heavy_cloud
CHG_heavy_cloud_0164,AUD_heavy_cloud_044,adjudicated,geoms/changes/CHG_heavy_cloud_0164.geojson,true,formal,high,,false,heavy_cloud
CHG_heavy_cloud_0165,AUD_heavy_cloud_045,adjudicated,geoms/changes/CHG_heavy_cloud_0165.geojson,true,formal,high,,true,heavy_cloud
CHG_heavy_cloud_0166,AUD_heavy_cloud_046,adjudicated,geoms/changes/CHG_heavy_cloud_0166.geojson,true,formal,high,,false,heavy_cloud
CHG_heavy_cloud_0167,AUD_heavy_cloud_047,adjudicated,geoms/changes/CHG_heavy_cloud_0167.geojson,true,formal,high,,true,heavy_cloud
CHG_heavy_cloud_0168,AUD_heavy_cloud_048,adjudicated,geoms/changes/CHG_heavy_cloud_0168.geojson,true,formal,high,,true,heavy_cloud
CHG_heavy_cloud_0169,AUD_heavy_cloud_049,adjudicated,geoms/changes/CHG_heavy_cloud_0169.geojson,true,formal,high,,true,heavy_cloud
CHG_heavy_cloud_0170,AUD_heavy_cloud_050,adjudicated,geoms/changes/CHG_heavy_cloud_0170.geojson,true,formal,high,,false,heavy_cloud
CHG_heavy_cloud_0171,AUD_heavy_cloud_051,adjudicated,geoms/changes/CHG_heavy_cloud_0171.geojson,true,formal,high,,true,heavy_cloud
CHG_heavy_cloud_0172,AUD_heavy_cloud_052,adjudicated,geoms/changes/CHG_heavy_cloud_0172.geojson,true,formal,high,,true,heavy_cloud
CHG_heavy_cloud_0173,AUD_heavy_cloud_053,adjudicated,geoms/changes/CHG_heavy_cloud_0173.geojson,true,formal,high,,false,heavy_cloud
CHG_heavy_cloud_0174,AUD_heavy_cloud_054,adjudicated,geoms/changes/CHG_heavy_cloud_0174.geojson,true,formal,high,,true,heavy_cloud
CHG_heavy_cloud_0175,AUD_heavy_cloud_055,adjudicated,geoms/changes/CHG_heavy_cloud_0175.geojson,true,formal,medium,partial_occlusion,true,heavy_cloud
CHG_heavy_cloud_0176,AUD_heavy_cloud_056,adjudicated,geoms/changes/CHG_heavy_cloud_0176.geojson,true,formal,high,,true,heavy_cloud
CHG_heavy_cloud_0177,AUD_heavy_cloud_057,adjudicated,geoms/changes/CHG_heavy_cloud_0177.geojson,true,formal,high,,true,heavy_cloud
CHG_heavy_cloud_0178,AUD_heavy_cloud_058,adjudicated,geoms/changes/CHG_heavy_cloud_0178.geojson,true,formal,high,,false,heavy_cloud
CHG_heavy_cloud_0179,AUD_heavy_cloud_059,adjudicated,geoms/changes/CHG_heavy_cloud_0179.geojson,true,formal,high,,true,heavy_cloud
CHG_heavy_cloud_0180,AUD_heavy_cloud_000,adjudicated,geoms/changes/CHG_heavy_cloud_0180.geojson,true,formal,high,,false,heavy_cloud
CHG_heavy_cloud_0181,AUD_heavy_cloud_001,adjudicated,geoms/changes/CHG_heavy_cloud_0181.geojson,true,formal,high,,true,heavy_cloud
CHG_heavy_cloud_0182,AUD_heavy_cloud_002,adjudicated,geoms/changes/CHG_heavy_cloud_0182.geojson,true,formal,high,,false,heavy_cloud
CHG_heavy_cloud_0183,AUD_heavy_cloud_003,adjudicated,geoms/changes/CHG_heavy_cloud_0183.geojson,true,formal,medium,partial_occlusion,false,heavy_cloud
CHG_heavy_cloud_0184,AUD_heavy_cloud_004,adjudicated,geoms/changes/CHG_heavy_cloud_0184.geojson,true,formal,high,,false,heavy_cloud
CHG_heavy_cloud_0185,AUD_heavy_cloud_005,adjudicated,geoms/changes/CHG_heavy_cloud_0185.geojson,true,formal,medium,partial_occlusion,true,heavy_cloud
CHG_heavy_cloud_0186,AUD_heavy_cloud_006,adjudicated,geoms/changes/CHG_heavy_cloud_0186.geojson,true,formal,high,,true,heavy_cloud
CHG_heavy_cloud_0187,AUD_heavy_cloud_007,adjudicated,geoms/changes/CHG_heavy_cloud_0187.geojson,true,formal,high,,false,heavy_cloud
CHG_heavy_cloud_0188,AUD_heavy_cloud_008,adjudicated,geoms/changes/CHG_heavy_cloud_0188.geojson,true,formal,high,,true,heavy_cloud
CHG_heavy_cloud_0189,AUD_heavy_cloud_009,adjudicated,geoms/changes/CHG_heavy_cloud_0189.geojson,true,formal,high,,true,heavy_cloud
CHG_heavy_cloud_0190,AUD_heavy_cloud_010,adjudicated,geoms/changes/CHG_heavy_cloud_0190.geojson,true,formal,high,,true,heavy_cloud
CHG_heavy_cloud_0191,AUD_heavy_cloud_011,adjudicated,geoms/changes/CHG_heavy_cloud_0191.geojson,true,formal,high,,true,heavy_cloud
CHG_heavy_cloud_0192,AUD_heavy_cloud_012,adjudicated,geoms/changes/CHG_heavy_cloud_0192.geojson,true,formal,high,,true,heavy_cloud
CHG_heavy_cloud_0193,AUD_heavy_cloud_013,adjudicated,geoms/changes/CHG_heavy_cloud_0193.geojson,true,formal,high,,true,heavy_cloud
CHG_heavy_cloud_0194,AUD_heavy_cloud_014,adjudicated,geoms/changes/CHG_heavy_cloud_0194.geojson,true,formal,high,,false,heavy_cloud
CHG_heavy_cloud_0195,AUD_heavy_cloud_015,adjudicated,geoms/changes/CHG_heavy_cloud_0195.geojson,true,formal,high,,true,heavy_cloud
CHG_heavy_cloud_0196,AUD_heavy_cloud_016,adjudicated,geoms/changes/CHG_heavy_cloud_0196.geojson,true,formal,high,,false,heavy_cloud
CHG_heavy_cloud_0197,AUD_heavy_cloud_017,adjudicated,geoms/changes/CHG_heavy_cloud_0197.geojson,true,formal,high,,false,heavy_cloud
CHG_texture_complex_0000,AUD_texture_complex_000,adjudicated,geoms/changes/CHG_texture_complex_0000.geojson,true,formal,high,,true,texture_complex
CHG_texture_complex_0001,AUD_texture_complex_001,adjudicated,geoms/changes/CHG_texture_complex_0001.geojson,true,formal,high,,false,texture_complex
CHG_texture_complex_0002,AUD_texture_complex_002,adjudicated,geoms/changes/CHG_texture_complex_0002.geojson,true,formal,high,,true,texture_complex
CHG_texture_complex_0003,AUD_texture_complex_003,adjudicated,geoms/changes/CHG_texture_complex_0003.geojson,true,formal,high,,true,texture_complex
CHG_texture_complex_0004,AUD_texture_complex_004,adjudicated,geoms/changes/CHG_texture_complex_0004.geojson,true,formal,high,,true,texture_complex
CHG_texture_complex_0005,AUD_texture_complex_005,adjudicated,geoms/changes/CHG_texture_complex_0005.geojson,true,formal,medium,partial_occlusion,false,texture_complex
CHG_texture_complex_0006,AUD_texture_complex_006,adjudicated,geoms/changes/CHG_texture_complex_0006.geojson,true,formal,high,,false,texture_complex
CHG_texture_complex_0007,AUD_texture_complex_007,adjudicated,geoms/changes/CHG_texture_complex_0007.geojson,true,formal,high,,true,texture_complex
CHG_texture_complex_0008,AUD_texture_complex_008,adjudicated,geoms/changes/CHG_texture_complex_0008.geojson,true,formal,high,,true,texture_complex
CHG_texture_complex_0009,AUD_texture_complex_009,adjudicated,geoms/changes/CHG_texture_complex_0009.geojson,true,formal,high,,true,texture_complex
CHG_texture_complex_0010,AUD_texture_complex_010,adjudicated,geoms/changes/CHG_texture_complex_0010.geojson,true,formal,high,,true,texture_complex
CHG_texture_complex_0011,AUD_texture_complex_011,adjudicated,geoms/changes/CHG_texture_complex_0011.geojson,true,formal,high,,true,texture_complex
CHG_texture_complex_0012,AUD_texture_complex_012,adjudicated,geoms/changes/CHG_texture_complex_0012.geojson,true,formal,high,,false,texture_complex
CHG_texture_complex_0013,AUD_texture_complex_013,adjudicated,geoms/changes/CHG_texture_complex_0013.geojson,true,formal,high,,false,texture_complex
CHG_texture_complex_0014,AUD_texture_complex_014,adjudicated,geoms/changes/CHG_texture_complex_0014.geojson,true,formal,high,,true,texture_complex
CHG_texture_complex_0015,AUD_texture_complex_015,adjudicated,geoms/changes/CHG_texture_complex_0015.geojson,true,formal,high,,false,texture_complex
CHG_texture_complex_0016,AUD_texture_complex_016,adjudicated,geoms/changes/CHG_texture_complex_0016.geojson,true,formal,high,,true,texture_complex
CHG_texture_complex_0017,AUD_texture_complex_017,adjudicated,geoms/changes/CHG_texture_complex_0017.geojson,true,formal,high,,false,texture_complex
CHG_texture_complex_0018,AUD_texture_complex_018,adjudicated,geoms/changes/CHG_texture_complex_0018.geojson,true,formal,high,,true,texture_complex
CHG_texture_complex_0019,AUD_texture_complex_019,adjudicated,geoms/changes/CHG_texture_complex_0019.geojson,true,formal,high,,true,texture_complex
CHG_texture_complex_0020,AUD_texture_complex_020,adjudicated,geoms/changes/CHG_texture_complex_0020.geojson,true,formal,high,,true,texture_complex
CHG_texture_complex_0021,AUD_texture_complex_021,adjudicated,geoms/changes/CHG_texture_complex_0021.geojson,true,formal,high,,true,texture_complex
CHG_texture_complex_0022,AUD_texture_complex_022,adjudicated,geoms/changes/CHG_texture_complex_0022.geojson,true,formal,high,,false,texture_complex
CHG_texture_complex_0023,AUD_texture_complex_023,adjudicated,geoms/changes/CHG_texture_complex_0023.geojson,true,formal,high,,true,texture_complex
CHG_texture_complex_0024,AUD_texture_complex_024,adjudicated,geoms/changes/CHG_texture_complex_0024.geojson,true,formal,medium,partial_occlusion,true,texture_complex
CHG_texture_complex_0025,AUD_texture_complex_025,adjudicated,geoms/changes/CHG_texture_complex_0025.geojson,true,formal,high,,true,texture_complex
CHG_texture_complex_0026,AUD_texture_complex_026,adjudicated,geoms/changes/CHG_texture_complex_0026.geojson,true,formal,high,,true,texture_complex
CHG_texture_complex_0027,AUD_texture_complex_027,adjudicated,geoms/changes/CHG_texture_complex_0027.geojson,true,formal,high,,true,texture_complex
CHG_texture_complex_0028,AUD_texture_complex_028,adjudicated,geoms/changes/CHG_texture_complex_0028.geojson,true,formal,high,,true,texture_complex
CHG_texture_complex_0029,AUD_texture_complex_029,adjudicated,geoms/changes/CHG_texture_complex_0029.geojson,true,formal,high,,true,texture_complex
CHG_texture_complex_0030,AUD_texture_complex_030,adjudicated,geoms/changes/CHG_texture_complex_0030.geojson,true,formal,medium,partial_occlusion,true,texture_complex
CHG_texture_complex_0031,AUD_texture_complex_031,adjudicated,geoms/changes/CHG_texture_complex_0031.geojson,true,formal,high,,true,texture_complex
CHG_texture_complex_0032,AUD_texture_complex_032,adjudicated,geoms/changes/CHG_texture_complex_0032.geojson,true,formal,high,,true,texture_complex
CHG_texture_complex_0033,AUD_texture_complex_033,adjudicated,geoms/changes/CHG_texture_complex_0033.geojson,true,formal,high,,true,texture_complex
CHG_texture_complex_0034,AUD_texture_complex_034,adjudicated,geoms/changes/CHG_texture_complex_0034.geojson,true,formal,medium,partial_occlusion,true,texture_complex
CHG_texture_complex_0035,AUD_texture_complex_035,adjudicated,geoms/changes/CHG_texture_complex_0035.geojson,true,formal,high,,true,texture_complex
CHG_texture_complex_0036,AUD_texture_complex_036,adjudicated,geoms/changes/CHG_texture_complex_0036.geojson,true,formal,medium,partial_occlusion,true,texture_complex
CHG_texture_complex_0037,AUD_texture_complex_037,adjudicated,geoms/changes/CHG_texture_complex_0037.geojson,true,formal,medium,partial_occlusion,true,texture_complex
CHG_texture_complex_0038,AUD_texture_complex_038,adjudicated,geoms/changes/CHG_texture_complex_0038.geojson,true,formal,high,,false,texture_complex
CHG_texture_complex_0039,AUD_texture_complex_039,adjudicated,geoms/changes/CHG_texture_complex_0039.geojson,true,formal,high,,true,texture_complex
CHG_texture_complex_0040,AUD_texture_complex_040,adjudicated,geoms/changes/CHG_texture_complex_0040.geojson,true,formal,high,,true,texture_complex
CHG_texture_complex_0041,AUD_texture_complex_041,adjudicated,geoms/changes/CHG_texture_complex_0041.geojson,true,formal,medium,partial_occlusion,false,texture_complex
CHG_texture_complex_0042,AUD_texture_complex_042,adjudicated,geoms/changes/CHG_texture_complex_0042.geojson,true,formal,high,,true,texture_complex
CHG_texture_complex_0043,AUD_texture_complex_043,adjudicated,geoms/changes/CHG_texture_complex_0043.geojson,true,formal,high,,true,texture_complex
CHG_texture_complex_0044,AUD_texture_complex_044,adjudicated,geoms/changes/CHG_texture_complex_0044.geojson,true,formal,high,,true,texture_complex
CHG_texture_complex_0045,AUD_texture_complex_045,adjudicated,geoms/changes/CHG_texture_complex_0045.geojson,true,formal,high,,true,texture_complex
CHG_texture_complex_0046,AUD_texture_complex_046,adjudicated,geoms/changes/CHG_texture_complex_0046.geojson,true,formal,high,,true,texture_complex
CHG_texture_complex_0047,AUD_texture_complex_047,adjudicated,geoms/changes/CHG_texture_complex_0047.geojson,true,formal,high,,true,texture_complex
CHG_texture_complex_0048,AUD_texture_complex_048,adjudicated,geoms/changes/CHG_texture_complex_0048.geojson,true,formal,high,,true,texture_complex
CHG_texture_complex_0049,AUD_texture_complex_049,adjudicated,geoms/changes/CHG_texture_complex_0049.geojson,true,formal,high,,true,texture_complex
CHG_texture_complex_0050,AUD_texture_complex_050,adjudicated,geoms/changes/CHG_texture_complex_0050.geojson,true,formal,high,,false,texture_complex
CHG_texture_complex_0051,AUD_texture_complex_051,adjudicated,geoms/changes/CHG_texture_complex_0051.geojson,true,formal,high,,false,texture_complex
CHG_texture_complex_0052,AUD_texture_complex_052,adjudicated,geoms/changes/CHG_texture_complex_0052.geojson,true,formal,high,,true,texture_complex
CHG_texture_complex_0053,AUD_texture_complex_053,adjudicated,geoms/changes/CHG_texture_complex_0053.geojson,true,formal,high,,true,texture_complex
CHG_texture_complex_0054,AUD_texture_complex_054,adjudicated,geoms/changes/CHG_texture_complex_0054.geojson,true,formal,high,,true,texture_complex
CHG_texture_complex_0055,AUD_texture_complex_055,adjudicated,geoms/changes/CHG_texture_complex_0055.geojson,true,formal,high,,true,texture_complex
CHG_texture_complex_0056,AUD_texture_complex_056,adjudicated,geoms/changes/CHG_texture_complex_0056.geojson,true,formal,high,,true,texture_complex
CHG_texture_complex_0057,AUD_texture_complex_057,adjudicated,geoms/changes/CHG_texture_complex_0057.geojson,true,formal,high,,true,texture_complex
CHG_texture_complex_0058,AUD_texture_complex_058,adjudicated,geoms/changes/CHG_texture_complex_0058.geojson,true,formal,high,,true,texture_complex
CHG_texture_complex_0059,AUD_texture_complex_059,adjudicated,geoms/changes/CHG_texture_complex_0059.geojson,true,formal,high,,true,texture_complex
CHG_texture_complex_0060,AUD_texture_complex_000,adjudicated,geoms/changes/CHG_texture_complex_0060.geojson,true,formal,high,,false,texture_complex
CHG_texture_complex_0061,AUD_texture_complex_001,adjudicated,geoms/changes/CHG_texture_complex_0061.geojson,true,formal,high,,true,texture_complex
CHG_texture_complex_0062,AUD_texture_complex_002,adjudicated,geoms/changes/CHG_texture_complex_0062.geojson,true,formal,medium,partial_occlusion,false,texture_complex
CHG_texture_complex_0063,AUD_texture_complex_003,adjudicated,geoms/changes/CHG_texture_complex_0063.geojson,true,formal,high,,true,texture_complex
CHG_texture_complex_0064,AUD_texture_complex_004,adjudicated,geoms/changes/CHG_texture_complex_0064.geojson,true,formal,medium,partial_occlusion,true,texture_complex
CHG_texture_complex_0065,AUD_texture_complex_005,adjudicated,geoms/changes/CHG_texture_complex_0065.geojson,true,formal,high,,true,texture_complex
CHG_texture_complex_0066,AUD_texture_complex_006,adjudicated,geoms/changes/CHG_texture_complex_0066.geojson,true,formal,medium,partial_occlusion,true,texture_complex
CHG_texture_complex_0067,AUD_texture_complex_007,adjudicated,geoms/changes/CHG_texture_complex_0067.geojson,true,formal,medium,partial_occlusion,false,texture_complex
CHG_texture_complex_0068,AUD_texture_complex_008,adjudicated,geoms/changes/CHG_texture_complex_0068.geojson,true,formal,high,,true,texture_complex
CHG_texture_complex_0069,AUD_texture_complex_009,adjudicated,geoms/changes/CHG_texture_complex_0069.geojson,true,formal,medium,partial_occlusion,true,texture_complex
CHG_texture_complex_0070,AUD_texture_complex_010,adjudicated,geoms/changes/CHG_texture_complex_0070.geojson,true,formal,high,,true,texture_complex
CHG_texture_complex_0071,AUD_texture_complex_011,adjudicated,geoms/changes/CHG_texture_complex_0071.geojson,true,formal,high,,true,texture_complex
CHG_texture_complex_0072,AUD_texture_complex_012,adjudicated,geoms/changes/CHG_texture_complex_0072.geojson,true,formal,high,,true,texture_complex
CHG_texture_complex_0073,AUD_texture_complex_013,adjudicated,geoms/changes/CHG_texture_complex_0073.geojson,true,formal,high,,true,texture_complex
CHG_texture_complex_0074,AUD_texture_complex_014,adjudicated,geoms/changes/CHG_texture_complex_0074.geojson,true,formal,medium,partial_occlusion,true,texture_complex
CHG_texture_complex_0075,AUD_texture_complex_015,adjudicated,geoms/changes/CHG_texture_complex_0075.geojson,true,formal,high,,true,texture_complex
CHG_texture_complex_0076,AUD_texture_complex_016,adjudicated,geoms/changes/CHG_texture_complex_0076.geojson,true,formal,high,,true,texture_complex
CHG_texture_complex_0077,AUD_texture_complex_017,adjudicated,geoms/changes/CHG_texture_complex_0077.geojson,true,formal,high,,true,texture_complex
CHG_texture_complex_0078,AUD_texture_complex_018,adjudicated,geoms/changes/CHG_texture_complex_0078.geojson,true,formal,high,,true,texture_complex
CHG_texture_complex_0079,AUD_texture_complex_019,adjudicated,geoms/changes/CHG_texture_complex_0079.geojson,true,formal,high,,true,texture_complex
CHG_texture_complex_0080,AUD_texture_complex_020,adjudicated,geoms/changes/CHG_texture_complex_0080.geojson,true,formal,high,,true,texture_complex
CHG_texture_complex_0081,AUD_texture_complex_021,adjudicated,geoms/changes/CHG_texture_complex_0081.geojson,true,formal,high,,true,texture_complex
CHG_texture_complex_0082,AUD_texture_complex_022,adjudicated,geoms/changes/CHG_texture_complex_0082.geojson,true,formal,high,,true,texture_complex
CHG_texture_complex_0083,AUD_texture_complex_023,adjudicated,geoms/changes/CHG_texture_complex_0083.geojson,true,formal,high,,true,texture_complex
CHG_texture_complex_0084,AUD_texture_complex_024,adjudicated,geoms/changes/CHG_texture_complex_0084.geojson,true,formal,high,,true,texture_complex
CHG_texture_complex_0085,AUD_texture_complex_025,adjudicated,geoms/changes/CHG_texture_complex_0085.geojson,true,formal,high,,true,texture_complex
CHG_texture_complex_0086,AUD_texture_complex_026,adjudicated,geoms/changes/CHG_texture_complex_0086.geojson,true,formal,high,,true,texture_complex
CHG_texture_complex_0087,AUD_texture_complex_027,adjudicated,geoms/changes/CHG_texture_complex_0087.geojson,true,formal,high,,true,texture_complex
CHG_texture_complex_0088,AUD_texture_complex_028,adjudicated,geoms/changes/CHG_texture_complex_0088.geojson,true,formal,high,,true,texture_complex
CHG_texture_complex_0089,AUD_texture_complex_029,adjudicated,geoms/changes/CHG_texture_complex_0089.geojson,true,formal,high,,true,texture_complex
CHG_texture_complex_0090,AUD_texture_complex_030,adjudicated,geoms/changes/CHG_texture_complex_0090.geojson,true,formal,high,,true,texture_complex
CHG_texture_complex_0091,AUD_texture_complex_031,adjudicated,geoms/changes/CHG_texture_complex_0091.geojson,true,formal,high,,true,texture_complex
CHG_texture_complex_0092,AUD_texture_complex_032,adjudicated,geoms/changes/CHG_texture_complex_0092.geojson,true,formal,high,,true,texture_complex
CHG_texture_complex_0093,AUD_texture_complex_033,adjudicated,geoms/changes/CHG_texture_complex_0093.geojson,true,formal,high,,true,texture_complex
CHG_texture_complex_0094,AUD_texture_complex_034,adjudicated,geoms/changes/CHG_texture_complex_0094.geojson,true,formal,high,,true,texture_complex
CHG_texture_complex_0095,AUD_texture_complex_035,adjudicated,geoms/changes/CHG_texture_complex_0095.geojson,true,formal,medium,partial_occlusion,true,texture_complex
CHG_texture_complex_0096,AUD_texture_complex_036,adjudicated,geoms/changes/CHG_texture_complex_0096.geojson,true,formal,medium,partial_occlusion,true,texture_complex
CHG_texture_complex_0097,AUD_texture_complex_037,adjudicated,geoms/changes/CHG_texture_complex_0097.geojson,true,formal,high,,true,texture_complex
CHG_texture_complex_0098,AUD_texture_complex_038,adjudicated,geoms/changes/CHG_texture_complex_0098.geojson,true,formal,high,,true,texture_complex
CHG_texture_complex_0099,AUD_texture_complex_039,adjudicated,geoms/changes/CHG_texture_complex_0099.geojson,true,formal,high,,true,texture_complex
CHG_texture_complex_0100,AUD_texture_complex_040,adjudicated,geoms/changes/CHG_texture_complex_0100.geojson,true,formal,high,,true,texture_complex
CHG_texture_complex_0101,AUD_texture_complex_041,adjudicated,geoms/changes/CHG_texture_complex_0101.geojson,true,formal,high,,true,texture_complex
CHG_texture_complex_0102,AUD_texture_complex_042,adjudicated,geoms/changes/CHG_texture_complex_0102.geojson,true,formal,high,,true,texture_complex
CHG_texture_complex_0103,AUD_texture_complex_043,adjudicated,geoms/changes/CHG_texture_complex_0103.geojson,true,formal,high,,true,texture_complex
CHG_texture_complex_0104,AUD_texture_complex_044,adjudicated,geoms/changes/CHG_texture_complex_0104.geojson,true,formal,high,,true,texture_complex
CHG_texture_complex_0105,AUD_texture_complex_045,adjudicated,geoms/changes/CHG_texture_complex_0105.geojson,true,formal,high,,true,texture_complex
CHG_texture_complex_0106,AUD_texture_complex_046,adjudicated,geoms/changes/CHG_texture_complex_0106.geojson,true,formal,high,,false,texture_complex
CHG_texture_complex_0107,AUD_texture_complex_047,adjudicated,geoms/changes/CHG_texture_complex_0107.geojson,true,formal,high,,true,texture_complex
CHG_texture_complex_0108,AUD_texture_complex_048,adjudicated,geoms/changes/CHG_texture_complex_0108.geojson,true,formal,high,,true,texture_complex
CHG_texture_complex_0109,AUD_texture_complex_049,adjudicated,geoms/changes/CHG_texture_complex_0109.geojson,true,formal,high,,true,texture_complex
CHG_texture_complex_0110,AUD_texture_complex_050,adjudicated,geoms/changes/CHG_texture_complex_0110.geojson,true,formal,high,,true,texture_complex
CHG_texture_complex_0111,AUD_texture_complex_051,adjudicated,geoms/changes/CHG_texture_complex_0111.geojson,true,formal,medium,partial_occlusion,true,texture_complex
CHG_texture_complex_0112,AUD_texture_complex_052,adjudicated,geoms/changes/CHG_texture_complex_0112.geojson,true,formal,medium,partial_occlusion,true,texture_complex
CHG_texture_complex_0113,AUD_texture_complex_053,adjudicated,geoms/changes/CHG_texture_complex_0113.geojson,true,formal,high,,true,texture_complex
CHG_texture_complex_0114,AUD_texture_complex_054,adjudicated,geoms/changes/CHG_texture_complex_0114.geojson,true,formal,medium,partial_occlusion,true,texture_complex
CHG_texture_complex_0115,AUD_texture_complex_055,adjudicated,geoms/changes/CHG_texture_complex_0115.geojson,true,formal,high,,false,texture_complex
CHG_texture_complex_0116,AUD_texture_complex_056,adjudicated,geoms/changes/CHG_texture_complex_0116.geojson,true,formal,high,,true,texture_complex
CHG_texture_complex_0117,AUD_texture_complex_057,adjudicated,geoms/changes/CHG_texture_complex_0117.geojson,true,formal,high,,false,texture_complex
CHG_texture_complex_0118,AUD_texture_complex_058,adjudicated,geoms/changes/CHG_texture_complex_0118.geojson,true,formal,high,,false,texture_complex
CHG_texture_complex_0119,AUD_texture_complex_059,adjudicated,geoms/changes/CHG_texture_complex_0119.geojson,true,formal,medium,partial_occlusion,false,texture_complex
CHG_texture_complex_0120,AUD_texture_complex_000,adjudicated,geoms/changes/CHG_texture_complex_0120.geojson,true,formal,high,,true,texture_complex
CHG_texture_complex_0121,AUD_texture_complex_001,adjudicated,geoms/changes/CHG_texture_complex_0121.geojson,true,formal,high,,false,texture_complex
CHG_texture_complex_0122,AUD_texture_complex_002,adjudicated,geoms/changes/CHG_texture_complex_0122.geojson,true,formal,high,,true,texture_complex
CHG_texture_complex_0123,AUD_texture_complex_003,adjudicated,geoms/changes/CHG_texture_complex_0123.geojson,true,formal,high,,false,texture_complex
CHG_texture_complex_0124,AUD_texture_complex_004,adjudicated,geoms/changes/CHG_texture_complex_0124.geojson,true,formal,medium,partial_occlusion,true,texture_complex
CHG_texture_complex_0125,AUD_texture_complex_005,adjudicated,geoms/changes/CHG_texture_complex_0125.geojson,true,formal,high,,true,texture_complex
CHG_texture_complex_0126,AUD_texture_complex_006,adjudicated,geoms/changes/CHG_texture_complex_0126.geojson,true,formal,medium,partial_occlusion,false,texture_complex
CHG_texture_complex_0127,AUD_texture_complex_007,adjudicated,geoms/changes/CHG_texture_complex_0127.geojson,true,formal,high,,true,texture_complex
CHG_texture_complex_0128,AUD_texture_complex_008,adjudicated,geoms/changes/CHG_texture_complex_0128.geojson,true,formal,high,,true,texture_complex
CHG_texture_complex_0129,AUD_texture_complex_009,adjudicated,geoms/changes/CHG_texture_complex_0129.geojson,true,formal,medium,partial_occlusion,true,texture_complex
CHG_texture_complex_0130,AUD_texture_complex_010,adjudicated,geoms/changes/CHG_texture_complex_0130.geojson,true,formal,medium,partial_occlusion,false,texture_complex
CHG_texture_complex_0131,AUD_texture_complex_011,adjudicated,geoms/changes/CHG_texture_complex_0131.geojson,true,formal,high,,true,texture_complex
CHG_texture_complex_0132,AUD_texture_complex_012,adjudicated,geoms/changes/CHG_texture_complex_0132.geojson,true,formal,high,,true,texture_complex
CHG_texture_complex_0133,AUD_texture_complex_013,adjudicated,geoms/changes/CHG_texture_complex_0133.geojson,true,formal,medium,partial_occlusion,true,texture_complex
CHG_texture_complex_0134,AUD_texture_complex_014,adjudicated,geoms/changes/CHG_texture_complex_0134.geojson,true,formal,high,,true,texture_complex
CHG_texture_complex_0135,AUD_texture_complex_015,adjudicated,geoms/changes/CHG_texture_complex_0135.geojson,true,formal,medium,partial_occlusion,true,texture_complex
CHG_texture_complex_0136,AUD_texture_complex_016,adjudicated,geoms/changes/CHG_texture_complex_0136.geojson,true,formal,high,,true,texture_complex
CHG_texture_complex_0137,AUD_texture_complex_017,adjudicated,geoms/changes/CHG_texture_complex_0137.geojson,true,formal,high,,true,texture_complex
CHG_texture_complex_0138,AUD_texture_complex_018,adjudicated,geoms/changes/CHG_texture_complex_0138.geojson,true,formal,high,,false,texture_complex
CHG_texture_complex_0139,AUD_texture_complex_019,adjudicated,geoms/changes/CHG_texture_complex_0139.geojson,true,formal,high,,true,texture_complex
CHG_texture_complex_0140,AUD_texture_complex_020,adjudicated,geoms/changes/CHG_texture_complex_0140.geojson,true,formal,high,,true,texture_complex
CHG_texture_complex_0141,AUD_texture_complex_021,adjudicated,geoms/changes/CHG_texture_complex_0141.geojson,true,formal,high,,true,texture_complex
CHG_texture_complex_0142,AUD_texture_complex_022,adjudicated,geoms/changes/CHG_texture_complex_0142.geojson,true,formal,high,,false,texture_complex
CHG_texture_complex_0143,AUD_texture_complex_023,adjudicated,geoms/changes/CHG_texture_complex_0143.geojson,true,formal,high,,false,texture_complex
CHG_texture_complex_0144,AUD_texture_complex_024,adjudicated,geoms/changes/CHG_texture_complex_0144.geojson,true,formal,high,,false,texture_complex
CHG_texture_complex_0145,AUD_texture_complex_025,adjudicated,geoms/changes/CHG_texture_complex_0145.geojson,true,formal,high,,true,texture_complex
CHG_texture_complex_0146,AUD_texture_complex_026,adjudicated,geoms/changes/CHG_texture_complex_0146.geojson,true,formal,high,,true,texture_complex
CHG_texture_complex_0147,AUD_texture_complex_027,adjudicated,geoms/changes/CHG_texture_complex_0147.geojson,true,formal,high,,false,texture_complex
CHG_texture_complex_0148,AUD_texture_complex_028,adjudicated,geoms/changes/CHG_texture_complex_0148.geojson,true,formal,high,,true,texture_complex
CHG_texture_complex_0149,AUD_texture_complex_029,adjudicated,geoms/changes/CHG_texture_complex_0149.geojson,true,formal,high,,true,texture_complex
CHG_texture_complex_0150,AUD_texture_complex_030,adjudicated,geoms/changes/CHG_texture_complex_0150.geojson,true,formal,high,,false,texture_complex
CHG_texture_complex_0151,AUD_texture_complex_031,adjudicated,geoms/changes/CHG_texture_complex_0151.geojson,true,formal,high,,false,texture_complex
CHG_texture_complex_0152,AUD_texture_complex_032,adjudicated,geoms/changes/CHG_texture_complex_0152.geojson,true,formal,high,,true,texture_complex
CHG_texture_complex_0153,AUD_texture_complex_033,adjudicated,geoms/changes/CHG_texture_complex_0153.geojson,true,formal,high,,true,texture_complex
CHG_texture_complex_0154,AUD_texture_complex_034,adjudicated,geoms/changes/CHG_texture_complex_0154.geojson,true,formal,medium,partial_occlusion,true,texture_complex
CHG_texture_complex_0155,AUD_texture_complex_035,adjudicated,geoms/changes/CHG_texture_complex_0155.geojson,true,formal,high,,true,texture_complex
CHG_texture_complex_0156,AUD_texture_complex_036,adjudicated,geoms/changes/CHG_texture_complex_0156.geojson,true,formal,high,,true,texture_complex
CHG_texture_complex_0157,AUD_texture_complex_037,adjudicated,geoms/changes/CHG_texture_complex_0157.geojson,true,formal,high,,false,texture_complex
CHG_texture_complex_0158,AUD_texture_complex_038,adjudicated,geoms/changes/CHG_texture_complex_0158.geojson,true,formal,high,,true,texture_complex
CHG_texture_complex_0159,AUD_texture_complex_039,adjudicated,geoms/changes/CHG_texture_complex_0159.geojson,true,formal,high,,false,texture_complex
CHG_texture_complex_0160,AUD_texture_complex_040,adjudicated,geoms/changes/CHG_texture_complex_0160.geojson,true,formal,high,,false,texture_complex
CHG_texture_complex_0161,AUD_texture_complex_041,adjudicated,geoms/changes/CHG_texture_complex_0161.geojson,true,formal,high,,true,texture_complex
CHG_texture_complex_0162,AUD_texture_complex_042,adjudicated,geoms/changes/CHG_texture_complex_0162.geojson,true,formal,high,,true,texture_complex
CHG_texture_complex_0163,AUD_texture_complex_043,adjudicated,geoms/changes/CHG_texture_complex_0163.geojson,true,formal,high,,true,texture_complex
CHG_texture_complex_0164,AUD_texture_complex_044,adjudicated,geoms/changes/CHG_texture_complex_0164.geojson,true,formal,high,,true,texture_complex
CHG_texture_complex_0165,AUD_texture_complex_045,adjudicated,geoms/changes/CHG_texture_complex_0165.geojson,true,formal,medium,partial_occlusion,true,texture_complex
CHG_texture_complex_0166,AUD_texture_complex_046,adjudicated,geoms/changes/CHG_texture_complex_0166.geojson,true,formal,high,,true,texture_complex
CHG_texture_complex_0167,AUD_texture_complex_047,adjudicated,geoms/changes/CHG_texture_complex_0167.geojson,true,formal,high,,true,texture_complex
CHG_texture_complex_0168,AUD_texture_complex_048,adjudicated,geoms/changes/CHG_texture_complex_0168.geojson,true,formal,high,,true,texture_complex
CHG_texture_complex_0169,AUD_texture_complex_049,adjudicated,geoms/changes/CHG_texture_complex_0169.geojson,true,formal,high,,false,texture_complex
CHG_texture_complex_0170,AUD_texture_complex_050,adjudicated,geoms/changes/CHG_texture_complex_0170.geojson,true,formal,high,,true,texture_complex
CHG_texture_complex_0171,AUD_texture_complex_051,adjudicated,geoms/changes/CHG_texture_complex_0171.geojson,true,formal,high,,true,texture_complex
CHG_texture_complex_0172,AUD_texture_complex_052,adjudicated,geoms/changes/CHG_texture_complex_0172.geojson,true,formal,high,,true,texture_complex
CHG_texture_complex_0173,AUD_texture_complex_053,adjudicated,geoms/changes/CHG_texture_complex_0173.geojson,true,formal,high,,true,texture_complex
CHG_informal_small_roofs_0000,AUD_informal_small_roofs_000,adjudicated,geoms/changes/CHG_informal_small_roofs_0000.geojson,true,informal,high,,true,informal_small_roofs
CHG_informal_small_roofs_0001,AUD_informal_small_roofs_001,adjudicated,geoms/changes/CHG_informal_small_roofs_0001.geojson,true,informal,high,,true,informal_small_roofs
CHG_informal_small_roofs_0002,AUD_informal_small_roofs_002,adjudicated,geoms/changes/CHG_informal_small_roofs_0002.geojson,true,informal,high,,true,informal_small_roofs
CHG_informal_small_roofs_0003,AUD_informal_small_roofs_003,adjudicated,geoms/changes/CHG_informal_small_roofs_0003.geojson,true,informal,high,,true,informal_small_roofs
CHG_informal_small_roofs_0004,AUD_informal_small_roofs_004,adjudicated,geoms/changes/CHG_informal_small_roofs_0004.geojson,true,informal,high,,true,informal_small_roofs
CHG_informal_small_roofs_0005,AUD_informal_small_roofs_005,adjudicated,geoms/changes/CHG_informal_small_roofs_0005.geojson,true,informal,high,,true,informal_small_roofs
CHG_informal_small_roofs_0006,AUD_informal_small_roofs_006,adjudicated,geoms/changes/CHG_informal_small_roofs_0006.geojson,true,informal,high,,false,informal_small_roofs
CHG_informal_small_roofs_0007,AUD_informal_small_roofs_007,adjudicated,geoms/changes/CHG_informal_small_roofs_0007.geojson,true,informal,high,,false,informal_small_roofs
CHG_informal_small_roofs_0008,AUD_informal_small_roofs_008,adjudicated,geoms/changes/CHG_informal_small_roofs_0008.geojson,true,informal,high,,true,informal_small_roofs
CHG_informal_small_roofs_0009,AUD_informal_small_roofs_009,adjudicated,geoms/changes/CHG_informal_small_roofs_0009.geojson,true,informal,high,,false,informal_small_roofs
CHG_informal_small_roofs_0010,AUD_informal_small_roofs_010,adjudicated,geoms/changes/CHG_informal_small_roofs_0010.geojson,true,informal,high,,true,informal_small_roofs
CHG_informal_small_roofs_0011,AUD_informal_small_roofs_011,adjudicated,geoms/changes/CHG_informal_small_roofs_0011.geojson,true,informal,high,,true,informal_small_roofs
CHG_informal_small_roofs_0012,AUD_informal_small_roofs_012,adjudicated,geoms/changes/CHG_informal_small_roofs_0012.geojson,true,informal,high,,false,informal_small_roofs
CHG_informal_small_roofs_0013,AUD_informal_small_roofs_013,adjudicated,geoms/changes/CHG_informal_small_roofs_0013.geojson,true,informal,high,,false,informal_small_roofs
CHG_informal_small_roofs_0014,AUD_informal_small_roofs_014,adjudicated,geoms/changes/CHG_informal_small_roofs_0014.geojson,true,informal,high,,true,informal_small_roofs
CHG_informal_small_roofs_0015,AUD_informal_small_roofs_015,adjudicated,geoms/changes/CHG_informal_small_roofs_0015.geojson,true,informal,high,,true,informal_small_roofs
CHG_informal_small_roofs_0016,AUD_informal_small_roofs_016,adjudicated,geoms/changes/CHG_informal_small_roofs_0016.geojson,true,informal,high,,true,informal_small_roofs
CHG_informal_small_roofs_0017,AUD_informal_small_roofs_017,adjudicated,geoms/changes/CHG_informal_small_roofs_0017.geojson,true,informal,high,,true,informal_small_roofs
CHG_informal_small_roofs_0018,AUD_informal_small_roofs_018,adjudicated,geoms/changes/CHG_informal_small_roofs_0018.geojson,true,informal,high,,true,informal_small_roofs
CHG_informal_small_roofs_0019,AUD_informal_small_roofs_019,adjudicated,geoms/changes/CHG_informal_small_roofs_0019.geojson,true,informal,high,,false,informal_small_roofs
CHG_informal_small_roofs_0020,AUD_informal_small_roofs_020,adjudicated,geoms/changes/CHG_informal_small_roofs_0020.geojson,true,informal,high,,true,informal_small_roofs
CHG_informal_small_roofs_0021,AUD_informal_small_roofs_021,adjudicated,geoms/changes/CHG_informal_small_roofs_0021.geojson,true,informal,high,,false,informal_small_roofs
CHG_informal_small_roofs_0022,AUD_informal_small_roofs_022,adjudicated,geoms/changes/CHG_informal_small_roofs_0022.geojson,true,informal,high,,true,informal_small_roofs
CHG_informal_small_roofs_0023,AUD_informal_small_roofs_023,adjudicated,geoms/changes/CHG_informal_small_roofs_0023.geojson,true,informal,high,,true,informal_small_roofs
CHG_informal_small_roofs_0024,AUD_informal_small_roofs_024,adjudicated,geoms/changes/CHG_informal_small_roofs_0024.geojson,true,informal,high,,true,informal_small_roofs
CHG_informal_small_roofs_0025,AUD_informal_small_roofs_025,adjudicated,geoms/changes/CHG_informal_small_roofs_0025.geojson,true,informal,high,,false,informal_small_roofs
CHG_informal_small_roofs_0026,AUD_informal_small_roofs_026,adjudicated,geoms/changes/CHG_informal_small_roofs_0026.geojson,true,informal,high,,true,informal_small_roofs
CHG_informal_small_roofs_0027,AUD_informal_small_roofs_027,adjudicated,geoms/changes/CHG_informal_small_roofs_0027.geojson,true,informal,high,,true,informal_small_roofs
CHG_informal_small_roofs_0028,AUD_informal_small_roofs_028,adjudicated,geoms/changes/CHG_informal_small_roofs_0028.geojson,true,informal,high,,true,informal_small_roofs
CHG_informal_small_roofs_0029,AUD_informal_small_roofs_029,adjudicated,geoms/changes/CHG_informal_small_roofs_0029.geojson,true,informal,high,,true,informal_small_roofs
CHG_informal_small_roofs_0030,AUD_informal_small_roofs_030,adjudicated,geoms/changes/CHG_informal_small_roofs_0030.geojson,true,informal,high,,true,informal_small_roofs
CHG_informal_small_roofs_0031,AUD_informal_small_roofs_031,adjudicated,geoms/changes/CHG_informal_small_roofs_0031.geojson,true,informal,high,,true,informal_small_roofs
CHG_informal_small_roofs_0032,AUD_informal_small_roofs_032,adjudicated,geoms/changes/CHG_informal_small_roofs_0032.geojson,true,informal,high,,false,informal_small_roofs
CHG_informal_small_roofs_0033,AUD_informal_small_roofs_033,adjudicated,geoms/changes/CHG_informal_small_roofs_0033.geojson,true,informal,high,,true,informal_small_roofs
CHG_informal_small_roofs_0034,AUD_informal_small_roofs_034,adjudicated,geoms/changes/CHG_informal_small_roofs_0034.geojson,true,informal,high,,true,informal_small_roofs
CHG_informal_small_roofs_0035,AUD_informal_small_roofs_035,adjudicated,geoms/changes/CHG_informal_small_roofs_0035.geojson,true,informal,high,,false,informal_small_roofs
CHG_informal_small_roofs_0036,AUD_informal_small_roofs_036,adjudicated,geoms/changes/CHG_informal_small_roofs_0036.geojson,true,informal,medium,partial_occlusion,false,informal_small_roofs
CHG_informal_small_roofs_0037,AUD_informal_small_roofs_037,adjudicated,geoms/changes/CHG_informal_small_roofs_0037.geojson,true,informal,high,,false,informal_small_roofs
CHG_informal_small_roofs_0038,AUD_informal_small_roofs_038,adjudicated,geoms/changes/CHG_informal_small_roofs_0038.geojson,true,informal,high,,false,informal_small_roofs
CHG_informal_small_roofs_0039,AUD_informal_small_roofs_039,adjudicated,geoms/changes/CHG_informal_small_roofs_0039.geojson,true,informal,high,,true,informal_small_roofs
CHG_informal_small_roofs_0040,AUD_informal_small_roofs_040,adjudicated,geoms/changes/CHG_informal_small_roofs_0040.geojson,true,informal,high,,false,informal_small_roofs
CHG_informal_small_roofs_0041,AUD_informal_small_roofs_041,adjudicated,geoms/changes/CHG_informal_small_roofs_0041.geojson,true,informal,high,,false,informal_small_roofs
CHG_informal_small_roofs_0042,AUD_informal_small_roofs_042,adjudicated,geoms/changes/CHG_informal_small_roofs_0042.geojson,true,informal,high,,true,informal_small_roofs
CHG_informal_small_roofs_0043,AUD_informal_small_roofs_043,adjudicated,geoms/changes/CHG_informal_small_roofs_0043.geojson,true,informal,high,,false,informal_small_roofs
CHG_informal_small_roofs_0044,AUD_informal_small_roofs_044,adjudicated,geoms/changes/CHG_informal_small_roofs_0044.geojson,true,informal,high,,true,informal_small_roofs
CHG_informal_small_roofs_0045,AUD_informal_small_roofs_045,adjudicated,geoms/changes/CHG_informal_small_roofs_0045.geojson,true,informal,high,,true,informal_small_roofs
CHG_informal_small_roofs_0046,AUD_informal_small_roofs_046,adjudicated,geoms/changes/CHG_informal_small_roofs_0046.geojson,true,informal,high,,true,informal_small_roofs
CHG_informal_small_roofs_0047,AUD_informal_small_roofs_047,adjudicated,geoms/changes/CHG_informal_small_roofs_0047.geojson,true,informal,high,,true,informal_small_roofs
CHG_informal_small_roofs_0048,AUD_informal_small_roofs_048,adjudicated,geoms/changes/CHG_informal_small_roofs_0048.geojson,true,informal,medium,partial_occlusion,true,informal_small_roofs
CHG_informal_small_roofs_0049,AUD_informal_small_roofs_049,adjudicated,geoms/changes/CHG_informal_small_roofs_0049.geojson,true,informal,high,,false,informal_small_roofs
CHG_informal_small_roofs_0050,AUD_informal_small_roofs_050,adjudicated,geoms/changes/CHG_informal_small_roofs_0050.geojson,true,informal,high,,true,informal_small_roofs
CHG_informal_small_roofs_0051,AUD_informal_small_roofs_051,adjudicated,geoms/changes/CHG_informal_small_roofs_0051.geojson,true,informal,high,,true,informal_small_roofs
CHG_informal_small_roofs_0052,AUD_informal_small_roofs_052,adjudicated,geoms/changes/CHG_informal_small_roofs_0052.geojson,true,informal,high,,true,informal_small_roofs
CHG_informal_small_roofs_0053,AUD_informal_small_roofs_053,adjudicated,geoms/changes/CHG_informal_small_roofs_0053.geojson,true,informal,high,,true,informal_small_roofs
CHG_informal_small_roofs_0054,AUD_informal_small_roofs_054,adjudicated,geoms/changes/CHG_informal_small_roofs_0054.geojson,true,informal,high,,false,informal_small_roofs
CHG_informal_small_roofs_0055,AUD_informal_small_roofs_055,adjudicated,geoms/changes/CHG_informal_small_roofs_0055.geojson,true,informal,medium,partial_occlusion,true,informal_small_roofs
CHG_informal_small_roofs_0056,AUD_informal_small_roofs_056,adjudicated,geoms/changes/CHG_informal_small_roofs_0056.geojson,true,informal,high,,false,informal_small_roofs
CHG_informal_small_roofs_0057,AUD_informal_small_roofs_057,adjudicated,geoms/changes/CHG_informal_small_roofs_0057.geojson,true,informal,high,,false,informal_small_roofs
CHG_informal_small_roofs_0058,AUD_informal_small_roofs_058,adjudicated,geoms/changes/CHG_informal_small_roofs_0058.geojson,true,informal,high,,false,informal_small_roofs
CHG_informal_small_roofs_0059,AUD_informal_small_roofs_059,adjudicated,geoms/changes/CHG_informal_small_roofs_0059.geojson,true,informal,high,,true,informal_small_roofs
CHG_informal_small_roofs_0060,AUD_informal_small_roofs_000,adjudicated,geoms/changes/CHG_informal_small_roofs_0060.geojson,true,informal,high,,false,informal_small_roofs
CHG_informal_small_roofs_0061,AUD_informal_small_roofs_001,adjudicated,geoms/changes/CHG_informal_small_roofs_0061.geojson,true,informal,high,,false,informal_small_roofs
CHG_informal_small_roofs_0062,AUD_informal_small_roofs_002,adjudicated,geoms/changes/CHG_informal_small_roofs_0062.geojson,true,informal,high,,false,informal_small_roofs
CHG_informal_small_roofs_0063,AUD_informal_small_roofs_003,adjudicated,geoms/changes/CHG_informal_small_roofs_0063.geojson,true,informal,high,,true,informal_small_roofs
CHG_informal_small_roofs_0064,AUD_informal_small_roofs_004,adjudicated,geoms/changes/CHG_informal_small_roofs_0064.geojson,true,informal,high,,false,informal_small_roofs
CHG_informal_small_roofs_0065,AUD_informal_small_roofs_005,adjudicated,geoms/changes/CHG_informal_small_roofs_0065.geojson,true,informal,high,,true,informal_small_roofs
CHG_informal_small_roofs_0066,AUD_informal_small_roofs_006,adjudicated,geoms/changes/CHG_informal_small_roofs_0066.geojson,true,informal,high,,true,informal_small_roofs
CHG_informal_small_roofs_0067,AUD_informal_small_roofs_007,adjudicated,geoms/changes/CHG_informal_small_roofs_0067.geojson,true,informal,high,,false,informal_small_roofs
CHG_informal_small_roofs_0068,AUD_informal_small_roofs_008,adjudicated,geoms/changes/CHG_informal_small_roofs_0068.geojson,true,informal,high,,false,informal_small_roofs
CHG_informal_small_roofs_0069,AUD_informal_small_roofs_009,adjudicated,geoms/changes/CHG_informal_small_roofs_0069.geojson,true,informal,high,,true,informal_small_roofs
CHG_informal_small_roofs_0070,AUD_informal_small_roofs_010,adjudicated,geoms/changes/CHG_informal_small_roofs_0070.geojson,true,informal,high,,false,informal_small_roofs
CHG_informal_small_roofs_0071,AUD_informal_small_roofs_011,adjudicated,geoms/changes/CHG_informal_small_roofs_0071.geojson,true,informal,high,,false,informal_small_roofs
CHG_informal_small_roofs_0072,AUD_informal_small_roofs_012,adjudicated,geoms/changes/CHG_informal_small_roofs_0072.geojson,true,informal,high,,true,informal_small_roofs
CHG_informal_small_roofs_0073,AUD_informal_small_roofs_013,adjudicated,geoms/changes/CHG_informal_small_roofs_0073.geojson,true,informal,high,,true,informal_small_roofs
CHG_informal_small_roofs_0074,AUD_informal_small_roofs_014,adjudicated,geoms/changes/CHG_informal_small_roofs_0074.geojson,true,informal,high,,true,informal_small_roofs
CHG_informal_small_roofs_0075,AUD_informal_small_roofs_015,adjudicated,geoms/changes/CHG_informal_small_roofs_0075.geojson,true,informal,high,,false,informal_small_roofs
CHG_informal_small_roofs_0076,AUD_informal_small_roofs_016,adjudicated,geoms/changes/CHG_informal_small_roofs_0076.geojson,true,informal,high,,true,informal_small_roofs
CHG_informal_small_roofs_0077,AUD_informal_small_roofs_017,adjudicated,geoms/changes/CHG_informal_small_roofs_0077.geojson,true,informal,high,,true,informal_small_roofs
CHG_informal_small_roofs_0078,AUD_informal_small_roofs_018,adjudicated,geoms/changes/CHG_informal_small_roofs_0078.geojson,true,informal,high,,false,informal_small_roofs
CHG_informal_small_roofs_0079,AUD_informal_small_roofs_019,adjudicated,geoms/changes/CHG_informal_small_roofs_0079.geojson,true,informal,high,,true,informal_small_roofs
CHG_informal_small_roofs_0080,AUD_informal_small_roofs_020,adjudicated,geoms/changes/CHG_informal_small_roofs_0080.geojson,true,informal,high,,true,informal_small_roofs
CHG_informal_small_roofs_0081,AUD_informal_small_roofs_021,adjudicated,geoms/changes/CHG_informal_small_roofs_0081.geojson,true,informal,high,,false,informal_small_roofs
CHG_informal_small_roofs_0082,AUD_informal_small_roofs_022,adjudicated,geoms/changes/CHG_informal_small_roofs_0082.geojson,true,informal,high,,true,informal_small_roofs
CHG_informal_small_roofs_0083,AUD_informal_small_roofs_023,adjudicated,geoms/changes/CHG_informal_small_roofs_0083.geojson,true,informal,high,,false,informal_small_roofs
CHG_informal_small_roofs_0084,AUD_informal_small_roofs_024,adjudicated,geoms/changes/CHG_informal_small_roofs_0084.geojson,true,informal,high,,true,informal_small_roofs
CHG_informal_small_roofs_0085,AUD_informal_small_roofs_025,adjudicated,geoms/changes/CHG_informal_small_roofs_0085.geojson,true,informal,high,,true,informal_small_roofs
CHG_informal_small_roofs_0086,AUD_informal_small_roofs_026,adjudicated,geoms/changes/CHG_informal_small_roofs_0086.geojson,true,informal,high,,true,informal_small_roofs
CHG_informal_small_roofs_0087,AUD_informal_small_roofs_027,adjudicated,geoms/changes/CHG_informal_small_roofs_0087.geojson,true,informal,high,,false,informal_small_roofs
CHG_informal_small_roofs_0088,AUD_informal_small_roofs_028,adjudicated,geoms/changes/CHG_informal_small_roofs_0088.geojson,true,informal,high,,false,informal_small_roofs
CHG_informal_small_roofs_0089,AUD_informal_small_roofs_029,adjudicated,geoms/changes/CHG_informal_small_roofs_0089.geojson,true,informal,medium,partial_occlusion,true,informal_small_roofs
CHG_informal_small_roofs_0090,AUD_informal_small_roofs_030,adjudicated,geoms/changes/CHG_informal_small_roofs_0090.geojson,true,informal,high,,true,informal_small_roofs
CHG_informal_small_roofs_0091,AUD_informal_small_roofs_031,adjudicated,geoms/changes/CHG_informal_small_roofs_0091.geojson,true,informal,high,,true,informal_small_roofs
CHG_informal_small_roofs_0092,AUD_informal_small_roofs_032,adjudicated,geoms/changes/CHG_informal_small_roofs_0092.geojson,true,informal,high,,true,informal_small_roofs
CHG_informal_small_roofs_0093,AUD_informal_small_roofs_033,adjudicated,geoms/changes/CHG_informal_small_roofs_0093.geojson,true,informal,high,,true,informal_small_roofs
CHG_informal_small_roofs_0094,AUD_informal_small_roofs_034,adjudicated,geoms/changes/CHG_informal_small_roofs_0094.geojson,true,informal,medium,partial_occlusion,true,informal_small_roofs
CHG_informal_small_roofs_0095,AUD_informal_small_roofs_035,adjudicated,geoms/changes/CHG_informal_small_roofs_0095.geojson,true,informal,high,,false,informal_small_roofs
CHG_informal_small_roofs_0096,AUD_informal_small_roofs_036,adjudicated,geoms/changes/CHG_informal_small_roofs_0096.geojson,true,informal,high,,false,informal_small_roofs
CHG_informal_small_roofs_0097,AUD_informal_small_roofs_037,adjudicated,geoms/changes/CHG_informal_small_roofs_0097.geojson,true,informal,high,,true,informal_small_roofs
CHG_informal_small_roofs_0098,AUD_informal_small_roofs_038,adjudicated,geoms/changes/CHG_informal_small_roofs_0098.geojson,true,informal,medium,partial_occlusion,true,informal_small_roofs
CHG_informal_small_roofs_0099,AUD_informal_small_roofs_039,adjudicated,geoms/changes/CHG_informal_small_roofs_0099.geojson,true,informal,high,,false,informal_small_roofs
CHG_informal_small_roofs_0100,AUD_informal_small_roofs_040,adjudicated,geoms/changes/CHG_informal_small_roofs_0100.geojson,true,informal,high,,true,informal_small_roofs
CHG_informal_small_roofs_0101,AUD_informal_small_roofs_041,adjudicated,geoms/changes/CHG_informal_small_roofs_0101.geojson,true,informal,high,,true,informal_small_roofs
CHG_informal_small_roofs_0102,AUD_informal_small_roofs_042,adjudicated,geoms/changes/CHG_informal_small_roofs_0102.geojson,true,informal,high,,false,informal_small_roofs
CHG_informal_small_roofs_0103,AUD_informal_small_roofs_043,adjudicated,geoms/changes/CHG_informal_small_roofs_0103.geojson,true,informal,medium,partial_occlusion,false,informal_small_roofs
CHG_informal_small_roofs_0104,AUD_informal_small_roofs_044,adjudicated,geoms/changes/CHG_informal_small_roofs_0104.geojson,true,informal,high,,true,informal_small_roofs
CHG_informal_small_roofs_0105,AUD_informal_small_roofs_045,adjudicated,geoms/changes/CHG_informal_small_roofs_0105.geojson,true,informal,high,,true,informal_small_roofs
CHG_informal_small_roofs_0106,AUD_informal_small_roofs_046,adjudicated,geoms/changes/CHG_informal_small_roofs_0106.geojson,true,informal,high,,true,informal_small_roofs
CHG_informal_small_roofs_0107,AUD_informal_small_roofs_047,adjudicated,geoms/changes/CHG_informal_small_roofs_0107.geojson,true,informal,high,,false,informal_small_roofs
CHG_informal_small_roofs_0108,AUD_informal_small_roofs_048,adjudicated,geoms/changes/CHG_informal_small_roofs_0108.geojson,true,informal,high,,true,informal_small_roofs
CHG_informal_small_roofs_0109,AUD_informal_small_roofs_049,adjudicated,geoms/changes/CHG_informal_small_roofs_0109.geojson,true,informal,high,,false,informal_small_roofs
CHG_informal_small_roofs_0110,AUD_informal_small_roofs_050,adjudicated,geoms/changes/CHG_informal_small_roofs_0110.geojson,true,informal,high,,false,informal_small_roofs
CHG_informal_small_roofs_0111,AUD_informal_small_roofs_051,adjudicated,geoms/changes/CHG_informal_small_roofs_0111.geojson,true,informal,high,,true,informal_small_roofs
CHG_informal_small_roofs_0112,AUD_informal_small_roofs_052,adjudicated,geoms/changes/CHG_informal_small_roofs_0112.geojson,true,informal,high,,false,informal_small_roofs
CHG_informal_small_roofs_0113,AUD_informal_small_roofs_053,adjudicated,geoms/changes/CHG_informal_small_roofs_0113.geojson,true,informal,high,,false,informal_small_roofs
CHG_informal_small_roofs_0114,AUD_informal_small_roofs_054,adjudicated,geoms/changes/CHG_informal_small_roofs_0114.geojson,true,informal,high,,true,informal_small_roofs
CHG_informal_small_roofs_0115,AUD_informal_small_roofs_055,adjudicated,geoms/changes/CHG_informal_small_roofs_0115.geojson,true,informal,high,,true,informal_small_roofs
CHG_informal_small_roofs_0116,AUD_informal_small_roofs_056,adjudicated,geoms/changes/CHG_informal_small_roofs_0116.geojson,true,informal,high,,true,informal_small_roofs
CHG_informal_small_roofs_0117,AUD_informal_small_roofs_057,adjudicated,geoms/changes/CHG_informal_small_roofs_0117.geojson,true,informal,high,,false,informal_small_roofs
CHG_informal_small_roofs_0118,AUD_informal_small_roofs_058,adjudicated,geoms/changes/CHG_informal_small_roofs_0118.geojson,true,informal,high,,true,informal_small_roofs
CHG_informal_small_roofs_0119,AUD_informal_small_roofs_059,adjudicated,geoms/changes/CHG_informal_small_roofs_0119.geojson,true,informal,high,,false,informal_small_roofs
CHG_informal_small_roofs_0120,AUD_informal_small_roofs_000,adjudicated,geoms/changes/CHG_informal_small_roofs_0120.geojson,true,informal,high,,true,informal_small_roofs
CHG_informal_small_roofs_0121,AUD_informal_small_roofs_001,adjudicated,geoms/changes/CHG_informal_small_roofs_0121.geojson,true,informal,high,,true,informal_small_roofs
CHG_informal_small_roofs_0122,AUD_informal_small_roofs_002,adjudicated,geoms/changes/CHG_informal_small_roofs_0122.geojson,true,informal,high,,true,informal_small_roofs
CHG_informal_small_roofs_0123,AUD_informal_small_roofs_003,adjudicated,geoms/changes/CHG_informal_small_roofs_0123.geojson,true,informal,high,,true,informal_small_roofs
CHG_informal_small_roofs_0124,AUD_informal_small_roofs_004,adjudicated,geoms/changes/CHG_informal_small_roofs_0124.geojson,true,informal,high,,false,informal_small_roofs
CHG_informal_small_roofs_0125,AUD_informal_small_roofs_005,adjudicated,geoms/changes/CHG_informal_small_roofs_0125.geojson,true,informal,medium,partial_occlusion,true,informal_small_roofs
CHG_informal_small_roofs_0126,AUD_informal_small_roofs_006,adjudicated,geoms/changes/CHG_informal_small_roofs_0126.geojson,true,informal,high,,true,informal_small_roofs
CHG_informal_small_roofs_0127,AUD_informal_small_roofs_007,adjudicated,geoms/changes/CHG_informal_small_roofs_0127.geojson,true,informal,medium,partial_occlusion,false,informal_small_roofs
CHG_informal_small_roofs_0128,AUD_informal_small_roofs_008,adjudicated,geoms/changes/CHG_informal_small_roofs_0128.geojson,true,informal,high,,false,informal_small_roofs
CHG_informal_small_roofs_0129,AUD_informal_small_roofs_009,adjudicated,geoms/changes/CHG_informal_small_roofs_0129.geojson,true,informal,high,,false,informal_small_roofs
CHG_informal_small_roofs_0130,AUD_informal_small_roofs_010,adjudicated,geoms/changes/CHG_informal_small_roofs_0130.geojson,true,informal,high,,true,informal_small_roofs
CHG_informal_small_roofs_0131,AUD_informal_small_roofs_011,adjudicated,geoms/changes/CHG_informal_small_roofs_0131.geojson,true,informal,high,,false,informal_small_roofs
CHG_informal_small_roofs_0132,AUD_informal_small_roofs_012,adjudicated,geoms/changes/CHG_informal_small_roofs_0132.geojson,true,informal,high,,false,informal_small_roofs
CHG_informal_small_roofs_0133,AUD_informal_small_roofs_013,adjudicated,geoms/changes/CHG_informal_small_roofs_0133.geojson,true,informal,high,,false,informal_small_roofs
CHG_informal_small_roofs_0134,AUD_informal_small_roofs_014,adjudicated,geoms/changes/CHG_informal_small_roofs_0134.geojson,true,informal,high,,true,informal_small_roofs
CHG_informal_small_roofs_0135,AUD_informal_small_roofs_015,adjudicated,geoms/changes/CHG_informal_small_roofs_0135.geojson,true,informal,high,,true,informal_small_roofs
CHG_informal_small_roofs_0136,AUD_informal_small_roofs_016,adjudicated,geoms/changes/CHG_informal_small_roofs_0136.geojson,true,informal,high,,false,informal_small_roofs
CHG_informal_small_roofs_0137,AUD_informal_small_roofs_017,adjudicated,geoms/changes/CHG_informal_small_roofs_0137.geojson,true,informal,high,,false,informal_small_roofs
CHG_informal_small_roofs_0138,AUD_informal_small_roofs_018,adjudicated,geoms/changes/CHG_informal_small_roofs_0138.geojson,true,informal,high,,true,informal_small_roofs
CHG_informal_small_roofs_0139,AUD_informal_small_roofs_019,adjudicated,geoms/changes/CHG_informal_small_roofs_0139.geojson,true,informal,high,,true,informal_small_roofs
CHG_informal_small_roofs_0140,AUD_informal_small_roofs_020,adjudicated,geoms/changes/CHG_informal_small_roofs_0140.geojson,true,informal,high,,true,informal_small_roofs
CHG_informal_small_roofs_0141,AUD_informal_small_roofs_021,adjudicated,geoms/changes/CHG_informal_small_roofs_0141.geojson,true,informal,high,,true,informal_small_roofs
CHG_informal_small_roofs_0142,AUD_informal_small_roofs_022,adjudicated,geoms/changes/CHG_informal_small_roofs_0142.geojson,true,informal,high,,true,informal_small_roofs
CHG_informal_small_roofs_0143,AUD_informal_small_roofs_023,adjudicated,geoms/changes/CHG_informal_small_roofs_0143.geojson,true,informal,high,,true,informal_small_roofs
CHG_informal_small_roofs_0144,AUD_informal_small_roofs_024,adjudicated,geoms/changes/CHG_informal_small_roofs_0144.geojson,true,informal,high,,true,informal_small_roofs
CHG_informal_small_roofs_0145,AUD_informal_small_roofs_025,adjudicated,geoms/changes/CHG_informal_small_roofs_0145.geojson,true,informal,high,,false,informal_small_roofs
CHG_informal_small_roofs_0146,AUD_informal_small_roofs_026,adjudicated,geoms/changes/CHG_informal_small_roofs_0146.geojson,true,informal,medium,partial_occlusion,true,informal_small_roofs
CHG_informal_small_roofs_0147,AUD_informal_small_roofs_027,adjudicated,geoms/changes/CHG_informal_small_roofs_0147.geojson,true,informal,medium,partial_occlusion,true,informal_small_roofs
CHG_informal_small_roofs_0148,AUD_informal_small_roofs_028,adjudicated,geoms/changes/CHG_informal_small_roofs_0148.geojson,true,informal,high,,true,informal_small_roofs
CHG_informal_small_roofs_0149,AUD_informal_small_roofs_029,adjudicated,geoms/changes/CHG_informal_small_roofs_0149.geojson,true,informal,high,,true,informal_small_roofs
CHG_informal_small_roofs_0150,AUD_informal_small_roofs_030,adjudicated,geoms/changes/CHG_informal_small_roofs_0150.geojson,true,informal,high,,false,informal_small_roofs
CHG_informal_small_roofs_0151,AUD_informal_small_roofs_031,adjudicated,geoms/changes/CHG_informal_small_roofs_0151.geojson,true,informal,high,,false,informal_small_roofs
CHG_informal_small_roofs_0152,AUD_informal_small_roofs_032,adjudicated,geoms/changes/CHG_informal_small_roofs_0152.geojson,true,informal,high,,false,informal_small_roofs
CHG_informal_small_roofs_0153,AUD_informal_small_roofs_033,adjudicated,geoms/changes/CHG_informal_small_roofs_0153.geojson,true,informal,high,,true,informal_small_roofs
CHG_informal_small_roofs_0154,AUD_informal_small_roofs_034,adjudicated,geoms/changes/CHG_informal_small_roofs_0154.geojson,true,informal,high,,true,informal_small_roofs
CHG_informal_small_roofs_0155,AUD_informal_small_roofs_035,adjudicated,geoms/changes/CHG_informal_small_roofs_0155.geojson,true,informal,high,,true,informal_small_roofs
CHG_informal_small_roofs_0156,AUD_informal_small_roofs_036,adjudicated,geoms/changes/CHG_informal_small_roofs_0156.geojson,true,informal,high,,true,informal_small_roofs
CHG_informal_small_roofs_0157,AUD_informal_small_roofs_037,adjudicated,geoms/changes/CHG_informal_small_roofs_0157.geojson,true,informal,high,,true,informal_small_roofs
CHG_informal_small_roofs_0158,AUD_informal_small_roofs_038,adjudicated,geoms/changes/CHG_informal_small_roofs_0158.geojson,true,informal,high,,true,informal_small_roofs
CHG_informal_small_roofs_0159,AUD_informal_small_roofs_039,adjudicated,geoms/changes/CHG_informal_small_roofs_0159.geojson,true,informal,high,,true,informal_small_roofs
CHG_informal_small_roofs_0160,AUD_informal_small_roofs_040,adjudicated,geoms/changes/CHG_informal_small_roofs_0160.geojson,true,informal,high,,false,informal_small_roofs
CHG_informal_small_roofs_0161,AUD_informal_small_roofs_041,adjudicated,geoms/changes/CHG_informal_small_roofs_0161.geojson,true,informal,high,,false,informal_small_roofs
CHG_informal_small_roofs_0162,AUD_informal_small_roofs_042,adjudicated,geoms/changes/CHG_informal_small_roofs_0162.geojson,true,informal,high,,false,informal_small_roofs
CHG_informal_small_roofs_0163,AUD_informal_small_roofs_043,adjudicated,geoms/changes/CHG_informal_small_roofs_0163.geojson,true,informal,high,,false,informal_small_roofs
CHG_informal_small_roofs_0164,AUD_informal_small_roofs_044,adjudicated,geoms/changes/CHG_informal_small_roofs_0164.geojson,true,informal,high,,false,informal_small_roofs
CHG_informal_small_roofs_0165,AUD_informal_small_roofs_045,adjudicated,geoms/changes/CHG_informal_small_roofs_0165.geojson,true,informal,high,,true,informal_small_roofs
CHG_informal_small_roofs_0166,AUD_informal_small_roofs_046,adjudicated,geoms/changes/CHG_informal_small_roofs_0166.geojson,true,informal,high,,false,informal_small_roofs
CHG_informal_small_roofs_0167,AUD_informal_small_roofs_047,adjudicated,geoms/changes/CHG_informal_small_roofs_0167.geojson,true,informal,high,,true,informal_small_roofs
CHG_informal_small_roofs_0168,AUD_informal_small_roofs_048,adjudicated,geoms/changes/CHG_informal_small_roofs_0168.geojson,true,informal,high,,true,informal_small_roofs
CHG_informal_small_roofs_0169,AUD_informal_small_roofs_049,adjudicated,geoms/changes/CHG_informal_small_roofs_0169.geojson,true,informal,high,,true,informal_small_roofs
