proposal_id,tile_id,city,geometry,proposal_year,proposal_score,proposed_area,accepted,rejection_reason,corrected_geometry_path,stratum,matched_change_id,proposal_type,is_true_positive
PRP_clear_regular_0000,AUD_clear_regular_000,Dakar,geoms/proposals/PRP_clear_regular_0000.geojson,2023,0.853,257.96,true,,geoms/changes/CHG_clear_regular_0000.geojson,clear_regular,CHG_clear_regular_0000,true_positive,true
PRP_clear_regular_0001,AUD_clear_regular_002,Douala,geoms/proposals/PRP_clear_regular_0001.geojson,2023,0.554,335.28,true,,geoms/changes/CHG_clear_regular_0002.geojson,clear_regular,CHG_clear_regular_0002,true_positive,true
PRP_clear_regular_0002,AUD_clear_regular_003,Garoua,geoms/proposals/PRP_clear_regular_0002.geojson,2023,0.649,97.86,true,,geoms/changes/CHG_clear_regular_0003.geojson,clear_regular,CHG_clear_regular_0003,true_positive,true
PRP_clear_regular_0003,AUD_clear_regular_004,Kigali,geoms/proposals/PRP_clear_regular_0003.geojson,2023,0.846,335.64,true,,geoms/changes/CHG_clear_regular_0004.geojson,clear_regular,CHG_clear_regular_0004,true_positive,true
PRP_clear_regular_0004,AUD_clear_regular_005,Yaounde,geoms/proposals/PRP_clear_regular_0004.geojson,2023,0.739,380.82,true,,geoms/changes/CHG_clear_regular_0005.geojson,clear_regular,CHG_clear_regular_0005,true_positive,true
PRP_clear_regular_0005,AUD_clear_regular_007,DarEsSalaam,geoms/proposals/PRP_clear_regular_0005.geojson,2023,0.902,371.78,true,,geoms/changes/CHG_clear_regular_0007.geojson,clear_regular,CHG_clear_regular_0007,true_positive,true
PRP_clear_regular_0006,AUD_clear_regular_008,Douala,geoms/proposals/PRP_clear_regular_0006.geojson,2023,0.928,52.97,true,,geoms/changes/CHG_clear_regular_0008.geojson,clear_regular,CHG_clear_regular_0008,true_positive,true
PRP_clear_regular_0007,AUD_clear_regular_010,Kigali,geoms/proposals/PRP_clear_regular_0007.geojson,2023,0.678,81.35,true,,geoms/changes/CHG_clear_regular_0010.geojson,clear_regular,CHG_clear_regular_0010,true_positive,true
PRP_clear_regular_0008,AUD_clear_regular_011,Yaounde,geoms/proposals/PRP_clear_regular_0008.geojson,2023,0.755,83.40,true,,geoms/changes/CHG_clear_regular_0011.geojson,clear_regular,CHG_clear_regular_0011,true_positive,true
PRP_clear_regular_0009,AUD_clear_regular_012,Dakar,geoms/proposals/PRP_clear_regular_0009.geojson,2023,0.601,311.76,true,,geoms/changes/CHG_clear_regular_0012.geojson,clear_regular,CHG_clear_regular_0012,true_positive,true
PRP_clear_regular_0010,AUD_clear_regular_013,DarEsSalaam,geoms/proposals/PRP_clear_regular_0010.geojson,2023,0.603,199.76,true,,geoms/changes/CHG_clear_regular_0013.geojson,clear_regular,CHG_clear_regular_0013,true_positive,true
PRP_clear_regular_0011,AUD_clear_regular_014,Douala,geoms/proposals/PRP_clear_regular_0011.geojson,2023,0.828,323.31,true,,geoms/changes/CHG_clear_regular_0014.geojson,clear_regular,CHG_clear_regular_0014,true_positive,true
PRP_clear_regular_0012,AUD_clear_regular_015,Garoua,geoms/proposals/PRP_clear_regular_0012.geojson,2023,0.632,219.75,true,,geoms/changes/CHG_clear_regular_0015.geojson,clear_regular,CHG_clear_regular_0015,true_positive,true
PRP_clear_regular_0013,AUD_clear_regular_018,Dakar,geoms/proposals/PRP_clear_regular_0013.geojson,2023,0.889,269.62,true,,geoms/changes/CHG_clear_regular_0018.geojson,clear_regular,CHG_clear_regular_0018,true_positive,true
PRP_clear_regular_0014,AUD_clear_regular_019,DarEsSalaam,geoms/proposals/PRP_clear_regular_0014.geojson,2023,0.946,275.05,true,,geoms/changes/CHG_clear_regular_0019.geojson,clear_regular,CHG_clear_regular_0019,true_positive,true
PRP_clear_regular_0015,AUD_clear_regular_020,Douala,geoms/proposals/PRP_clear_regular_0015.geojson,2023,0.625,192.24,true,,geoms/changes/CHG_clear_regular_0020.geojson,clear_regular,CHG_clear_regular_0020,true_positive,true
PRP_clear_regular_0016,AUD_clear_regular_022,Kigali,geoms/proposals/PRP_clear_regular_0016.geojson,2023,0.822,315.76,true,,geoms/changes/CHG_clear_regular_0022.geojson,clear_regular,CHG_clear_regular_0022,true_positive,true
PRP_clear_regular_0017,AUD_clear_regular_023,Yaounde,geoms/proposals/PRP_clear_regular_0017.geojson,2023,0.670,337.05,true,,geoms/changes/CHG_clear_regular_0023.geojson,clear_regular,CHG_clear_regular_0023,true_positive,true
PRP_clear_regular_0018,AUD_clear_regular_024,Dakar,geoms/proposals/PRP_clear_regular_0018.geojson,2023,0.821,93.83,true,,geoms/changes/CHG_clear_regular_0024.geojson,clear_regular,CHG_clear_regular_0024,true_positive,true
PRP_clear_regular_0019,AUD_clear_regular_025,DarEsSalaam,geoms/proposals/PRP_clear_regular_0019.geojson,2023,0.627,277.20,true,,geoms/changes/CHG_clear_regular_0025.geojson,clear_regular,CHG_clear_regular_0025,true_positive,true
PRP_clear_regular_0020,AUD_clear_regular_026,Douala,geoms/proposals/PRP_clear_regular_0020.geojson,2023,0.898,204.62,true,,geoms/changes/CHG_clear_regular_0026.geojson,clear_regular,CHG_clear_regular_0026,true_positive,true
PRP_clear_regular_0021,AUD_clear_regular_027,Garoua,geoms/proposals/PRP_clear_regular_0021.geojson,2023,0.746,184.64,true,,geoms/changes/CHG_clear_regular_0027.geojson,clear_regular,CHG_clear_regular_0027,true_positive,true
PRP_clear_regular_0022,AUD_clear_regular_028,Kigali,geoms/proposals/PRP_clear_regular_0022.geojson,2023,0.668,103.77,true,,geoms/changes/CHG_clear_regular_0028.geojson,clear_regular,CHG_clear_regular_0028,true_positive,true
PRP_clear_regular_0023,AUD_clear_regular_029,Yaounde,geoms/proposals/PRP_clear_regular_0023.geojson,2023,0.676,349.77,true,,geoms/changes/CHG_clear_regular_0029.geojson,clear_regular,CHG_clear_regular_0029,true_positive,true
PRP_clear_regular_0024,AUD_clear_regular_030,Dakar,geoms/proposals/PRP_clear_regular_0024.geojson,2023,0.852,249.13,true,,geoms/changes/CHG_clear_regular_0030.geojson,clear_regular,CHG_clear_regular_0030,true_positive,true
PRP_clear_regular_0025,AUD_clear_regular_032,Douala,geoms/proposals/PRP_clear_regular_0025.geojson,2023,0.652,315.49,true,,geoms/changes/CHG_clear_regular_0032.geojson,clear_regular,CHG_clear_regular_0032,true_positive,true
PRP_clear_regular_0026,AUD_clear_regular_034,Kigali,geoms/proposals/PRP_clear_regular_0026.geojson,2023,0.808,259.93,true,,geoms/changes/CHG_clear_regular_0034.geojson,clear_regular,CHG_clear_regular_0034,true_positive,true
PRP_clear_regular_0027,AUD_clear_regular_037,DarEsSalaam,geoms/proposals/PRP_clear_regular_0027.geojson,2023,0.598,159.46,true,,geoms/changes/CHG_clear_regular_0037.geojson,clear_regular,CHG_clear_regular_0037,true_positive,true
PRP_clear_regular_0028,AUD_clear_regular_038,Douala,geoms/proposals/PRP_clear_regular_0028.geojson,2023,0.676,70.89,true,,geoms/changes/CHG_clear_regular_0038.geojson,clear_regular,CHG_clear_regular_0038,true_positive,true
PRP_clear_regular_0029,AUD_clear_regular_040,Kigali,geoms/proposals/PRP_clear_regular_0029.geojson,2023,0.757,159.58,true,,geoms/changes/CHG_clear_regular_0040.geojson,clear_regular,CHG_clear_regular_0040,true_positive,true
PRP_clear_regular_0030,AUD_clear_regular_041,Yaounde,geoms/proposals/PRP_clear_regular_0030.geojson,2023,0.901,198.40,true,,geoms/changes/CHG_clear_regular_0041.geojson,clear_regular,CHG_clear_regular_0041,true_positive,true
PRP_clear_regular_0031,AUD_clear_regular_042,Dakar,geoms/proposals/PRP_clear_regular_0031.geojson,2023,0.666,116.33,true,,geoms/changes/CHG_clear_regular_0042.geojson,clear_regular,CHG_clear_regular_0042,true_positive,true
PRP_clear_regular_0032,AUD_clear_regular_043,DarEsSalaam,geoms/proposals/PRP_clear_regular_0032.geojson,2023,0.959,353.66,true,,geoms/changes/CHG_clear_regular_0043.geojson,clear_regular,CHG_clear_regular_0043,true_positive,true
PRP_clear_regular_0033,AUD_clear_regular_045,Garoua,geoms/proposals/PRP_clear_regular_0033.geojson,2023,0.958,166.91,true,,geoms/changes/CHG_clear_regular_0045.geojson,clear_regular,CHG_clear_regular_0045,true_positive,true
PRP_clear_regular_0034,AUD_clear_regular_046,Kigali,geoms/proposals/PRP_clear_regular_0034.geojson,2023,0.581,307.72,true,,geoms/changes/CHG_clear_regular_0046.geojson,clear_regular,CHG_clear_regular_0046,true_positive,true
PRP_clear_regular_0035,AUD_clear_regular_047,Yaounde,geoms/proposals/PRP_clear_regular_0035.geojson,2023,0.570,148.99,true,,geoms/changes/CHG_clear_regular_0047.geojson,clear_regular,CHG_clear_regular_0047,true_positive,true
PRP_clear_regular_0036,AUD_clear_regular_048,Dakar,geoms/proposals/PRP_clear_regular_0036.geojson,2023,0.987,318.79,true,,geoms/changes/CHG_clear_regular_0048.geojson,clear_regular,CHG_clear_regular_0048,true_positive,true
PRP_clear_regular_0037,AUD_clear_regular_049,DarEsSalaam,geoms/proposals/PRP_clear_regular_0037.geojson,2023,0.615,224.83,true,,geoms/changes/CHG_clear_regular_0049.geojson,clear_regular,CHG_clear_regular_0049,true_positive,true
PRP_clear_regular_0038,AUD_clear_regular_050,Douala,geoms/proposals/PRP_clear_regular_0038.geojson,2023,0.806,234.08,true,,geoms/changes/CHG_clear_regular_0050.geojson,clear_regular,CHG_clear_regular_0050,true_positive,true
PRP_clear_regular_0039,AUD_clear_regular_051,Garoua,geoms/proposals/PRP_clear_regular_0039.geojson,2023,0.812,79.66,true,,geoms/changes/CHG_clear_regular_0051.geojson,clear_regular,CHG_clear_regular_0051,true_positive,true
PRP_clear_regular_0040,AUD_clear_regular_052,Kigali,geoms/proposals/PRP_clear_regular_0040.geojson,2023,0.984,231.27,true,,geoms/changes/CHG_clear_regular_0052.geojson,clear_regular,CHG_clear_regular_0052,true_positive,true
PRP_clear_regular_0041,AUD_clear_regular_053,Yaounde,geoms/proposals/PRP_clear_regular_0041.geojson,2023,0.844,247.88,true,,geoms/changes/CHG_clear_regular_0053.geojson,clear_regular,CHG_clear_regular_0053,true_positive,true
PRP_clear_regular_0042,AUD_clear_regular_054,Dakar,geoms/proposals/PRP_clear_regular_0042.geojson,2023,0.809,88.82,true,,geoms/changes/CHG_clear_regular_0054.geojson,clear_regular,CHG_clear_regular_0054,true_positive,true
PRP_clear_regular_0043,AUD_clear_regular_055,DarEsSalaam,geoms/proposals/PRP_clear_regular_0043.geojson,2023,0.647,151.29,true,,geoms/changes/CHG_clear_regular_0055.geojson,clear_regular,CHG_clear_regular_0055,true_positive,true
PRP_clear_regular_0044,AUD_clear_regular_056,Douala,geoms/proposals/PRP_clear_regular_0044.geojson,2023,0.846,99.07,true,,geoms/changes/CHG_clear_regular_0056.geojson,clear_regular,CHG_clear_regular_0056,true_positive,true
PRP_clear_regular_0045,AUD_clear_regular_057,Garoua,geoms/proposals/PRP_clear_regular_0045.geojson,2023,0.982,57.29,true,,geoms/changes/CHG_clear_regular_0057.geojson,clear_regular,CHG_clear_regular_0057,true_positive,true
PRP_clear_regular_0046,AUD_clear_regular_058,Kigali,geoms/proposals/PRP_clear_regular_0046.geojson,2023,0.699,235.75,true,,geoms/changes/CHG_clear_regular_0058.geojson,clear_regular,CHG_clear_regular_0058,true_positive,true
PRP_clear_regular_0047,AUD_clear_regular_059,Yaounde,geoms/proposals/PRP_clear_regular_0047.geojson,2023,0.976,55.58,true,,geoms/changes/CHG_clear_regular_0059.geojson,clear_regular,CHG_clear_regular_0059,true_positive,true
PRP_clear_regular_0048,AUD_clear_regular_000,Dakar,geoms/proposals/PRP_clear_regular_0048.geojson,2023,0.662,378.17,true,,geoms/changes/CHG_clear_regular_0060.geojson,clear_regular,CHG_clear_regular_0060,true_positive,true
PRP_clear_regular_0049,AUD_clear_regular_001,DarEsSalaam,geoms/proposals/PRP_clear_regular_0049.geojson,2023,0.744,163.80,true,,geoms/changes/CHG_clear_regular_0061.geojson,clear_regular,CHG_clear_regular_0061,true_positive,true
PRP_clear_regular_0050,AUD_clear_regular_003,Garoua,geoms/proposals/PRP_clear_regular_0050.geojson,2023,0.974,216.14,true,,geoms/changes/CHG_clear_regular_0063.geojson,clear_regular,CHG_clear_regular_0063,true_positive,true
PRP_clear_regular_0051,AUD_clear_regular_004,Kigali,geoms/proposals/PRP_clear_regular_0051.geojson,2023,0.711,325.49,true,,geoms/changes/CHG_clear_regular_0064.geojson,clear_regular,CHG_clear_regular_0064,true_positive,true
PRP_clear_regular_0052,AUD_clear_regular_005,Yaounde,geoms/proposals/PRP_clear_regular_0052.geojson,2023,0.743,62.18,true,,geoms/changes/CHG_clear_regular_0065.geojson,clear_regular,CHG_clear_regular_0065,true_positive,true
PRP_clear_regular_0053,AUD_clear_regular_006,Dakar,geoms/proposals/PRP_clear_regular_0053.geojson,2023,0.689,71.43,true,,geoms/changes/CHG_clear_regular_0066.geojson,clear_regular,CHG_clear_regular_0066,true_positive,true
PRP_clear_regular_0054,AUD_clear_regular_007,DarEsSalaam,geoms/proposals/PRP_clear_regular_0054.geojson,2023,0.634,357.17,true,,geoms/changes/CHG_clear_regular_0067.geojson,clear_regular,CHG_clear_regular_0067,true_positive,true
PRP_clear_regular_0055,AUD_clear_regular_008,Douala,geoms/proposals/PRP_clear_regular_0055.geojson,2023,0.716,251.16,true,,geoms/changes/CHG_clear_regular_0068.geojson,clear_regular,CHG_clear_regular_0068,true_positive,true
PRP_clear_regular_0056,AUD_clear_regular_009,Garoua,geoms/proposals/PRP_clear_regular_0056.geojson,2023,0.800,96.58,true,,geoms/changes/CHG_clear_regular_0069.geojson,clear_regular,CHG_clear_regular_0069,true_positive,true
PRP_clear_regular_0057,AUD_clear_regular_010,Kigali,geoms/proposals/PRP_clear_regular_0057.geojson,2023,0.902,88.73,true,,geoms/changes/CHG_clear_regular_0070.geojson,clear_regular,CHG_clear_regular_0070,true_positive,true
PRP_clear_regular_0058,AUD_clear_regular_011,Yaounde,geoms/proposals/PRP_clear_regular_0058.geojson,2023,0.610,336.95,true,,geoms/changes/CHG_clear_regular_0071.geojson,clear_regular,CHG_clear_regular_0071,true_positive,true
PRP_clear_regular_0059,AUD_clear_regular_012,Dakar,geoms/proposals/PRP_clear_regular_0059.geojson,2023,0.912,164.28,true,,geoms/changes/CHG_clear_regular_0072.geojson,clear_regular,CHG_clear_regular_0072,true_positive,true
PRP_clear_regular_0060,AUD_clear_regular_013,DarEsSalaam,geoms/proposals/PRP_clear_regular_0060.geojson,2023,0.714,75.08,true,,geoms/changes/CHG_clear_regular_0073.geojson,clear_regular,CHG_clear_regular_0073,true_positive,true
PRP_clear_regular_0061,AUD_clear_regular_014,Douala,geoms/proposals/PRP_clear_regular_0061.geojson,2023,0.633,318.83,true,,geoms/changes/CHG_clear_regular_0074.geojson,clear_regular,CHG_clear_regular_0074,true_positive,true
PRP_clear_regular_0062,AUD_clear_regular_016,Kigali,geoms/proposals/PRP_clear_regular_0062.geojson,2023,0.671,109.83,true,,geoms/changes/CHG_clear_regular_0076.geojson,clear_regular,CHG_clear_regular_0076,true_positive,true
PRP_clear_regular_0063,AUD_clear_regular_017,Yaounde,geoms/proposals/PRP_clear_regular_0063.geojson,2023,0.779,205.81,true,,geoms/changes/CHG_clear_regular_0077.geojson,clear_regular,CHG_clear_regular_0077,true_positive,true
PRP_clear_regular_0064,AUD_clear_regular_018,Dakar,geoms/proposals/PRP_clear_regular_0064.geojson,2023,0.641,239.34,true,,geoms/changes/CHG_clear_regular_0078.geojson,clear_regular,CHG_clear_regular_0078,true_positive,true
PRP_clear_regular_0065,AUD_clear_regular_019,DarEsSalaam,geoms/proposals/PRP_clear_regular_0065.geojson,2023,0.662,136.98,true,,geoms/changes/CHG_clear_regular_0079.geojson,clear_regular,CHG_clear_regular_0079,true_positive,true
PRP_clear_regular_0066,AUD_clear_regular_020,Douala,geoms/proposals/PRP_clear_regular_0066.geojson,2023,0.968,110.08,true,,geoms/changes/CHG_clear_regular_0080.geojson,clear_regular,CHG_clear_regular_0080,true_positive,true
PRP_clear_regular_0067,AUD_clear_regular_021,Garoua,geoms/proposals/PRP_clear_regular_0067.geojson,2023,0.977,37.97,true,,geoms/changes/CHG_clear_regular_0081.geojson,clear_regular,CHG_clear_regular_0081,true_positive,true
PRP_clear_regular_0068,AUD_clear_regular_023,Yaounde,geoms/proposals/PRP_clear_regular_0068.geojson,2023,0.898,43.86,true,,geoms/changes/CHG_clear_regular_0083.geojson,clear_regular,CHG_clear_regular_0083,true_positive,true
PRP_clear_regular_0069,AUD_clear_regular_024,Dakar,geoms/proposals/PRP_clear_regular_0069.geojson,2023,0.616,350.22,true,,geoms/changes/CHG_clear_regular_0084.geojson,clear_regular,CHG_clear_regular_0084,true_positive,true
PRP_clear_regular_0070,AUD_clear_regular_025,DarEsSalaam,geoms/proposals/PRP_clear_regular_0070.geojson,2023,0.804,110.36,true,,geoms/changes/CHG_clear_regular_0085.geojson,clear_regular,CHG_clear_regular_0085,true_positive,true
PRP_clear_regular_0071,AUD_clear_regular_028,Kigali,geoms/proposals/PRP_clear_regular_0071.geojson,2023,0.767,64.12,true,,geoms/changes/CHG_clear_regular_0088.geojson,clear_regular,CHG_clear_regular_0088,true_positive,true
PRP_clear_regular_0072,AUD_clear_regular_029,Yaounde,geoms/proposals/PRP_clear_regular_0072.geojson,2023,0.804,92.47,true,,geoms/changes/CHG_clear_regular_0089.geojson,clear_regular,CHG_clear_regular_0089,true_positive,true
PRP_clear_regular_0073,AUD_clear_regular_030,Dakar,geoms/proposals/PRP_clear_regular_0073.geojson,2023,0.656,221.72,true,,geoms/changes/CHG_clear_regular_0090.geojson,clear_regular,CHG_clear_regular_0090,true_positive,true
PRP_clear_regular_0074,AUD_clear_regular_031,DarEsSalaam,geoms/proposals/PRP_clear_regular_0074.geojson,2023,0.695,354.30,true,,geoms/changes/CHG_clear_regular_0091.geojson,clear_regular,CHG_clear_regular_0091,true_positive,true
PRP_clear_regular_0075,AUD_clear_regular_032,Douala,geoms/proposals/PRP_clear_regular_0075.geojson,2023,0.595,192.02,true,,geoms/changes/CHG_clear_regular_0092.geojson,clear_regular,CHG_clear_regular_0092,true_positive,true
PRP_clear_regular_0076,AUD_clear_regular_033,Garoua,geoms/proposals/PRP_clear_regular_0076.geojson,2023,0.871,308.59,true,,geoms/changes/CHG_clear_regular_0093.geojson,clear_regular,CHG_clear_regular_0093,true_positive,true
PRP_clear_regular_0077,AUD_clear_regular_034,Kigali,geoms/proposals/PRP_clear_regular_0077.geojson,2023,0.661,316.46,true,,geoms/changes/CHG_clear_regular_0094.geojson,clear_regular,CHG_clear_regular_0094,true_positive,true
PRP_clear_regular_0078,AUD_clear_regular_035,Yaounde,geoms/proposals/PRP_clear_regular_0078.geojson,2023,0.962,110.61,true,,geoms/changes/CHG_clear_regular_0095.geojson,clear_regular,CHG_clear_regular_0095,true_positive,true
PRP_clear_regular_0079,AUD_clear_regular_036,Dakar,geoms/proposals/PRP_clear_regular_0079.geojson,2023,0.628,213.72,true,,geoms/changes/CHG_clear_regular_0096.geojson,clear_regular,CHG_clear_regular_0096,true_positive,true
PRP_clear_regular_0080,AUD_clear_regular_037,DarEsSalaam,geoms/proposals/PRP_clear_regular_0080.geojson,2023,0.940,110.18,true,,geoms/changes/CHG_clear_regular_0097.geojson,clear_regular,CHG_clear_regular_0097,true_positive,true
PRP_clear_regular_0081,AUD_clear_regular_038,Douala,geoms/proposals/PRP_clear_regular_0081.geojson,2023,0.596,217.51,true,,geoms/changes/CHG_clear_regular_0098.geojson,clear_regular,CHG_clear_regular_0098,true_positive,true
PRP_clear_regular_0082,AUD_clear_regular_039,Garoua,geoms/proposals/PRP_clear_regular_0082.geojson,2023,0.905,80.56,true,,geoms/changes/CHG_clear_regular_0099.geojson,clear_regular,CHG_clear_regular_0099,true_positive,true
PRP_clear_regular_0083,AUD_clear_regular_040,Kigali,geoms/proposals/PRP_clear_regular_0083.geojson,2023,0.831,195.04,true,,geoms/changes/CHG_clear_regular_0100.geojson,clear_regular,CHG_clear_regular_0100,true_positive,true
PRP_clear_regular_0084,AUD_clear_regular_041,Yaounde,geoms/proposals/PRP_clear_regular_0084.geojson,2023,0.752,157.26,true,,geoms/changes/CHG_clear_regular_0101.geojson,clear_regular,CHG_clear_regular_0101,true_positive,true
PRP_clear_regular_0085,AUD_clear_regular_042,Dakar,geoms/proposals/PRP_clear_regular_0085.geojson,2023,0.686,116.10,true,,geoms/changes/CHG_clear_regular_0102.geojson,clear_regular,CHG_clear_regular_0102,true_positive,true
PRP_clear_regular_0086,AUD_clear_regular_043,DarEsSalaam,geoms/proposals/PRP_clear_regular_0086.geojson,2023,0.939,126.40,true,,geoms/changes/CHG_clear_regular_0103.geojson,clear_regular,CHG_clear_regular_0103,true_positive,true
PRP_clear_regular_0087,AUD_clear_regular_045,Garoua,geoms/proposals/PRP_clear_regular_0087.geojson,2023,0.560,171.66,true,,geoms/changes/CHG_clear_regular_0105.geojson,clear_regular,CHG_clear_regular_0105,true_positive,true
PRP_clear_regular_0088,AUD_clear_regular_046,Kigali,geoms/proposals/PRP_clear_regular_0088.geojson,2023,0.704,327.06,true,,geoms/changes/CHG_clear_regular_0106.geojson,clear_regular,CHG_clear_regular_0106,true_positive,true
PRP_clear_regular_0089,AUD_clear_regular_048,Dakar,geoms/proposals/PRP_clear_regular_0089.geojson,2023,0.622,315.82,true,,geoms/changes/CHG_clear_regular_0108.geojson,clear_regular,CHG_clear_regular_0108,true_positive,true
PRP_clear_regular_0090,AUD_clear_regular_049,DarEsSalaam,geoms/proposals/PRP_clear_regular_0090.geojson,2023,0.683,327.66,true,,geoms/changes/CHG_clear_regular_0109.geojson,clear_regular,CHG_clear_regular_0109,true_positive,true
PRP_clear_regular_0091,AUD_clear_regular_050,Douala,geoms/proposals/PRP_clear_regular_0091.geojson,2023,0.591,155.42,true,,geoms/changes/CHG_clear_regular_0110.geojson,clear_regular,CHG_clear_regular_0110,true_positive,true
PRP_clear_regular_0092,AUD_clear_regular_051,Garoua,geoms/proposals/PRP_clear_regular_0092.geojson,2023,0.740,189.53,true,,geoms/changes/CHG_clear_regular_0111.geojson,clear_regular,CHG_clear_regular_0111,true_positive,true
PRP_clear_regular_0093,AUD_clear_regular_052,Kigali,geoms/proposals/PRP_clear_regular_0093.geojson,2023,0.887,126.14,true,,geoms/changes/CHG_clear_regular_0112.geojson,clear_regular,CHG_clear_regular_0112,true_positive,true
PRP_clear_regular_0094,AUD_clear_regular_053,Yaounde,geoms/proposals/PRP_clear_regular_0094.geojson,2023,0.788,249.47,true,,geoms/changes/CHG_clear_regular_0113.geojson,clear_regular,CHG_clear_regular_0113,true_positive,true
PRP_clear_regular_0095,AUD_clear_regular_054,Dakar,geoms/proposals/PRP_clear_regular_0095.geojson,2023,0.849,235.15,true,,geoms/changes/CHG_clear_regular_0114.geojson,clear_regular,CHG_clear_regular_0114,true_positive,true
PRP_clear_regular_0096,AUD_clear_regular_055,DarEsSalaam,geoms/proposals/PRP_clear_regular_0096.geojson,2023,0.697,360.83,true,,geoms/changes/CHG_clear_regular_0115.geojson,clear_regular,CHG_clear_regular_0115,true_positive,true
PRP_clear_regular_0097,AUD_clear_regular_056,Douala,geoms/proposals/PRP_clear_regular_0097.geojson,2023,0.867,159.99,true,,geoms/changes/CHG_clear_regular_0116.geojson,clear_regular,CHG_clear_regular_0116,true_positive,true
PRP_clear_regular_0098,AUD_clear_regular_057,Garoua,geoms/proposals/PRP_clear_regular_0098.geojson,2023,0.807,205.81,true,,geoms/changes/CHG_clear_regular_0117.geojson,clear_regular,CHG_clear_regular_0117,true_positive,true
PRP_clear_regular_0099,AUD_clear_regular_058,Kigali,geoms/proposals/PRP_clear_regular_0099.geojson,2023,0.753,218.36,true,,geoms/changes/CHG_clear_regular_0118.geojson,clear_regular,CHG_clear_regular_0118,true_positive,true
PRP_clear_regular_0100,AUD_clear_regular_059,Yaounde,geoms/proposals/PRP_clear_regular_0100.geojson,2023,0.749,110.25,true,,geoms/changes/CHG_clear_regular_0119.geojson,clear_regular,CHG_clear_regular_0119,true_positive,true
PRP_clear_regular_0101,AUD_clear_regular_000,Dakar,geoms/proposals/PRP_clear_regular_0101.geojson,2023,0.751,124.68,true,,geoms/changes/CHG_clear_regular_0120.geojson,clear_regular,CHG_clear_regular_0120,true_positive,true
PRP_clear_regular_0102,AUD_clear_regular_001,DarEsSalaam,geoms/proposals/PRP_clear_regular_0102.geojson,2023,0.638,153.55,true,,geoms/changes/CHG_clear_regular_0121.geojson,clear_regular,CHG_clear_regular_0121,true_positive,true
PRP_clear_regular_0103,AUD_clear_regular_002,Douala,geoms/proposals/PRP_clear_regular_0103.geojson,2023,0.838,166.72,true,,geoms/changes/CHG_clear_regular_0122.geojson,clear_regular,CHG_clear_regular_0122,true_positive,true
PRP_clear_regular_0104,AUD_clear_regular_003,Garoua,geoms/proposals/PRP_clear_regular_0104.geojson,2023,0.952,163.82,true,,geoms/changes/CHG_clear_regular_0123.geojson,clear_regular,CHG_clear_regular_0123,true_positive,true
PRP_clear_regular_0105,AUD_clear_regular_004,Kigali,geoms/proposals/PRP_clear_regular_0105.geojson,2023,0.657,383.69,true,,geoms/changes/CHG_clear_regular_0124.geojson,clear_regular,CHG_clear_regular_0124,true_positive,true
PRP_clear_regular_0106,AUD_clear_regular_005,Yaounde,geoms/proposals/PRP_clear_regular_0106.geojson,2023,0.981,170.88,true,,geoms/changes/CHG_clear_regular_0125.geojson,clear_regular,CHG_clear_regular_0125,true_positive,true
PRP_clear_regular_0107,AUD_clear_regular_006,Dakar,geoms/proposals/PRP_clear_regular_0107.geojson,2023,0.702,95.11,true,,geoms/changes/CHG_clear_regular_0126.geojson,clear_regular,CHG_clear_regular_0126,true_positive,true
PRP_clear_regular_0108,AUD_clear_regular_007,DarEsSalaam,geoms/proposals/PRP_clear_regular_0108.geojson,2023,0.719,168.27,true,,geoms/changes/CHG_clear_regular_0127.geojson,clear_regular,CHG_clear_regular_0127,true_positive,true
PRP_clear_regular_0109,AUD_clear_regular_008,Douala,geoms/proposals/PRP_clear_regular_0109.geojson,2023,0.680,188.36,true,,geoms/changes/CHG_clear_regular_0128.geojson,clear_regular,CHG_clear_regular_0128,true_positive,true
PRP_clear_regular_0110,AUD_clear_regular_009,Garoua,geoms/proposals/PRP_clear_regular_0110.geojson,2023,0.835,139.43,true,,geoms/changes/CHG_clear_regular_0129.geojson,clear_regular,CHG_clear_regular_0129,true_positive,true
PRP_clear_regular_0111,AUD_clear_regular_010,Kigali,geoms/proposals/PRP_clear_regular_0111.geojson,2023,0.882,67.01,true,,geoms/changes/CHG_clear_regular_0130.geojson,clear_regular,CHG_clear_regular_0130,true_positive,true
PRP_clear_regular_0112,AUD_clear_regular_011,Yaounde,geoms/proposals/PRP_clear_regular_0112.geojson,2023,0.891,231.70,true,,geoms/changes/CHG_clear_regular_0131.geojson,clear_regular,CHG_clear_regular_0131,true_positive,true
PRP_clear_regular_0113,AUD_clear_regular_012,Dakar,geoms/proposals/PRP_clear_regular_0113.geojson,2023,0.732,229.66,true,,geoms/changes/CHG_clear_regular_0132.geojson,clear_regular,CHG_clear_regular_0132,true_positive,true
PRP_clear_regular_0114,AUD_clear_regular_013,DarEsSalaam,geoms/proposals/PRP_clear_regular_0114.geojson,2023,0.584,161.63,true,,geoms/changes/CHG_clear_regular_0133.geojson,clear_regular,CHG_clear_regular_0133,true_positive,true
PRP_clear_regular_0115,AUD_clear_regular_014,Douala,geoms/proposals/PRP_clear_regular_0115.geojson,2023,0.684,43.27,true,,geoms/changes/CHG_clear_regular_0134.geojson,clear_regular,CHG_clear_regular_0134,true_positive,true
PRP_clear_regular_0116,AUD_clear_regular_015,Garoua,geoms/proposals/PRP_clear_regular_0116.geojson,2023,0.719,255.79,true,,geoms/changes/CHG_clear_regular_0135.geojson,clear_regular,CHG_clear_regular_0135,true_positive,true
PRP_clear_regular_0117,AUD_clear_regular_016,Kigali,geoms/proposals/PRP_clear_regular_0117.geojson,2023,0.869,94.01,true,,geoms/changes/CHG_clear_regular_0136.geojson,clear_regular,CHG_clear_regular_0136,true_positive,true
PRP_clear_regular_0118,AUD_clear_regular_017,Yaounde,geoms/proposals/PRP_clear_regular_0118.geojson,2023,0.967,225.83,true,,geoms/changes/CHG_clear_regular_0137.geojson,clear_regular,CHG_clear_regular_0137,true_positive,true
PRP_clear_regular_0119,AUD_clear_regular_019,DarEsSalaam,geoms/proposals/PRP_clear_regular_0119.geojson,2023,0.922,73.43,true,,geoms/changes/CHG_clear_regular_0139.geojson,clear_regular,CHG_clear_regular_0139,true_positive,true
PRP_clear_regular_0120,AUD_clear_regular_020,Douala,geoms/proposals/PRP_clear_regular_0120.geojson,2023,0.770,318.78,true,,geoms/changes/CHG_clear_regular_0140.geojson,clear_regular,CHG_clear_regular_0140,true_positive,true
PRP_clear_regular_0121,AUD_clear_regular_021,Garoua,geoms/proposals/PRP_clear_regular_0121.geojson,2023,0.739,258.93,true,,geoms/changes/CHG_clear_regular_0141.geojson,clear_regular,CHG_clear_regular_0141,true_positive,true
PRP_clear_regular_0122,AUD_clear_regular_022,Kigali,geoms/proposals/PRP_clear_regular_0122.geojson,2023,0.847,322.66,true,,geoms/changes/CHG_clear_regular_0142.geojson,clear_regular,CHG_clear_regular_0142,true_positive,true
PRP_clear_regular_0123,AUD_clear_regular_023,Yaounde,geoms/proposals/PRP_clear_regular_0123.geojson,2023,0.844,87.92,true,,geoms/changes/CHG_clear_regular_0143.geojson,clear_regular,CHG_clear_regular_0143,true_positive,true
PRP_clear_regular_0124,AUD_clear_regular_024,Dakar,geoms/proposals/PRP_clear_regular_0124.geojson,2023,0.898,310.98,true,,geoms/changes/CHG_clear_regular_0144.geojson,clear_regular,CHG_clear_regular_0144,true_positive,true
PRP_clear_regular_0125,AUD_clear_regular_025,DarEsSalaam,geoms/proposals/PRP_clear_regular_0125.geojson,2023,0.951,382.40,true,,geoms/changes/CHG_clear_regular_0145.geojson,clear_regular,CHG_clear_regular_0145,true_positive,true
PRP_clear_regular_0126,AUD_clear_regular_026,Douala,geoms/proposals/PRP_clear_regular_0126.geojson,2023,0.699,352.00,true,,geoms/changes/CHG_clear_regular_0146.geojson,clear_regular,CHG_clear_regular_0146,true_positive,true
PRP_clear_regular_0127,AUD_clear_regular_027,Garoua,geoms/proposals/PRP_clear_regular_0127.geojson,2023,0.605,189.94,true,,geoms/changes/CHG_clear_regular_0147.geojson,clear_regular,CHG_clear_regular_0147,true_positive,true
PRP_clear_regular_0128,AUD_clear_regular_028,Kigali,geoms/proposals/PRP_clear_regular_0128.geojson,2023,0.701,42.00,true,,geoms/changes/CHG_clear_regular_0148.geojson,clear_regular,CHG_clear_regular_0148,true_positive,true
PRP_clear_regular_0129,AUD_clear_regular_029,Yaounde,geoms/proposals/PRP_clear_regular_0129.geojson,2023,0.566,48.93,true,,geoms/changes/CHG_clear_regular_0149.geojson,clear_regular,CHG_clear_regular_0149,true_positive,true
PRP_clear_regular_0130,AUD_clear_regular_030,Dakar,geoms/proposals/PRP_clear_regular_0130.geojson,2023,0.604,288.25,true,,geoms/changes/CHG_clear_regular_0150.geojson,clear_regular,CHG_clear_regular_0150,true_positive,true
PRP_clear_regular_0131,AUD_clear_regular_031,DarEsSalaam,geoms/proposals/PRP_clear_regular_0131.geojson,2023,0.769,372.95,true,,geoms/changes/CHG_clear_regular_0151.geojson,clear_regular,CHG_clear_regular_0151,true_positive,true
PRP_clear_regular_0132,AUD_clear_regular_032,Douala,geoms/proposals/PRP_clear_regular_0132.geojson,2023,0.675,324.46,true,,geoms/changes/CHG_clear_regular_0152.geojson,clear_regular,CHG_clear_regular_0152,true_positive,true
PRP_clear_regular_0133,AUD_clear_regular_033,Garoua,geoms/proposals/PRP_clear_regular_0133.geojson,2023,0.885,36.33,true,,geoms/changes/CHG_clear_regular_0153.geojson,clear_regular,CHG_clear_regular_0153,true_positive,true
PRP_clear_regular_0134,AUD_clear_regular_034,Kigali,geoms/proposals/PRP_clear_regular_0134.geojson,2023,0.685,308.09,true,,geoms/changes/CHG_clear_regular_0154.geojson,clear_regular,CHG_clear_regular_0154,true_positive,true
PRP_clear_regular_0135,AUD_clear_regular_035,Yaounde,geoms/proposals/PRP_clear_regular_0135.geojson,2023,0.685,285.77,true,,geoms/changes/CHG_clear_regular_0155.geojson,clear_regular,CHG_clear_regular_0155,true_positive,true
PRP_clear_regular_0136,AUD_clear_regular_036,Dakar,geoms/proposals/PRP_clear_regular_0136.geojson,2023,0.945,282.60,true,,geoms/changes/CHG_clear_regular_0156.geojson,clear_regular,CHG_clear_regular_0156,true_positive,true
PRP_clear_regular_0137,AUD_clear_regular_037,DarEsSalaam,geoms/proposals/PRP_clear_regular_0137.geojson,2023,0.829,291.62,true,,geoms/changes/CHG_clear_regular_0157.geojson,clear_regular,CHG_clear_regular_0157,true_positive,true
PRP_clear_regular_0138,AUD_clear_regular_038,Douala,geoms/proposals/PRP_clear_regular_0138.geojson,2023,0.647,157.61,true,,geoms/changes/CHG_clear_regular_0158.geojson,clear_regular,CHG_clear_regular_0158,true_positive,true
PRP_clear_regular_0139,AUD_clear_regular_000,Dakar,geoms/proposals/PRP_clear_regular_0139.geojson,2023,0.742,261.34,false,no_reference_event,,clear_regular,,false_positive,false
PRP_clear_regular_0140,AUD_clear_regular_001,DarEsSalaam,geoms/proposals/PRP_clear_regular_0140.geojson,2023,0.641,40.53,false,no_reference_event,,clear_regular,,false_positive,false
PRP_clear_regular_0141,AUD_clear_regular_002,Douala,geoms/proposals/PRP_clear_regular_0141.geojson,2023,0.415,55.98,false,no_reference_event,,clear_regular,,false_positive,false
PRP_clear_regular_0142,AUD_clear_regular_003,Garoua,geoms/proposals/PRP_clear_regular_0142.geojson,2023,0.451,54.92,false,no_reference_event,,clear_regular,,false_positive,false
PRP_clear_regular_0143,AUD_clear_regular_004,Kigali,geoms/proposals/PRP_clear_regular_0143.geojson,2023,0.554,290.77,false,no_reference_event,,clear_regular,,false_positive,false
PRP_clear_regular_0144,AUD_clear_regular_005,Yaounde,geoms/proposals/PRP_clear_regular_0144.geojson,2023,0.644,189.24,false,no_reference_event,,clear_regular,,false_positive,false
PRP_clear_regular_0145,AUD_clear_regular_006,Dakar,geoms/proposals/PRP_clear_regular_0145.geojson,2023,0.743,27.32,false,no_reference_event,,clear_regular,,false_positive,false
PRP_clear_regular_0146,AUD_clear_regular_007,DarEsSalaam,geoms/proposals/PRP_clear_regular_0146.geojson,2023,0.679,92.26,false,no_reference_event,,clear_regular,,false_positive,false
PRP_clear_regular_0147,AUD_clear_regular_008,Douala,geoms/proposals/PRP_clear_regular_0147.geojson,2023,0.498,168.88,false,no_reference_event,,clear_regular,,false_positive,false
PRP_clear_regular_0148,AUD_clear_regular_009,Garoua,geoms/proposals/PRP_clear_regular_0148.geojson,2023,0.631,115.70,false,no_reference_event,,clear_regular,,false_positive,false
PRP_clear_regular_0149,AUD_clear_regular_010,Kigali,geoms/proposals/PRP_clear_regular_0149.geojson,2023,0.507,132.54,false,no_reference_event,,clear_regular,,false_positive,false
PRP_clear_regular_0150,AUD_clear_regular_011,Yaounde,geoms/proposals/PRP_clear_regular_0150.geojson,2023,0.617,164.76,false,no_reference_event,,clear_regular,,false_positive,false
PRP_clear_regular_0151,AUD_clear_regular_012,Dakar,geoms/proposals/PRP_clear_regular_0151.geojson,2023,0.423,37.24,false,no_reference_event,,clear_regular,,false_positive,false
PRP_clear_regular_0152,AUD_clear_regular_013,DarEsSalaam,geoms/proposals/PRP_clear_regular_0152.geojson,2023,0.743,150.38,false,no_reference_event,,clear_regular,,false_positive,false
PRP_clear_regular_0153,AUD_clear_regular_014,Douala,geoms/proposals/PRP_clear_regular_0153.geojson,2023,0.592,75.37,false,no_reference_event,,clear_regular,,false_positive,false
PRP_clear_regular_0154,AUD_clear_regular_015,Garoua,geoms/proposals/PRP_clear_regular_0154.geojson,2023,0.528,54.79,false,no_reference_event,,clear_regular,,false_positive,false
PRP_clear_regular_0155,AUD_clear_regular_016,Kigali,geoms/proposals/PRP_clear_regular_0155.geojson,2023,0.700,279.07,false,no_reference_event,,clear_regular,,false_positive,false
PRP_clear_regular_0156,AUD_clear_regular_017,Yaounde,geoms/proposals/PRP_clear_regular_0156.geojson,2023,0.525,171.08,false,no_reference_event,,clear_regular,,false_positive,false
PRP_clear_regular_0157,AUD_clear_regular_018,Dakar,geoms/proposals/PRP_clear_regular_0157.geojson,2023,0.606,279.99,false,no_reference_event,,clear_regular,,false_positive,false
PRP_heavy_cloud_0000,AUD_heavy_cloud_001,DarEsSalaam,geoms/proposals/PRP_heavy_cloud_0000.geojson,2023,0.612,237.75,true,,geoms/changes/CHG_heavy_cloud_0001.geojson,heavy_cloud,CHG_heavy_cloud_0001,true_positive,true
PRP_heavy_cloud_0001,AUD_heavy_cloud_002,Douala,geoms/proposals/PRP_heavy_cloud_0001.geojson,2023,0.558,144.41,true,,geoms/changes/CHG_heavy_cloud_0002.geojson,heavy_cloud,CHG_heavy_cloud_0002,true_positive,true
PRP_heavy_cloud_0002,AUD_heavy_cloud_003,Garoua,geoms/proposals/PRP_heavy_cloud_0002.geojson,2023,0.981,42.14,true,,geoms/changes/CHG_heavy_cloud_0003.geojson,heavy_cloud,CHG_heavy_cloud_0003,true_positive,true
PRP_heavy_cloud_0003,AUD_heavy_cloud_004,Kigali,geoms/proposals/PRP_heavy_cloud_0003.geojson,2023,0.554,291.87,true,,geoms/changes/CHG_heavy_cloud_0004.geojson,heavy_cloud,CHG_heavy_cloud_0004,true_positive,true
PRP_heavy_cloud_0004,AUD_heavy_cloud_008,Douala,geoms/proposals/PRP_heavy_cloud_0004.geojson,2023,0.588,302.28,true,,geoms/changes/CHG_heavy_cloud_0008.geojson,heavy_cloud,CHG_heavy_cloud_0008,true_positive,true
PRP_heavy_cloud_0005,AUD_heavy_cloud_010,Kigali,geoms/proposals/PRP_heavy_cloud_0005.geojson,2023,0.790,236.64,true,,geoms/changes/CHG_heavy_cloud_0010.geojson,heavy_cloud,CHG_heavy_cloud_0010,true_positive,true
PRP_heavy_cloud_0006,AUD_heavy_cloud_011,Yaounde,geoms/proposals/PRP_heavy_cloud_0006.geojson,2023,0.896,366.67,true,,geoms/changes/CHG_heavy_cloud_0011.geojson,heavy_cloud,CHG_heavy_cloud_0011,true_positive,true
PRP_heavy_cloud_0007,AUD_heavy_cloud_013,DarEsSalaam,geoms/proposals/PRP_heavy_cloud_0007.geojson,2023,0.766,174.48,true,,geoms/changes/CHG_heavy_cloud_0013.geojson,heavy_cloud,CHG_heavy_cloud_0013,true_positive,true
PRP_heavy_cloud_0008,AUD_heavy_cloud_014,Douala,geoms/proposals/PRP_heavy_cloud_0008.geojson,2023,0.633,151.93,true,,geoms/changes/CHG_heavy_cloud_0014.geojson,heavy_cloud,CHG_heavy_cloud_0014,true_positive,true
PRP_heavy_cloud_0009,AUD_heavy_cloud_015,Garoua,geoms/proposals/PRP_heavy_cloud_0009.geojson,2023,0.812,328.28,true,,geoms/changes/CHG_heavy_cloud_0015.geojson,heavy_cloud,CHG_heavy_cloud_0015,true_positive,true
PRP_heavy_cloud_0010,AUD_heavy_cloud_016,Kigali,geoms/proposals/PRP_heavy_cloud_0010.geojson,2023,0.685,41.40,true,,geoms/changes/CHG_heavy_cloud_0016.geojson,heavy_cloud,CHG_heavy_cloud_0016,true_positive,true
PRP_heavy_cloud_0011,AUD_heavy_cloud_017,Yaounde,geoms/proposals/PRP_heavy_cloud_0011.geojson,2023,0.985,178.86,true,,geoms/changes/CHG_heavy_cloud_0017.geojson,heavy_cloud,CHG_heavy_cloud_0017,true_positive,true
PRP_heavy_cloud_0012,AUD_heavy_cloud_018,Dakar,geoms/proposals/PRP_heavy_cloud_0012.geojson,2023,0.956,85.63,true,,geoms/changes/CHG_heavy_cloud_0018.geojson,heavy_cloud,CHG_heavy_cloud_0018,true_positive,true
PRP_heavy_cloud_0013,AUD_heavy_cloud_019,DarEsSalaam,geoms/proposals/PRP_heavy_cloud_0013.geojson,2023,0.817,216.30,true,,geoms/changes/CHG_heavy_cloud_0019.geojson,heavy_cloud,CHG_heavy_cloud_0019,true_positive,true
PRP_heavy_cloud_0014,AUD_heavy_cloud_020,Douala,geoms/proposals/PRP_heavy_cloud_0014.geojson,2023,0.586,379.57,true,,geoms/changes/CHG_heavy_cloud_0020.geojson,heavy_cloud,CHG_heavy_cloud_0020,true_positive,true
PRP_heavy_cloud_0015,AUD_heavy_cloud_021,Garoua,geoms/proposals/PRP_heavy_cloud_0015.geojson,2023,0.969,137.04,true,,geoms/changes/CHG_heavy_cloud_0021.geojson,heavy_cloud,CHG_heavy_cloud_0021,true_positive,true
PRP_heavy_cloud_0016,AUD_heavy_cloud_022,Kigali,geoms/proposals/PRP_heavy_cloud_0016.geojson,2023,0.605,206.20,true,,geoms/changes/CHG_heavy_cloud_0022.geojson,heavy_cloud,CHG_heavy_cloud_0022,true_positive,true
PRP_heavy_cloud_0017,AUD_heavy_cloud_023,Yaounde,geoms/proposals/PRP_heavy_cloud_0017.geojson,2023,0.875,174.46,true,,geoms/changes/CHG_heavy_cloud_0023.geojson,heavy_cloud,CHG_heavy_cloud_0023,true_positive,true
PRP_heavy_cloud_0018,AUD_heavy_cloud_024,Dakar,geoms/proposals/PRP_heavy_cloud_0018.geojson,2023,0.831,152.35,true,,geoms/changes/CHG_heavy_cloud_0024.geojson,heavy_cloud,CHG_heavy_cloud_0024,true_positive,true
PRP_heavy_cloud_0019,AUD_heavy_cloud_025,DarEsSalaam,geoms/proposals/PRP_heavy_cloud_0019.geojson,2023,0.845,88.56,true,,geoms/changes/CHG_heavy_cloud_0025.geojson,heavy_cloud,CHG_heavy_cloud_0025,true_positive,true
PRP_heavy_cloud_0020,AUD_heavy_cloud_027,Garoua,geoms/proposals/PRP_heavy_cloud_0020.geojson,2023,0.802,352.06,true,,geoms/changes/CHG_heavy_cloud_0027.geojson,heavy_cloud,CHG_heavy_cloud_0027,true_positive,true
PRP_heavy_cloud_0021,AUD_heavy_cloud_028,Kigali,geoms/proposals/PRP_heavy_cloud_0021.geojson,2023,0.609,278.78,true,,geoms/changes/CHG_heavy_cloud_0028.geojson,heavy_cloud,CHG_heavy_cloud_0028,true_positive,true
PRP_heavy_cloud_0022,AUD_heavy_cloud_029,Yaounde,geoms/proposals/PRP_heavy_cloud_0022.geojson,2023,0.708,67.80,true,,geoms/changes/CHG_heavy_cloud_0029.geojson,heavy_cloud,CHG_heavy_cloud_0029,true_positive,true
PRP_heavy_cloud_0023,AUD_heavy_cloud_030,Dakar,geoms/proposals/PRP_heavy_cloud_0023.geojson,2023,0.711,318.01,true,,geoms/changes/CHG_heavy_cloud_0030.geojson,heavy_cloud,CHG_heavy_cloud_0030,true_positive,true
PRP_heavy_cloud_0024,AUD_heavy_cloud_031,DarEsSalaam,geoms/proposals/PRP_heavy_cloud_0024.geojson,2023,0.781,110.01,true,,geoms/changes/CHG_heavy_cloud_0031.geojson,heavy_cloud,CHG_heavy_cloud_0031,true_positive,true
PRP_heavy_cloud_0025,AUD_heavy_cloud_032,Douala,geoms/proposals/PRP_heavy_cloud_0025.geojson,2023,0.674,334.01,true,,geoms/changes/CHG_heavy_cloud_0032.geojson,heavy_cloud,CHG_heavy_cloud_0032,true_positive,true
PRP_heavy_cloud_0026,AUD_heavy_cloud_033,Garoua,geoms/proposals/PRP_heavy_cloud_0026.geojson,2023,0.624,175.90,true,,geoms/changes/CHG_heavy_cloud_0033.geojson,heavy_cloud,CHG_heavy_cloud_0033,true_positive,true
PRP_heavy_cloud_0027,AUD_heavy_cloud_035,Yaounde,geoms/proposals/PRP_heavy_cloud_0027.geojson,2023,0.576,333.93,true,,geoms/changes/CHG_heavy_cloud_0035.geojson,heavy_cloud,CHG_heavy_cloud_0035,true_positive,true
PRP_heavy_cloud_0028,AUD_heavy_cloud_036,Dakar,geoms/proposals/PRP_heavy_cloud_0028.geojson,2023,0.760,299.55,true,,geoms/changes/CHG_heavy_cloud_0036.geojson,heavy_cloud,CHG_heavy_cloud_0036,true_positive,true
PRP_heavy_cloud_0029,AUD_heavy_cloud_037,DarEsSalaam,geoms/proposals/PRP_heavy_cloud_0029.geojson,2023,0.832,106.15,true,,geoms/changes/CHG_heavy_cloud_0037.geojson,heavy_cloud,CHG_heavy_cloud_0037,true_positive,true
PRP_heavy_cloud_0030,AUD_heavy_cloud_038,Douala,geoms/proposals/PRP_heavy_cloud_0030.geojson,2023,0.780,378.65,true,,geoms/changes/CHG_heavy_cloud_0038.geojson,heavy_cloud,CHG_heavy_cloud_0038,true_positive,true
PRP_heavy_cloud_0031,AUD_heavy_cloud_039,Garoua,geoms/proposals/PRP_heavy_cloud_0031.geojson,2023,0.664,138.48,true,,geoms/changes/CHG_heavy_cloud_0039.geojson,heavy_cloud,CHG_heavy_cloud_0039,true_positive,true
PRP_heavy_cloud_0032,AUD_heavy_cloud_040,Kigali,geoms/proposals/PRP_heavy_cloud_0032.geojson,2023,0.773,172.32,true,,geoms/changes/CHG_heavy_cloud_0040.geojson,heavy_cloud,CHG_heavy_cloud_0040,true_positive,true
PRP_heavy_cloud_0033,AUD_heavy_cloud_041,Yaounde,geoms/proposals/PRP_heavy_cloud_0033.geojson,2023,0.560,303.60,true,,geoms/changes/CHG_heavy_cloud_0041.geojson,heavy_cloud,CHG_heavy_cloud_0041,true_positive,true
PRP_heavy_cloud_0034,AUD_heavy_cloud_044,Douala,geoms/proposals/PRP_heavy_cloud_0034.geojson,2023,0.766,372.35,true,,geoms/changes/CHG_heavy_cloud_0044.geojson,heavy_cloud,CHG_heavy_cloud_0044,true_positive,true
PRP_heavy_cloud_0035,AUD_heavy_cloud_045,Garoua,geoms/proposals/PRP_heavy_cloud_0035.geojson,2023,0.979,108.59,true,,geoms/changes/CHG_heavy_cloud_0045.geojson,heavy_cloud,CHG_heavy_cloud_0045,true_positive,true
PRP_heavy_cloud_0036,AUD_heavy_cloud_046,Kigali,geoms/proposals/PRP_heavy_cloud_0036.geojson,2023,0.748,50.73,true,,geoms/changes/CHG_heavy_cloud_0046.geojson,heavy_cloud,CHG_heavy_cloud_0046,true_positive,true
PRP_heavy_cloud_0037,AUD_heavy_cloud_047,Yaounde,geoms/proposals/PRP_heavy_cloud_0037.geojson,2023,0.753,160.71,true,,geoms/changes/CHG_heavy_cloud_0047.geojson,heavy_cloud,CHG_heavy_cloud_0047,true_positive,true
PRP_heavy_cloud_0038,AUD_heavy_cloud_048,Dakar,geoms/proposals/PRP_heavy_cloud_0038.geojson,2023,0.979,182.15,true,,geoms/changes/CHG_heavy_cloud_0048.geojson,heavy_cloud,CHG_heavy_cloud_0048,true_positive,true
PRP_heavy_cloud_0039,AUD_heavy_cloud_049,DarEsSalaam,geoms/proposals/PRP_heavy_cloud_0039.geojson,2023,0.759,381.49,true,,geoms/changes/CHG_heavy_cloud_0049.geojson,heavy_cloud,CHG_heavy_cloud_0049,true_positive,true
PRP_heavy_cloud_0040,AUD_heavy_cloud_050,Douala,geoms/proposals/PRP_heavy_cloud_0040.geojson,2023,0.705,383.74,true,,geoms/changes/CHG_heavy_cloud_0050.geojson,heavy_cloud,CHG_heavy_cloud_0050,true_positive,true
PRP_heavy_cloud_0041,AUD_heavy_cloud_051,Garoua,geoms/proposals/PRP_heavy_cloud_0041.geojson,2023,0.560,54.25,true,,geoms/changes/CHG_heavy_cloud_0051.geojson,heavy_cloud,CHG_heavy_cloud_0051,true_positive,true
PRP_heavy_cloud_0042,AUD_heavy_cloud_053,Yaounde,geoms/proposals/PRP_heavy_cloud_0042.geojson,2023,0.813,209.76,true,,geoms/changes/CHG_heavy_cloud_0053.geojson,heavy_cloud,CHG_heavy_cloud_0053,true_positive,true
PRP_heavy_cloud_0043,AUD_heavy_cloud_054,Dakar,geoms/proposals/PRP_heavy_cloud_0043.geojson,2023,0.987,290.30,true,,geoms/changes/CHG_heavy_cloud_0054.geojson,heavy_cloud,CHG_heavy_cloud_0054,true_positive,true
PRP_heavy_cloud_0044,AUD_heavy_cloud_055,DarEsSalaam,geoms/proposals/PRP_heavy_cloud_0044.geojson,2023,0.959,203.73,true,,geoms/changes/CHG_heavy_cloud_0055.geojson,heavy_cloud,CHG_heavy_cloud_0055,true_positive,true
PRP_heavy_cloud_0045,AUD_heavy_cloud_056,Douala,geoms/proposals/PRP_heavy_cloud_0045.geojson,2023,0.726,137.70,true,,geoms/changes/CHG_heavy_cloud_0056.geojson,heavy_cloud,CHG_heavy_cloud_0056,true_positive,true
PRP_heavy_cloud_0046,AUD_heavy_cloud_057,Garoua,geoms/proposals/PRP_heavy_cloud_0046.geojson,2023,0.913,128.91,true,,geoms/changes/CHG_heavy_cloud_0057.geojson,heavy_cloud,CHG_heavy_cloud_0057,true_positive,true
PRP_heavy_cloud_0047,AUD_heavy_cloud_058,Kigali,geoms/proposals/PRP_heavy_cloud_0047.geojson,2023,0.976,80.98,true,,geoms/changes/CHG_heavy_cloud_0058.geojson,heavy_cloud,CHG_heavy_cloud_0058,true_positive,true
PRP_heavy_cloud_0048,AUD_heavy_cloud_059,Yaounde,geoms/proposals/PRP_heavy_cloud_0048.geojson,2023,0.943,97.11,true,,geoms/changes/CHG_heavy_cloud_0059.geojson,heavy_cloud,CHG_heavy_cloud_0059,true_positive,true
PRP_heavy_cloud_0049,AUD_heavy_cloud_000,Dakar,geoms/proposals/PRP_heavy_cloud_0049.geojson,2023,0.953,236.28,true,,geoms/changes/CHG_heavy_cloud_0060.geojson,heavy_cloud,CHG_heavy_cloud_0060,true_positive,true
PRP_heavy_cloud_0050,AUD_heavy_cloud_001,DarEsSalaam,geoms/proposals/PRP_heavy_cloud_0050.geojson,2023,0.696,272.48,true,,geoms/changes/CHG_heavy_cloud_0061.geojson,heavy_cloud,CHG_heavy_cloud_0061,true_positive,true
PRP_heavy_cloud_0051,AUD_heavy_cloud_003,Garoua,geoms/proposals/PRP_heavy_cloud_0051.geojson,2023,0.682,336.26,true,,geoms/changes/CHG_heavy_cloud_0063.geojson,heavy_cloud,CHG_heavy_cloud_0063,true_positive,true
PRP_heavy_cloud_0052,AUD_heavy_cloud_005,Yaounde,geoms/proposals/PRP_heavy_cloud_0052.geojson,2023,0.658,266.09,true,,geoms/changes/CHG_heavy_cloud_0065.geojson,heavy_cloud,CHG_heavy_cloud_0065,true_positive,true
PRP_heavy_cloud_0053,AUD_heavy_cloud_007,DarEsSalaam,geoms/proposals/PRP_heavy_cloud_0053.geojson,2023,0.613,279.90,true,,geoms/changes/CHG_heavy_cloud_0067.geojson,heavy_cloud,CHG_heavy_cloud_0067,true_positive,true
PRP_heavy_cloud_0054,AUD_heavy_cloud_008,Douala,geoms/proposals/PRP_heavy_cloud_0054.geojson,2023,0.671,102.41,true,,geoms/changes/CHG_heavy_cloud_0068.geojson,heavy_cloud,CHG_heavy_cloud_0068,true_positive,true
PRP_heavy_cloud_0055,AUD_heavy_cloud_010,Kigali,geoms/proposals/PRP_heavy_cloud_0055.geojson,2023,0.620,91.95,true,,geoms/changes/CHG_heavy_cloud_0070.geojson,heavy_cloud,CHG_heavy_cloud_0070,true_positive,true
PRP_heavy_cloud_0056,AUD_heavy_cloud_011,Yaounde,geoms/proposals/PRP_heavy_cloud_0056.geojson,2023,0.823,236.60,true,,geoms/changes/CHG_heavy_cloud_0071.geojson,heavy_cloud,CHG_heavy_cloud_0071,true_positive,true
PRP_heavy_cloud_0057,AUD_heavy_cloud_012,Dakar,geoms/proposals/PRP_heavy_cloud_0057.geojson,2023,0.851,111.95,true,,geoms/changes/CHG_heavy_cloud_0072.geojson,heavy_cloud,CHG_heavy_cloud_0072,true_positive,true
PRP_heavy_cloud_0058,AUD_heavy_cloud_013,DarEsSalaam,geoms/proposals/PRP_heavy_cloud_0058.geojson,2023,0.949,127.74,true,,geoms/changes/CHG_heavy_cloud_0073.geojson,heavy_cloud,CHG_heavy_cloud_0073,true_positive,true
PRP_heavy_cloud_0059,AUD_heavy_cloud_014,Douala,geoms/proposals/PRP_heavy_cloud_0059.geojson,2023,0.803,136.48,true,,geoms/changes/CHG_heavy_cloud_0074.geojson,heavy_cloud,CHG_heavy_cloud_0074,true_positive,true
PRP_heavy_cloud_0060,AUD_heavy_cloud_015,Garoua,geoms/proposals/PRP_heavy_cloud_0060.geojson,2023,0.735,198.15,true,,geoms/changes/CHG_heavy_cloud_0075.geojson,heavy_cloud,CHG_heavy_cloud_0075,true_positive,true
PRP_heavy_cloud_0061,AUD_heavy_cloud_016,Kigali,geoms/proposals/PRP_heavy_cloud_0061.geojson,2023,0.731,351.02,true,,geoms/changes/CHG_heavy_cloud_0076.geojson,heavy_cloud,CHG_heavy_cloud_0076,true_positive,true
PRP_heavy_cloud_0062,AUD_heavy_cloud_017,Yaounde,geoms/proposals/PRP_heavy_cloud_0062.geojson,2023,0.675,68.62,true,,geoms/changes/CHG_heavy_cloud_0077.geojson,heavy_cloud,CHG_heavy_cloud_0077,true_positive,true
PRP_heavy_cloud_0063,AUD_heavy_cloud_018,Dakar,geoms/proposals/PRP_heavy_cloud_0063.geojson,2023,0.665,38.96,true,,geoms/changes/CHG_heavy_cloud_0078.geojson,heavy_cloud,CHG_heavy_cloud_0078,true_positive,true
PRP_heavy_cloud_0064,AUD_heavy_cloud_019,DarEsSalaam,geoms/proposals/PRP_heavy_cloud_0064.geojson,2023,0.772,280.89,true,,geoms/changes/CHG_heavy_cloud_0079.geojson,heavy_cloud,CHG_heavy_cloud_0079,true_positive,true
PRP_heavy_cloud_0065,AUD_heavy_cloud_020,Douala,geoms/proposals/PRP_heavy_cloud_0065.geojson,2023,0.820,257.13,true,,geoms/changes/CHG_heavy_cloud_0080.geojson,heavy_cloud,CHG_heavy_cloud_0080,true_positive,true
PRP_heavy_cloud_0066,AUD_heavy_cloud_022,Kigali,geoms/proposals/PRP_heavy_cloud_0066.geojson,2023,0.793,140.16,true,,geoms/changes/CHG_heavy_cloud_0082.geojson,heavy_cloud,CHG_heavy_cloud_0082,true_positive,true
PRP_heavy_cloud_0067,AUD_heavy_cloud_023,Yaounde,geoms/proposals/PRP_heavy_cloud_0067.geojson,2023,0.560,320.60,true,,geoms/changes/CHG_heavy_cloud_0083.geojson,heavy_cloud,CHG_heavy_cloud_0083,true_positive,true
PRP_heavy_cloud_0068,AUD_heavy_cloud_024,Dakar,geoms/proposals/PRP_heavy_cloud_0068.geojson,2023,0.752,306.69,true,,geoms/changes/CHG_heavy_cloud_0084.geojson,heavy_cloud,CHG_heavy_cloud_0084,true_positive,true
PRP_heavy_cloud_0069,AUD_heavy_cloud_026,Douala,geoms/proposals/PRP_heavy_cloud_0069.geojson,2023,0.773,81.41,true,,geoms/changes/CHG_heavy_cloud_0086.geojson,heavy_cloud,CHG_heavy_cloud_0086,true_positive,true
PRP_heavy_cloud_0070,AUD_heavy_cloud_027,Garoua,geoms/proposals/PRP_heavy_cloud_0070.geojson,2023,0.610,76.96,true,,geoms/changes/CHG_heavy_cloud_0087.geojson,heavy_cloud,CHG_heavy_cloud_0087,true_positive,true
PRP_heavy_cloud_0071,AUD_heavy_cloud_028,Kigali,geoms/proposals/PRP_heavy_cloud_0071.geojson,2023,0.989,161.52,true,,geoms/changes/CHG_heavy_cloud_0088.geojson,heavy_cloud,CHG_heavy_cloud_0088,true_positive,true
PRP_heavy_cloud_0072,AUD_heavy_cloud_029,Yaounde,geoms/proposals/PRP_heavy_cloud_0072.geojson,2023,0.962,360.98,true,,geoms/changes/CHG_heavy_cloud_0089.geojson,heavy_cloud,CHG_heavy_cloud_0089,true_positive,true
PRP_heavy_cloud_0073,AUD_heavy_cloud_030,Dakar,geoms/proposals/PRP_heavy_cloud_0073.geojson,2023,0.608,252.96,true,,geoms/changes/CHG_heavy_cloud_0090.geojson,heavy_cloud,CHG_heavy_cloud_0090,true_positive,true
PRP_heavy_cloud_0074,AUD_heavy_cloud_031,DarEsSalaam,geoms/proposals/PRP_heavy_cloud_0074.geojson,2023,0.876,194.12,true,,geoms/changes/CHG_heavy_cloud_0091.geojson,heavy_cloud,CHG_heavy_cloud_0091,true_positive,true
PRP_heavy_cloud_0075,AUD_heavy_cloud_032,Douala,geoms/proposals/PRP_heavy_cloud_0075.geojson,2023,0.714,286.87,true,,geoms/changes/CHG_heavy_cloud_0092.geojson,heavy_cloud,CHG_heavy_cloud_0092,true_positive,true
PRP_heavy_cloud_0076,AUD_heavy_cloud_033,Garoua,geoms/proposals/PRP_heavy_cloud_0076.geojson,2023,0.854,360.37,true,,geoms/changes/CHG_heavy_cloud_0093.geojson,heavy_cloud,CHG_heavy_cloud_0093,true_positive,true
PRP_heavy_cloud_0077,AUD_heavy_cloud_034,Kigali,geoms/proposals/PRP_heavy_cloud_0077.geojson,2023,0.592,369.01,true,,geoms/changes/CHG_heavy_cloud_0094.geojson,heavy_cloud,CHG_heavy_cloud_0094,true_positive,true
PRP_heavy_cloud_0078,AUD_heavy_cloud_038,Douala,geoms/proposals/PRP_heavy_cloud_0078.geojson,2023,0.865,43.62,true,,geoms/changes/CHG_heavy_cloud_0098.geojson,heavy_cloud,CHG_heavy_cloud_0098,true_positive,true
PRP_heavy_cloud_0079,AUD_heavy_cloud_039,Garoua,geoms/proposals/PRP_heavy_cloud_0079.geojson,2023,0.959,370.13,true,,geoms/changes/CHG_heavy_cloud_0099.geojson,heavy_cloud,CHG_heavy_cloud_0099,true_positive,true
PRP_heavy_cloud_0080,AUD_heavy_cloud_040,Kigali,geoms/proposals/PRP_heavy_cloud_0080.geojson,2023,0.684,143.59,true,,geoms/changes/CHG_heavy_cloud_0100.geojson,heavy_cloud,CHG_heavy_cloud_0100,true_positive,true
PRP_heavy_cloud_0081,AUD_heavy_cloud_041,Yaounde,geoms/proposals/PRP_heavy_cloud_0081.geojson,2023,0.908,46.87,true,,geoms/changes/CHG_heavy_cloud_0101.geojson,heavy_cloud,CHG_heavy_cloud_0101,true_positive,true
PRP_heavy_cloud_0082,AUD_heavy_cloud_042,Dakar,geoms/proposals/PRP_heavy_cloud_0082.geojson,2023,0.888,218.62,true,,geoms/changes/CHG_heavy_cloud_0102.geojson,heavy_cloud,CHG_heavy_cloud_0102,true_positive,true
PRP_heavy_cloud_0083,AUD_heavy_cloud_044,Douala,geoms/proposals/PRP_heavy_cloud_0083.geojson,2023,0.841,249.55,true,,geoms/changes/CHG_heavy_cloud_0104.geojson,heavy_cloud,CHG_heavy_cloud_0104,true_positive,true
PRP_heavy_cloud_0084,AUD_heavy_cloud_045,Garoua,geoms/proposals/PRP_heavy_cloud_0084.geojson,2023,0.934,68.02,true,,geoms/changes/CHG_heavy_cloud_0105.geojson,heavy_cloud,CHG_heavy_cloud_0105,true_positive,true
PRP_heavy_cloud_0085,AUD_heavy_cloud_048,Dakar,geoms/proposals/PRP_heavy_cloud_0085.geojson,2023,0.553,140.10,true,,geoms/changes/CHG_heavy_cloud_0108.geojson,heavy_cloud,CHG_heavy_cloud_0108,true_positive,true
PRP_heavy_cloud_0086,AUD_heavy_cloud_049,DarEsSalaam,geoms/proposals/PRP_heavy_cloud_0086.geojson,2023,0.883,65.20,true,,geoms/changes/CHG_heavy_cloud_0109.geojson,heavy_cloud,CHG_heavy_cloud_0109,true_positive,true
PRP_heavy_cloud_0087,AUD_heavy_cloud_051,Garoua,geoms/proposals/PRP_heavy_cloud_0087.geojson,2023,0.927,361.83,true,,geoms/changes/CHG_heavy_cloud_0111.geojson,heavy_cloud,CHG_heavy_cloud_0111,true_positive,true
PRP_heavy_cloud_0088,AUD_heavy_cloud_052,Kigali,geoms/proposals/PRP_heavy_cloud_0088.geojson,2023,0.968,146.29,true,,geoms/changes/CHG_heavy_cloud_0112.geojson,heavy_cloud,CHG_heavy_cloud_0112,true_positive,true
PRP_heavy_cloud_0089,AUD_heavy_cloud_053,Yaounde,geoms/proposals/PRP_heavy_cloud_0089.geojson,2023,0.560,50.98,true,,geoms/changes/CHG_heavy_cloud_0113.geojson,heavy_cloud,CHG_heavy_cloud_0113,true_positive,true
PRP_heavy_cloud_0090,AUD_heavy_cloud_055,DarEsSalaam,geoms/proposals/PRP_heavy_cloud_0090.geojson,2023,0.722,204.46,true,,geoms/changes/CHG_heavy_cloud_0115.geojson,heavy_cloud,CHG_heavy_cloud_0115,true_positive,true
PRP_heavy_cloud_0091,AUD_heavy_cloud_058,Kigali,geoms/proposals/PRP_heavy_cloud_0091.geojson,2023,0.729,216.53,true,,geoms/changes/CHG_heavy_cloud_0118.geojson,heavy_cloud,CHG_heavy_cloud_0118,true_positive,true
PRP_heavy_cloud_0092,AUD_heavy_cloud_059,Yaounde,geoms/proposals/PRP_heavy_cloud_0092.geojson,2023,0.566,180.10,true,,geoms/changes/CHG_heavy_cloud_0119.geojson,heavy_cloud,CHG_heavy_cloud_0119,true_positive,true
PRP_heavy_cloud_0093,AUD_heavy_cloud_001,DarEsSalaam,geoms/proposals/PRP_heavy_cloud_0093.geojson,2023,0.775,267.52,true,,geoms/changes/CHG_heavy_cloud_0121.geojson,heavy_cloud,CHG_heavy_cloud_0121,true_positive,true
PRP_heavy_cloud_0094,AUD_heavy_cloud_002,Douala,geoms/proposals/PRP_heavy_cloud_0094.geojson,2023,0.835,134.90,true,,geoms/changes/CHG_heavy_cloud_0122.geojson,heavy_cloud,CHG_heavy_cloud_0122,true_positive,true
PRP_heavy_cloud_0095,AUD_heavy_cloud_003,Garoua,geoms/proposals/PRP_heavy_cloud_0095.geojson,2023,0.902,341.77,true,,geoms/changes/CHG_heavy_cloud_0123.geojson,heavy_cloud,CHG_heavy_cloud_0123,true_positive,true
PRP_heavy_cloud_0096,AUD_heavy_cloud_004,Kigali,geoms/proposals/PRP_heavy_cloud_0096.geojson,2023,0.836,212.32,true,,geoms/changes/CHG_heavy_cloud_0124.geojson,heavy_cloud,CHG_heavy_cloud_0124,true_positive,true
PRP_heavy_cloud_0097,AUD_heavy_cloud_005,Yaounde,geoms/proposals/PRP_heavy_cloud_0097.geojson,2023,0.804,197.98,true,,geoms/changes/CHG_heavy_cloud_0125.geojson,heavy_cloud,CHG_heavy_cloud_0125,true_positive,true
PRP_heavy_cloud_0098,AUD_heavy_cloud_006,Dakar,geoms/proposals/PRP_heavy_cloud_0098.geojson,2023,0.668,265.73,true,,geoms/changes/CHG_heavy_cloud_0126.geojson,heavy_cloud,CHG_heavy_cloud_0126,true_positive,true
PRP_heavy_cloud_0099,AUD_heavy_cloud_007,DarEsSalaam,geoms/proposals/PRP_heavy_cloud_0099.geojson,2023,0.980,186.54,true,,geoms/changes/CHG_heavy_cloud_0127.geojson,heavy_cloud,CHG_heavy_cloud_0127,true_positive,true
PRP_heavy_cloud_0100,AUD_heavy_cloud_009,Garoua,geoms/proposals/PRP_heavy_cloud_0100.geojson,2023,0.789,138.42,true,,geoms/changes/CHG_heavy_cloud_0129.geojson,heavy_cloud,CHG_heavy_cloud_0129,true_positive,true
PRP_heavy_cloud_0101,AUD_heavy_cloud_010,Kigali,geoms/proposals/PRP_heavy_cloud_0101.geojson,2023,0.692,283.04,true,,geoms/changes/CHG_heavy_cloud_0130.geojson,heavy_cloud,CHG_heavy_cloud_0130,true_positive,true
PRP_heavy_cloud_0102,AUD_heavy_cloud_011,Yaounde,geoms/proposals/PRP_heavy_cloud_0102.geojson,2023,0.654,215.78,true,,geoms/changes/CHG_heavy_cloud_0131.geojson,heavy_cloud,CHG_heavy_cloud_0131,true_positive,true
PRP_heavy_cloud_0103,AUD_heavy_cloud_013,DarEsSalaam,geoms/proposals/PRP_heavy_cloud_0103.geojson,2023,0.700,92.87,true,,geoms/changes/CHG_heavy_cloud_0133.geojson,heavy_cloud,CHG_heavy_cloud_0133,true_positive,true
PRP_heavy_cloud_0104,AUD_heavy_cloud_016,Kigali,geoms/proposals/PRP_heavy_cloud_0104.geojson,2023,0.654,147.36,true,,geoms/changes/CHG_heavy_cloud_0136.geojson,heavy_cloud,CHG_heavy_cloud_0136,true_positive,true
PRP_heavy_cloud_0105,AUD_heavy_cloud_017,Yaounde,geoms/proposals/PRP_heavy_cloud_0105.geojson,2023,0.933,381.71,true,,geoms/changes/CHG_heavy_cloud_0137.geojson,heavy_cloud,CHG_heavy_cloud_0137,true_positive,true
PRP_heavy_cloud_0106,AUD_heavy_cloud_018,Dakar,geoms/proposals/PRP_heavy_cloud_0106.geojson,2023,0.978,220.14,true,,geoms/changes/CHG_heavy_cloud_0138.geojson,heavy_cloud,CHG_heavy_cloud_0138,true_positive,true
PRP_heavy_cloud_0107,AUD_heavy_cloud_019,DarEsSalaam,geoms/proposals/PRP_heavy_cloud_0107.geojson,2023,0.763,73.08,true,,geoms/changes/CHG_heavy_cloud_0139.geojson,heavy_cloud,CHG_heavy_cloud_0139,true_positive,true
PRP_heavy_cloud_0108,AUD_heavy_cloud_020,Douala,geoms/proposals/PRP_heavy_cloud_0108.geojson,2023,0.869,68.85,true,,geoms/changes/CHG_heavy_cloud_0140.geojson,heavy_cloud,CHG_heavy_cloud_0140,true_positive,true
PRP_heavy_cloud_0109,AUD_heavy_cloud_021,Garoua,geoms/proposals/PRP_heavy_cloud_0109.geojson,2023,0.878,221.15,true,,geoms/changes/CHG_heavy_cloud_0141.geojson,heavy_cloud,CHG_heavy_cloud_0141,true_positive,true
PRP_heavy_cloud_0110,AUD_heavy_cloud_022,Kigali,geoms/proposals/PRP_heavy_cloud_0110.geojson,2023,0.941,366.66,true,,geoms/changes/CHG_heavy_cloud_0142.geojson,heavy_cloud,CHG_heavy_cloud_0142,true_positive,true
PRP_heavy_cloud_0111,AUD_heavy_cloud_024,Dakar,geoms/proposals/PRP_heavy_cloud_0111.geojson,2023,0.727,275.49,true,,geoms/changes/CHG_heavy_cloud_0144.geojson,heavy_cloud,CHG_heavy_cloud_0144,true_positive,true
PRP_heavy_cloud_0112,AUD_heavy_cloud_025,DarEsSalaam,geoms/proposals/PRP_heavy_cloud_0112.geojson,2023,0.686,42.78,true,,geoms/changes/CHG_heavy_cloud_0145.geojson,heavy_cloud,CHG_heavy_cloud_0145,true_positive,true
PRP_heavy_cloud_0113,AUD_heavy_cloud_026,Douala,geoms/proposals/PRP_heavy_cloud_0113.geojson,2023,0.690,213.01,true,,geoms/changes/CHG_heavy_cloud_0146.geojson,heavy_cloud,CHG_heavy_cloud_0146,true_positive,true
PRP_heavy_cloud_0114,AUD_heavy_cloud_027,Garoua,geoms/proposals/PRP_heavy_cloud_0114.geojson,2023,0.816,354.18,true,,geoms/changes/CHG_heavy_cloud_0147.geojson,heavy_cloud,CHG_heavy_cloud_0147,true_positive,true
PRP_heavy_cloud_0115,AUD_heavy_cloud_028,Kigali,geoms/proposals/PRP_heavy_cloud_0115.geojson,2023,0.846,45.70,true,,geoms/changes/CHG_heavy_cloud_0148.geojson,heavy_cloud,CHG_heavy_cloud_0148,true_positive,true
PRP_heavy_cloud_0116,AUD_heavy_cloud_030,Dakar,geoms/proposals/PRP_heavy_cloud_0116.geojson,2023,0.571,146.40,true,,geoms/changes/CHG_heavy_cloud_0150.geojson,heavy_cloud,CHG_heavy_cloud_0150,true_positive,true
PRP_heavy_cloud_0117,AUD_heavy_cloud_032,Douala,geoms/proposals/PRP_heavy_cloud_0117.geojson,2023,0.752,56.04,true,,geoms/changes/CHG_heavy_cloud_0152.geojson,heavy_cloud,CHG_heavy_cloud_0152,true_positive,true
PRP_heavy_cloud_0118,AUD_heavy_cloud_033,Garoua,geoms/proposals/PRP_heavy_cloud_0118.geojson,2023,0.641,72.66,true,,geoms/changes/CHG_heavy_cloud_0153.geojson,heavy_cloud,CHG_heavy_cloud_0153,true_positive,true
PRP_heavy_cloud_0119,AUD_heavy_cloud_035,Yaounde,geoms/proposals/PRP_heavy_cloud_0119.geojson,2023,0.959,289.44,true,,geoms/changes/CHG_heavy_cloud_0155.geojson,heavy_cloud,CHG_heavy_cloud_0155,true_positive,true
PRP_heavy_cloud_0120,AUD_heavy_cloud_036,Dakar,geoms/proposals/PRP_heavy_cloud_0120.geojson,2023,0.956,71.73,true,,geoms/changes/CHG_heavy_cloud_0156.geojson,heavy_cloud,CHG_heavy_cloud_0156,true_positive,true
PRP_heavy_cloud_0121,AUD_heavy_cloud_038,Douala,geoms/proposals/PRP_heavy_cloud_0121.geojson,2023,0.924,79.11,true,,geoms/changes/CHG_heavy_cloud_0158.geojson,heavy_cloud,CHG_heavy_cloud_0158,true_positive,true
PRP_heavy_cloud_0122,AUD_heavy_cloud_040,Kigali,geoms/proposals/PRP_heavy_cloud_0122.geojson,2023,0.684,40.13,true,,geoms/changes/CHG_heavy_cloud_0160.geojson,heavy_cloud,CHG_heavy_cloud_0160,true_positive,true
PRP_heavy_cloud_0123,AUD_heavy_cloud_041,Yaounde,geoms/proposals/PRP_heavy_cloud_0123.geojson,2023,0.885,295.58,true,,geoms/changes/CHG_heavy_cloud_0161.geojson,heavy_cloud,CHG_heavy_cloud_0161,true_positive,true
PRP_heavy_cloud_0124,AUD_heavy_cloud_042,Dakar,geoms/proposals/PRP_heavy_cloud_0124.geojson,2023,0.751,324.50,true,,geoms/changes/CHG_heavy_cloud_0162.geojson,heavy_cloud,CHG_heavy_cloud_0162,true_positive,true
PRP_heavy_cloud_0125,AUD_heavy_cloud_043,DarEsSalaam,geoms/proposals/PRP_heavy_cloud_0125.geojson,2023,0.705,39.36,true,,geoms/changes/CHG_heavy_cloud_0163.geojson,heavy_cloud,CHG_heavy_cloud_0163,true_positive,true
PRP_heavy_cloud_0126,AUD_heavy_cloud_045,Garoua,geoms/proposals/PRP_heavy_cloud_0126.geojson,2023,0.892,286.11,true,,geoms/changes/CHG_heavy_cloud_0165.geojson,heavy_cloud,CHG_heavy_cloud_0165,true_positive,true
PRP_heavy_cloud_0127,AUD_heavy_cloud_047,Yaounde,geoms/proposals/PRP_heavy_cloud_0127.geojson,2023,0.600,124.35,true,,geoms/changes/CHG_heavy_cloud_0167.geojson,heavy_cloud,CHG_heavy_cloud_0167,true_positive,true
PRP_heavy_cloud_0128,AUD_heavy_cloud_048,Dakar,geoms/proposals/PRP_heavy_cloud_0128.geojson,2023,0.926,261.00,true,,geoms/changes/CHG_heavy_cloud_0168.geojson,heavy_cloud,CHG_heavy_cloud_0168,true_positive,true
PRP_heavy_cloud_0129,AUD_heavy_cloud_049,DarEsSalaam,geoms/proposals/PRP_heavy_cloud_0129.geojson,2023,0.671,330.25,true,,geoms/changes/CHG_heavy_cloud_0169.geojson,heavy_cloud,CHG_heavy_cloud_0169,true_positive,true
PRP_heavy_cloud_0130,AUD_heavy_cloud_051,Garoua,geoms/proposals/PRP_heavy_cloud_0130.geojson,2023,0.837,215.43,true,,geoms/changes/CHG_heavy_cloud_0171.geojson,heavy_cloud,CHG_heavy_cloud_0171,true_positive,true
PRP_heavy_cloud_0131,AUD_heavy_cloud_052,Kigali,geoms/proposals/PRP_heavy_cloud_0131.geojson,2023,0.916,322.17,true,,geoms/changes/CHG_heavy_cloud_0172.geojson,heavy_cloud,CHG_heavy_cloud_0172,true_positive,true
PRP_heavy_cloud_0132,AUD_heavy_cloud_054,Dakar,geoms/proposals/PRP_heavy_cloud_0132.geojson,2023,0.942,52.79,true,,geoms/changes/CHG_heavy_cloud_0174.geojson,heavy_cloud,CHG_heavy_cloud_0174,true_positive,true
PRP_heavy_cloud_0133,AUD_heavy_cloud_055,DarEsSalaam,geoms/proposals/PRP_heavy_cloud_0133.geojson,2023,0.986,251.74,true,,geoms/changes/CHG_heavy_cloud_0175.geojson,heavy_cloud,CHG_heavy_cloud_0175,true_positive,true
PRP_heavy_cloud_0134,AUD_heavy_cloud_056,Douala,geoms/proposals/PRP_heavy_cloud_0134.geojson,2023,0.967,230.00,true,,geoms/changes/CHG_heavy_cloud_0176.geojson,heavy_cloud,CHG_heavy_cloud_0176,true_positive,true
PRP_heavy_cloud_0135,AUD_heavy_cloud_057,Garoua,geoms/proposals/PRP_heavy_cloud_0135.geojson,2023,0.622,211.99,true,,geoms/changes/CHG_heavy_cloud_0177.geojson,heavy_cloud,CHG_heavy_cloud_0177,true_positive,true
PRP_heavy_cloud_0136,AUD_heavy_cloud_059,Yaounde,geoms/proposals/PRP_heavy_cloud_0136.geojson,2023,0.731,107.75,true,,geoms/changes/CHG_heavy_cloud_0179.geojson,heavy_cloud,CHG_heavy_cloud_0179,true_positive,true
PRP_heavy_cloud_0137,AUD_heavy_cloud_001,DarEsSalaam,geoms/proposals/PRP_heavy_cloud_0137.geojson,2023,0.785,53.11,true,,geoms/changes/CHG_heavy_cloud_0181.geojson,heavy_cloud,CHG_heavy_cloud_0181,true_positive,true
PRP_heavy_cloud_0138,AUD_heavy_cloud_005,Yaounde,geoms/proposals/PRP_heavy_cloud_0138.geojson,2023,0.744,371.16,true,,geoms/changes/CHG_heavy_cloud_0185.geojson,heavy_cloud,CHG_heavy_cloud_0185,true_positive,true
PRP_heavy_cloud_0139,AUD_heavy_cloud_006,Dakar,geoms/proposals/PRP_heavy_cloud_0139.geojson,2023,0.926,135.66,true,,geoms/changes/CHG_heavy_cloud_0186.geojson,heavy_cloud,CHG_heavy_cloud_0186,true_positive,true
PRP_heavy_cloud_0140,AUD_heavy_cloud_008,Douala,geoms/proposals/PRP_heavy_cloud_0140.geojson,2023,0.893,350.77,true,,geoms/changes/CHG_heavy_cloud_0188.geojson,heavy_cloud,CHG_heavy_cloud_0188,true_positive,true
PRP_heavy_cloud_0141,AUD_heavy_cloud_009,Garoua,geoms/proposals/PRP_heavy_cloud_0141.geojson,2023,0.645,36.23,true,,geoms/changes/CHG_heavy_cloud_0189.geojson,heavy_cloud,CHG_heavy_cloud_0189,true_positive,true
PRP_heavy_cloud_0142,AUD_heavy_cloud_010,Kigali,geoms/proposals/PRP_heavy_cloud_0142.geojson,2023,0.652,236.66,true,,geoms/changes/CHG_heavy_cloud_0190.geojson,heavy_cloud,CHG_heavy_cloud_0190,true_positive,true
PRP_heavy_cloud_0143,AUD_heavy_cloud_011,Yaounde,geoms/proposals/PRP_heavy_cloud_0143.geojson,2023,0.773,137.71,true,,geoms/changes/CHG_heavy_cloud_0191.geojson,heavy_cloud,CHG_heavy_cloud_0191,true_positive,true
PRP_heavy_cloud_0144,AUD_heavy_cloud_012,Dakar,geoms/proposals/PRP_heavy_cloud_0144.geojson,2023,0.889,340.67,true,,geoms/changes/CHG_heavy_cloud_0192.geojson,heavy_cloud,CHG_heavy_cloud_0192,true_positive,true
PRP_heavy_cloud_0145,AUD_heavy_cloud_013,DarEsSalaam,geoms/proposals/PRP_heavy_cloud_0145.geojson,2023,0.911,288.25,true,,geoms/changes/CHG_heavy_cloud_0193.geojson,heavy_cloud,CHG_heavy_cloud_0193,true_positive,true
PRP_heavy_cloud_0146,AUD_heavy_cloud_015,Garoua,geoms/proposals/PRP_heavy_cloud_0146.geojson,2023,0.768,342.23,true,,geoms/changes/CHG_heavy_cloud_0195.geojson,heavy_cloud,CHG_heavy_cloud_0195,true_positive,true
PRP_heavy_cloud_0147,AUD_heavy_cloud_000,Dakar,geoms/proposals/PRP_heavy_cloud_0147.geojson,2023,0.630,60.70,false,no_reference_event,,heavy_cloud,,false_positive,false
PRP_heavy_cloud_0148,AUD_heavy_cloud_001,DarEsSalaam,geoms/proposals/PRP_heavy_cloud_0148.geojson,2023,0.724,222.26,false,no_reference_event,,heavy_cloud,,false_positive,false
PRP_heavy_cloud_0149,AUD_heavy_cloud_002,Douala,geoms/proposals/PRP_heavy_cloud_0149.geojson,2023,0.533,43.32,false,no_reference_event,,heavy_cloud,,false_positive,false
PRP_heavy_cloud_0150,AUD_heavy_cloud_003,Garoua,geoms/proposals/PRP_heavy_cloud_0150.geojson,2023,0.492,265.95,false,no_reference_event,,heavy_cloud,,false_positive,false
PRP_heavy_cloud_0151,AUD_heavy_cloud_004,Kigali,geoms/proposals/PRP_heavy_cloud_0151.geojson,2023,0.508,174.35,false,no_reference_event,,heavy_cloud,,false_positive,false
PRP_heavy_cloud_0152,AUD_heavy_cloud_005,Yaounde,geoms/proposals/PRP_heavy_cloud_0152.geojson,2023,0.484,148.68,false,no_reference_event,,heavy_cloud,,false_positive,false
PRP_heavy_cloud_0153,AUD_heavy_cloud_006,Dakar,geoms/proposals/PRP_heavy_cloud_0153.geojson,2023,0.454,167.64,false,no_reference_event,,heavy_cloud,,false_positive,false
PRP_heavy_cloud_0154,AUD_heavy_cloud_007,DarEsSalaam,geoms/proposals/PRP_heavy_cloud_0154.geojson,2023,0.648,280.32,false,no_reference_event,,heavy_cloud,,false_positive,false
PRP_heavy_cloud_0155,AUD_heavy_cloud_008,Douala,geoms/proposals/PRP_heavy_cloud_0155.geojson,2023,0.686,132.20,false,no_reference_event,,heavy_cloud,,false_positive,false
PRP_heavy_cloud_0156,AUD_heavy_cloud_009,Garoua,geoms/proposals/PRP_heavy_cloud_0156.geojson,2023,0.707,58.40,false,no_reference_event,,heavy_cloud,,false_positive,false
PRP_heavy_cloud_0157,AUD_heavy_cloud_010,Kigali,geoms/proposals/PRP_heavy_cloud_0157.geojson,2023,0.474,81.91,false,no_reference_event,,heavy_cloud,,false_positive,false
PRP_heavy_cloud_0158,AUD_heavy_cloud_011,Yaounde,geoms/proposals/PRP_heavy_cloud_0158.geojson,2023,0.608,81.71,false,no_reference_event,,heavy_cloud,,false_positive,false
PRP_heavy_cloud_0159,AUD_heavy_cloud_012,Dakar,geoms/proposals/PRP_heavy_cloud_0159.geojson,2023,0.676,205.39,false,no_reference_event,,heavy_cloud,,false_positive,false
PRP_heavy_cloud_0160,AUD_heavy_cloud_013,DarEsSalaam,geoms/proposals/PRP_heavy_cloud_0160.geojson,2023,0.539,184.16,false,no_reference_event,,heavy_cloud,,false_positive,false
PRP_heavy_cloud_0161,AUD_heavy_cloud_014,Douala,geoms/proposals/PRP_heavy_cloud_0161.geojson,2023,0.669,60.50,false,no_reference_event,,heavy_cloud,,false_positive,false
PRP_heavy_cloud_0162,AUD_heavy_cloud_015,Garoua,geoms/proposals/PRP_heavy_cloud_0162.geojson,2023,0.406,145.76,false,no_reference_event,,heavy_cloud,,false_positive,false
PRP_heavy_cloud_0163,AUD_heavy_cloud_016,Kigali,geoms/proposals/PRP_heavy_cloud_0163.geojson,2023,0.437,261.10,false,no_reference_event,,heavy_cloud,,false_positive,false
PRP_heavy_cloud_0164,AUD_heavy_cloud_017,Yaounde,geoms/proposals/PRP_heavy_cloud_0164.geojson,2023,0.662,35.02,false,no_reference_event,,heavy_cloud,,false_positive,false
PRP_heavy_cloud_0165,AUD_heavy_cloud_018,Dakar,geoms/proposals/PRP_heavy_cloud_0165.geojson,2023,0.581,81.51,false,no_reference_event,,heavy_cloud,,false_positive,false
PRP_heavy_cloud_0166,AUD_heavy_cloud_019,DarEsSalaam,geoms/proposals/PRP_heavy_cloud_0166.geojson,2023,0.698,295.27,false,no_reference_event,,heavy_cloud,,false_positive,false
PRP_heavy_cloud_0167,AUD_heavy_cloud_020,Douala,geoms/proposals/PRP_heavy_cloud_0167.geojson,2023,0.525,254.79,false,no_reference_event,,heavy_cloud,,false_positive,false
PRP_heavy_cloud_0168,AUD_heavy_cloud_021,Garoua,geoms/proposals/PRP_heavy_cloud_0168.geojson,2023,0.462,72.39,false,no_reference_event,,heavy_cloud,,false_positive,false
PRP_heavy_cloud_0169,AUD_heavy_cloud_022,Kigali,geoms/proposals/PRP_heavy_cloud_0169.geojson,2023,0.435,81.32,false,no_reference_event,,heavy_cloud,,false_positive,false
PRP_heavy_cloud_0170,AUD_heavy_cloud_023,Yaounde,geoms/proposals/PRP_heavy_cloud_0170.geojson,2023,0.506,99.78,false,no_reference_event,,heavy_cloud,,false_positive,false
PRP_texture_complex_0000,AUD_texture_complex_000,Dakar,geoms/proposals/PRP_texture_complex_0000.geojson,2023,0.814,207.14,true,,geoms/changes/CHG_texture_complex_0000.geojson,texture_complex,CHG_texture_complex_0000,true_positive,true
PRP_texture_complex_0001,AUD_texture_complex_002,Douala,geoms/proposals/PRP_texture_complex_0001.geojson,2023,0.805,115.37,true,,geoms/changes/CHG_texture_complex_0002.geojson,texture_complex,CHG_texture_complex_0002,true_positive,true
PRP_texture_complex_0002,AUD_texture_complex_003,Garoua,geoms/proposals/PRP_texture_complex_0002.geojson,2023,0.680,380.67,true,,geoms/changes/CHG_texture_complex_0003.geojson,texture_complex,CHG_texture_complex_0003,true_positive,true
PRP_texture_complex_0003,AUD_texture_complex_004,Kigali,geoms/proposals/PRP_texture_complex_0003.geojson,2023,0.841,247.99,true,,geoms/changes/CHG_texture_complex_0004.geojson,texture_complex,CHG_texture_complex_0004,true_positive,true
PRP_texture_complex_0004,AUD_texture_complex_007,DarEsSalaam,geoms/proposals/PRP_texture_complex_0004.geojson,2023,0.794,322.86,true,,geoms/changes/CHG_texture_complex_0007.geojson,texture_complex,CHG_texture_complex_0007,true_positive,true
PRP_texture_complex_0005,AUD_texture_complex_008,Douala,geoms/proposals/PRP_texture_complex_0005.geojson,2023,0.863,154.44,true,,geoms/changes/CHG_texture_complex_0008.geojson,texture_complex,CHG_texture_complex_0008,true_positive,true
PRP_texture_complex_0006,AUD_texture_complex_009,Garoua,geoms/proposals/PRP_texture_complex_0006.geojson,2023,0.813,171.92,true,,geoms/changes/CHG_texture_complex_0009.geojson,texture_complex,CHG_texture_complex_0009,true_positive,true
PRP_texture_complex_0007,AUD_texture_complex_010,Kigali,geoms/proposals/PRP_texture_complex_0007.geojson,2023,0.618,136.27,true,,geoms/changes/CHG_texture_complex_0010.geojson,texture_complex,CHG_texture_complex_0010,true_positive,true
PRP_texture_complex_0008,AUD_texture_complex_011,Yaounde,geoms/proposals/PRP_texture_complex_0008.geojson,2023,0.871,144.82,true,,geoms/changes/CHG_texture_complex_0011.geojson,texture_complex,CHG_texture_complex_0011,true_positive,true
PRP_texture_complex_0009,AUD_texture_complex_014,Douala,geoms/proposals/PRP_texture_complex_0009.geojson,2023,0.552,39.77,true,,geoms/changes/CHG_texture_complex_0014.geojson,texture_complex,CHG_texture_complex_0014,true_positive,true
PRP_texture_complex_0010,AUD_texture_complex_016,Kigali,geoms/proposals/PRP_texture_complex_0010.geojson,2023,0.955,295.66,true,,geoms/changes/CHG_texture_complex_0016.geojson,texture_complex,CHG_texture_complex_0016,true_positive,true
PRP_texture_complex_0011,AUD_texture_complex_018,Dakar,geoms/proposals/PRP_texture_complex_0011.geojson,2023,0.589,90.73,true,,geoms/changes/CHG_texture_complex_0018.geojson,texture_complex,CHG_texture_complex_0018,true_positive,true
PRP_texture_complex_0012,AUD_texture_complex_019,DarEsSalaam,geoms/proposals/PRP_texture_complex_0012.geojson,2023,0.983,284.68,true,,geoms/changes/CHG_texture_complex_0019.geojson,texture_complex,CHG_texture_complex_0019,true_positive,true
PRP_texture_complex_0013,AUD_texture_complex_020,Douala,geoms/proposals/PRP_texture_complex_0013.geojson,2023,0.743,293.64,true,,geoms/changes/CHG_texture_complex_0020.geojson,texture_complex,CHG_texture_complex_0020,true_positive,true
PRP_texture_complex_0014,AUD_texture_complex_021,Garoua,geoms/proposals/PRP_texture_complex_0014.geojson,2023,0.798,89.90,true,,geoms/changes/CHG_texture_complex_0021.geojson,texture_complex,CHG_texture_complex_0021,true_positive,true
PRP_texture_complex_0015,AUD_texture_complex_023,Yaounde,geoms/proposals/PRP_texture_complex_0015.geojson,2023,0.828,55.28,true,,geoms/changes/CHG_texture_complex_0023.geojson,texture_complex,CHG_texture_complex_0023,true_positive,true
PRP_texture_complex_0016,AUD_texture_complex_024,Dakar,geoms/proposals/PRP_texture_complex_0016.geojson,2023,0.774,317.79,true,,geoms/changes/CHG_texture_complex_0024.geojson,texture_complex,CHG_texture_complex_0024,true_positive,true
PRP_texture_complex_0017,AUD_texture_complex_025,DarEsSalaam,geoms/proposals/PRP_texture_complex_0017.geojson,2023,0.647,158.20,true,,geoms/changes/CHG_texture_complex_0025.geojson,texture_complex,CHG_texture_complex_0025,true_positive,true
PRP_texture_complex_0018,AUD_texture_complex_026,Douala,geoms/proposals/PRP_texture_complex_0018.geojson,2023,0.978,125.81,true,,geoms/changes/CHG_texture_complex_0026.geojson,texture_complex,CHG_texture_complex_0026,true_positive,true
PRP_texture_complex_0019,AUD_texture_complex_027,Garoua,geoms/proposals/PRP_texture_complex_0019.geojson,2023,0.729,255.52,true,,geoms/changes/CHG_texture_complex_0027.geojson,texture_complex,CHG_texture_complex_0027,true_positive,true
PRP_texture_complex_0020,AUD_texture_complex_028,Kigali,geoms/proposals/PRP_texture_complex_0020.geojson,2023,0.909,135.41,true,,geoms/changes/CHG_texture_complex_0028.geojson,texture_complex,CHG_texture_complex_0028,true_positive,true
PRP_texture_complex_0021,AUD_texture_complex_029,Yaounde,geoms/proposals/PRP_texture_complex_0021.geojson,2023,0.868,81.51,true,,geoms/changes/CHG_texture_complex_0029.geojson,texture_complex,CHG_texture_complex_0029,true_positive,true
PRP_texture_complex_0022,AUD_texture_complex_030,Dakar,geoms/proposals/PRP_texture_complex_0022.geojson,2023,0.798,185.95,true,,geoms/changes/CHG_texture_complex_0030.geojson,texture_complex,CHG_texture_complex_0030,true_positive,true
PRP_texture_complex_0023,AUD_texture_complex_031,DarEsSalaam,geoms/proposals/PRP_texture_complex_0023.geojson,2023,0.740,154.64,true,,geoms/changes/CHG_texture_complex_0031.geojson,texture_complex,CHG_texture_complex_0031,true_positive,true
PRP_texture_complex_0024,AUD_texture_complex_032,Douala,geoms/proposals/PRP_texture_complex_0024.geojson,2023,0.640,219.76,true,,geoms/changes/CHG_texture_complex_0032.geojson,texture_complex,CHG_texture_complex_0032,true_positive,true
PRP_texture_complex_0025,AUD_texture_complex_033,Garoua,geoms/proposals/PRP_texture_complex_0025.geojson,2023,0.955,314.24,true,,geoms/changes/CHG_texture_complex_0033.geojson,texture_complex,CHG_texture_complex_0033,true_positive,true
PRP_texture_complex_0026,AUD_texture_complex_034,Kigali,geoms/proposals/PRP_texture_complex_0026.geojson,2023,0.724,303.96,true,,geoms/changes/CHG_texture_complex_0034.geojson,texture_complex,CHG_texture_complex_0034,true_positive,true
PRP_texture_complex_0027,AUD_texture_complex_035,Yaounde,geoms/proposals/PRP_texture_complex_0027.geojson,2023,0.752,116.71,true,,geoms/changes/CHG_texture_complex_0035.geojson,texture_complex,CHG_texture_complex_0035,true_positive,true
PRP_texture_complex_0028,AUD_texture_complex_036,Dakar,geoms/proposals/PRP_texture_complex_0028.geojson,2023,0.621,56.23,true,,geoms/changes/CHG_texture_complex_0036.geojson,texture_complex,CHG_texture_complex_0036,true_positive,true
PRP_texture_complex_0029,AUD_texture_complex_037,DarEsSalaam,geoms/proposals/PRP_texture_complex_0029.geojson,2023,0.893,287.21,true,,geoms/changes/CHG_texture_complex_0037.geojson,texture_complex,CHG_texture_complex_0037,true_positive,true
PRP_texture_complex_0030,AUD_texture_complex_039,Garoua,geoms/proposals/PRP_texture_complex_0030.geojson,2023,0.960,194.67,true,,geoms/changes/CHG_texture_complex_0039.geojson,texture_complex,CHG_texture_complex_0039,true_positive,true
PRP_texture_complex_0031,AUD_texture_complex_040,Kigali,geoms/proposals/PRP_texture_complex_0031.geojson,2023,0.848,186.39,true,,geoms/changes/CHG_texture_complex_0040.geojson,texture_complex,CHG_texture_complex_0040,true_positive,true
PRP_texture_complex_0032,AUD_texture_complex_042,Dakar,geoms/proposals/PRP_texture_complex_0032.geojson,2023,0.588,313.47,true,,geoms/changes/CHG_texture_complex_0042.geojson,texture_complex,CHG_texture_complex_0042,true_positive,true
PRP_texture_complex_0033,AUD_texture_complex_043,DarEsSalaam,geoms/proposals/PRP_texture_complex_0033.geojson,2023,0.682,253.21,true,,geoms/changes/CHG_texture_complex_0043.geojson,texture_complex,CHG_texture_complex_0043,true_positive,true
PRP_texture_complex_0034,AUD_texture_complex_044,Douala,geoms/proposals/PRP_texture_complex_0034.geojson,2023,0.831,363.73,true,,geoms/changes/CHG_texture_complex_0044.geojson,texture_complex,CHG_texture_complex_0044,true_positive,true
PRP_texture_complex_0035,AUD_texture_complex_045,Garoua,geoms/proposals/PRP_texture_complex_0035.geojson,2023,0.806,181.60,true,,geoms/changes/CHG_texture_complex_0045.geojson,texture_complex,CHG_texture_complex_0045,true_positive,true
PRP_texture_complex_0036,AUD_texture_complex_046,Kigali,geoms/proposals/PRP_texture_complex_0036.geojson,2023,0.819,118.60,true,,geoms/changes/CHG_texture_complex_0046.geojson,texture_complex,CHG_texture_complex_0046,true_positive,true
PRP_texture_complex_0037,AUD_texture_complex_047,Yaounde,geoms/proposals/PRP_texture_complex_0037.geojson,2023,0.791,54.01,true,,geoms/changes/CHG_texture_complex_0047.geojson,texture_complex,CHG_texture_complex_0047,true_positive,true
PRP_texture_complex_0038,AUD_texture_complex_048,Dakar,geoms/proposals/PRP_texture_complex_0038.geojson,2023,0.840,168.53,true,,geoms/changes/CHG_texture_complex_0048.geojson,texture_complex,CHG_texture_complex_0048,true_positive,true
PRP_texture_complex_0039,AUD_texture_complex_049,DarEsSalaam,geoms/proposals/PRP_texture_complex_0039.geojson,2023,0.795,294.74,true,,geoms/changes/CHG_texture_complex_0049.geojson,texture_complex,CHG_texture_complex_0049,true_positive,true
PRP_texture_complex_0040,AUD_texture_complex_052,Kigali,geoms/proposals/PRP_texture_complex_0040.geojson,2023,0.691,136.60,true,,geoms/changes/CHG_texture_complex_0052.geojson,texture_complex,CHG_texture_complex_0052,true_positive,true
PRP_texture_complex_0041,AUD_texture_complex_053,Yaounde,geoms/proposals/PRP_texture_complex_0041.geojson,2023,0.962,217.14,true,,geoms/changes/CHG_texture_complex_0053.geojson,texture_complex,CHG_texture_complex_0053,true_positive,true
PRP_texture_complex_0042,AUD_texture_complex_054,Dakar,geoms/proposals/PRP_texture_complex_0042.geojson,2023,0.768,69.52,true,,geoms/changes/CHG_texture_complex_0054.geojson,texture_complex,CHG_texture_complex_0054,true_positive,true
PRP_texture_complex_0043,AUD_texture_complex_055,DarEsSalaam,geoms/proposals/PRP_texture_complex_0043.geojson,2023,0.753,246.30,true,,geoms/changes/CHG_texture_complex_0055.geojson,texture_complex,CHG_texture_complex_0055,true_positive,true
PRP_texture_complex_0044,AUD_texture_complex_056,Douala,geoms/proposals/PRP_texture_complex_0044.geojson,2023,0.886,120.98,true,,geoms/changes/CHG_texture_complex_0056.geojson,texture_complex,CHG_texture_complex_0056,true_positive,true
PRP_texture_complex_0045,AUD_texture_complex_057,Garoua,geoms/proposals/PRP_texture_complex_0045.geojson,2023,0.808,209.24,true,,geoms/changes/CHG_texture_complex_0057.geojson,texture_complex,CHG_texture_complex_0057,true_positive,true
PRP_texture_complex_0046,AUD_texture_complex_058,Kigali,geoms/proposals/PRP_texture_complex_0046.geojson,2023,0.926,377.10,true,,geoms/changes/CHG_texture_complex_0058.geojson,texture_complex,CHG_texture_complex_0058,true_positive,true
PRP_texture_complex_0047,AUD_texture_complex_059,Yaounde,geoms/proposals/PRP_texture_complex_0047.geojson,2023,0.864,328.98,true,,geoms/changes/CHG_texture_complex_0059.geojson,texture_complex,CHG_texture_complex_0059,true_positive,true
PRP_texture_complex_0048,AUD_texture_complex_001,DarEsSalaam,geoms/proposals/PRP_texture_complex_0048.geojson,2023,0.975,210.66,true,,geoms/changes/CHG_texture_complex_0061.geojson,texture_complex,CHG_texture_complex_0061,true_positive,true
PRP_texture_complex_0049,AUD_texture_complex_003,Garoua,geoms/proposals/PRP_texture_complex_0049.geojson,2023,0.955,306.56,true,,geoms/changes/CHG_texture_complex_0063.geojson,texture_complex,CHG_texture_complex_0063,true_positive,true
PRP_texture_complex_0050,AUD_texture_complex_004,Kigali,geoms/proposals/PRP_texture_complex_0050.geojson,2023,0.569,173.41,true,,geoms/changes/CHG_texture_complex_0064.geojson,texture_complex,CHG_texture_complex_0064,true_positive,true
PRP_texture_complex_0051,AUD_texture_complex_005,Yaounde,geoms/proposals/PRP_texture_complex_0051.geojson,2023,0.604,284.56,true,,geoms/changes/CHG_texture_complex_0065.geojson,texture_complex,CHG_texture_complex_0065,true_positive,true
PRP_texture_complex_0052,AUD_texture_complex_006,Dakar,geoms/proposals/PRP_texture_complex_0052.geojson,2023,0.714,280.94,true,,geoms/changes/CHG_texture_complex_0066.geojson,texture_complex,CHG_texture_complex_0066,true_positive,true
PRP_texture_complex_0053,AUD_texture_complex_008,Douala,geoms/proposals/PRP_texture_complex_0053.geojson,2023,0.792,151.07,true,,geoms/changes/CHG_texture_complex_0068.geojson,texture_complex,CHG_texture_complex_0068,true_positive,true
PRP_texture_complex_0054,AUD_texture_complex_009,Garoua,geoms/proposals/PRP_texture_complex_0054.geojson,2023,0.569,312.12,true,,geoms/changes/CHG_texture_complex_0069.geojson,texture_complex,CHG_texture_complex_0069,true_positive,true
PRP_texture_complex_0055,AUD_texture_complex_010,Kigali,geoms/proposals/PRP_texture_complex_0055.geojson,2023,0.741,335.16,true,,geoms/changes/CHG_texture_complex_0070.geojson,texture_complex,CHG_texture_complex_0070,true_positive,true
PRP_texture_complex_0056,AUD_texture_complex_011,Yaounde,geoms/proposals/PRP_texture_complex_0056.geojson,2023,0.567,333.05,true,,geoms/changes/CHG_texture_complex_0071.geojson,texture_complex,CHG_texture_complex_0071,true_positive,true
PRP_texture_complex_0057,AUD_texture_complex_012,Dakar,geoms/proposals/PRP_texture_complex_0057.geojson,2023,0.620,116.98,true,,geoms/changes/CHG_texture_complex_0072.geojson,texture_complex,CHG_texture_complex_0072,true_positive,true
PRP_texture_complex_0058,AUD_texture_complex_013,DarEsSalaam,geoms/proposals/PRP_texture_complex_0058.geojson,2023,0.849,93.10,true,,geoms/changes/CHG_texture_complex_0073.geojson,texture_complex,CHG_texture_complex_0073,true_positive,true
PRP_texture_complex_0059,AUD_texture_complex_014,Douala,geoms/proposals/PRP_texture_complex_0059.geojson,2023,0.837,362.03,true,,geoms/changes/CHG_texture_complex_0074.geojson,texture_complex,CHG_texture_complex_0074,true_positive,true
PRP_texture_complex_0060,AUD_texture_complex_015,Garoua,geoms/proposals/PRP_texture_complex_0060.geojson,2023,0.983,166.63,true,,geoms/changes/CHG_texture_complex_0075.geojson,texture_complex,CHG_texture_complex_0075,true_positive,true
PRP_texture_complex_0061,AUD_texture_complex_016,Kigali,geoms/proposals/PRP_texture_complex_0061.geojson,2023,0.728,330.24,true,,geoms/changes/CHG_texture_complex_0076.geojson,texture_complex,CHG_texture_complex_0076,true_positive,true
PRP_texture_complex_0062,AUD_texture_complex_017,Yaounde,geoms/proposals/PRP_texture_complex_0062.geojson,2023,0.944,334.46,true,,geoms/changes/CHG_texture_complex_0077.geojson,texture_complex,CHG_texture_complex_0077,true_positive,true
PRP_texture_complex_0063,AUD_texture_complex_018,Dakar,geoms/proposals/PRP_texture_complex_0063.geojson,2023,0.551,143.84,true,,geoms/changes/CHG_texture_complex_0078.geojson,texture_complex,CHG_texture_complex_0078,true_positive,true
PRP_texture_complex_0064,AUD_texture_complex_019,DarEsSalaam,geoms/proposals/PRP_texture_complex_0064.geojson,2023,0.875,344.44,true,,geoms/changes/CHG_texture_complex_0079.geojson,texture_complex,CHG_texture_complex_0079,true_positive,true
PRP_texture_complex_0065,AUD_texture_complex_020,Douala,geoms/proposals/PRP_texture_complex_0065.geojson,2023,0.853,306.23,true,,geoms/changes/CHG_texture_complex_0080.geojson,texture_complex,CHG_texture_complex_0080,true_positive,true
PRP_texture_complex_0066,AUD_texture_complex_021,Garoua,geoms/proposals/PRP_texture_complex_0066.geojson,2023,0.884,58.96,true,,geoms/changes/CHG_texture_complex_0081.geojson,texture_complex,CHG_texture_complex_0081,true_positive,true
PRP_texture_complex_0067,AUD_texture_complex_022,Kigali,geoms/proposals/PRP_texture_complex_0067.geojson,2023,0.782,263.25,true,,geoms/changes/CHG_texture_complex_0082.geojson,texture_complex,CHG_texture_complex_0082,true_positive,true
PRP_texture_complex_0068,AUD_texture_complex_023,Yaounde,geoms/proposals/PRP_texture_complex_0068.geojson,2023,0.739,246.13,true,,geoms/changes/CHG_texture_complex_0083.geojson,texture_complex,CHG_texture_complex_0083,true_positive,true
PRP_texture_complex_0069,AUD_texture_complex_024,Dakar,geoms/proposals/PRP_texture_complex_0069.geojson,2023,0.598,37.14,true,,geoms/changes/CHG_texture_complex_0084.geojson,texture_complex,CHG_texture_complex_0084,true_positive,true
PRP_texture_complex_0070,AUD_texture_complex_025,DarEsSalaam,geoms/proposals/PRP_texture_complex_0070.geojson,2023,0.836,74.16,true,,geoms/changes/CHG_texture_complex_0085.geojson,texture_complex,CHG_texture_complex_0085,true_positive,true
PRP_texture_complex_0071,AUD_texture_complex_026,Douala,geoms/proposals/PRP_texture_complex_0071.geojson,2023,0.881,314.78,true,,geoms/changes/CHG_texture_complex_0086.geojson,texture_complex,CHG_texture_complex_0086,true_positive,true
PRP_texture_complex_0072,AUD_texture_complex_027,Garoua,geoms/proposals/PRP_texture_complex_0072.geojson,2023,0.686,76.53,true,,geoms/changes/CHG_texture_complex_0087.geojson,texture_complex,CHG_texture_complex_0087,true_positive,true
PRP_texture_complex_0073,AUD_texture_complex_028,Kigali,geoms/proposals/PRP_texture_complex_0073.geojson,2023,0.698,237.75,true,,geoms/changes/CHG_texture_complex_0088.geojson,texture_complex,CHG_texture_complex_0088,true_positive,true
PRP_texture_complex_0074,AUD_texture_complex_029,Yaounde,geoms/proposals/PRP_texture_complex_0074.geojson,2023,0.946,186.59,true,,geoms/changes/CHG_texture_complex_0089.geojson,texture_complex,CHG_texture_complex_0089,true_positive,true
PRP_texture_complex_0075,AUD_texture_complex_030,Dakar,geoms/proposals/PRP_texture_complex_0075.geojson,2023,0.552,241.89,true,,geoms/changes/CHG_texture_complex_0090.geojson,texture_complex,CHG_texture_complex_0090,true_positive,true
PRP_texture_complex_0076,AUD_texture_complex_031,DarEsSalaam,geoms/proposals/PRP_texture_complex_0076.geojson,2023,0.920,358.92,true,,geoms/changes/CHG_texture_complex_0091.geojson,texture_complex,CHG_texture_complex_0091,true_positive,true
PRP_texture_complex_0077,AUD_texture_complex_032,Douala,geoms/proposals/PRP_texture_complex_0077.geojson,2023,0.907,324.74,true,,geoms/changes/CHG_texture_complex_0092.geojson,texture_complex,CHG_texture_complex_0092,true_positive,true
PRP_texture_complex_0078,AUD_texture_complex_033,Garoua,geoms/proposals/PRP_texture_complex_0078.geojson,2023,0.584,294.28,true,,geoms/changes/CHG_texture_complex_0093.geojson,texture_complex,CHG_texture_complex_0093,true_positive,true
PRP_texture_complex_0079,AUD_texture_complex_034,Kigali,geoms/proposals/PRP_texture_complex_0079.geojson,2023,0.810,239.12,true,,geoms/changes/CHG_texture_complex_0094.geojson,texture_complex,CHG_texture_complex_0094,true_positive,true
PRP_texture_complex_0080,AUD_texture_complex_035,Yaounde,geoms/proposals/PRP_texture_complex_0080.geojson,2023,0.842,92.40,true,,geoms/changes/CHG_texture_complex_0095.geojson,texture_complex,CHG_texture_complex_0095,true_positive,true
PRP_texture_complex_0081,AUD_texture_complex_036,Dakar,geoms/proposals/PRP_texture_complex_0081.geojson,2023,0.864,121.17,true,,geoms/changes/CHG_texture_complex_0096.geojson,texture_complex,CHG_texture_complex_0096,true_positive,true
PRP_texture_complex_0082,AUD_texture_complex_037,DarEsSalaam,geoms/proposals/PRP_texture_complex_0082.geojson,2023,0.644,240.12,true,,geoms/changes/CHG_texture_complex_0097.geojson,texture_complex,CHG_texture_complex_0097,true_positive,true
PRP_texture_complex_0083,AUD_texture_complex_038,Douala,geoms/proposals/PRP_texture_complex_0083.geojson,2023,0.884,102.45,true,,geoms/changes/CHG_texture_complex_0098.geojson,texture_complex,CHG_texture_complex_0098,true_positive,true
PRP_texture_complex_0084,AUD_texture_complex_039,Garoua,geoms/proposals/PRP_texture_complex_0084.geojson,2023,0.626,336.98,true,,geoms/changes/CHG_texture_complex_0099.geojson,texture_complex,CHG_texture_complex_0099,true_positive,true
PRP_texture_complex_0085,AUD_texture_complex_040,Kigali,geoms/proposals/PRP_texture_complex_0085.geojson,2023,0.587,170.74,true,,geoms/changes/CHG_texture_complex_0100.geojson,texture_complex,CHG_texture_complex_0100,true_positive,true
PRP_texture_complex_0086,AUD_texture_complex_041,Yaounde,geoms/proposals/PRP_texture_complex_0086.geojson,2023,0.812,253.53,true,,geoms/changes/CHG_texture_complex_0101.geojson,texture_complex,CHG_texture_complex_0101,true_positive,true
PRP_texture_complex_0087,AUD_texture_complex_042,Dakar,geoms/proposals/PRP_texture_complex_0087.geojson,2023,0.867,260.68,true,,geoms/changes/CHG_texture_complex_0102.geojson,texture_complex,CHG_texture_complex_0102,true_positive,true
PRP_texture_complex_0088,AUD_texture_complex_043,DarEsSalaam,geoms/proposals/PRP_texture_complex_0088.geojson,2023,0.753,136.00,true,,geoms/changes/CHG_texture_complex_0103.geojson,texture_complex,CHG_texture_complex_0103,true_positive,true
PRP_texture_complex_0089,AUD_texture_complex_044,Douala,geoms/proposals/PRP_texture_complex_0089.geojson,2023,0.888,319.68,true,,geoms/changes/CHG_texture_complex_0104.geojson,texture_complex,CHG_texture_complex_0104,true_positive,true
PRP_texture_complex_0090,AUD_texture_complex_045,Garoua,geoms/proposals/PRP_texture_complex_0090.geojson,2023,0.949,178.51,true,,geoms/changes/CHG_texture_complex_0105.geojson,texture_complex,CHG_texture_complex_0105,true_positive,true
PRP_texture_complex_0091,AUD_texture_complex_047,Yaounde,geoms/proposals/PRP_texture_complex_0091.geojson,2023,0.638,149.00,true,,geoms/changes/CHG_texture_complex_0107.geojson,texture_complex,CHG_texture_complex_0107,true_positive,true
PRP_texture_complex_0092,AUD_texture_complex_048,Dakar,geoms/proposals/PRP_texture_complex_0092.geojson,2023,0.596,75.37,true,,geoms/changes/CHG_texture_complex_0108.geojson,texture_complex,CHG_texture_complex_0108,true_positive,true
PRP_texture_complex_0093,AUD_texture_complex_049,DarEsSalaam,geoms/proposals/PRP_texture_complex_0093.geojson,2023,0.636,274.94,true,,geoms/changes/CHG_texture_complex_0109.geojson,texture_complex,CHG_texture_complex_0109,true_positive,true
PRP_texture_complex_0094,AUD_texture_complex_050,Douala,geoms/proposals/PRP_texture_complex_0094.geojson,2023,0.912,75.33,true,,geoms/changes/CHG_texture_complex_0110.geojson,texture_complex,CHG_texture_complex_0110,true_positive,true
PRP_texture_complex_0095,AUD_texture_complex_051,Garoua,geoms/proposals/PRP_texture_complex_0095.geojson,2023,0.742,308.55,true,,geoms/changes/CHG_texture_complex_0111.geojson,texture_complex,CHG_texture_complex_0111,true_positive,true
PRP_texture_complex_0096,AUD_texture_complex_052,Kigali,geoms/proposals/PRP_texture_complex_0096.geojson,2023,0.919,131.31,true,,geoms/changes/CHG_texture_complex_0112.geojson,texture_complex,CHG_texture_complex_0112,true_positive,true
PRP_texture_complex_0097,AUD_texture_complex_053,Yaounde,geoms/proposals/PRP_texture_complex_0097.geojson,2023,0.653,246.85,true,,geoms/changes/CHG_texture_complex_0113.geojson,texture_complex,CHG_texture_complex_0113,true_positive,true
PRP_texture_complex_0098,AUD_texture_complex_054,Dakar,geoms/proposals/PRP_texture_complex_0098.geojson,2023,0.800,200.24,true,,geoms/changes/CHG_texture_complex_0114.geojson,texture_complex,CHG_texture_complex_0114,true_positive,true
PRP_texture_complex_0099,AUD_texture_complex_056,Douala,geoms/proposals/PRP_texture_complex_0099.geojson,2023,0.749,262.86,true,,geoms/changes/CHG_texture_complex_0116.geojson,texture_complex,CHG_texture_complex_0116,true_positive,true
PRP_texture_complex_0100,AUD_texture_complex_000,Dakar,geoms/proposals/PRP_texture_complex_0100.geojson,2023,0.833,271.19,true,,geoms/changes/CHG_texture_complex_0120.geojson,texture_complex,CHG_texture_complex_0120,true_positive,true
PRP_texture_complex_0101,AUD_texture_complex_002,Douala,geoms/proposals/PRP_texture_complex_0101.geojson,2023,0.946,306.02,true,,geoms/changes/CHG_texture_complex_0122.geojson,texture_complex,CHG_texture_complex_0122,true_positive,true
PRP_texture_complex_0102,AUD_texture_complex_004,Kigali,geoms/proposals/PRP_texture_complex_0102.geojson,2023,0.872,235.41,true,,geoms/changes/CHG_texture_complex_0124.geojson,texture_complex,CHG_texture_complex_0124,true_positive,true
PRP_texture_complex_0103,AUD_texture_complex_005,Yaounde,geoms/proposals/PRP_texture_complex_0103.geojson,2023,0.744,101.34,true,,geoms/changes/CHG_texture_complex_0125.geojson,texture_complex,CHG_texture_complex_0125,true_positive,true
PRP_texture_complex_0104,AUD_texture_complex_007,DarEsSalaam,geoms/proposals/PRP_texture_complex_0104.geojson,2023,0.568,81.81,true,,geoms/changes/CHG_texture_complex_0127.geojson,texture_complex,CHG_texture_complex_0127,true_positive,true
PRP_texture_complex_0105,AUD_texture_complex_008,Douala,geoms/proposals/PRP_texture_complex_0105.geojson,2023,0.881,85.49,true,,geoms/changes/CHG_texture_complex_0128.geojson,texture_complex,CHG_texture_complex_0128,true_positive,true
PRP_texture_complex_0106,AUD_texture_complex_009,Garoua,geoms/proposals/PRP_texture_complex_0106.geojson,2023,0.942,169.16,true,,geoms/changes/CHG_texture_complex_0129.geojson,texture_complex,CHG_texture_complex_0129,true_positive,true
PRP_texture_complex_0107,AUD_texture_complex_011,Yaounde,geoms/proposals/PRP_texture_complex_0107.geojson,2023,0.830,187.23,true,,geoms/changes/CHG_texture_complex_0131.geojson,texture_complex,CHG_texture_complex_0131,true_positive,true
PRP_texture_complex_0108,AUD_texture_complex_012,Dakar,geoms/proposals/PRP_texture_complex_0108.geojson,2023,0.854,291.15,true,,geoms/changes/CHG_texture_complex_0132.geojson,texture_complex,CHG_texture_complex_0132,true_positive,true
PRP_texture_complex_0109,AUD_texture_complex_013,DarEsSalaam,geoms/proposals/PRP_texture_complex_0109.geojson,2023,0.870,267.19,true,,geoms/changes/CHG_texture_complex_0133.geojson,texture_complex,CHG_texture_complex_0133,true_positive,true
PRP_texture_complex_0110,AUD_texture_complex_014,Douala,geoms/proposals/PRP_texture_complex_0110.geojson,2023,0.978,146.41,true,,geoms/changes/CHG_texture_complex_0134.geojson,texture_complex,CHG_texture_complex_0134,true_positive,true
PRP_texture_complex_0111,AUD_texture_complex_015,Garoua,geoms/proposals/PRP_texture_complex_0111.geojson,2023,0.774,50.68,true,,geoms/changes/CHG_texture_complex_0135.geojson,texture_complex,CHG_texture_complex_0135,true_positive,true
PRP_texture_complex_0112,AUD_texture_complex_016,Kigali,geoms/proposals/PRP_texture_complex_0112.geojson,2023,0.802,215.37,true,,geoms/changes/CHG_texture_complex_0136.geojson,texture_complex,CHG_texture_complex_0136,true_positive,true
PRP_texture_complex_0113,AUD_texture_complex_017,Yaounde,geoms/proposals/PRP_texture_complex_0113.geojson,2023,0.943,315.18,true,,geoms/changes/CHG_texture_complex_0137.geojson,texture_complex,CHG_texture_complex_0137,true_positive,true
PRP_texture_complex_0114,AUD_texture_complex_019,DarEsSalaam,geoms/proposals/PRP_texture_complex_0114.geojson,2023,0.768,357.76,true,,geoms/changes/CHG_texture_complex_0139.geojson,texture_complex,CHG_texture_complex_0139,true_positive,true
PRP_texture_complex_0115,AUD_texture_complex_020,Douala,geoms/proposals/PRP_texture_complex_0115.geojson,2023,0.865,132.40,true,,geoms/changes/CHG_texture_complex_0140.geojson,texture_complex,CHG_texture_complex_0140,true_positive,true
PRP_texture_complex_0116,AUD_texture_complex_021,Garoua,geoms/proposals/PRP_texture_complex_0116.geojson,2023,0.646,184.20,true,,geoms/changes/CHG_texture_complex_0141.geojson,texture_complex,CHG_texture_complex_0141,true_positive,true
PRP_texture_complex_0117,AUD_texture_complex_025,DarEsSalaam,geoms/proposals/PRP_texture_complex_0117.geojson,2023,0.836,217.77,true,,geoms/changes/CHG_texture_complex_0145.geojson,texture_complex,CHG_texture_complex_0145,true_positive,true
PRP_texture_complex_0118,AUD_texture_complex_026,Douala,geoms/proposals/PRP_texture_complex_0118.geojson,2023,0.928,238.83,true,,geoms/changes/CHG_texture_complex_0146.geojson,texture_complex,CHG_texture_complex_0146,true_positive,true
PRP_texture_complex_0119,AUD_texture_complex_028,Kigali,geoms/proposals/PRP_texture_complex_0119.geojson,2023,0.934,165.76,true,,geoms/changes/CHG_texture_complex_0148.geojson,texture_complex,CHG_texture_complex_0148,true_positive,true
PRP_texture_complex_0120,AUD_texture_complex_029,Yaounde,geoms/proposals/PRP_texture_complex_0120.geojson,2023,0.928,61.16,true,,geoms/changes/CHG_texture_complex_0149.geojson,texture_complex,CHG_texture_complex_0149,true_positive,true
PRP_texture_complex_0121,AUD_texture_complex_032,Douala,geoms/proposals/PRP_texture_complex_0121.geojson,2023,0.904,38.93,true,,geoms/changes/CHG_texture_complex_0152.geojson,texture_complex,CHG_texture_complex_0152,true_positive,true
PRP_texture_complex_0122,AUD_texture_complex_033,Garoua,geoms/proposals/PRP_texture_complex_0122.geojson,2023,0.739,88.50,true,,geoms/changes/CHG_texture_complex_0153.geojson,texture_complex,CHG_texture_complex_0153,true_positive,true
PRP_texture_complex_0123,AUD_texture_complex_034,Kigali,geoms/proposals/PRP_texture_complex_0123.geojson,2023,0.606,256.39,true,,geoms/changes/CHG_texture_complex_0154.geojson,texture_complex,CHG_texture_complex_0154,true_positive,true
PRP_texture_complex_0124,AUD_texture_complex_035,Yaounde,geoms/proposals/PRP_texture_complex_0124.geojson,2023,0.624,263.90,true,,geoms/changes/CHG_texture_complex_0155.geojson,texture_complex,CHG_texture_complex_0155,true_positive,true
PRP_texture_complex_0125,AUD_texture_complex_036,Dakar,geoms/proposals/PRP_texture_complex_0125.geojson,2023,0.901,262.29,true,,geoms/changes/CHG_texture_complex_0156.geojson,texture_complex,CHG_texture_complex_0156,true_positive,true
PRP_texture_complex_0126,AUD_texture_complex_038,Douala,geoms/proposals/PRP_texture_complex_0126.geojson,2023,0.680,110.74,true,,geoms/changes/CHG_texture_complex_0158.geojson,texture_complex,CHG_texture_complex_0158,true_positive,true
PRP_texture_complex_0127,AUD_texture_complex_041,Yaounde,geoms/proposals/PRP_texture_complex_0127.geojson,2023,0.926,195.04,true,,geoms/changes/CHG_texture_complex_0161.geojson,texture_complex,CHG_texture_complex_0161,true_positive,true
PRP_texture_complex_0128,AUD_texture_complex_042,Dakar,geoms/proposals/PRP_texture_complex_0128.geojson,2023,0.629,61.39,true,,geoms/changes/CHG_texture_complex_0162.geojson,texture_complex,CHG_texture_complex_0162,true_positive,true
PRP_texture_complex_0129,AUD_texture_complex_043,DarEsSalaam,geoms/proposals/PRP_texture_complex_0129.geojson,2023,0.890,353.43,true,,geoms/changes/CHG_texture_complex_0163.geojson,texture_complex,CHG_texture_complex_0163,true_positive,true
PRP_texture_complex_0130,AUD_texture_complex_044,Douala,geoms/proposals/PRP_texture_complex_0130.geojson,2023,0.844,110.95,true,,geoms/changes/CHG_texture_complex_0164.geojson,texture_complex,CHG_texture_complex_0164,true_positive,true
PRP_texture_complex_0131,AUD_texture_complex_045,Garoua,geoms/proposals/PRP_texture_complex_0131.geojson,2023,0.620,94.37,true,,geoms/changes/CHG_texture_complex_0165.geojson,texture_complex,CHG_texture_complex_0165,true_positive,true
PRP_texture_complex_0132,AUD_texture_complex_046,Kigali,geoms/proposals/PRP_texture_complex_0132.geojson,2023,0.811,94.47,true,,geoms/changes/CHG_texture_complex_0166.geojson,texture_complex,CHG_texture_complex_0166,true_positive,true
PRP_texture_complex_0133,AUD_texture_complex_047,Yaounde,geoms/proposals/PRP_texture_complex_0133.geojson,2023,0.750,257.58,true,,geoms/changes/CHG_texture_complex_0167.geojson,texture_complex,CHG_texture_complex_0167,true_positive,true
PRP_texture_complex_0134,AUD_texture_complex_048,Dakar,geoms/proposals/PRP_texture_complex_0134.geojson,2023,0.552,377.55,true,,geoms/changes/CHG_texture_complex_0168.geojson,texture_complex,CHG_texture_complex_0168,true_positive,true
PRP_texture_complex_0135,AUD_texture_complex_050,Douala,geoms/proposals/PRP_texture_complex_0135.geojson,2023,0.569,195.41,true,,geoms/changes/CHG_texture_complex_0170.geojson,texture_complex,CHG_texture_complex_0170,true_positive,true
PRP_texture_complex_0136,AUD_texture_complex_051,Garoua,geoms/proposals/PRP_texture_complex_0136.geojson,2023,0.982,141.77,true,,geoms/changes/CHG_texture_complex_0171.geojson,texture_complex,CHG_texture_complex_0171,true_positive,true
PRP_texture_complex_0137,AUD_texture_complex_052,Kigali,geoms/proposals/PRP_texture_complex_0137.geojson,2023,0.801,324.24,true,,geoms/changes/CHG_texture_complex_0172.geojson,texture_complex,CHG_texture_complex_0172,true_positive,true
PRP_texture_complex_0138,AUD_texture_complex_053,Yaounde,geoms/proposals/PRP_texture_complex_0138.geojson,2023,0.612,45.08,true,,geoms/changes/CHG_texture_complex_0173.geojson,texture_complex,CHG_texture_complex_0173,true_positive,true
PRP_texture_complex_0139,AUD_texture_complex_000,Dakar,geoms/proposals/PRP_texture_complex_0139.geojson,2023,0.718,175.80,false,no_reference_event,,texture_complex,,false_positive,false
PRP_texture_complex_0140,AUD_texture_complex_001,DarEsSalaam,geoms/proposals/PRP_texture_complex_0140.geojson,2023,0.717,120.40,false,no_reference_event,,texture_complex,,false_positive,false
PRP_texture_complex_0141,AUD_texture_complex_002,Douala,geoms/proposals/PRP_texture_complex_0141.geojson,2023,0.494,53.58,false,no_reference_event,,texture_complex,,false_positive,false
PRP_texture_complex_0142,AUD_texture_complex_003,Garoua,geoms/proposals/PRP_texture_complex_0142.geojson,2023,0.619,246.72,false,no_reference_event,,texture_complex,,false_positive,false
PRP_texture_complex_0143,AUD_texture_complex_004,Kigali,geoms/proposals/PRP_texture_complex_0143.geojson,2023,0.741,116.79,false,no_reference_event,,texture_complex,,false_positive,false
PRP_texture_complex_0144,AUD_texture_complex_005,Yaounde,geoms/proposals/PRP_texture_complex_0144.geojson,2023,0.747,26.40,false,no_reference_event,,texture_complex,,false_positive,false
PRP_texture_complex_0145,AUD_texture_complex_006,Dakar,geoms/proposals/PRP_texture_complex_0145.geojson,2023,0.540,110.36,false,no_reference_event,,texture_complex,,false_positive,false
PRP_texture_complex_0146,AUD_texture_complex_007,DarEsSalaam,geoms/proposals/PRP_texture_complex_0146.geojson,2023,0.648,108.02,false,no_reference_event,,texture_complex,,false_positive,false
PRP_texture_complex_0147,AUD_texture_complex_008,Douala,geoms/proposals/PRP_texture_complex_0147.geojson,2023,0.669,276.59,false,no_reference_event,,texture_complex,,false_positive,false
PRP_texture_complex_0148,AUD_texture_complex_009,Garoua,geoms/proposals/PRP_texture_complex_0148.geojson,2023,0.624,75.90,false,no_reference_event,,texture_complex,,false_positive,false
PRP_texture_complex_0149,AUD_texture_complex_010,Kigali,geoms/proposals/PRP_texture_complex_0149.geojson,2023,0.635,165.49,false,no_reference_event,,texture_complex,,false_positive,false
PRP_texture_complex_0150,AUD_texture_complex_011,Yaounde,geoms/proposals/PRP_texture_complex_0150.geojson,2023,0.731,93.78,false,no_reference_event,,texture_complex,,false_positive,false
PRP_texture_complex_0151,AUD_texture_complex_012,Dakar,geoms/proposals/PRP_texture_complex_0151.geojson,2023,0.566,137.38,false,no_reference_event,,texture_complex,,false_positive,false
PRP_texture_complex_0152,AUD_texture_complex_013,DarEsSalaam,geoms/proposals/PRP_texture_complex_0152.geojson,2023,0.522,58.78,false,no_reference_event,,texture_complex,,false_positive,false
PRP_texture_complex_0153,AUD_texture_complex_014,Douala,geoms/proposals/PRP_texture_complex_0153.geojson,2023,0.723,177.58,false,no_reference_event,,texture_complex,,false_positive,false
PRP_texture_complex_0154,AUD_texture_complex_015,Garoua,geoms/proposals/PRP_texture_complex_0154.geojson,2023,0.544,182.11,false,no_reference_event,,texture_complex,,false_positive,false
PRP_texture_complex_0155,AUD_texture_complex_016,Kigali,geoms/proposals/PRP_texture_complex_0155.geojson,2023,0.577,218.21,false,no_reference_event,,texture_complex,,false_positive,false
PRP_texture_complex_0156,AUD_texture_complex_017,Yaounde,geoms/proposals/PRP_texture_complex_0156.geojson,2023,0.509,157.84,false,no_reference_event,,texture_complex,,false_positive,false
PRP_texture_complex_0157,AUD_texture_complex_018,Dakar,geoms/proposals/PRP_texture_complex_0157.geojson,2023,0.708,152.03,false,no_reference_event,,texture_complex,,false_positive,false
PRP_texture_complex_0158,AUD_texture_complex_019,DarEsSalaam,geoms/proposals/PRP_texture_complex_0158.geojson,2023,0.501,56.84,false,no_reference_event,,texture_complex,,false_positive,false
PRP_texture_complex_0159,AUD_texture_complex_020,Douala,geoms/proposals/PRP_texture_complex_0159.geojson,2023,0.626,180.48,false,no_reference_event,,texture_complex,,false_positive,false
PRP_texture_complex_0160,AUD_texture_complex_021,Garoua,geoms/proposals/PRP_texture_complex_0160.geojson,2023,0.547,294.75,false,no_reference_event,,texture_complex,,false_positive,false
PRP_texture_complex_0161,AUD_texture_complex_022,Kigali,geoms/proposals/PRP_texture_complex_0161.geojson,2023,0.520,138.50,false,no_reference_event,,texture_complex,,false_positive,false
PRP_informal_small_roofs_0000,AUD_informal_small_roofs_000,Dakar,geoms/proposals/PRP_informal_small_roofs_0000.geojson,2023,0.961,322.35,true,,geoms/changes/CHG_informal_small_roofs_0000.geojson,informal_small_roofs,CHG_informal_small_roofs_0000,true_positive,true
PRP_informal_small_roofs_0001,AUD_informal_small_roofs_001,DarEsSalaam,geoms/proposals/PRP_informal_small_roofs_0001.geojson,2023,0.767,164.25,true,,geoms/changes/CHG_informal_small_roofs_0001.geojson,informal_small_roofs,CHG_informal_small_roofs_0001,true_positive,true
PRP_informal_small_roofs_0002,AUD_informal_small_roofs_002,Douala,geoms/proposals/PRP_informal_small_roofs_0002.geojson,2023,0.607,354.79,true,,geoms/changes/CHG_informal_small_roofs_0002.geojson,informal_small_roofs,CHG_informal_small_roofs_0002,true_positive,true
PRP_informal_small_roofs_0003,AUD_informal_small_roofs_003,Garoua,geoms/proposals/PRP_informal_small_roofs_0003.geojson,2023,0.565,122.28,true,,geoms/changes/CHG_informal_small_roofs_0003.geojson,informal_small_roofs,CHG_informal_small_roofs_0003,true_positive,true
PRP_informal_small_roofs_0004,AUD_informal_small_roofs_004,Kigali,geoms/proposals/PRP_informal_small_roofs_0004.geojson,2023,0.922,237.27,true,,geoms/changes/CHG_informal_small_roofs_0004.geojson,informal_small_roofs,CHG_informal_small_roofs_0004,true_positive,true
PRP_informal_small_roofs_0005,AUD_informal_small_roofs_005,Yaounde,geoms/proposals/PRP_informal_small_roofs_0005.geojson,2023,0.850,373.89,true,,geoms/changes/CHG_informal_small_roofs_0005.geojson,informal_small_roofs,CHG_informal_small_roofs_0005,true_positive,true
PRP_informal_small_roofs_0006,AUD_informal_small_roofs_008,Douala,geoms/proposals/PRP_informal_small_roofs_0006.geojson,2023,0.774,231.45,true,,geoms/changes/CHG_informal_small_roofs_0008.geojson,informal_small_roofs,CHG_informal_small_roofs_0008,true_positive,true
PRP_informal_small_roofs_0007,AUD_informal_small_roofs_010,Kigali,geoms/proposals/PRP_informal_small_roofs_0007.geojson,2023,0.647,313.47,true,,geoms/changes/CHG_informal_small_roofs_0010.geojson,informal_small_roofs,CHG_informal_small_roofs_0010,true_positive,true
PRP_informal_small_roofs_0008,AUD_informal_small_roofs_011,Yaounde,geoms/proposals/PRP_informal_small_roofs_0008.geojson,2023,0.640,195.35,true,,geoms/changes/CHG_informal_small_roofs_0011.geojson,informal_small_roofs,CHG_informal_small_roofs_0011,true_positive,true
PRP_informal_small_roofs_0009,AUD_informal_small_roofs_014,Douala,geoms/proposals/PRP_informal_small_roofs_0009.geojson,2023,0.614,76.34,true,,geoms/changes/CHG_informal_small_roofs_0014.geojson,informal_small_roofs,CHG_informal_small_roofs_0014,true_positive,true
PRP_informal_small_roofs_0010,AUD_informal_small_roofs_015,Garoua,geoms/proposals/PRP_informal_small_roofs_0010.geojson,2023,0.770,289.84,true,,geoms/changes/CHG_informal_small_roofs_0015.geojson,informal_small_roofs,CHG_informal_small_roofs_0015,true_positive,true
PRP_informal_small_roofs_0011,AUD_informal_small_roofs_016,Kigali,geoms/proposals/PRP_informal_small_roofs_0011.geojson,2023,0.669,348.46,true,,geoms/changes/CHG_informal_small_roofs_0016.geojson,informal_small_roofs,CHG_informal_small_roofs_0016,true_positive,true
PRP_informal_small_roofs_0012,AUD_informal_small_roofs_017,Yaounde,geoms/proposals/PRP_informal_small_roofs_0012.geojson,2023,0.923,58.92,true,,geoms/changes/CHG_informal_small_roofs_0017.geojson,informal_small_roofs,CHG_informal_small_roofs_0017,true_positive,true
PRP_informal_small_roofs_0013,AUD_informal_small_roofs_018,Dakar,geoms/proposals/PRP_informal_small_roofs_0013.geojson,2023,0.691,75.52,true,,geoms/changes/CHG_informal_small_roofs_0018.geojson,informal_small_roofs,CHG_informal_small_roofs_0018,true_positive,true
PRP_informal_small_roofs_0014,AUD_informal_small_roofs_020,Douala,geoms/proposals/PRP_informal_small_roofs_0014.geojson,2023,0.972,377.24,true,,geoms/changes/CHG_informal_small_roofs_0020.geojson,informal_small_roofs,CHG_informal_small_roofs_0020,true_positive,true
PRP_informal_small_roofs_0015,AUD_informal_small_roofs_022,Kigali,geoms/proposals/PRP_informal_small_roofs_0015.geojson,2023,0.632,170.52,true,,geoms/changes/CHG_informal_small_roofs_0022.geojson,informal_small_roofs,CHG_informal_small_roofs_0022,true_positive,true
PRP_informal_small_roofs_0016,AUD_informal_small_roofs_023,Yaounde,geoms/proposals/PRP_informal_small_roofs_0016.geojson,2023,0.655,207.84,true,,geoms/changes/CHG_informal_small_roofs_0023.geojson,informal_small_roofs,CHG_informal_small_roofs_0023,true_positive,true
PRP_informal_small_roofs_0017,AUD_informal_small_roofs_024,Dakar,geoms/proposals/PRP_informal_small_roofs_0017.geojson,2023,0.798,207.25,true,,geoms/changes/CHG_informal_small_roofs_0024.geojson,informal_small_roofs,CHG_informal_small_roofs_0024,true_positive,true
PRP_informal_small_roofs_0018,AUD_informal_small_roofs_026,Douala,geoms/proposals/PRP_informal_small_roofs_0018.geojson,2023,0.830,135.96,true,,geoms/changes/CHG_informal_small_roofs_0026.geojson,informal_small_roofs,CHG_informal_small_roofs_0026,true_positive,true
PRP_informal_small_roofs_0019,AUD_informal_small_roofs_027,Garoua,geoms/proposals/PRP_informal_small_roofs_0019.geojson,2023,0.687,245.64,true,,geoms/changes/CHG_informal_small_roofs_0027.geojson,informal_small_roofs,CHG_informal_small_roofs_0027,true_positive,true
PRP_informal_small_roofs_0020,AUD_informal_small_roofs_028,Kigali,geoms/proposals/PRP_informal_small_roofs_0020.geojson,2023,0.908,247.33,true,,geoms/changes/CHG_informal_small_roofs_0028.geojson,informal_small_roofs,CHG_informal_small_roofs_0028,true_positive,true
PRP_informal_small_roofs_0021,AUD_informal_small_roofs_029,Yaounde,geoms/proposals/PRP_informal_small_roofs_0021.geojson,2023,0.848,318.03,true,,geoms/changes/CHG_informal_small_roofs_0029.geojson,informal_small_roofs,CHG_informal_small_roofs_0029,true_positive,true
PRP_informal_small_roofs_0022,AUD_informal_small_roofs_030,Dakar,geoms/proposals/PRP_informal_small_roofs_0022.geojson,2023,0.727,102.12,true,,geoms/changes/CHG_informal_small_roofs_0030.geojson,informal_small_roofs,CHG_informal_small_roofs_0030,true_positive,true
PRP_informal_small_roofs_0023,AUD_informal_small_roofs_031,DarEsSalaam,geoms/proposals/PRP_informal_small_roofs_0023.geojson,2023,0.585,49.61,true,,geoms/changes/CHG_informal_small_roofs_0031.geojson,informal_small_roofs,CHG_informal_small_roofs_0031,true_positive,true
PRP_informal_small_roofs_0024,AUD_informal_small_roofs_033,Garoua,geoms/proposals/PRP_informal_small_roofs_0024.geojson,2023,0.836,334.82,true,,geoms/changes/CHG_informal_small_roofs_0033.geojson,informal_small_roofs,CHG_informal_small_roofs_0033,true_positive,true
PRP_informal_small_roofs_0025,AUD_informal_small_roofs_034,Kigali,geoms/proposals/PRP_informal_small_roofs_0025.geojson,2023,0.708,262.41,true,,geoms/changes/CHG_informal_small_roofs_0034.geojson,informal_small_roofs,CHG_informal_small_roofs_0034,true_positive,true
PRP_informal_small_roofs_0026,AUD_informal_small_roofs_039,Garoua,geoms/proposals/PRP_informal_small_roofs_0026.geojson,2023,0.752,39.06,true,,geoms/changes/CHG_informal_small_roofs_0039.geojson,informal_small_roofs,CHG_informal_small_roofs_0039,true_positive,true
PRP_informal_small_roofs_0027,AUD_informal_small_roofs_042,Dakar,geoms/proposals/PRP_informal_small_roofs_0027.geojson,2023,0.707,298.58,true,,geoms/changes/CHG_informal_small_roofs_0042.geojson,informal_small_roofs,CHG_informal_small_roofs_0042,true_positive,true
PRP_informal_small_roofs_0028,AUD_informal_small_roofs_044,Douala,geoms/proposals/PRP_informal_small_roofs_0028.geojson,2023,0.919,209.62,true,,geoms/changes/CHG_informal_small_roofs_0044.geojson,informal_small_roofs,CHG_informal_small_roofs_0044,true_positive,true
PRP_informal_small_roofs_0029,AUD_informal_small_roofs_045,Garoua,geoms/proposals/PRP_informal_small_roofs_0029.geojson,2023,0.675,163.29,true,,geoms/changes/CHG_informal_small_roofs_0045.geojson,informal_small_roofs,CHG_informal_small_roofs_0045,true_positive,true
PRP_informal_small_roofs_0030,AUD_informal_small_roofs_046,Kigali,geoms/proposals/PRP_informal_small_roofs_0030.geojson,2023,0.615,94.56,true,,geoms/changes/CHG_informal_small_roofs_0046.geojson,informal_small_roofs,CHG_informal_small_roofs_0046,true_positive,true
PRP_informal_small_roofs_0031,AUD_informal_small_roofs_047,Yaounde,geoms/proposals/PRP_informal_small_roofs_0031.geojson,2023,0.902,215.22,true,,geoms/changes/CHG_informal_small_roofs_0047.geojson,informal_small_roofs,CHG_informal_small_roofs_0047,true_positive,true
PRP_informal_small_roofs_0032,AUD_informal_small_roofs_048,Dakar,geoms/proposals/PRP_informal_small_roofs_0032.geojson,2023,0.704,202.77,true,,geoms/changes/CHG_informal_small_roofs_0048.geojson,informal_small_roofs,CHG_informal_small_roofs_0048,true_positive,true
PRP_informal_small_roofs_0033,AUD_informal_small_roofs_050,Douala,geoms/proposals/PRP_informal_small_roofs_0033.geojson,2023,0.771,376.01,true,,geoms/changes/CHG_informal_small_roofs_0050.geojson,informal_small_roofs,CHG_informal_small_roofs_0050,true_positive,true
PRP_informal_small_roofs_0034,AUD_informal_small_roofs_051,Garoua,geoms/proposals/PRP_informal_small_roofs_0034.geojson,2023,0.960,99.89,true,,geoms/changes/CHG_informal_small_roofs_0051.geojson,informal_small_roofs,CHG_informal_small_roofs_0051,true_positive,true
PRP_informal_small_roofs_0035,AUD_informal_small_roofs_052,Kigali,geoms/proposals/PRP_informal_small_roofs_0035.geojson,2023,0.925,61.70,true,,geoms/changes/CHG_informal_small_roofs_0052.geojson,informal_small_roofs,CHG_informal_small_roofs_0052,true_positive,true
PRP_informal_small_roofs_0036,AUD_informal_small_roofs_053,Yaounde,geoms/proposals/PRP_informal_small_roofs_0036.geojson,2023,0.870,301.70,true,,geoms/changes/CHG_informal_small_roofs_0053.geojson,informal_small_roofs,CHG_informal_small_roofs_0053,true_positive,true
PRP_informal_small_roofs_0037,AUD_informal_small_roofs_055,DarEsSalaam,geoms/proposals/PRP_informal_small_roofs_0037.geojson,2023,0.982,277.40,true,,geoms/changes/CHG_informal_small_roofs_0055.geojson,informal_small_roofs,CHG_informal_small_roofs_0055,true_positive,true
PRP_informal_small_roofs_0038,AUD_informal_small_roofs_059,Yaounde,geoms/proposals/PRP_informal_small_roofs_0038.geojson,2023,0.723,226.86,true,,geoms/changes/CHG_informal_small_roofs_0059.geojson,informal_small_roofs,CHG_informal_small_roofs_0059,true_positive,true
PRP_informal_small_roofs_0039,AUD_informal_small_roofs_003,Garoua,geoms/proposals/PRP_informal_small_roofs_0039.geojson,2023,0.602,135.79,true,,geoms/changes/CHG_informal_small_roofs_0063.geojson,informal_small_roofs,CHG_informal_small_roofs_0063,true_positive,true
PRP_informal_small_roofs_0040,AUD_informal_small_roofs_005,Yaounde,geoms/proposals/PRP_informal_small_roofs_0040.geojson,2023,0.570,95.01,true,,geoms/changes/CHG_informal_small_roofs_0065.geojson,informal_small_roofs,CHG_informal_small_roofs_0065,true_positive,true
PRP_informal_small_roofs_0041,AUD_informal_small_roofs_006,Dakar,geoms/proposals/PRP_informal_small_roofs_0041.geojson,2023,0.631,202.81,true,,geoms/changes/CHG_informal_small_roofs_0066.geojson,informal_small_roofs,CHG_informal_small_roofs_0066,true_positive,true
PRP_informal_small_roofs_0042,AUD_informal_small_roofs_009,Garoua,geoms/proposals/PRP_informal_small_roofs_0042.geojson,2023,0.858,148.05,true,,geoms/changes/CHG_informal_small_roofs_0069.geojson,informal_small_roofs,CHG_informal_small_roofs_0069,true_positive,true
PRP_informal_small_roofs_0043,AUD_informal_small_roofs_012,Dakar,geoms/proposals/PRP_informal_small_roofs_0043.geojson,2023,0.745,264.77,true,,geoms/changes/CHG_informal_small_roofs_0072.geojson,informal_small_roofs,CHG_informal_small_roofs_0072,true_positive,true
PRP_informal_small_roofs_0044,AUD_informal_small_roofs_013,DarEsSalaam,geoms/proposals/PRP_informal_small_roofs_0044.geojson,2023,0.557,146.50,true,,geoms/changes/CHG_informal_small_roofs_0073.geojson,informal_small_roofs,CHG_informal_small_roofs_0073,true_positive,true
PRP_informal_small_roofs_0045,AUD_informal_small_roofs_014,Douala,geoms/proposals/PRP_informal_small_roofs_0045.geojson,2023,0.730,56.21,true,,geoms/changes/CHG_informal_small_roofs_0074.geojson,informal_small_roofs,CHG_informal_small_roofs_0074,true_positive,true
PRP_informal_small_roofs_0046,AUD_informal_small_roofs_016,Kigali,geoms/proposals/PRP_informal_small_roofs_0046.geojson,2023,0.586,376.54,true,,geoms/changes/CHG_informal_small_roofs_0076.geojson,informal_small_roofs,CHG_informal_small_roofs_0076,true_positive,true
PRP_informal_small_roofs_0047,AUD_informal_small_roofs_017,Yaounde,geoms/proposals/PRP_informal_small_roofs_0047.geojson,2023,0.852,297.00,true,,geoms/changes/CHG_informal_small_roofs_0077.geojson,informal_small_roofs,CHG_informal_small_roofs_0077,true_positive,true
PRP_informal_small_roofs_0048,AUD_informal_small_roofs_019,DarEsSalaam,geoms/proposals/PRP_informal_small_roofs_0048.geojson,2023,0.806,175.23,true,,geoms/changes/CHG_informal_small_roofs_0079.geojson,informal_small_roofs,CHG_informal_small_roofs_0079,true_positive,true
PRP_informal_small_roofs_0049,AUD_informal_small_roofs_020,Douala,geoms/proposals/PRP_informal_small_roofs_0049.geojson,2023,0.628,94.38,true,,geoms/changes/CHG_informal_small_roofs_0080.geojson,informal_small_roofs,CHG_informal_small_roofs_0080,true_positive,true
PRP_informal_small_roofs_0050,AUD_informal_small_roofs_022,Kigali,geoms/proposals/PRP_informal_small_roofs_0050.geojson,2023,0.943,214.12,true,,geoms/changes/CHG_informal_small_roofs_0082.geojson,informal_small_roofs,CHG_informal_small_roofs_0082,true_positive,true
PRP_informal_small_roofs_0051,AUD_informal_small_roofs_024,Dakar,geoms/proposals/PRP_informal_small_roofs_0051.geojson,2023,0.839,55.46,true,,geoms/changes/CHG_informal_small_roofs_0084.geojson,informal_small_roofs,CHG_informal_small_roofs_0084,true_positive,true
PRP_informal_small_roofs_0052,AUD_informal_small_roofs_025,DarEsSalaam,geoms/proposals/PRP_informal_small_roofs_0052.geojson,2023,0.681,115.72,true,,geoms/changes/CHG_informal_small_roofs_0085.geojson,informal_small_roofs,CHG_informal_small_roofs_0085,true_positive,true
PRP_informal_small_roofs_0053,AUD_informal_small_roofs_026,Douala,geoms/proposals/PRP_informal_small_roofs_0053.geojson,2023,0.729,367.08,true,,geoms/changes/CHG_informal_small_roofs_0086.geojson,informal_small_roofs,CHG_informal_small_roofs_0086,true_positive,true
PRP_informal_small_roofs_0054,AUD_informal_small_roofs_029,Yaounde,geoms/proposals/PRP_informal_small_roofs_0054.geojson,2023,0.601,282.31,true,,geoms/changes/CHG_informal_small_roofs_0089.geojson,informal_small_roofs,CHG_informal_small_roofs_0089,true_positive,true
PRP_informal_small_roofs_0055,AUD_informal_small_roofs_030,Dakar,geoms/proposals/PRP_informal_small_roofs_0055.geojson,2023,0.918,255.61,true,,geoms/changes/CHG_informal_small_roofs_0090.geojson,informal_small_roofs,CHG_informal_small_roofs_0090,true_positive,true
PRP_informal_small_roofs_0056,AUD_informal_small_roofs_031,DarEsSalaam,geoms/proposals/PRP_informal_small_roofs_0056.geojson,2023,0.575,315.79,true,,geoms/changes/CHG_informal_small_roofs_0091.geojson,informal_small_roofs,CHG_informal_small_roofs_0091,true_positive,true
PRP_informal_small_roofs_0057,AUD_informal_small_roofs_032,Douala,geoms/proposals/PRP_informal_small_roofs_0057.geojson,2023,0.990,219.32,true,,geoms/changes/CHG_informal_small_roofs_0092.geojson,informal_small_roofs,CHG_informal_small_roofs_0092,true_positive,true
PRP_informal_small_roofs_0058,AUD_informal_small_roofs_033,Garoua,geoms/proposals/PRP_informal_small_roofs_0058.geojson,2023,0.712,84.19,true,,geoms/changes/CHG_informal_small_roofs_0093.geojson,informal_small_roofs,CHG_informal_small_roofs_0093,true_positive,true
PRP_informal_small_roofs_0059,AUD_informal_small_roofs_034,Kigali,geoms/proposals/PRP_informal_small_roofs_0059.geojson,2023,0.750,141.26,true,,geoms/changes/CHG_informal_small_roofs_0094.geojson,informal_small_roofs,CHG_informal_small_roofs_0094,true_positive,true
PRP_informal_small_roofs_0060,AUD_informal_small_roofs_037,DarEsSalaam,geoms/proposals/PRP_informal_small_roofs_0060.geojson,2023,0.904,178.59,true,,geoms/changes/CHG_informal_small_roofs_0097.geojson,informal_small_roofs,CHG_informal_small_roofs_0097,true_positive,true
PRP_informal_small_roofs_0061,AUD_informal_small_roofs_038,Douala,geoms/proposals/PRP_informal_small_roofs_0061.geojson,2023,0.613,197.05,true,,geoms/changes/CHG_informal_small_roofs_0098.geojson,informal_small_roofs,CHG_informal_small_roofs_0098,true_positive,true
PRP_informal_small_roofs_0062,AUD_informal_small_roofs_040,Kigali,geoms/proposals/PRP_informal_small_roofs_0062.geojson,2023,0.730,296.27,true,,geoms/changes/CHG_informal_small_roofs_0100.geojson,informal_small_roofs,CHG_informal_small_roofs_0100,true_positive,true
PRP_informal_small_roofs_0063,AUD_informal_small_roofs_041,Yaounde,geoms/proposals/PRP_informal_small_roofs_0063.geojson,2023,0.966,55.58,true,,geoms/changes/CHG_informal_small_roofs_0101.geojson,informal_small_roofs,CHG_informal_small_roofs_0101,true_positive,true
PRP_informal_small_roofs_0064,AUD_informal_small_roofs_044,Douala,geoms/proposals/PRP_informal_small_roofs_0064.geojson,2023,0.799,176.62,true,,geoms/changes/CHG_informal_small_roofs_0104.geojson,informal_small_roofs,CHG_informal_small_roofs_0104,true_positive,true
PRP_informal_small_roofs_0065,AUD_informal_small_roofs_045,Garoua,geoms/proposals/PRP_informal_small_roofs_0065.geojson,2023,0.885,207.86,true,,geoms/changes/CHG_informal_small_roofs_0105.geojson,informal_small_roofs,CHG_informal_small_roofs_0105,true_positive,true
PRP_informal_small_roofs_0066,AUD_informal_small_roofs_046,Kigali,geoms/proposals/PRP_informal_small_roofs_0066.geojson,2023,0.657,285.02,true,,geoms/changes/CHG_informal_small_roofs_0106.geojson,informal_small_roofs,CHG_informal_small_roofs_0106,true_positive,true
PRP_informal_small_roofs_0067,AUD_informal_small_roofs_048,Dakar,geoms/proposals/PRP_informal_small_roofs_0067.geojson,2023,0.876,174.31,true,,geoms/changes/CHG_informal_small_roofs_0108.geojson,informal_small_roofs,CHG_informal_small_roofs_0108,true_positive,true
PRP_informal_small_roofs_0068,AUD_informal_small_roofs_051,Garoua,geoms/proposals/PRP_informal_small_roofs_0068.geojson,2023,0.617,258.74,true,,geoms/changes/CHG_informal_small_roofs_0111.geojson,informal_small_roofs,CHG_informal_small_roofs_0111,true_positive,true
PRP_informal_small_roofs_0069,AUD_informal_small_roofs_054,Dakar,geoms/proposals/PRP_informal_small_roofs_0069.geojson,2023,0.867,127.34,true,,geoms/changes/CHG_informal_small_roofs_0114.geojson,informal_small_roofs,CHG_informal_small_roofs_0114,true_positive,true
PRP_informal_small_roofs_0070,AUD_informal_small_roofs_055,DarEsSalaam,geoms/proposals/PRP_informal_small_roofs_0070.geojson,2023,0.914,173.98,true,,geoms/changes/CHG_informal_small_roofs_0115.geojson,informal_small_roofs,CHG_informal_small_roofs_0115,true_positive,true
PRP_informal_small_roofs_0071,AUD_informal_small_roofs_056,Douala,geoms/proposals/PRP_informal_small_roofs_0071.geojson,2023,0.770,71.11,true,,geoms/changes/CHG_informal_small_roofs_0116.geojson,informal_small_roofs,CHG_informal_small_roofs_0116,true_positive,true
PRP_informal_small_roofs_0072,AUD_informal_small_roofs_058,Kigali,geoms/proposals/PRP_informal_small_roofs_0072.geojson,2023,0.682,365.09,true,,geoms/changes/CHG_informal_small_roofs_0118.geojson,informal_small_roofs,CHG_informal_small_roofs_0118,true_positive,true
PRP_informal_small_roofs_0073,AUD_informal_small_roofs_000,Dakar,geoms/proposals/PRP_informal_small_roofs_0073.geojson,2023,0.915,129.07,true,,geoms/changes/CHG_informal_small_roofs_0120.geojson,informal_small_roofs,CHG_informal_small_roofs_0120,true_positive,true
PRP_informal_small_roofs_0074,AUD_informal_small_roofs_001,DarEsSalaam,geoms/proposals/PRP_informal_small_roofs_0074.geojson,2023,0.780,235.72,true,,geoms/changes/CHG_informal_small_roofs_0121.geojson,informal_small_roofs,CHG_informal_small_roofs_0121,true_positive,true
PRP_informal_small_roofs_0075,AUD_informal_small_roofs_002,Douala,geoms/proposals/PRP_informal_small_roofs_0075.geojson,2023,0.834,182.21,true,,geoms/changes/CHG_informal_small_roofs_0122.geojson,informal_small_roofs,CHG_informal_small_roofs_0122,true_positive,true
PRP_informal_small_roofs_0076,AUD_informal_small_roofs_003,Garoua,geoms/proposals/PRP_informal_small_roofs_0076.geojson,2023,0.604,366.80,true,,geoms/changes/CHG_informal_small_roofs_0123.geojson,informal_small_roofs,CHG_informal_small_roofs_0123,true_positive,true
PRP_informal_small_roofs_0077,AUD_informal_small_roofs_005,Yaounde,geoms/proposals/PRP_informal_small_roofs_0077.geojson,2023,0.801,294.80,true,,geoms/changes/CHG_informal_small_roofs_0125.geojson,informal_small_roofs,CHG_informal_small_roofs_0125,true_positive,true
PRP_informal_small_roofs_0078,AUD_informal_small_roofs_006,Dakar,geoms/proposals/PRP_informal_small_roofs_0078.geojson,2023,0.761,152.41,true,,geoms/changes/CHG_informal_small_roofs_0126.geojson,informal_small_roofs,CHG_informal_small_roofs_0126,true_positive,true
PRP_informal_small_roofs_0079,AUD_informal_small_roofs_010,Kigali,geoms/proposals/PRP_informal_small_roofs_0079.geojson,2023,0.608,216.88,true,,geoms/changes/CHG_informal_small_roofs_0130.geojson,informal_small_roofs,CHG_informal_small_roofs_0130,true_positive,true
PRP_informal_small_roofs_0080,AUD_informal_small_roofs_014,Douala,geoms/proposals/PRP_informal_small_roofs_0080.geojson,2023,0.754,244.86,true,,geoms/changes/CHG_informal_small_roofs_0134.geojson,informal_small_roofs,CHG_informal_small_roofs_0134,true_positive,true
PRP_informal_small_roofs_0081,AUD_informal_small_roofs_015,Garoua,geoms/proposals/PRP_informal_small_roofs_0081.geojson,2023,0.761,208.31,true,,geoms/changes/CHG_informal_small_roofs_0135.geojson,informal_small_roofs,CHG_informal_small_roofs_0135,true_positive,true
PRP_informal_small_roofs_0082,AUD_informal_small_roofs_018,Dakar,geoms/proposals/PRP_informal_small_roofs_0082.geojson,2023,0.746,232.02,true,,geoms/changes/CHG_informal_small_roofs_0138.geojson,informal_small_roofs,CHG_informal_small_roofs_0138,true_positive,true
PRP_informal_small_roofs_0083,AUD_informal_small_roofs_019,DarEsSalaam,geoms/proposals/PRP_informal_small_roofs_0083.geojson,2023,0.659,205.14,true,,geoms/changes/CHG_informal_small_roofs_0139.geojson,informal_small_roofs,CHG_informal_small_roofs_0139,true_positive,true
PRP_informal_small_roofs_0084,AUD_informal_small_roofs_020,Douala,geoms/proposals/PRP_informal_small_roofs_0084.geojson,2023,0.971,309.34,true,,geoms/changes/CHG_informal_small_roofs_0140.geojson,informal_small_roofs,CHG_informal_small_roofs_0140,true_positive,true
PRP_informal_small_roofs_0085,AUD_informal_small_roofs_021,Garoua,geoms/proposals/PRP_informal_small_roofs_0085.geojson,2023,0.985,152.23,true,,geoms/changes/CHG_informal_small_roofs_0141.geojson,informal_small_roofs,CHG_informal_small_roofs_0141,true_positive,true
PRP_informal_small_roofs_0086,AUD_informal_small_roofs_022,Kigali,geoms/proposals/PRP_informal_small_roofs_0086.geojson,2023,0.838,271.62,true,,geoms/changes/CHG_informal_small_roofs_0142.geojson,informal_small_roofs,CHG_informal_small_roofs_0142,true_positive,true
PRP_informal_small_roofs_0087,AUD_informal_small_roofs_023,Yaounde,geoms/proposals/PRP_informal_small_roofs_0087.geojson,2023,0.594,197.76,true,,geoms/changes/CHG_informal_small_roofs_0143.geojson,informal_small_roofs,CHG_informal_small_roofs_0143,true_positive,true
PRP_informal_small_roofs_0088,AUD_informal_small_roofs_024,Dakar,geoms/proposals/PRP_informal_small_roofs_0088.geojson,2023,0.834,88.63,true,,geoms/changes/CHG_informal_small_roofs_0144.geojson,informal_small_roofs,CHG_informal_small_roofs_0144,true_positive,true
PRP_informal_small_roofs_0089,AUD_informal_small_roofs_026,Douala,geoms/proposals/PRP_informal_small_roofs_0089.geojson,2023,0.982,64.26,true,,geoms/changes/CHG_informal_small_roofs_0146.geojson,informal_small_roofs,CHG_informal_small_roofs_0146,true_positive,true
PRP_informal_small_roofs_0090,AUD_informal_small_roofs_027,Garoua,geoms/proposals/PRP_informal_small_roofs_0090.geojson,2023,0.742,112.86,true,,geoms/changes/CHG_informal_small_roofs_0147.geojson,informal_small_roofs,CHG_informal_small_roofs_0147,true_positive,true
PRP_informal_small_roofs_0091,AUD_informal_small_roofs_028,Kigali,geoms/proposals/PRP_informal_small_roofs_0091.geojson,2023,0.977,295.85,true,,geoms/changes/CHG_informal_small_roofs_0148.geojson,informal_small_roofs,CHG_informal_small_roofs_0148,true_positive,true
PRP_informal_small_roofs_0092,AUD_informal_small_roofs_029,Yaounde,geoms/proposals/PRP_informal_small_roofs_0092.geojson,2023,0.601,255.81,true,,geoms/changes/CHG_informal_small_roofs_0149.geojson,informal_small_roofs,CHG_informal_small_roofs_0149,true_positive,true
PRP_informal_small_roofs_0093,AUD_informal_small_roofs_033,Garoua,geoms/proposals/PRP_informal_small_roofs_0093.geojson,2023,0.899,166.18,true,,geoms/changes/CHG_informal_small_roofs_0153.geojson,informal_small_roofs,CHG_informal_small_roofs_0153,true_positive,true
PRP_informal_small_roofs_0094,AUD_informal_small_roofs_034,Kigali,geoms/proposals/PRP_informal_small_roofs_0094.geojson,2023,0.555,87.68,true,,geoms/changes/CHG_informal_small_roofs_0154.geojson,informal_small_roofs,CHG_informal_small_roofs_0154,true_positive,true
PRP_informal_small_roofs_0095,AUD_informal_small_roofs_035,Yaounde,geoms/proposals/PRP_informal_small_roofs_0095.geojson,2023,0.718,364.32,true,,geoms/changes/CHG_informal_small_roofs_0155.geojson,informal_small_roofs,CHG_informal_small_roofs_0155,true_positive,true
PRP_informal_small_roofs_0096,AUD_informal_small_roofs_036,Dakar,geoms/proposals/PRP_informal_small_roofs_0096.geojson,2023,0.937,134.25,true,,geoms/changes/CHG_informal_small_roofs_0156.geojson,informal_small_roofs,CHG_informal_small_roofs_0156,true_positive,true
PRP_informal_small_roofs_0097,AUD_informal_small_roofs_037,DarEsSalaam,geoms/proposals/PRP_informal_small_roofs_0097.geojson,2023,0.985,366.73,true,,geoms/changes/CHG_informal_small_roofs_0157.geojson,informal_small_roofs,CHG_informal_small_roofs_0157,true_positive,true
PRP_informal_small_roofs_0098,AUD_informal_small_roofs_038,Douala,geoms/proposals/PRP_informal_small_roofs_0098.geojson,2023,0.914,361.99,true,,geoms/changes/CHG_informal_small_roofs_0158.geojson,informal_small_roofs,CHG_informal_small_roofs_0158,true_positive,true
PRP_informal_small_roofs_0099,AUD_informal_small_roofs_039,Garoua,geoms/proposals/PRP_informal_small_roofs_0099.geojson,2023,0.752,148.82,true,,geoms/changes/CHG_informal_small_roofs_0159.geojson,informal_small_roofs,CHG_informal_small_roofs_0159,true_positive,true
PRP_informal_small_roofs_0100,AUD_informal_small_roofs_045,Garoua,geoms/proposals/PRP_informal_small_roofs_0100.geojson,2023,0.573,382.26,true,,geoms/changes/CHG_informal_small_roofs_0165.geojson,informal_small_roofs,CHG_informal_small_roofs_0165,true_positive,true
PRP_informal_small_roofs_0101,AUD_informal_small_roofs_047,Yaounde,geoms/proposals/PRP_informal_small_roofs_0101.geojson,2023,0.646,89.02,true,,geoms/changes/CHG_informal_small_roofs_0167.geojson,informal_small_roofs,CHG_informal_small_roofs_0167,true_positive,true
PRP_informal_small_roofs_0102,AUD_informal_small_roofs_048,Dakar,geoms/proposals/PRP_informal_small_roofs_0102.geojson,2023,0.882,90.68,true,,geoms/changes/CHG_informal_small_roofs_0168.geojson,informal_small_roofs,CHG_informal_small_roofs_0168,true_positive,true
PRP_informal_small_roofs_0103,AUD_informal_small_roofs_049,DarEsSalaam,geoms/proposals/PRP_informal_small_roofs_0103.geojson,2023,0.806,208.63,true,,geoms/changes/CHG_informal_small_roofs_0169.geojson,informal_small_roofs,CHG_informal_small_roofs_0169,true_positive,true
PRP_informal_small_roofs_0104,AUD_informal_small_roofs_000,Dakar,geoms/proposals/PRP_informal_small_roofs_0104.geojson,2023,0.435,84.40,false,no_reference_event,,informal_small_roofs,,false_positive,false
PRP_informal_small_roofs_0105,AUD_informal_small_roofs_001,DarEsSalaam,geoms/proposals/PRP_informal_small_roofs_0105.geojson,2023,0.593,212.09,false,no_reference_event,,informal_small_roofs,,false_positive,false
PRP_informal_small_roofs_0106,AUD_informal_small_roofs_002,Douala,geoms/proposals/PRP_informal_small_roofs_0106.geojson,2023,0.643,117.36,false,no_reference_event,,informal_small_roofs,,false_positive,false
PRP_informal_small_roofs_0107,AUD_informal_small_roofs_003,Garoua,geoms/proposals/PRP_informal_small_roofs_0107.geojson,2023,0.409,129.76,false,no_reference_event,,informal_small_roofs,,false_positive,false
PRP_informal_small_roofs_0108,AUD_informal_small_roofs_004,Kigali,geoms/proposals/PRP_informal_small_roofs_0108.geojson,2023,0.581,189.75,false,no_reference_event,,informal_small_roofs,,false_positive,false
PRP_informal_small_roofs_0109,AUD_informal_small_roofs_005,Yaounde,geoms/proposals/PRP_informal_small_roofs_0109.geojson,2023,0.536,284.26,false,no_reference_event,,informal_small_roofs,,false_positive,false
PRP_informal_small_roofs_0110,AUD_informal_small_roofs_006,Dakar,geoms/proposals/PRP_informal_small_roofs_0110.geojson,2023,0.622,199.36,false,no_reference_event,,informal_small_roofs,,false_positive,false
PRP_informal_small_roofs_0111,AUD_informal_small_roofs_007,DarEsSalaam,geoms/proposals/PRP_informal_small_roofs_0111.geojson,2023,0.723,227.64,false,no_reference_event,,informal_small_roofs,,false_positive,false
PRP_informal_small_roofs_0112,AUD_informal_small_roofs_008,Douala,geoms/proposals/PRP_informal_small_roofs_0112.geojson,2023,0.633,135.08,false,no_reference_event,,informal_small_roofs,,false_positive,false
PRP_informal_small_roofs_0113,AUD_informal_small_roofs_009,Garoua,geoms/proposals/PRP_informal_small_roofs_0113.geojson,2023,0.514,258.01,false,no_reference_event,,informal_small_roofs,,false_positive,false
PRP_informal_small_roofs_0114,AUD_informal_small_roofs_010,Kigali,geoms/proposals/PRP_informal_small_roofs_0114.geojson,2023,0.526,198.30,false,no_reference_event,,informal_small_roofs,,false_positive,false
PRP_informal_small_roofs_0115,AUD_informal_small_roofs_011,Yaounde,geoms/proposals/PRP_informal_small_roofs_0115.geojson,2023,0.560,92.61,false,no_reference_event,,informal_small_roofs,,false_positive,false
PRP_informal_small_roofs_0116,AUD_informal_small_roofs_012,Dakar,geoms/proposals/PRP_informal_small_roofs_0116.geojson,2023,0.430,154.55,false,no_reference_event,,informal_small_roofs,,false_positive,false
PRP_informal_small_roofs_0117,AUD_informal_small_roofs_013,DarEsSalaam,geoms/proposals/PRP_informal_small_roofs_0117.geojson,2023,0.669,70.08,false,no_reference_event,,informal_small_roofs,,false_positive,false
PRP_informal_small_roofs_0118,AUD_informal_small_roofs_014,Douala,geoms/proposals/PRP_informal_small_roofs_0118.geojson,2023,0.663,246.53,false,no_reference_event,,informal_small_roofs,,false_positive,false
PRP_informal_small_roofs_0119,AUD_informal_small_roofs_015,Garoua,geoms/proposals/PRP_informal_small_roofs_0119.geojson,2023,0.475,285.65,false,no_reference_event,,informal_small_roofs,,false_positive,false
PRP_informal_small_roofs_0120,AUD_informal_small_roofs_016,Kigali,geoms/proposals/PRP_informal_small_roofs_0120.geojson,2023,0.646,295.62,false,no_reference_event,,informal_small_roofs,,false_positive,false
PRP_informal_small_roofs_0121,AUD_informal_small_roofs_017,Yaounde,geoms/proposals/PRP_informal_small_roofs_0121.geojson,2023,0.493,300.61,false,no_reference_event,,informal_small_roofs,,false_positive,false
PRP_informal_small_roofs_0122,AUD_informal_small_roofs_018,Dakar,geoms/proposals/PRP_informal_small_roofs_0122.geojson,2023,0.426,124.97,false,no_reference_event,,informal_small_roofs,,false_positive,false
PRP_informal_small_roofs_0123,AUD_informal_small_roofs_019,DarEsSalaam,geoms/proposals/PRP_informal_small_roofs_0123.geojson,2023,0.736,237.16,false,no_reference_event,,informal_small_roofs,,false_positive,false
PRP_informal_small_roofs_0124,AUD_informal_small_roofs_020,Douala,geoms/proposals/PRP_informal_small_roofs_0124.geojson,2023,0.595,267.47,false,no_reference_event,,informal_small_roofs,,false_positive,false
PRP_informal_small_roofs_0125,AUD_informal_small_roofs_021,Garoua,geoms/proposals/PRP_informal_small_roofs_0125.geojson,2023,0.408,175.39,false,no_reference_event,,informal_small_roofs,,false_positive,false
PRP_informal_small_roofs_0126,AUD_informal_small_roofs_022,Kigali,geoms/proposals/PRP_informal_small_roofs_0126.geojson,2023,0.522,36.04,false,no_reference_event,,informal_small_roofs,,false_positive,false
PRP_informal_small_roofs_0127,AUD_informal_small_roofs_023,Yaounde,geoms/proposals/PRP_informal_small_roofs_0127.geojson,2023,0.650,162.83,false,no_reference_event,,informal_small_roofs,,false_positive,false
