city,K,seed,rank,tile_id
Dakar,10,0,0,Dakar_tp_028
Dakar,10,0,1,Dakar_tp_061
Dakar,10,0,2,Dakar_tp_031
Dakar,10,0,3,Dakar_tp_036
Dakar,10,0,4,Dakar_tp_001
Dakar,10,0,5,Dakar_tp_052
Dakar,10,0,6,Dakar_tp_026
Dakar,10,0,7,Dakar_tp_037
Dakar,10,0,8,Dakar_tp_008
Dakar,10,0,9,Dakar_tp_074
Dakar,25,0,0,Dakar_tp_028
Dakar,25,0,1,Dakar_tp_061
Dakar,25,0,2,Dakar_tp_031
Dakar,25,0,3,Dakar_tp_036
Dakar,25,0,4,Dakar_tp_001
Dakar,25,0,5,Dakar_tp_052
Dakar,25,0,6,Dakar_tp_026
Dakar,25,0,7,Dakar_tp_037
Dakar,25,0,8,Dakar_tp_008
Dakar,25,0,9,Dakar_tp_074
Dakar,25,0,10,Dakar_tp_040
Dakar,25,0,11,Dakar_tp_039
Dakar,25,0,12,Dakar_tp_032
Dakar,25,0,13,Dakar_tp_056
Dakar,25,0,14,Dakar_tp_076
Dakar,25,0,15,Dakar_tp_048
Dakar,25,0,16,Dakar_tp_067
Dakar,25,0,17,Dakar_tp_055
Dakar,25,0,18,Dakar_tp_049
Dakar,25,0,19,Dakar_tp_062
Dakar,25,0,20,Dakar_tp_005
Dakar,25,0,21,Dakar_tp_010
Dakar,25,0,22,Dakar_tp_045
Dakar,25,0,23,Dakar_tp_019
Dakar,25,0,24,Dakar_tp_013
Dakar,50,0,0,Dakar_tp_028
Dakar,50,0,1,Dakar_tp_061
Dakar,50,0,2,Dakar_tp_031
Dakar,50,0,3,Dakar_tp_036
Dakar,50,0,4,Dakar_tp_001
Dakar,50,0,5,Dakar_tp_052
Dakar,50,0,6,Dakar_tp_026
Dakar,50,0,7,Dakar_tp_037
Dakar,50,0,8,Dakar_tp_008
Dakar,50,0,9,Dakar_tp_074
Dakar,50,0,10,Dakar_tp_040
Dakar,50,0,11,Dakar_tp_039
Dakar,50,0,12,Dakar_tp_032
Dakar,50,0,13,Dakar_tp_056
Dakar,50,0,14,Dakar_tp_076
Dakar,50,0,15,Dakar_tp_048
Dakar,50,0,16,Dakar_tp_067
Dakar,50,0,17,Dakar_tp_055
Dakar,50,0,18,Dakar_tp_049
Dakar,50,0,19,Dakar_tp_062
Dakar,50,0,20,Dakar_tp_005
Dakar,50,0,21,Dakar_tp_010
Dakar,50,0,22,Dakar_tp_045
Dakar,50,0,23,Dakar_tp_019
Dakar,50,0,24,Dakar_tp_013
Dakar,50,0,25,Dakar_tp_027
Dakar,50,0,26,Dakar_tp_077
Dakar,50,0,27,Dakar_tp_054
Dakar,50,0,28,Dakar_tp_011
Dakar,50,0,29,Dakar_tp_034
Dakar,50,0,30,Dakar_tp_072
Dakar,50,0,31,Dakar_tp_053
Dakar,50,0,32,Dakar_tp_059
Dakar,50,0,33,Dakar_tp_014
Dakar,50,0,34,Dakar_tp_073
Dakar,50,0,35,Dakar_tp_068
Dakar,50,0,36,Dakar_tp_075
Dakar,50,0,37,Dakar_tp_007
Dakar,50,0,38,Dakar_tp_066
Dakar,50,0,39,Dakar_tp_020
Dakar,50,0,40,Dakar_tp_012
Dakar,50,0,41,Dakar_tp_057
Dakar,50,0,42,Dakar_tp_043
Dakar,50,0,43,Dakar_tp_047
Dakar,50,0,44,Dakar_tp_079
Dakar,50,0,45,Dakar_tp_002
Dakar,50,0,46,Dakar_tp_017
Dakar,50,0,47,Dakar_tp_058
Dakar,50,0,48,Dakar_tp_016
Dakar,50,0,49,Dakar_tp_069
Dakar,10,1,0,Dakar_tp_062
Dakar,10,1,1,Dakar_tp_016
Dakar,10,1,2,Dakar_tp_042
Dakar,10,1,3,Dakar_tp_051
Dakar,10,1,4,Dakar_tp_049
Dakar,10,1,5,Dakar_tp_053
Dakar,10,1,6,Dakar_tp_022
Dakar,10,1,7,Dakar_tp_036
Dakar,10,1,8,Dakar_tp_044
Dakar,10,1,9,Dakar_tp_020
Dakar,25,1,0,Dakar_tp_062
Dakar,25,1,1,Dakar_tp_016
Dakar,25,1,2,Dakar_tp_042
Dakar,25,1,3,Dakar_tp_051
Dakar,25,1,4,Dakar_tp_049
Dakar,25,1,5,Dakar_tp_053
Dakar,25,1,6,Dakar_tp_022
Dakar,25,1,7,Dakar_tp_036
Dakar,25,1,8,Dakar_tp_044
Dakar,25,1,9,Dakar_tp_020
Dakar,25,1,10,Dakar_tp_025
Dakar,25,1,11,Dakar_tp_001
Dakar,25,1,12,Dakar_tp_007
Dakar,25,1,13,Dakar_tp_057
Dakar,25,1,14,Dakar_tp_052
Dakar,25,1,15,Dakar_tp_033
Dakar,25,1,16,Dakar_tp_000
Dakar,25,1,17,Dakar_tp_040
Dakar,25,1,18,Dakar_tp_061
Dakar,25,1,19,Dakar_tp_017
Dakar,25,1,20,Dakar_tp_008
Dakar,25,1,21,Dakar_tp_039
Dakar,25,1,22,Dakar_tp_014
Dakar,25,1,23,Dakar_tp_058
Dakar,25,1,24,Dakar_tp_073
Dakar,50,1,0,Dakar_tp_062
Dakar,50,1,1,Dakar_tp_016
Dakar,50,1,2,Dakar_tp_042
Dakar,50,1,3,Dakar_tp_051
Dakar,50,1,4,Dakar_tp_049
Dakar,50,1,5,Dakar_tp_053
Dakar,50,1,6,Dakar_tp_022
Dakar,50,1,7,Dakar_tp_036
Dakar,50,1,8,Dakar_tp_044
Dakar,50,1,9,Dakar_tp_020
Dakar,50,1,10,Dakar_tp_025
Dakar,50,1,11,Dakar_tp_001
Dakar,50,1,12,Dakar_tp_007
Dakar,50,1,13,Dakar_tp_057
Dakar,50,1,14,Dakar_tp_052
Dakar,50,1,15,Dakar_tp_033
Dakar,50,1,16,Dakar_tp_000
Dakar,50,1,17,Dakar_tp_040
Dakar,50,1,18,Dakar_tp_061
Dakar,50,1,19,Dakar_tp_017
Dakar,50,1,20,Dakar_tp_008
Dakar,50,1,21,Dakar_tp_039
Dakar,50,1,22,Dakar_tp_014
Dakar,50,1,23,Dakar_tp_058
Dakar,50,1,24,Dakar_tp_073
Dakar,50,1,25,Dakar_tp_019
Dakar,50,1,26,Dakar_tp_023
Dakar,50,1,27,Dakar_tp_069
Dakar,50,1,28,Dakar_tp_035
Dakar,50,1,29,Dakar_tp_077
Dakar,50,1,30,Dakar_tp_013
Dakar,50,1,31,Dakar_tp_050
Dakar,50,1,32,Dakar_tp_006
Dakar,50,1,33,Dakar_tp_037
Dakar,50,1,34,Dakar_tp_079
Dakar,50,1,35,Dakar_tp_065
Dakar,50,1,36,Dakar_tp_032
Dakar,50,1,37,Dakar_tp_021
Dakar,50,1,38,Dakar_tp_055
Dakar,50,1,39,Dakar_tp_029
Dakar,50,1,40,Dakar_tp_002
Dakar,50,1,41,Dakar_tp_005
Dakar,50,1,42,Dakar_tp_067
Dakar,50,1,43,Dakar_tp_076
Dakar,50,1,44,Dakar_tp_078
Dakar,50,1,45,Dakar_tp_027
Dakar,50,1,46,Dakar_tp_047
Dakar,50,1,47,Dakar_tp_075
Dakar,50,1,48,Dakar_tp_015
Dakar,50,1,49,Dakar_tp_004
Dakar,10,2,0,Dakar_tp_078
Dakar,10,2,1,Dakar_tp_044
Dakar,10,2,2,Dakar_tp_076
Dakar,10,2,3,Dakar_tp_005
Dakar,10,2,4,Dakar_tp_066
Dakar,10,2,5,Dakar_tp_050
Dakar,10,2,6,Dakar_tp_053
Dakar,10,2,7,Dakar_tp_069
Dakar,10,2,8,Dakar_tp_028
Dakar,10,2,9,Dakar_tp_045
Dakar,25,2,0,Dakar_tp_078
Dakar,25,2,1,Dakar_tp_044
Dakar,25,2,2,Dakar_tp_076
Dakar,25,2,3,Dakar_tp_005
Dakar,25,2,4,Dakar_tp_066
Dakar,25,2,5,Dakar_tp_050
Dakar,25,2,6,Dakar_tp_053
Dakar,25,2,7,Dakar_tp_069
Dakar,25,2,8,Dakar_tp_028
Dakar,25,2,9,Dakar_tp_045
Dakar,25,2,10,Dakar_tp_002
Dakar,25,2,11,Dakar_tp_037
Dakar,25,2,12,Dakar_tp_061
Dakar,25,2,13,Dakar_tp_034
Dakar,25,2,14,Dakar_tp_065
Dakar,25,2,15,Dakar_tp_042
Dakar,25,2,16,Dakar_tp_040
Dakar,25,2,17,Dakar_tp_003
Dakar,25,2,18,Dakar_tp_039
Dakar,25,2,19,Dakar_tp_018
Dakar,25,2,20,Dakar_tp_062
Dakar,25,2,21,Dakar_tp_027
Dakar,25,2,22,Dakar_tp_007
Dakar,25,2,23,Dakar_tp_068
Dakar,25,2,24,Dakar_tp_051
Dakar,50,2,0,Dakar_tp_078
Dakar,50,2,1,Dakar_tp_044
Dakar,50,2,2,Dakar_tp_076
Dakar,50,2,3,Dakar_tp_005
Dakar,50,2,4,Dakar_tp_066
Dakar,50,2,5,Dakar_tp_050
Dakar,50,2,6,Dakar_tp_053
Dakar,50,2,7,Dakar_tp_069
Dakar,50,2,8,Dakar_tp_028
Dakar,50,2,9,Dakar_tp_045
Dakar,50,2,10,Dakar_tp_002
Dakar,50,2,11,Dakar_tp_037
Dakar,50,2,12,Dakar_tp_061
Dakar,50,2,13,Dakar_tp_034
Dakar,50,2,14,Dakar_tp_065
Dakar,50,2,15,Dakar_tp_042
Dakar,50,2,16,Dakar_tp_040
Dakar,50,2,17,Dakar_tp_003
Dakar,50,2,18,Dakar_tp_039
Dakar,50,2,19,Dakar_tp_018
Dakar,50,2,20,Dakar_tp_062
Dakar,50,2,21,Dakar_tp_027
Dakar,50,2,22,Dakar_tp_007
Dakar,50,2,23,Dakar_tp_068
Dakar,50,2,24,Dakar_tp_051
Dakar,50,2,25,Dakar_tp_026
Dakar,50,2,26,Dakar_tp_021
Dakar,50,2,27,Dakar_tp_024
Dakar,50,2,28,Dakar_tp_063
Dakar,50,2,29,Dakar_tp_064
Dakar,50,2,30,Dakar_tp_048
Dakar,50,2,31,Dakar_tp_057
Dakar,50,2,32,Dakar_tp_017
Dakar,50,2,33,Dakar_tp_035
Dakar,50,2,34,Dakar_tp_019
Dakar,50,2,35,Dakar_tp_056
Dakar,50,2,36,Dakar_tp_074
Dakar,50,2,37,Dakar_tp_060
Dakar,50,2,38,Dakar_tp_070
Dakar,50,2,39,Dakar_tp_059
Dakar,50,2,40,Dakar_tp_072
Dakar,50,2,41,Dakar_tp_054
Dakar,50,2,42,Dakar_tp_015
Dakar,50,2,43,Dakar_tp_058
Dakar,50,2,44,Dakar_tp_031
Dakar,50,2,45,Dakar_tp_043
Dakar,50,2,46,Dakar_tp_025
Dakar,50,2,47,Dakar_tp_020
Dakar,50,2,48,Dakar_tp_029
Dakar,50,2,49,Dakar_tp_071
Dakar,10,3,0,Dakar_tp_016
Dakar,10,3,1,Dakar_tp_035
Dakar,10,3,2,Dakar_tp_029
Dakar,10,3,3,Dakar_tp_026
Dakar,10,3,4,Dakar_tp_064
Dakar,10,3,5,Dakar_tp_004
Dakar,10,3,6,Dakar_tp_073
Dakar,10,3,7,Dakar_tp_018
Dakar,10,3,8,Dakar_tp_049
Dakar,10,3,9,Dakar_tp_057
Dakar,25,3,0,Dakar_tp_016
Dakar,25,3,1,Dakar_tp_035
Dakar,25,3,2,Dakar_tp_029
Dakar,25,3,3,Dakar_tp_026
Dakar,25,3,4,Dakar_tp_064
Dakar,25,3,5,Dakar_tp_004
Dakar,25,3,6,Dakar_tp_073
Dakar,25,3,7,Dakar_tp_018
Dakar,25,3,8,Dakar_tp_049
Dakar,25,3,9,Dakar_tp_057
Dakar,25,3,10,Dakar_tp_039
Dakar,25,3,11,Dakar_tp_010
Dakar,25,3,12,Dakar_tp_019
Dakar,25,3,13,Dakar_tp_040
Dakar,25,3,14,Dakar_tp_012
Dakar,25,3,15,Dakar_tp_017
Dakar,25,3,16,Dakar_tp_060
Dakar,25,3,17,Dakar_tp_003
Dakar,25,3,18,Dakar_tp_071
Dakar,25,3,19,Dakar_tp_008
Dakar,25,3,20,Dakar_tp_011
Dakar,25,3,21,Dakar_tp_062
Dakar,25,3,22,Dakar_tp_006
Dakar,25,3,23,Dakar_tp_053
Dakar,25,3,24,Dakar_tp_027
Dakar,50,3,0,Dakar_tp_016
Dakar,50,3,1,Dakar_tp_035
Dakar,50,3,2,Dakar_tp_029
Dakar,50,3,3,Dakar_tp_026
Dakar,50,3,4,Dakar_tp_064
Dakar,50,3,5,Dakar_tp_004
Dakar,50,3,6,Dakar_tp_073
Dakar,50,3,7,Dakar_tp_018
Dakar,50,3,8,Dakar_tp_049
Dakar,50,3,9,Dakar_tp_057
Dakar,50,3,10,Dakar_tp_039
Dakar,50,3,11,Dakar_tp_010
Dakar,50,3,12,Dakar_tp_019
Dakar,50,3,13,Dakar_tp_040
Dakar,50,3,14,Dakar_tp_012
Dakar,50,3,15,Dakar_tp_017
Dakar,50,3,16,Dakar_tp_060
Dakar,50,3,17,Dakar_tp_003
Dakar,50,3,18,Dakar_tp_071
Dakar,50,3,19,Dakar_tp_008
Dakar,50,3,20,Dakar_tp_011
Dakar,50,3,21,Dakar_tp_062
Dakar,50,3,22,Dakar_tp_006
Dakar,50,3,23,Dakar_tp_053
Dakar,50,3,24,Dakar_tp_027
Dakar,50,3,25,Dakar_tp_021
Dakar,50,3,26,Dakar_tp_052
Dakar,50,3,27,Dakar_tp_042
Dakar,50,3,28,Dakar_tp_038
Dakar,50,3,29,Dakar_tp_000
Dakar,50,3,30,Dakar_tp_051
Dakar,50,3,31,Dakar_tp_067
Dakar,50,3,32,Dakar_tp_002
Dakar,50,3,33,Dakar_tp_036
Dakar,50,3,34,Dakar_tp_061
Dakar,50,3,35,Dakar_tp_007
Dakar,50,3,36,Dakar_tp_024
Dakar,50,3,37,Dakar_tp_044
Dakar,50,3,38,Dakar_tp_068
Dakar,50,3,39,Dakar_tp_072
Dakar,50,3,40,Dakar_tp_032
Dakar,50,3,41,Dakar_tp_009
Dakar,50,3,42,Dakar_tp_033
Dakar,50,3,43,Dakar_tp_054
Dakar,50,3,44,Dakar_tp_056
Dakar,50,3,45,Dakar_tp_077
Dakar,50,3,46,Dakar_tp_047
Dakar,50,3,47,Dakar_tp_028
Dakar,50,3,48,Dakar_tp_063
Dakar,50,3,49,Dakar_tp_045
Dakar,10,4,0,Dakar_tp_017
Dakar,10,4,1,Dakar_tp_058
Dakar,10,4,2,Dakar_tp_023
Dakar,10,4,3,Dakar_tp_051
Dakar,10,4,4,Dakar_tp_020
Dakar,10,4,5,Dakar_tp_077
Dakar,10,4,6,Dakar_tp_029
Dakar,10,4,7,Dakar_tp_039
Dakar,10,4,8,Dakar_tp_031
Dakar,10,4,9,Dakar_tp_055
Dakar,25,4,0,Dakar_tp_017
Dakar,25,4,1,Dakar_tp_058
Dakar,25,4,2,Dakar_tp_023
Dakar,25,4,3,Dakar_tp_051
Dakar,25,4,4,Dakar_tp_020
Dakar,25,4,5,Dakar_tp_077
Dakar,25,4,6,Dakar_tp_029
Dakar,25,4,7,Dakar_tp_039
Dakar,25,4,8,Dakar_tp_031
Dakar,25,4,9,Dakar_tp_055
Dakar,25,4,10,Dakar_tp_001
Dakar,25,4,11,Dakar_tp_067
Dakar,25,4,12,Dakar_tp_054
Dakar,25,4,13,Dakar_tp_061
Dakar,25,4,14,Dakar_tp_024
Dakar,25,4,15,Dakar_tp_057
Dakar,25,4,16,Dakar_tp_044
Dakar,25,4,17,Dakar_tp_033
Dakar,25,4,18,Dakar_tp_026
Dakar,25,4,19,Dakar_tp_064
Dakar,25,4,20,Dakar_tp_076
Dakar,25,4,21,Dakar_tp_004
Dakar,25,4,22,Dakar_tp_045
Dakar,25,4,23,Dakar_tp_009
Dakar,25,4,24,Dakar_tp_035
Dakar,50,4,0,Dakar_tp_017
Dakar,50,4,1,Dakar_tp_058
Dakar,50,4,2,Dakar_tp_023
Dakar,50,4,3,Dakar_tp_051
Dakar,50,4,4,Dakar_tp_020
Dakar,50,4,5,Dakar_tp_077
Dakar,50,4,6,Dakar_tp_029
Dakar,50,4,7,Dakar_tp_039
Dakar,50,4,8,Dakar_tp_031
Dakar,50,4,9,Dakar_tp_055
Dakar,50,4,10,Dakar_tp_001
Dakar,50,4,11,Dakar_tp_067
Dakar,50,4,12,Dakar_tp_054
Dakar,50,4,13,Dakar_tp_061
Dakar,50,4,14,Dakar_tp_024
Dakar,50,4,15,Dakar_tp_057
Dakar,50,4,16,Dakar_tp_044
Dakar,50,4,17,Dakar_tp_033
Dakar,50,4,18,Dakar_tp_026
Dakar,50,4,19,Dakar_tp_064
Dakar,50,4,20,Dakar_tp_076
Dakar,50,4,21,Dakar_tp_004
Dakar,50,4,22,Dakar_tp_045
Dakar,50,4,23,Dakar_tp_009
Dakar,50,4,24,Dakar_tp_035
Dakar,50,4,25,Dakar_tp_043
Dakar,50,4,26,Dakar_tp_046
Dakar,50,4,27,Dakar_tp_011
Dakar,50,4,28,Dakar_tp_053
Dakar,50,4,29,Dakar_tp_042
Dakar,50,4,30,Dakar_tp_056
Dakar,50,4,31,Dakar_tp_038
Dakar,50,4,32,Dakar_tp_016
Dakar,50,4,33,Dakar_tp_034
Dakar,50,4,34,Dakar_tp_014
Dakar,50,4,35,Dakar_tp_022
Dakar,50,4,36,Dakar_tp_015
Dakar,50,4,37,Dakar_tp_071
Dakar,50,4,38,Dakar_tp_030
Dakar,50,4,39,Dakar_tp_075
Dakar,50,4,40,Dakar_tp_073
Dakar,50,4,41,Dakar_tp_027
Dakar,50,4,42,Dakar_tp_006
Dakar,50,4,43,Dakar_tp_005
Dakar,50,4,44,Dakar_tp_068
Dakar,50,4,45,Dakar_tp_040
Dakar,50,4,46,Dakar_tp_072
Dakar,50,4,47,Dakar_tp_013
Dakar,50,4,48,Dakar_tp_050
Dakar,50,4,49,Dakar_tp_032
Dakar,10,5,0,Dakar_tp_029
Dakar,10,5,1,Dakar_tp_007
Dakar,10,5,2,Dakar_tp_023
Dakar,10,5,3,Dakar_tp_062
Dakar,10,5,4,Dakar_tp_072
Dakar,10,5,5,Dakar_tp_047
Dakar,10,5,6,Dakar_tp_037
Dakar,10,5,7,Dakar_tp_011
Dakar,10,5,8,Dakar_tp_003
Dakar,10,5,9,Dakar_tp_045
Dakar,25,5,0,Dakar_tp_029
Dakar,25,5,1,Dakar_tp_007
Dakar,25,5,2,Dakar_tp_023
Dakar,25,5,3,Dakar_tp_062
Dakar,25,5,4,Dakar_tp_072
Dakar,25,5,5,Dakar_tp_047
Dakar,25,5,6,Dakar_tp_037
Dakar,25,5,7,Dakar_tp_011
Dakar,25,5,8,Dakar_tp_003
Dakar,25,5,9,Dakar_tp_045
Dakar,25,5,10,Dakar_tp_057
Dakar,25,5,11,Dakar_tp_043
Dakar,25,5,12,Dakar_tp_050
Dakar,25,5,13,Dakar_tp_036
Dakar,25,5,14,Dakar_tp_005
Dakar,25,5,15,Dakar_tp_044
Dakar,25,5,16,Dakar_tp_049
Dakar,25,5,17,Dakar_tp_066
Dakar,25,5,18,Dakar_tp_000
Dakar,25,5,19,Dakar_tp_078
Dakar,25,5,20,Dakar_tp_026
Dakar,25,5,21,Dakar_tp_001
Dakar,25,5,22,Dakar_tp_070
Dakar,25,5,23,Dakar_tp_064
Dakar,25,5,24,Dakar_tp_002
Dakar,50,5,0,Dakar_tp_029
Dakar,50,5,1,Dakar_tp_007
Dakar,50,5,2,Dakar_tp_023
Dakar,50,5,3,Dakar_tp_062
Dakar,50,5,4,Dakar_tp_072
Dakar,50,5,5,Dakar_tp_047
Dakar,50,5,6,Dakar_tp_037
Dakar,50,5,7,Dakar_tp_011
Dakar,50,5,8,Dakar_tp_003
Dakar,50,5,9,Dakar_tp_045
Dakar,50,5,10,Dakar_tp_057
Dakar,50,5,11,Dakar_tp_043
Dakar,50,5,12,Dakar_tp_050
Dakar,50,5,13,Dakar_tp_036
Dakar,50,5,14,Dakar_tp_005
Dakar,50,5,15,Dakar_tp_044
Dakar,50,5,16,Dakar_tp_049
Dakar,50,5,17,Dakar_tp_066
Dakar,50,5,18,Dakar_tp_000
Dakar,50,5,19,Dakar_tp_078
Dakar,50,5,20,Dakar_tp_026
Dakar,50,5,21,Dakar_tp_001
Dakar,50,5,22,Dakar_tp_070
Dakar,50,5,23,Dakar_tp_064
Dakar,50,5,24,Dakar_tp_002
Dakar,50,5,25,Dakar_tp_030
Dakar,50,5,26,Dakar_tp_040
Dakar,50,5,27,Dakar_tp_046
Dakar,50,5,28,Dakar_tp_009
Dakar,50,5,29,Dakar_tp_074
Dakar,50,5,30,Dakar_tp_019
Dakar,50,5,31,Dakar_tp_022
Dakar,50,5,32,Dakar_tp_013
Dakar,50,5,33,Dakar_tp_056
Dakar,50,5,34,Dakar_tp_031
Dakar,50,5,35,Dakar_tp_067
Dakar,50,5,36,Dakar_tp_015
Dakar,50,5,37,Dakar_tp_018
Dakar,50,5,38,Dakar_tp_017
Dakar,50,5,39,Dakar_tp_059
Dakar,50,5,40,Dakar_tp_020
Dakar,50,5,41,Dakar_tp_071
Dakar,50,5,42,Dakar_tp_033
Dakar,50,5,43,Dakar_tp_010
Dakar,50,5,44,Dakar_tp_006
Dakar,50,5,45,Dakar_tp_068
Dakar,50,5,46,Dakar_tp_042
Dakar,50,5,47,Dakar_tp_016
Dakar,50,5,48,Dakar_tp_008
Dakar,50,5,49,Dakar_tp_055
Dakar,10,6,0,Dakar_tp_029
Dakar,10,6,1,Dakar_tp_037
Dakar,10,6,2,Dakar_tp_017
Dakar,10,6,3,Dakar_tp_057
Dakar,10,6,4,Dakar_tp_000
Dakar,10,6,5,Dakar_tp_021
Dakar,10,6,6,Dakar_tp_073
Dakar,10,6,7,Dakar_tp_022
Dakar,10,6,8,Dakar_tp_064
Dakar,10,6,9,Dakar_tp_063
Dakar,25,6,0,Dakar_tp_029
Dakar,25,6,1,Dakar_tp_037
Dakar,25,6,2,Dakar_tp_017
Dakar,25,6,3,Dakar_tp_057
Dakar,25,6,4,Dakar_tp_000
Dakar,25,6,5,Dakar_tp_021
Dakar,25,6,6,Dakar_tp_073
Dakar,25,6,7,Dakar_tp_022
Dakar,25,6,8,Dakar_tp_064
Dakar,25,6,9,Dakar_tp_063
Dakar,25,6,10,Dakar_tp_006
Dakar,25,6,11,Dakar_tp_028
Dakar,25,6,12,Dakar_tp_056
Dakar,25,6,13,Dakar_tp_025
Dakar,25,6,14,Dakar_tp_054
Dakar,25,6,15,Dakar_tp_053
Dakar,25,6,16,Dakar_tp_077
Dakar,25,6,17,Dakar_tp_076
Dakar,25,6,18,Dakar_tp_062
Dakar,25,6,19,Dakar_tp_068
Dakar,25,6,20,Dakar_tp_012
Dakar,25,6,21,Dakar_tp_020
Dakar,25,6,22,Dakar_tp_045
Dakar,25,6,23,Dakar_tp_059
Dakar,25,6,24,Dakar_tp_061
Dakar,50,6,0,Dakar_tp_029
Dakar,50,6,1,Dakar_tp_037
Dakar,50,6,2,Dakar_tp_017
Dakar,50,6,3,Dakar_tp_057
Dakar,50,6,4,Dakar_tp_000
Dakar,50,6,5,Dakar_tp_021
Dakar,50,6,6,Dakar_tp_073
Dakar,50,6,7,Dakar_tp_022
Dakar,50,6,8,Dakar_tp_064
Dakar,50,6,9,Dakar_tp_063
Dakar,50,6,10,Dakar_tp_006
Dakar,50,6,11,Dakar_tp_028
Dakar,50,6,12,Dakar_tp_056
Dakar,50,6,13,Dakar_tp_025
Dakar,50,6,14,Dakar_tp_054
Dakar,50,6,15,Dakar_tp_053
Dakar,50,6,16,Dakar_tp_077
Dakar,50,6,17,Dakar_tp_076
Dakar,50,6,18,Dakar_tp_062
Dakar,50,6,19,Dakar_tp_068
Dakar,50,6,20,Dakar_tp_012
Dakar,50,6,21,Dakar_tp_020
Dakar,50,6,22,Dakar_tp_045
Dakar,50,6,23,Dakar_tp_059
Dakar,50,6,24,Dakar_tp_061
Dakar,50,6,25,Dakar_tp_033
Dakar,50,6,26,Dakar_tp_052
Dakar,50,6,27,Dakar_tp_004
Dakar,50,6,28,Dakar_tp_032
Dakar,50,6,29,Dakar_tp_023
Dakar,50,6,30,Dakar_tp_008
Dakar,50,6,31,Dakar_tp_041
Dakar,50,6,32,Dakar_tp_055
Dakar,50,6,33,Dakar_tp_011
Dakar,50,6,34,Dakar_tp_002
Dakar,50,6,35,Dakar_tp_074
Dakar,50,6,36,Dakar_tp_003
Dakar,50,6,37,Dakar_tp_010
Dakar,50,6,38,Dakar_tp_030
Dakar,50,6,39,Dakar_tp_031
Dakar,50,6,40,Dakar_tp_016
Dakar,50,6,41,Dakar_tp_079
Dakar,50,6,42,Dakar_tp_071
Dakar,50,6,43,Dakar_tp_075
Dakar,50,6,44,Dakar_tp_048
Dakar,50,6,45,Dakar_tp_009
Dakar,50,6,46,Dakar_tp_014
Dakar,50,6,47,Dakar_tp_044
Dakar,50,6,48,Dakar_tp_038
Dakar,50,6,49,Dakar_tp_060
Dakar,10,7,0,Dakar_tp_059
Dakar,10,7,1,Dakar_tp_044
Dakar,10,7,2,Dakar_tp_034
Dakar,10,7,3,Dakar_tp_060
Dakar,10,7,4,Dakar_tp_073
Dakar,10,7,5,Dakar_tp_011
Dakar,10,7,6,Dakar_tp_018
Dakar,10,7,7,Dakar_tp_047
Dakar,10,7,8,Dakar_tp_013
Dakar,10,7,9,Dakar_tp_056
Dakar,25,7,0,Dakar_tp_059
Dakar,25,7,1,Dakar_tp_044
Dakar,25,7,2,Dakar_tp_034
Dakar,25,7,3,Dakar_tp_060
Dakar,25,7,4,Dakar_tp_073
Dakar,25,7,5,Dakar_tp_011
Dakar,25,7,6,Dakar_tp_018
Dakar,25,7,7,Dakar_tp_047
Dakar,25,7,8,Dakar_tp_013
Dakar,25,7,9,Dakar_tp_056
Dakar,25,7,10,Dakar_tp_026
Dakar,25,7,11,Dakar_tp_067
Dakar,25,7,12,Dakar_tp_003
Dakar,25,7,13,Dakar_tp_027
Dakar,25,7,14,Dakar_tp_023
Dakar,25,7,15,Dakar_tp_016
Dakar,25,7,16,Dakar_tp_035
Dakar,25,7,17,Dakar_tp_065
Dakar,25,7,18,Dakar_tp_048
Dakar,25,7,19,Dakar_tp_079
Dakar,25,7,20,Dakar_tp_037
Dakar,25,7,21,Dakar_tp_006
Dakar,25,7,22,Dakar_tp_040
Dakar,25,7,23,Dakar_tp_072
Dakar,25,7,24,Dakar_tp_021
Dakar,50,7,0,Dakar_tp_059
Dakar,50,7,1,Dakar_tp_044
Dakar,50,7,2,Dakar_tp_034
Dakar,50,7,3,Dakar_tp_060
Dakar,50,7,4,Dakar_tp_073
Dakar,50,7,5,Dakar_tp_011
Dakar,50,7,6,Dakar_tp_018
Dakar,50,7,7,Dakar_tp_047
Dakar,50,7,8,Dakar_tp_013
Dakar,50,7,9,Dakar_tp_056
Dakar,50,7,10,Dakar_tp_026
Dakar,50,7,11,Dakar_tp_067
Dakar,50,7,12,Dakar_tp_003
Dakar,50,7,13,Dakar_tp_027
Dakar,50,7,14,Dakar_tp_023
Dakar,50,7,15,Dakar_tp_016
Dakar,50,7,16,Dakar_tp_035
Dakar,50,7,17,Dakar_tp_065
Dakar,50,7,18,Dakar_tp_048
Dakar,50,7,19,Dakar_tp_079
Dakar,50,7,20,Dakar_tp_037
Dakar,50,7,21,Dakar_tp_006
Dakar,50,7,22,Dakar_tp_040
Dakar,50,7,23,Dakar_tp_072
Dakar,50,7,24,Dakar_tp_021
Dakar,50,7,25,Dakar_tp_008
Dakar,50,7,26,Dakar_tp_053
Dakar,50,7,27,Dakar_tp_043
Dakar,50,7,28,Dakar_tp_030
Dakar,50,7,29,Dakar_tp_029
Dakar,50,7,30,Dakar_tp_046
Dakar,50,7,31,Dakar_tp_022
Dakar,50,7,32,Dakar_tp_004
Dakar,50,7,33,Dakar_tp_014
Dakar,50,7,34,Dakar_tp_052
Dakar,50,7,35,Dakar_tp_076
Dakar,50,7,36,Dakar_tp_064
Dakar,50,7,37,Dakar_tp_074
Dakar,50,7,38,Dakar_tp_063
Dakar,50,7,39,Dakar_tp_071
Dakar,50,7,40,Dakar_tp_041
Dakar,50,7,41,Dakar_tp_057
Dakar,50,7,42,Dakar_tp_017
Dakar,50,7,43,Dakar_tp_077
Dakar,50,7,44,Dakar_tp_078
Dakar,50,7,45,Dakar_tp_007
Dakar,50,7,46,Dakar_tp_031
Dakar,50,7,47,Dakar_tp_061
Dakar,50,7,48,Dakar_tp_009
Dakar,50,7,49,Dakar_tp_020
Dakar,10,8,0,Dakar_tp_014
Dakar,10,8,1,Dakar_tp_059
Dakar,10,8,2,Dakar_tp_053
Dakar,10,8,3,Dakar_tp_070
Dakar,10,8,4,Dakar_tp_017
Dakar,10,8,5,Dakar_tp_066
Dakar,10,8,6,Dakar_tp_072
Dakar,10,8,7,Dakar_tp_026
Dakar,10,8,8,Dakar_tp_054
Dakar,10,8,9,Dakar_tp_046
Dakar,25,8,0,Dakar_tp_014
Dakar,25,8,1,Dakar_tp_059
Dakar,25,8,2,Dakar_tp_053
Dakar,25,8,3,Dakar_tp_070
Dakar,25,8,4,Dakar_tp_017
Dakar,25,8,5,Dakar_tp_066
Dakar,25,8,6,Dakar_tp_072
Dakar,25,8,7,Dakar_tp_026
Dakar,25,8,8,Dakar_tp_054
Dakar,25,8,9,Dakar_tp_046
Dakar,25,8,10,Dakar_tp_037
Dakar,25,8,11,Dakar_tp_025
Dakar,25,8,12,Dakar_tp_013
Dakar,25,8,13,Dakar_tp_079
Dakar,25,8,14,Dakar_tp_068
Dakar,25,8,15,Dakar_tp_030
Dakar,25,8,16,Dakar_tp_078
Dakar,25,8,17,Dakar_tp_003
Dakar,25,8,18,Dakar_tp_067
Dakar,25,8,19,Dakar_tp_036
Dakar,25,8,20,Dakar_tp_018
Dakar,25,8,21,Dakar_tp_075
Dakar,25,8,22,Dakar_tp_015
Dakar,25,8,23,Dakar_tp_074
Dakar,25,8,24,Dakar_tp_039
Dakar,50,8,0,Dakar_tp_014
Dakar,50,8,1,Dakar_tp_059
Dakar,50,8,2,Dakar_tp_053
Dakar,50,8,3,Dakar_tp_070
Dakar,50,8,4,Dakar_tp_017
Dakar,50,8,5,Dakar_tp_066
Dakar,50,8,6,Dakar_tp_072
Dakar,50,8,7,Dakar_tp_026
Dakar,50,8,8,Dakar_tp_054
Dakar,50,8,9,Dakar_tp_046
Dakar,50,8,10,Dakar_tp_037
Dakar,50,8,11,Dakar_tp_025
Dakar,50,8,12,Dakar_tp_013
Dakar,50,8,13,Dakar_tp_079
Dakar,50,8,14,Dakar_tp_068
Dakar,50,8,15,Dakar_tp_030
Dakar,50,8,16,Dakar_tp_078
Dakar,50,8,17,Dakar_tp_003
Dakar,50,8,18,Dakar_tp_067
Dakar,50,8,19,Dakar_tp_036
Dakar,50,8,20,Dakar_tp_018
Dakar,50,8,21,Dakar_tp_075
Dakar,50,8,22,Dakar_tp_015
Dakar,50,8,23,Dakar_tp_074
Dakar,50,8,24,Dakar_tp_039
Dakar,50,8,25,Dakar_tp_019
Dakar,50,8,26,Dakar_tp_010
Dakar,50,8,27,Dakar_tp_042
Dakar,50,8,28,Dakar_tp_044
Dakar,50,8,29,Dakar_tp_071
Dakar,50,8,30,Dakar_tp_049
Dakar,50,8,31,Dakar_tp_069
Dakar,50,8,32,Dakar_tp_009
Dakar,50,8,33,Dakar_tp_065
Dakar,50,8,34,Dakar_tp_004
Dakar,50,8,35,Dakar_tp_021
Dakar,50,8,36,Dakar_tp_043
Dakar,50,8,37,Dakar_tp_055
Dakar,50,8,38,Dakar_tp_028
Dakar,50,8,39,Dakar_tp_076
Dakar,50,8,40,Dakar_tp_048
Dakar,50,8,41,Dakar_tp_061
Dakar,50,8,42,Dakar_tp_006
Dakar,50,8,43,Dakar_tp_022
Dakar,50,8,44,Dakar_tp_029
Dakar,50,8,45,Dakar_tp_032
Dakar,50,8,46,Dakar_tp_002
Dakar,50,8,47,Dakar_tp_016
Dakar,50,8,48,Dakar_tp_035
Dakar,50,8,49,Dakar_tp_052
Dakar,10,9,0,Dakar_tp_049
Dakar,10,9,1,Dakar_tp_039
Dakar,10,9,2,Dakar_tp_068
Dakar,10,9,3,Dakar_tp_025
Dakar,10,9,4,Dakar_tp_063
Dakar,10,9,5,Dakar_tp_033
Dakar,10,9,6,Dakar_tp_032
Dakar,10,9,7,Dakar_tp_062
Dakar,10,9,8,Dakar_tp_047
Dakar,10,9,9,Dakar_tp_004
Dakar,25,9,0,Dakar_tp_049
Dakar,25,9,1,Dakar_tp_039
Dakar,25,9,2,Dakar_tp_068
Dakar,25,9,3,Dakar_tp_025
Dakar,25,9,4,Dakar_tp_063
Dakar,25,9,5,Dakar_tp_033
Dakar,25,9,6,Dakar_tp_032
Dakar,25,9,7,Dakar_tp_062
Dakar,25,9,8,Dakar_tp_047
Dakar,25,9,9,Dakar_tp_004
Dakar,25,9,10,Dakar_tp_017
Dakar,25,9,11,Dakar_tp_073
Dakar,25,9,12,Dakar_tp_011
Dakar,25,9,13,Dakar_tp_029
Dakar,25,9,14,Dakar_tp_079
Dakar,25,9,15,Dakar_tp_006
Dakar,25,9,16,Dakar_tp_072
Dakar,25,9,17,Dakar_tp_058
Dakar,25,9,18,Dakar_tp_066
Dakar,25,9,19,Dakar_tp_021
Dakar,25,9,20,Dakar_tp_069
Dakar,25,9,21,Dakar_tp_046
Dakar,25,9,22,Dakar_tp_026
Dakar,25,9,23,Dakar_tp_074
Dakar,25,9,24,Dakar_tp_024
Dakar,50,9,0,Dakar_tp_049
Dakar,50,9,1,Dakar_tp_039
Dakar,50,9,2,Dakar_tp_068
Dakar,50,9,3,Dakar_tp_025
Dakar,50,9,4,Dakar_tp_063
Dakar,50,9,5,Dakar_tp_033
Dakar,50,9,6,Dakar_tp_032
Dakar,50,9,7,Dakar_tp_062
Dakar,50,9,8,Dakar_tp_047
Dakar,50,9,9,Dakar_tp_004
Dakar,50,9,10,Dakar_tp_017
Dakar,50,9,11,Dakar_tp_073
Dakar,50,9,12,Dakar_tp_011
Dakar,50,9,13,Dakar_tp_029
Dakar,50,9,14,Dakar_tp_079
Dakar,50,9,15,Dakar_tp_006
Dakar,50,9,16,Dakar_tp_072
Dakar,50,9,17,Dakar_tp_058
Dakar,50,9,18,Dakar_tp_066
Dakar,50,9,19,Dakar_tp_021
Dakar,50,9,20,Dakar_tp_069
Dakar,50,9,21,Dakar_tp_046
Dakar,50,9,22,Dakar_tp_026
Dakar,50,9,23,Dakar_tp_074
Dakar,50,9,24,Dakar_tp_024
Dakar,50,9,25,Dakar_tp_050
Dakar,50,9,26,Dakar_tp_064
Dakar,50,9,27,Dakar_tp_060
Dakar,50,9,28,Dakar_tp_018
Dakar,50,9,29,Dakar_tp_007
Dakar,50,9,30,Dakar_tp_010
Dakar,50,9,31,Dakar_tp_002
Dakar,50,9,32,Dakar_tp_067
Dakar,50,9,33,Dakar_tp_014
Dakar,50,9,34,Dakar_tp_053
Dakar,50,9,35,Dakar_tp_056
Dakar,50,9,36,Dakar_tp_000
Dakar,50,9,37,Dakar_tp_030
Dakar,50,9,38,Dakar_tp_065
Dakar,50,9,39,Dakar_tp_016
Dakar,50,9,40,Dakar_tp_019
Dakar,50,9,41,Dakar_tp_036
Dakar,50,9,42,Dakar_tp_075
Dakar,50,9,43,Dakar_tp_035
Dakar,50,9,44,Dakar_tp_037
Dakar,50,9,45,Dakar_tp_040
Dakar,50,9,46,Dakar_tp_031
Dakar,50,9,47,Dakar_tp_059
Dakar,50,9,48,Dakar_tp_034
Dakar,50,9,49,Dakar_tp_076
DarEsSalaam,10,0,0,DarEsSalaam_tp_076
DarEsSalaam,10,0,1,DarEsSalaam_tp_046
DarEsSalaam,10,0,2,DarEsSalaam_tp_048
DarEsSalaam,10,0,3,DarEsSalaam_tp_021
DarEsSalaam,10,0,4,DarEsSalaam_tp_066
DarEsSalaam,10,0,5,DarEsSalaam_tp_019
DarEsSalaam,10,0,6,DarEsSalaam_tp_065
DarEsSalaam,10,0,7,DarEsSalaam_tp_034
DarEsSalaam,10,0,8,DarEsSalaam_tp_055
DarEsSalaam,10,0,9,DarEsSalaam_tp_001
DarEsSalaam,25,0,0,DarEsSalaam_tp_076
DarEsSalaam,25,0,1,DarEsSalaam_tp_046
DarEsSalaam,25,0,2,DarEsSalaam_tp_048
DarEsSalaam,25,0,3,DarEsSalaam_tp_021
DarEsSalaam,25,0,4,DarEsSalaam_tp_066
DarEsSalaam,25,0,5,DarEsSalaam_tp_019
DarEsSalaam,25,0,6,DarEsSalaam_tp_065
DarEsSalaam,25,0,7,DarEsSalaam_tp_034
DarEsSalaam,25,0,8,DarEsSalaam_tp_055
DarEsSalaam,25,0,9,DarEsSalaam_tp_001
DarEsSalaam,25,0,10,DarEsSalaam_tp_039
DarEsSalaam,25,0,11,DarEsSalaam_tp_024
DarEsSalaam,25,0,12,DarEsSalaam_tp_032
DarEsSalaam,25,0,13,DarEsSalaam_tp_035
DarEsSalaam,25,0,14,DarEsSalaam_tp_027
DarEsSalaam,25,0,15,DarEsSalaam_tp_043
DarEsSalaam,25,0,16,DarEsSalaam_tp_023
DarEsSalaam,25,0,17,DarEsSalaam_tp_038
DarEsSalaam,25,0,18,DarEsSalaam_tp_078
DarEsSalaam,25,0,19,DarEsSalaam_tp_057
DarEsSalaam,25,0,20,DarEsSalaam_tp_063
DarEsSalaam,25,0,21,DarEsSalaam_tp_033
DarEsSalaam,25,0,22,DarEsSalaam_tp_070
DarEsSalaam,25,0,23,DarEsSalaam_tp_016
DarEsSalaam,25,0,24,DarEsSalaam_tp_029
DarEsSalaam,50,0,0,DarEsSalaam_tp_076
DarEsSalaam,50,0,1,DarEsSalaam_tp_046
DarEsSalaam,50,0,2,DarEsSalaam_tp_048
DarEsSalaam,50,0,3,DarEsSalaam_tp_021
DarEsSalaam,50,0,4,DarEsSalaam_tp_066
DarEsSalaam,50,0,5,DarEsSalaam_tp_019
DarEsSalaam,50,0,6,DarEsSalaam_tp_065
DarEsSalaam,50,0,7,DarEsSalaam_tp_034
DarEsSalaam,50,0,8,DarEsSalaam_tp_055
DarEsSalaam,50,0,9,DarEsSalaam_tp_001
DarEsSalaam,50,0,10,DarEsSalaam_tp_039
DarEsSalaam,50,0,11,DarEsSalaam_tp_024
DarEsSalaam,50,0,12,DarEsSalaam_tp_032
DarEsSalaam,50,0,13,DarEsSalaam_tp_035
DarEsSalaam,50,0,14,DarEsSalaam_tp_027
DarEsSalaam,50,0,15,DarEsSalaam_tp_043
DarEsSalaam,50,0,16,DarEsSalaam_tp_023
DarEsSalaam,50,0,17,DarEsSalaam_tp_038
DarEsSalaam,50,0,18,DarEsSalaam_tp_078
DarEsSalaam,50,0,19,DarEsSalaam_tp_057
DarEsSalaam,50,0,20,DarEsSalaam_tp_063
DarEsSalaam,50,0,21,DarEsSalaam_tp_033
DarEsSalaam,50,0,22,DarEsSalaam_tp_070
DarEsSalaam,50,0,23,DarEsSalaam_tp_016
DarEsSalaam,50,0,24,DarEsSalaam_tp_029
DarEsSalaam,50,0,25,DarEsSalaam_tp_004
DarEsSalaam,50,0,26,DarEsSalaam_tp_067
DarEsSalaam,50,0,27,DarEsSalaam_tp_028
DarEsSalaam,50,0,28,DarEsSalaam_tp_073
DarEsSalaam,50,0,29,DarEsSalaam_tp_064
DarEsSalaam,50,0,30,DarEsSalaam_tp_008
DarEsSalaam,50,0,31,DarEsSalaam_tp_049
DarEsSalaam,50,0,32,DarEsSalaam_tp_022
DarEsSalaam,50,0,33,DarEsSalaam_tp_047
DarEsSalaam,50,0,34,DarEsSalaam_tp_037
DarEsSalaam,50,0,35,DarEsSalaam_tp_052
DarEsSalaam,50,0,36,DarEsSalaam_tp_075
DarEsSalaam,50,0,37,DarEsSalaam_tp_036
DarEsSalaam,50,0,38,DarEsSalaam_tp_010
DarEsSalaam,50,0,39,DarEsSalaam_tp_060
DarEsSalaam,50,0,40,DarEsSalaam_tp_020
DarEsSalaam,50,0,41,DarEsSalaam_tp_030
DarEsSalaam,50,0,42,DarEsSalaam_tp_014
DarEsSalaam,50,0,43,DarEsSalaam_tp_002
DarEsSalaam,50,0,44,DarEsSalaam_tp_015
DarEsSalaam,50,0,45,DarEsSalaam_tp_025
DarEsSalaam,50,0,46,DarEsSalaam_tp_003
DarEsSalaam,50,0,47,DarEsSalaam_tp_056
DarEsSalaam,50,0,48,DarEsSalaam_tp_018
DarEsSalaam,50,0,49,DarEsSalaam_tp_007
DarEsSalaam,10,1,0,DarEsSalaam_tp_032
DarEsSalaam,10,1,1,DarEsSalaam_tp_055
DarEsSalaam,10,1,2,DarEsSalaam_tp_043
DarEsSalaam,10,1,3,DarEsSalaam_tp_027
DarEsSalaam,10,1,4,DarEsSalaam_tp_022
DarEsSalaam,10,1,5,DarEsSalaam_tp_057
DarEsSalaam,10,1,6,DarEsSalaam_tp_001
DarEsSalaam,10,1,7,DarEsSalaam_tp_045
DarEsSalaam,10,1,8,DarEsSalaam_tp_051
DarEsSalaam,10,1,9,DarEsSalaam_tp_007
DarEsSalaam,25,1,0,DarEsSalaam_tp_032
DarEsSalaam,25,1,1,DarEsSalaam_tp_055
DarEsSalaam,25,1,2,DarEsSalaam_tp_043
DarEsSalaam,25,1,3,DarEsSalaam_tp_027
DarEsSalaam,25,1,4,DarEsSalaam_tp_022
DarEsSalaam,25,1,5,DarEsSalaam_tp_057
DarEsSalaam,25,1,6,DarEsSalaam_tp_001
DarEsSalaam,25,1,7,DarEsSalaam_tp_045
DarEsSalaam,25,1,8,DarEsSalaam_tp_051
DarEsSalaam,25,1,9,DarEsSalaam_tp_007
DarEsSalaam,25,1,10,DarEsSalaam_tp_037
DarEsSalaam,25,1,11,DarEsSalaam_tp_029
DarEsSalaam,25,1,12,DarEsSalaam_tp_021
DarEsSalaam,25,1,13,DarEsSalaam_tp_074
DarEsSalaam,25,1,14,DarEsSalaam_tp_033
DarEsSalaam,25,1,15,DarEsSalaam_tp_054
DarEsSalaam,25,1,16,DarEsSalaam_tp_046
DarEsSalaam,25,1,17,DarEsSalaam_tp_025
DarEsSalaam,25,1,18,DarEsSalaam_tp_008
DarEsSalaam,25,1,19,DarEsSalaam_tp_061
DarEsSalaam,25,1,20,DarEsSalaam_tp_016
DarEsSalaam,25,1,21,DarEsSalaam_tp_056
DarEsSalaam,25,1,22,DarEsSalaam_tp_078
DarEsSalaam,25,1,23,DarEsSalaam_tp_070
DarEsSalaam,25,1,24,DarEsSalaam_tp_036
DarEsSalaam,50,1,0,DarEsSalaam_tp_032
DarEsSalaam,50,1,1,DarEsSalaam_tp_055
DarEsSalaam,50,1,2,DarEsSalaam_tp_043
DarEsSalaam,50,1,3,DarEsSalaam_tp_027
DarEsSalaam,50,1,4,DarEsSalaam_tp_022
DarEsSalaam,50,1,5,DarEsSalaam_tp_057
DarEsSalaam,50,1,6,DarEsSalaam_tp_001
DarEsSalaam,50,1,7,DarEsSalaam_tp_045
DarEsSalaam,50,1,8,DarEsSalaam_tp_051
DarEsSalaam,50,1,9,DarEsSalaam_tp_007
DarEsSalaam,50,1,10,DarEsSalaam_tp_037
DarEsSalaam,50,1,11,DarEsSalaam_tp_029
DarEsSalaam,50,1,12,DarEsSalaam_tp_021
DarEsSalaam,50,1,13,DarEsSalaam_tp_074
DarEsSalaam,50,1,14,DarEsSalaam_tp_033
DarEsSalaam,50,1,15,DarEsSalaam_tp_054
DarEsSalaam,50,1,16,DarEsSalaam_tp_046
DarEsSalaam,50,1,17,DarEsSalaam_tp_025
DarEsSalaam,50,1,18,DarEsSalaam_tp_008
DarEsSalaam,50,1,19,DarEsSalaam_tp_061
DarEsSalaam,50,1,20,DarEsSalaam_tp_016
DarEsSalaam,50,1,21,DarEsSalaam_tp_056
DarEsSalaam,50,1,22,DarEsSalaam_tp_078
DarEsSalaam,50,1,23,DarEsSalaam_tp_070
DarEsSalaam,50,1,24,DarEsSalaam_tp_036
DarEsSalaam,50,1,25,DarEsSalaam_tp_075
DarEsSalaam,50,1,26,DarEsSalaam_tp_042
DarEsSalaam,50,1,27,DarEsSalaam_tp_003
DarEsSalaam,50,1,28,DarEsSalaam_tp_065
DarEsSalaam,50,1,29,DarEsSalaam_tp_012
DarEsSalaam,50,1,30,DarEsSalaam_tp_030
DarEsSalaam,50,1,31,DarEsSalaam_tp_026
DarEsSalaam,50,1,32,DarEsSalaam_tp_041
DarEsSalaam,50,1,33,DarEsSalaam_tp_006
DarEsSalaam,50,1,34,DarEsSalaam_tp_063
DarEsSalaam,50,1,35,DarEsSalaam_tp_050
DarEsSalaam,50,1,36,DarEsSalaam_tp_069
DarEsSalaam,50,1,37,DarEsSalaam_tp_002
DarEsSalaam,50,1,38,DarEsSalaam_tp_035
DarEsSalaam,50,1,39,DarEsSalaam_tp_071
DarEsSalaam,50,1,40,DarEsSalaam_tp_009
DarEsSalaam,50,1,41,DarEsSalaam_tp_044
DarEsSalaam,50,1,42,DarEsSalaam_tp_018
DarEsSalaam,50,1,43,DarEsSalaam_tp_062
DarEsSalaam,50,1,44,DarEsSalaam_tp_038
DarEsSalaam,50,1,45,DarEsSalaam_tp_049
DarEsSalaam,50,1,46,DarEsSalaam_tp_077
DarEsSalaam,50,1,47,DarEsSalaam_tp_005
DarEsSalaam,50,1,48,DarEsSalaam_tp_064
DarEsSalaam,50,1,49,DarEsSalaam_tp_028
DarEsSalaam,10,2,0,DarEsSalaam_tp_031
DarEsSalaam,10,2,1,DarEsSalaam_tp_066
DarEsSalaam,10,2,2,DarEsSalaam_tp_041
DarEsSalaam,10,2,3,DarEsSalaam_tp_061
DarEsSalaam,10,2,4,DarEsSalaam_tp_026
DarEsSalaam,10,2,5,DarEsSalaam_tp_014
DarEsSalaam,10,2,6,DarEsSalaam_tp_059
DarEsSalaam,10,2,7,DarEsSalaam_tp_036
DarEsSalaam,10,2,8,DarEsSalaam_tp_038
DarEsSalaam,10,2,9,DarEsSalaam_tp_077
DarEsSalaam,25,2,0,DarEsSalaam_tp_031
DarEsSalaam,25,2,1,DarEsSalaam_tp_066
DarEsSalaam,25,2,2,DarEsSalaam_tp_041
DarEsSalaam,25,2,3,DarEsSalaam_tp_061
DarEsSalaam,25,2,4,DarEsSalaam_tp_026
DarEsSalaam,25,2,5,DarEsSalaam_tp_014
DarEsSalaam,25,2,6,DarEsSalaam_tp_059
DarEsSalaam,25,2,7,DarEsSalaam_tp_036
DarEsSalaam,25,2,8,DarEsSalaam_tp_038
DarEsSalaam,25,2,9,DarEsSalaam_tp_077
DarEsSalaam,25,2,10,DarEsSalaam_tp_046
DarEsSalaam,25,2,11,DarEsSalaam_tp_004
DarEsSalaam,25,2,12,DarEsSalaam_tp_072
DarEsSalaam,25,2,13,DarEsSalaam_tp_035
DarEsSalaam,25,2,14,DarEsSalaam_tp_016
DarEsSalaam,25,2,15,DarEsSalaam_tp_008
DarEsSalaam,25,2,16,DarEsSalaam_tp_019
DarEsSalaam,25,2,17,DarEsSalaam_tp_053
DarEsSalaam,25,2,18,DarEsSalaam_tp_007
DarEsSalaam,25,2,19,DarEsSalaam_tp_022
DarEsSalaam,25,2,20,DarEsSalaam_tp_015
DarEsSalaam,25,2,21,DarEsSalaam_tp_025
DarEsSalaam,25,2,22,DarEsSalaam_tp_050
DarEsSalaam,25,2,23,DarEsSalaam_tp_065
DarEsSalaam,25,2,24,DarEsSalaam_tp_001
DarEsSalaam,50,2,0,DarEsSalaam_tp_031
DarEsSalaam,50,2,1,DarEsSalaam_tp_066
DarEsSalaam,50,2,2,DarEsSalaam_tp_041
DarEsSalaam,50,2,3,DarEsSalaam_tp_061
DarEsSalaam,50,2,4,DarEsSalaam_tp_026
DarEsSalaam,50,2,5,DarEsSalaam_tp_014
DarEsSalaam,50,2,6,DarEsSalaam_tp_059
DarEsSalaam,50,2,7,DarEsSalaam_tp_036
DarEsSalaam,50,2,8,DarEsSalaam_tp_038
DarEsSalaam,50,2,9,DarEsSalaam_tp_077
DarEsSalaam,50,2,10,DarEsSalaam_tp_046
DarEsSalaam,50,2,11,DarEsSalaam_tp_004
DarEsSalaam,50,2,12,DarEsSalaam_tp_072
DarEsSalaam,50,2,13,DarEsSalaam_tp_035
DarEsSalaam,50,2,14,DarEsSalaam_tp_016
DarEsSalaam,50,2,15,DarEsSalaam_tp_008
DarEsSalaam,50,2,16,DarEsSalaam_tp_019
DarEsSalaam,50,2,17,DarEsSalaam_tp_053
DarEsSalaam,50,2,18,DarEsSalaam_tp_007
DarEsSalaam,50,2,19,DarEsSalaam_tp_022
DarEsSalaam,50,2,20,DarEsSalaam_tp_015
DarEsSalaam,50,2,21,DarEsSalaam_tp_025
DarEsSalaam,50,2,22,DarEsSalaam_tp_050
DarEsSalaam,50,2,23,DarEsSalaam_tp_065
DarEsSalaam,50,2,24,DarEsSalaam_tp_001
DarEsSalaam,50,2,25,DarEsSalaam_tp_070
DarEsSalaam,50,2,26,DarEsSalaam_tp_023
DarEsSalaam,50,2,27,DarEsSalaam_tp_079
DarEsSalaam,50,2,28,DarEsSalaam_tp_011
DarEsSalaam,50,2,29,DarEsSalaam_tp_062
DarEsSalaam,50,2,30,DarEsSalaam_tp_017
DarEsSalaam,50,2,31,DarEsSalaam_tp_030
DarEsSalaam,50,2,32,DarEsSalaam_tp_044
DarEsSalaam,50,2,33,DarEsSalaam_tp_018
DarEsSalaam,50,2,34,DarEsSalaam_tp_024
DarEsSalaam,50,2,35,DarEsSalaam_tp_055
DarEsSalaam,50,2,36,DarEsSalaam_tp_074
DarEsSalaam,50,2,37,DarEsSalaam_tp_009
DarEsSalaam,50,2,38,DarEsSalaam_tp_012
DarEsSalaam,50,2,39,DarEsSalaam_tp_013
DarEsSalaam,50,2,40,DarEsSalaam_tp_000
DarEsSalaam,50,2,41,DarEsSalaam_tp_071
DarEsSalaam,50,2,42,DarEsSalaam_tp_029
DarEsSalaam,50,2,43,DarEsSalaam_tp_047
DarEsSalaam,50,2,44,DarEsSalaam_tp_040
DarEsSalaam,50,2,45,DarEsSalaam_tp_049
DarEsSalaam,50,2,46,DarEsSalaam_tp_010
DarEsSalaam,50,2,47,DarEsSalaam_tp_033
DarEsSalaam,50,2,48,DarEsSalaam_tp_078
DarEsSalaam,50,2,49,DarEsSalaam_tp_032
DarEsSalaam,10,3,0,DarEsSalaam_tp_054
DarEsSalaam,10,3,1,DarEsSalaam_tp_009
DarEsSalaam,10,3,2,DarEsSalaam_tp_014
DarEsSalaam,10,3,3,DarEsSalaam_tp_068
DarEsSalaam,10,3,4,DarEsSalaam_tp_031
DarEsSalaam,10,3,5,DarEsSalaam_tp_060
DarEsSalaam,10,3,6,DarEsSalaam_tp_025
DarEsSalaam,10,3,7,DarEsSalaam_tp_079
DarEsSalaam,10,3,8,DarEsSalaam_tp_042
DarEsSalaam,10,3,9,DarEsSalaam_tp_017
DarEsSalaam,25,3,0,DarEsSalaam_tp_054
DarEsSalaam,25,3,1,DarEsSalaam_tp_009
DarEsSalaam,25,3,2,DarEsSalaam_tp_014
DarEsSalaam,25,3,3,DarEsSalaam_tp_068
DarEsSalaam,25,3,4,DarEsSalaam_tp_031
DarEsSalaam,25,3,5,DarEsSalaam_tp_060
DarEsSalaam,25,3,6,DarEsSalaam_tp_025
DarEsSalaam,25,3,7,DarEsSalaam_tp_079
DarEsSalaam,25,3,8,DarEsSalaam_tp_042
DarEsSalaam,25,3,9,DarEsSalaam_tp_017
DarEsSalaam,25,3,10,DarEsSalaam_tp_029
DarEsSalaam,25,3,11,DarEsSalaam_tp_047
DarEsSalaam,25,3,12,DarEsSalaam_tp_033
DarEsSalaam,25,3,13,DarEsSalaam_tp_062
DarEsSalaam,25,3,14,DarEsSalaam_tp_000
DarEsSalaam,25,3,15,DarEsSalaam_tp_030
DarEsSalaam,25,3,16,DarEsSalaam_tp_066
DarEsSalaam,25,3,17,DarEsSalaam_tp_013
DarEsSalaam,25,3,18,DarEsSalaam_tp_077
DarEsSalaam,25,3,19,DarEsSalaam_tp_036
DarEsSalaam,25,3,20,DarEsSalaam_tp_038
DarEsSalaam,25,3,21,DarEsSalaam_tp_032
DarEsSalaam,25,3,22,DarEsSalaam_tp_024
DarEsSalaam,25,3,23,DarEsSalaam_tp_026
DarEsSalaam,25,3,24,DarEsSalaam_tp_044
DarEsSalaam,50,3,0,DarEsSalaam_tp_054
DarEsSalaam,50,3,1,DarEsSalaam_tp_009
DarEsSalaam,50,3,2,DarEsSalaam_tp_014
DarEsSalaam,50,3,3,DarEsSalaam_tp_068
DarEsSalaam,50,3,4,DarEsSalaam_tp_031
DarEsSalaam,50,3,5,DarEsSalaam_tp_060
DarEsSalaam,50,3,6,DarEsSalaam_tp_025
DarEsSalaam,50,3,7,DarEsSalaam_tp_079
DarEsSalaam,50,3,8,DarEsSalaam_tp_042
DarEsSalaam,50,3,9,DarEsSalaam_tp_017
DarEsSalaam,50,3,10,DarEsSalaam_tp_029
DarEsSalaam,50,3,11,DarEsSalaam_tp_047
DarEsSalaam,50,3,12,DarEsSalaam_tp_033
DarEsSalaam,50,3,13,DarEsSalaam_tp_062
DarEsSalaam,50,3,14,DarEsSalaam_tp_000
DarEsSalaam,50,3,15,DarEsSalaam_tp_030
DarEsSalaam,50,3,16,DarEsSalaam_tp_066
DarEsSalaam,50,3,17,DarEsSalaam_tp_013
DarEsSalaam,50,3,18,DarEsSalaam_tp_077
DarEsSalaam,50,3,19,DarEsSalaam_tp_036
DarEsSalaam,50,3,20,DarEsSalaam_tp_038
DarEsSalaam,50,3,21,DarEsSalaam_tp_032
DarEsSalaam,50,3,22,DarEsSalaam_tp_024
DarEsSalaam,50,3,23,DarEsSalaam_tp_026
DarEsSalaam,50,3,24,DarEsSalaam_tp_044
DarEsSalaam,50,3,25,DarEsSalaam_tp_015
DarEsSalaam,50,3,26,DarEsSalaam_tp_051
DarEsSalaam,50,3,27,DarEsSalaam_tp_072
DarEsSalaam,50,3,28,DarEsSalaam_tp_056
DarEsSalaam,50,3,29,DarEsSalaam_tp_028
DarEsSalaam,50,3,30,DarEsSalaam_tp_007
DarEsSalaam,50,3,31,DarEsSalaam_tp_049
DarEsSalaam,50,3,32,DarEsSalaam_tp_057
DarEsSalaam,50,3,33,DarEsSalaam_tp_074
DarEsSalaam,50,3,34,DarEsSalaam_tp_005
DarEsSalaam,50,3,35,DarEsSalaam_tp_058
DarEsSalaam,50,3,36,DarEsSalaam_tp_018
DarEsSalaam,50,3,37,DarEsSalaam_tp_071
DarEsSalaam,50,3,38,DarEsSalaam_tp_008
DarEsSalaam,50,3,39,DarEsSalaam_tp_004
DarEsSalaam,50,3,40,DarEsSalaam_tp_003
DarEsSalaam,50,3,41,DarEsSalaam_tp_034
DarEsSalaam,50,3,42,DarEsSalaam_tp_063
DarEsSalaam,50,3,43,DarEsSalaam_tp_011
DarEsSalaam,50,3,44,DarEsSalaam_tp_002
DarEsSalaam,50,3,45,DarEsSalaam_tp_061
DarEsSalaam,50,3,46,DarEsSalaam_tp_059
DarEsSalaam,50,3,47,DarEsSalaam_tp_073
DarEsSalaam,50,3,48,DarEsSalaam_tp_006
DarEsSalaam,50,3,49,DarEsSalaam_tp_078
DarEsSalaam,10,4,0,DarEsSalaam_tp_029
DarEsSalaam,10,4,1,DarEsSalaam_tp_077
DarEsSalaam,10,4,2,DarEsSalaam_tp_051
DarEsSalaam,10,4,3,DarEsSalaam_tp_076
DarEsSalaam,10,4,4,DarEsSalaam_tp_063
DarEsSalaam,10,4,5,DarEsSalaam_tp_015
DarEsSalaam,10,4,6,DarEsSalaam_tp_053
DarEsSalaam,10,4,7,DarEsSalaam_tp_023
DarEsSalaam,10,4,8,DarEsSalaam_tp_008
DarEsSalaam,10,4,9,DarEsSalaam_tp_075
DarEsSalaam,25,4,0,DarEsSalaam_tp_029
DarEsSalaam,25,4,1,DarEsSalaam_tp_077
DarEsSalaam,25,4,2,DarEsSalaam_tp_051
DarEsSalaam,25,4,3,DarEsSalaam_tp_076
DarEsSalaam,25,4,4,DarEsSalaam_tp_063
DarEsSalaam,25,4,5,DarEsSalaam_tp_015
DarEsSalaam,25,4,6,DarEsSalaam_tp_053
DarEsSalaam,25,4,7,DarEsSalaam_tp_023
DarEsSalaam,25,4,8,DarEsSalaam_tp_008
DarEsSalaam,25,4,9,DarEsSalaam_tp_075
DarEsSalaam,25,4,10,DarEsSalaam_tp_006
DarEsSalaam,25,4,11,DarEsSalaam_tp_062
DarEsSalaam,25,4,12,DarEsSalaam_tp_000
DarEsSalaam,25,4,13,DarEsSalaam_tp_025
DarEsSalaam,25,4,14,DarEsSalaam_tp_024
DarEsSalaam,25,4,15,DarEsSalaam_tp_067
DarEsSalaam,25,4,16,DarEsSalaam_tp_052
DarEsSalaam,25,4,17,DarEsSalaam_tp_045
DarEsSalaam,25,4,18,DarEsSalaam_tp_007
DarEsSalaam,25,4,19,DarEsSalaam_tp_079
DarEsSalaam,25,4,20,DarEsSalaam_tp_064
DarEsSalaam,25,4,21,DarEsSalaam_tp_040
DarEsSalaam,25,4,22,DarEsSalaam_tp_072
DarEsSalaam,25,4,23,DarEsSalaam_tp_073
DarEsSalaam,25,4,24,DarEsSalaam_tp_027
DarEsSalaam,50,4,0,DarEsSalaam_tp_029
DarEsSalaam,50,4,1,DarEsSalaam_tp_077
DarEsSalaam,50,4,2,DarEsSalaam_tp_051
DarEsSalaam,50,4,3,DarEsSalaam_tp_076
DarEsSalaam,50,4,4,DarEsSalaam_tp_063
DarEsSalaam,50,4,5,DarEsSalaam_tp_015
DarEsSalaam,50,4,6,DarEsSalaam_tp_053
DarEsSalaam,50,4,7,DarEsSalaam_tp_023
DarEsSalaam,50,4,8,DarEsSalaam_tp_008
DarEsSalaam,50,4,9,DarEsSalaam_tp_075
DarEsSalaam,50,4,10,DarEsSalaam_tp_006
DarEsSalaam,50,4,11,DarEsSalaam_tp_062
DarEsSalaam,50,4,12,DarEsSalaam_tp_000
DarEsSalaam,50,4,13,DarEsSalaam_tp_025
DarEsSalaam,50,4,14,DarEsSalaam_tp_024
DarEsSalaam,50,4,15,DarEsSalaam_tp_067
DarEsSalaam,50,4,16,DarEsSalaam_tp_052
DarEsSalaam,50,4,17,DarEsSalaam_tp_045
DarEsSalaam,50,4,18,DarEsSalaam_tp_007
DarEsSalaam,50,4,19,DarEsSalaam_tp_079
DarEsSalaam,50,4,20,DarEsSalaam_tp_064
DarEsSalaam,50,4,21,DarEsSalaam_tp_040
DarEsSalaam,50,4,22,DarEsSalaam_tp_072
DarEsSalaam,50,4,23,DarEsSalaam_tp_073
DarEsSalaam,50,4,24,DarEsSalaam_tp_027
DarEsSalaam,50,4,25,DarEsSalaam_tp_012
DarEsSalaam,50,4,26,DarEsSalaam_tp_065
DarEsSalaam,50,4,27,DarEsSalaam_tp_056
DarEsSalaam,50,4,28,DarEsSalaam_tp_049
DarEsSalaam,50,4,29,DarEsSalaam_tp_019
DarEsSalaam,50,4,30,DarEsSalaam_tp_020
DarEsSalaam,50,4,31,DarEsSalaam_tp_030
DarEsSalaam,50,4,32,DarEsSalaam_tp_022
DarEsSalaam,50,4,33,DarEsSalaam_tp_018
DarEsSalaam,50,4,34,DarEsSalaam_tp_002
DarEsSalaam,50,4,35,DarEsSalaam_tp_035
DarEsSalaam,50,4,36,DarEsSalaam_tp_010
DarEsSalaam,50,4,37,DarEsSalaam_tp_021
DarEsSalaam,50,4,38,DarEsSalaam_tp_069
DarEsSalaam,50,4,39,DarEsSalaam_tp_026
DarEsSalaam,50,4,40,DarEsSalaam_tp_016
DarEsSalaam,50,4,41,DarEsSalaam_tp_005
DarEsSalaam,50,4,42,DarEsSalaam_tp_044
DarEsSalaam,50,4,43,DarEsSalaam_tp_046
DarEsSalaam,50,4,44,DarEsSalaam_tp_014
DarEsSalaam,50,4,45,DarEsSalaam_tp_032
DarEsSalaam,50,4,46,DarEsSalaam_tp_031
DarEsSalaam,50,4,47,DarEsSalaam_tp_039
DarEsSalaam,50,4,48,DarEsSalaam_tp_003
DarEsSalaam,50,4,49,DarEsSalaam_tp_066
DarEsSalaam,10,5,0,DarEsSalaam_tp_042
DarEsSalaam,10,5,1,DarEsSalaam_tp_055
DarEsSalaam,10,5,2,DarEsSalaam_tp_006
DarEsSalaam,10,5,3,DarEsSalaam_tp_054
DarEsSalaam,10,5,4,DarEsSalaam_tp_066
DarEsSalaam,10,5,5,DarEsSalaam_tp_062
DarEsSalaam,10,5,6,DarEsSalaam_tp_041
DarEsSalaam,10,5,7,DarEsSalaam_tp_065
DarEsSalaam,10,5,8,DarEsSalaam_tp_051
DarEsSalaam,10,5,9,DarEsSalaam_tp_009
DarEsSalaam,25,5,0,DarEsSalaam_tp_042
DarEsSalaam,25,5,1,DarEsSalaam_tp_055
DarEsSalaam,25,5,2,DarEsSalaam_tp_006
DarEsSalaam,25,5,3,DarEsSalaam_tp_054
DarEsSalaam,25,5,4,DarEsSalaam_tp_066
DarEsSalaam,25,5,5,DarEsSalaam_tp_062
DarEsSalaam,25,5,6,DarEsSalaam_tp_041
DarEsSalaam,25,5,7,DarEsSalaam_tp_065
DarEsSalaam,25,5,8,DarEsSalaam_tp_051
DarEsSalaam,25,5,9,DarEsSalaam_tp_009
DarEsSalaam,25,5,10,DarEsSalaam_tp_020
DarEsSalaam,25,5,11,DarEsSalaam_tp_067
DarEsSalaam,25,5,12,DarEsSalaam_tp_046
DarEsSalaam,25,5,13,DarEsSalaam_tp_049
DarEsSalaam,25,5,14,DarEsSalaam_tp_000
DarEsSalaam,25,5,15,DarEsSalaam_tp_003
DarEsSalaam,25,5,16,DarEsSalaam_tp_039
DarEsSalaam,25,5,17,DarEsSalaam_tp_007
DarEsSalaam,25,5,18,DarEsSalaam_tp_010
DarEsSalaam,25,5,19,DarEsSalaam_tp_029
DarEsSalaam,25,5,20,DarEsSalaam_tp_056
DarEsSalaam,25,5,21,DarEsSalaam_tp_061
DarEsSalaam,25,5,22,DarEsSalaam_tp_057
DarEsSalaam,25,5,23,DarEsSalaam_tp_033
DarEsSalaam,25,5,24,DarEsSalaam_tp_026
DarEsSalaam,50,5,0,DarEsSalaam_tp_042
DarEsSalaam,50,5,1,DarEsSalaam_tp_055
DarEsSalaam,50,5,2,DarEsSalaam_tp_006
DarEsSalaam,50,5,3,DarEsSalaam_tp_054
DarEsSalaam,50,5,4,DarEsSalaam_tp_066
DarEsSalaam,50,5,5,DarEsSalaam_tp_062
DarEsSalaam,50,5,6,DarEsSalaam_tp_041
DarEsSalaam,50,5,7,DarEsSalaam_tp_065
DarEsSalaam,50,5,8,DarEsSalaam_tp_051
DarEsSalaam,50,5,9,DarEsSalaam_tp_009
DarEsSalaam,50,5,10,DarEsSalaam_tp_020
DarEsSalaam,50,5,11,DarEsSalaam_tp_067
DarEsSalaam,50,5,12,DarEsSalaam_tp_046
DarEsSalaam,50,5,13,DarEsSalaam_tp_049
DarEsSalaam,50,5,14,DarEsSalaam_tp_000
DarEsSalaam,50,5,15,DarEsSalaam_tp_003
DarEsSalaam,50,5,16,DarEsSalaam_tp_039
DarEsSalaam,50,5,17,DarEsSalaam_tp_007
DarEsSalaam,50,5,18,DarEsSalaam_tp_010
DarEsSalaam,50,5,19,DarEsSalaam_tp_029
DarEsSalaam,50,5,20,DarEsSalaam_tp_056
DarEsSalaam,50,5,21,DarEsSalaam_tp_061
DarEsSalaam,50,5,22,DarEsSalaam_tp_057
DarEsSalaam,50,5,23,DarEsSalaam_tp_033
DarEsSalaam,50,5,24,DarEsSalaam_tp_026
DarEsSalaam,50,5,25,DarEsSalaam_tp_019
DarEsSalaam,50,5,26,DarEsSalaam_tp_036
DarEsSalaam,50,5,27,DarEsSalaam_tp_068
DarEsSalaam,50,5,28,DarEsSalaam_tp_053
DarEsSalaam,50,5,29,DarEsSalaam_tp_048
DarEsSalaam,50,5,30,DarEsSalaam_tp_014
DarEsSalaam,50,5,31,DarEsSalaam_tp_071
DarEsSalaam,50,5,32,DarEsSalaam_tp_043
DarEsSalaam,50,5,33,DarEsSalaam_tp_063
DarEsSalaam,50,5,34,DarEsSalaam_tp_031
DarEsSalaam,50,5,35,DarEsSalaam_tp_005
DarEsSalaam,50,5,36,DarEsSalaam_tp_044
DarEsSalaam,50,5,37,DarEsSalaam_tp_028
DarEsSalaam,50,5,38,DarEsSalaam_tp_052
DarEsSalaam,50,5,39,DarEsSalaam_tp_008
DarEsSalaam,50,5,40,DarEsSalaam_tp_077
DarEsSalaam,50,5,41,DarEsSalaam_tp_012
DarEsSalaam,50,5,42,DarEsSalaam_tp_072
DarEsSalaam,50,5,43,DarEsSalaam_tp_038
DarEsSalaam,50,5,44,DarEsSalaam_tp_017
DarEsSalaam,50,5,45,DarEsSalaam_tp_045
DarEsSalaam,50,5,46,DarEsSalaam_tp_022
DarEsSalaam,50,5,47,DarEsSalaam_tp_047
DarEsSalaam,50,5,48,DarEsSalaam_tp_076
DarEsSalaam,50,5,49,DarEsSalaam_tp_027
DarEsSalaam,10,6,0,DarEsSalaam_tp_013
DarEsSalaam,10,6,1,DarEsSalaam_tp_023
DarEsSalaam,10,6,2,DarEsSalaam_tp_012
DarEsSalaam,10,6,3,DarEsSalaam_tp_071
DarEsSalaam,10,6,4,DarEsSalaam_tp_048
DarEsSalaam,10,6,5,DarEsSalaam_tp_070
DarEsSalaam,10,6,6,DarEsSalaam_tp_042
DarEsSalaam,10,6,7,DarEsSalaam_tp_025
DarEsSalaam,10,6,8,DarEsSalaam_tp_001
DarEsSalaam,10,6,9,DarEsSalaam_tp_045
DarEsSalaam,25,6,0,DarEsSalaam_tp_013
DarEsSalaam,25,6,1,DarEsSalaam_tp_023
DarEsSalaam,25,6,2,DarEsSalaam_tp_012
DarEsSalaam,25,6,3,DarEsSalaam_tp_071
DarEsSalaam,25,6,4,DarEsSalaam_tp_048
DarEsSalaam,25,6,5,DarEsSalaam_tp_070
DarEsSalaam,25,6,6,DarEsSalaam_tp_042
DarEsSalaam,25,6,7,DarEsSalaam_tp_025
DarEsSalaam,25,6,8,DarEsSalaam_tp_001
DarEsSalaam,25,6,9,DarEsSalaam_tp_045
DarEsSalaam,25,6,10,DarEsSalaam_tp_053
DarEsSalaam,25,6,11,DarEsSalaam_tp_020
DarEsSalaam,25,6,12,DarEsSalaam_tp_057
DarEsSalaam,25,6,13,DarEsSalaam_tp_010
DarEsSalaam,25,6,14,DarEsSalaam_tp_005
DarEsSalaam,25,6,15,DarEsSalaam_tp_069
DarEsSalaam,25,6,16,DarEsSalaam_tp_061
DarEsSalaam,25,6,17,DarEsSalaam_tp_051
DarEsSalaam,25,6,18,DarEsSalaam_tp_003
DarEsSalaam,25,6,19,DarEsSalaam_tp_062
DarEsSalaam,25,6,20,DarEsSalaam_tp_008
DarEsSalaam,25,6,21,DarEsSalaam_tp_052
DarEsSalaam,25,6,22,DarEsSalaam_tp_031
DarEsSalaam,25,6,23,DarEsSalaam_tp_049
DarEsSalaam,25,6,24,DarEsSalaam_tp_015
DarEsSalaam,50,6,0,DarEsSalaam_tp_013
DarEsSalaam,50,6,1,DarEsSalaam_tp_023
DarEsSalaam,50,6,2,DarEsSalaam_tp_012
DarEsSalaam,50,6,3,DarEsSalaam_tp_071
DarEsSalaam,50,6,4,DarEsSalaam_tp_048
DarEsSalaam,50,6,5,DarEsSalaam_tp_070
DarEsSalaam,50,6,6,DarEsSalaam_tp_042
DarEsSalaam,50,6,7,DarEsSalaam_tp_025
DarEsSalaam,50,6,8,DarEsSalaam_tp_001
DarEsSalaam,50,6,9,DarEsSalaam_tp_045
DarEsSalaam,50,6,10,DarEsSalaam_tp_053
DarEsSalaam,50,6,11,DarEsSalaam_tp_020
DarEsSalaam,50,6,12,DarEsSalaam_tp_057
DarEsSalaam,50,6,13,DarEsSalaam_tp_010
DarEsSalaam,50,6,14,DarEsSalaam_tp_005
DarEsSalaam,50,6,15,DarEsSalaam_tp_069
DarEsSalaam,50,6,16,DarEsSalaam_tp_061
DarEsSalaam,50,6,17,DarEsSalaam_tp_051
DarEsSalaam,50,6,18,DarEsSalaam_tp_003
DarEsSalaam,50,6,19,DarEsSalaam_tp_062
DarEsSalaam,50,6,20,DarEsSalaam_tp_008
DarEsSalaam,50,6,21,DarEsSalaam_tp_052
DarEsSalaam,50,6,22,DarEsSalaam_tp_031
DarEsSalaam,50,6,23,DarEsSalaam_tp_049
DarEsSalaam,50,6,24,DarEsSalaam_tp_015
DarEsSalaam,50,6,25,DarEsSalaam_tp_044
DarEsSalaam,50,6,26,DarEsSalaam_tp_016
DarEsSalaam,50,6,27,DarEsSalaam_tp_000
DarEsSalaam,50,6,28,DarEsSalaam_tp_022
DarEsSalaam,50,6,29,DarEsSalaam_tp_026
DarEsSalaam,50,6,30,DarEsSalaam_tp_009
DarEsSalaam,50,6,31,DarEsSalaam_tp_018
DarEsSalaam,50,6,32,DarEsSalaam_tp_036
DarEsSalaam,50,6,33,DarEsSalaam_tp_050
DarEsSalaam,50,6,34,DarEsSalaam_tp_046
DarEsSalaam,50,6,35,DarEsSalaam_tp_066
DarEsSalaam,50,6,36,DarEsSalaam_tp_079
DarEsSalaam,50,6,37,DarEsSalaam_tp_035
DarEsSalaam,50,6,38,DarEsSalaam_tp_063
DarEsSalaam,50,6,39,DarEsSalaam_tp_019
DarEsSalaam,50,6,40,DarEsSalaam_tp_007
DarEsSalaam,50,6,41,DarEsSalaam_tp_037
DarEsSalaam,50,6,42,DarEsSalaam_tp_033
DarEsSalaam,50,6,43,DarEsSalaam_tp_014
DarEsSalaam,50,6,44,DarEsSalaam_tp_065
DarEsSalaam,50,6,45,DarEsSalaam_tp_076
DarEsSalaam,50,6,46,DarEsSalaam_tp_054
DarEsSalaam,50,6,47,DarEsSalaam_tp_077
DarEsSalaam,50,6,48,DarEsSalaam_tp_039
DarEsSalaam,50,6,49,DarEsSalaam_tp_074
DarEsSalaam,10,7,0,DarEsSalaam_tp_066
DarEsSalaam,10,7,1,DarEsSalaam_tp_021
DarEsSalaam,10,7,2,DarEsSalaam_tp_025
DarEsSalaam,10,7,3,DarEsSalaam_tp_036
DarEsSalaam,10,7,4,DarEsSalaam_tp_001
DarEsSalaam,10,7,5,DarEsSalaam_tp_016
DarEsSalaam,10,7,6,DarEsSalaam_tp_046
DarEsSalaam,10,7,7,DarEsSalaam_tp_079
DarEsSalaam,10,7,8,DarEsSalaam_tp_008
DarEsSalaam,10,7,9,DarEsSalaam_tp_010
DarEsSalaam,25,7,0,DarEsSalaam_tp_066
DarEsSalaam,25,7,1,DarEsSalaam_tp_021
DarEsSalaam,25,7,2,DarEsSalaam_tp_025
DarEsSalaam,25,7,3,DarEsSalaam_tp_036
DarEsSalaam,25,7,4,DarEsSalaam_tp_001
DarEsSalaam,25,7,5,DarEsSalaam_tp_016
DarEsSalaam,25,7,6,DarEsSalaam_tp_046
DarEsSalaam,25,7,7,DarEsSalaam_tp_079
DarEsSalaam,25,7,8,DarEsSalaam_tp_008
DarEsSalaam,25,7,9,DarEsSalaam_tp_010
DarEsSalaam,25,7,10,DarEsSalaam_tp_068
DarEsSalaam,25,7,11,DarEsSalaam_tp_058
DarEsSalaam,25,7,12,DarEsSalaam_tp_049
DarEsSalaam,25,7,13,DarEsSalaam_tp_032
DarEsSalaam,25,7,14,DarEsSalaam_tp_059
DarEsSalaam,25,7,15,DarEsSalaam_tp_054
DarEsSalaam,25,7,16,DarEsSalaam_tp_043
DarEsSalaam,25,7,17,DarEsSalaam_tp_015
DarEsSalaam,25,7,18,DarEsSalaam_tp_014
DarEsSalaam,25,7,19,DarEsSalaam_tp_007
DarEsSalaam,25,7,20,DarEsSalaam_tp_070
DarEsSalaam,25,7,21,DarEsSalaam_tp_004
DarEsSalaam,25,7,22,DarEsSalaam_tp_029
DarEsSalaam,25,7,23,DarEsSalaam_tp_057
DarEsSalaam,25,7,24,DarEsSalaam_tp_026
DarEsSalaam,50,7,0,DarEsSalaam_tp_066
DarEsSalaam,50,7,1,DarEsSalaam_tp_021
DarEsSalaam,50,7,2,DarEsSalaam_tp_025
DarEsSalaam,50,7,3,DarEsSalaam_tp_036
DarEsSalaam,50,7,4,DarEsSalaam_tp_001
DarEsSalaam,50,7,5,DarEsSalaam_tp_016
DarEsSalaam,50,7,6,DarEsSalaam_tp_046
DarEsSalaam,50,7,7,DarEsSalaam_tp_079
DarEsSalaam,50,7,8,DarEsSalaam_tp_008
DarEsSalaam,50,7,9,DarEsSalaam_tp_010
DarEsSalaam,50,7,10,DarEsSalaam_tp_068
DarEsSalaam,50,7,11,DarEsSalaam_tp_058
DarEsSalaam,50,7,12,DarEsSalaam_tp_049
DarEsSalaam,50,7,13,DarEsSalaam_tp_032
DarEsSalaam,50,7,14,DarEsSalaam_tp_059
DarEsSalaam,50,7,15,DarEsSalaam_tp_054
DarEsSalaam,50,7,16,DarEsSalaam_tp_043
DarEsSalaam,50,7,17,DarEsSalaam_tp_015
DarEsSalaam,50,7,18,DarEsSalaam_tp_014
DarEsSalaam,50,7,19,DarEsSalaam_tp_007
DarEsSalaam,50,7,20,DarEsSalaam_tp_070
DarEsSalaam,50,7,21,DarEsSalaam_tp_004
DarEsSalaam,50,7,22,DarEsSalaam_tp_029
DarEsSalaam,50,7,23,DarEsSalaam_tp_057
DarEsSalaam,50,7,24,DarEsSalaam_tp_026
DarEsSalaam,50,7,25,DarEsSalaam_tp_042
DarEsSalaam,50,7,26,DarEsSalaam_tp_069
DarEsSalaam,50,7,27,DarEsSalaam_tp_020
DarEsSalaam,50,7,28,DarEsSalaam_tp_067
DarEsSalaam,50,7,29,DarEsSalaam_tp_056
DarEsSalaam,50,7,30,DarEsSalaam_tp_060
DarEsSalaam,50,7,31,DarEsSalaam_tp_028
DarEsSalaam,50,7,32,DarEsSalaam_tp_072
DarEsSalaam,50,7,33,DarEsSalaam_tp_013
DarEsSalaam,50,7,34,DarEsSalaam_tp_065
DarEsSalaam,50,7,35,DarEsSalaam_tp_076
DarEsSalaam,50,7,36,DarEsSalaam_tp_050
DarEsSalaam,50,7,37,DarEsSalaam_tp_062
DarEsSalaam,50,7,38,DarEsSalaam_tp_071
DarEsSalaam,50,7,39,DarEsSalaam_tp_012
DarEsSalaam,50,7,40,DarEsSalaam_tp_023
DarEsSalaam,50,7,41,DarEsSalaam_tp_003
DarEsSalaam,50,7,42,DarEsSalaam_tp_044
DarEsSalaam,50,7,43,DarEsSalaam_tp_027
DarEsSalaam,50,7,44,DarEsSalaam_tp_039
DarEsSalaam,50,7,45,DarEsSalaam_tp_033
DarEsSalaam,50,7,46,DarEsSalaam_tp_034
DarEsSalaam,50,7,47,DarEsSalaam_tp_035
DarEsSalaam,50,7,48,DarEsSalaam_tp_045
DarEsSalaam,50,7,49,DarEsSalaam_tp_051
DarEsSalaam,10,8,0,DarEsSalaam_tp_053
DarEsSalaam,10,8,1,DarEsSalaam_tp_044
DarEsSalaam,10,8,2,DarEsSalaam_tp_077
DarEsSalaam,10,8,3,DarEsSalaam_tp_010
DarEsSalaam,10,8,4,DarEsSalaam_tp_070
DarEsSalaam,10,8,5,DarEsSalaam_tp_020
DarEsSalaam,10,8,6,DarEsSalaam_tp_063
DarEsSalaam,10,8,7,DarEsSalaam_tp_048
DarEsSalaam,10,8,8,DarEsSalaam_tp_037
DarEsSalaam,10,8,9,DarEsSalaam_tp_007
DarEsSalaam,25,8,0,DarEsSalaam_tp_053
DarEsSalaam,25,8,1,DarEsSalaam_tp_044
DarEsSalaam,25,8,2,DarEsSalaam_tp_077
DarEsSalaam,25,8,3,DarEsSalaam_tp_010
DarEsSalaam,25,8,4,DarEsSalaam_tp_070
DarEsSalaam,25,8,5,DarEsSalaam_tp_020
DarEsSalaam,25,8,6,DarEsSalaam_tp_063
DarEsSalaam,25,8,7,DarEsSalaam_tp_048
DarEsSalaam,25,8,8,DarEsSalaam_tp_037
DarEsSalaam,25,8,9,DarEsSalaam_tp_007
DarEsSalaam,25,8,10,DarEsSalaam_tp_015
DarEsSalaam,25,8,11,DarEsSalaam_tp_078
DarEsSalaam,25,8,12,DarEsSalaam_tp_030
DarEsSalaam,25,8,13,DarEsSalaam_tp_002
DarEsSalaam,25,8,14,DarEsSalaam_tp_068
DarEsSalaam,25,8,15,DarEsSalaam_tp_040
DarEsSalaam,25,8,16,DarEsSalaam_tp_000
DarEsSalaam,25,8,17,DarEsSalaam_tp_012
DarEsSalaam,25,8,18,DarEsSalaam_tp_074
DarEsSalaam,25,8,19,DarEsSalaam_tp_032
DarEsSalaam,25,8,20,DarEsSalaam_tp_039
DarEsSalaam,25,8,21,DarEsSalaam_tp_031
DarEsSalaam,25,8,22,DarEsSalaam_tp_073
DarEsSalaam,25,8,23,DarEsSalaam_tp_069
DarEsSalaam,25,8,24,DarEsSalaam_tp_043
DarEsSalaam,50,8,0,DarEsSalaam_tp_053
DarEsSalaam,50,8,1,DarEsSalaam_tp_044
DarEsSalaam,50,8,2,DarEsSalaam_tp_077
DarEsSalaam,50,8,3,DarEsSalaam_tp_010
DarEsSalaam,50,8,4,DarEsSalaam_tp_070
DarEsSalaam,50,8,5,DarEsSalaam_tp_020
DarEsSalaam,50,8,6,DarEsSalaam_tp_063
DarEsSalaam,50,8,7,DarEsSalaam_tp_048
DarEsSalaam,50,8,8,DarEsSalaam_tp_037
DarEsSalaam,50,8,9,DarEsSalaam_tp_007
DarEsSalaam,50,8,10,DarEsSalaam_tp_015
DarEsSalaam,50,8,11,DarEsSalaam_tp_078
DarEsSalaam,50,8,12,DarEsSalaam_tp_030
DarEsSalaam,50,8,13,DarEsSalaam_tp_002
DarEsSalaam,50,8,14,DarEsSalaam_tp_068
DarEsSalaam,50,8,15,DarEsSalaam_tp_040
DarEsSalaam,50,8,16,DarEsSalaam_tp_000
DarEsSalaam,50,8,17,DarEsSalaam_tp_012
DarEsSalaam,50,8,18,DarEsSalaam_tp_074
DarEsSalaam,50,8,19,DarEsSalaam_tp_032
DarEsSalaam,50,8,20,DarEsSalaam_tp_039
DarEsSalaam,50,8,21,DarEsSalaam_tp_031
DarEsSalaam,50,8,22,DarEsSalaam_tp_073
DarEsSalaam,50,8,23,DarEsSalaam_tp_069
DarEsSalaam,50,8,24,DarEsSalaam_tp_043
DarEsSalaam,50,8,25,DarEsSalaam_tp_038
DarEsSalaam,50,8,26,DarEsSalaam_tp_072
DarEsSalaam,50,8,27,DarEsSalaam_tp_049
DarEsSalaam,50,8,28,DarEsSalaam_tp_046
DarEsSalaam,50,8,29,DarEsSalaam_tp_076
DarEsSalaam,50,8,30,DarEsSalaam_tp_017
DarEsSalaam,50,8,31,DarEsSalaam_tp_011
DarEsSalaam,50,8,32,DarEsSalaam_tp_028
DarEsSalaam,50,8,33,DarEsSalaam_tp_035
DarEsSalaam,50,8,34,DarEsSalaam_tp_052
DarEsSalaam,50,8,35,DarEsSalaam_tp_059
DarEsSalaam,50,8,36,DarEsSalaam_tp_025
DarEsSalaam,50,8,37,DarEsSalaam_tp_060
DarEsSalaam,50,8,38,DarEsSalaam_tp_055
DarEsSalaam,50,8,39,DarEsSalaam_tp_054
DarEsSalaam,50,8,40,DarEsSalaam_tp_033
DarEsSalaam,50,8,41,DarEsSalaam_tp_008
DarEsSalaam,50,8,42,DarEsSalaam_tp_001
DarEsSalaam,50,8,43,DarEsSalaam_tp_079
DarEsSalaam,50,8,44,DarEsSalaam_tp_065
DarEsSalaam,50,8,45,DarEsSalaam_tp_029
DarEsSalaam,50,8,46,DarEsSalaam_tp_056
DarEsSalaam,50,8,47,DarEsSalaam_tp_009
DarEsSalaam,50,8,48,DarEsSalaam_tp_071
DarEsSalaam,50,8,49,DarEsSalaam_tp_003
DarEsSalaam,10,9,0,DarEsSalaam_tp_016
DarEsSalaam,10,9,1,DarEsSalaam_tp_070
DarEsSalaam,10,9,2,DarEsSalaam_tp_037
DarEsSalaam,10,9,3,DarEsSalaam_tp_055
DarEsSalaam,10,9,4,DarEsSalaam_tp_029
DarEsSalaam,10,9,5,DarEsSalaam_tp_054
DarEsSalaam,10,9,6,DarEsSalaam_tp_042
DarEsSalaam,10,9,7,DarEsSalaam_tp_077
DarEsSalaam,10,9,8,DarEsSalaam_tp_001
DarEsSalaam,10,9,9,DarEsSalaam_tp_019
DarEsSalaam,25,9,0,DarEsSalaam_tp_016
DarEsSalaam,25,9,1,DarEsSalaam_tp_070
DarEsSalaam,25,9,2,DarEsSalaam_tp_037
DarEsSalaam,25,9,3,DarEsSalaam_tp_055
DarEsSalaam,25,9,4,DarEsSalaam_tp_029
DarEsSalaam,25,9,5,DarEsSalaam_tp_054
DarEsSalaam,25,9,6,DarEsSalaam_tp_042
DarEsSalaam,25,9,7,DarEsSalaam_tp_077
DarEsSalaam,25,9,8,DarEsSalaam_tp_001
DarEsSalaam,25,9,9,DarEsSalaam_tp_019
DarEsSalaam,25,9,10,DarEsSalaam_tp_003
DarEsSalaam,25,9,11,DarEsSalaam_tp_032
DarEsSalaam,25,9,12,DarEsSalaam_tp_024
DarEsSalaam,25,9,13,DarEsSalaam_tp_059
DarEsSalaam,25,9,14,DarEsSalaam_tp_067
DarEsSalaam,25,9,15,DarEsSalaam_tp_034
DarEsSalaam,25,9,16,DarEsSalaam_tp_013
DarEsSalaam,25,9,17,DarEsSalaam_tp_015
DarEsSalaam,25,9,18,DarEsSalaam_tp_036
DarEsSalaam,25,9,19,DarEsSalaam_tp_074
DarEsSalaam,25,9,20,DarEsSalaam_tp_027
DarEsSalaam,25,9,21,DarEsSalaam_tp_004
DarEsSalaam,25,9,22,DarEsSalaam_tp_050
DarEsSalaam,25,9,23,DarEsSalaam_tp_052
DarEsSalaam,25,9,24,DarEsSalaam_tp_021
DarEsSalaam,50,9,0,DarEsSalaam_tp_016
DarEsSalaam,50,9,1,DarEsSalaam_tp_070
DarEsSalaam,50,9,2,DarEsSalaam_tp_037
DarEsSalaam,50,9,3,DarEsSalaam_tp_055
DarEsSalaam,50,9,4,DarEsSalaam_tp_029
DarEsSalaam,50,9,5,DarEsSalaam_tp_054
DarEsSalaam,50,9,6,DarEsSalaam_tp_042
DarEsSalaam,50,9,7,DarEsSalaam_tp_077
DarEsSalaam,50,9,8,DarEsSalaam_tp_001
DarEsSalaam,50,9,9,DarEsSalaam_tp_019
DarEsSalaam,50,9,10,DarEsSalaam_tp_003
DarEsSalaam,50,9,11,DarEsSalaam_tp_032
DarEsSalaam,50,9,12,DarEsSalaam_tp_024
DarEsSalaam,50,9,13,DarEsSalaam_tp_059
DarEsSalaam,50,9,14,DarEsSalaam_tp_067
DarEsSalaam,50,9,15,DarEsSalaam_tp_034
DarEsSalaam,50,9,16,DarEsSalaam_tp_013
DarEsSalaam,50,9,17,DarEsSalaam_tp_015
DarEsSalaam,50,9,18,DarEsSalaam_tp_036
DarEsSalaam,50,9,19,DarEsSalaam_tp_074
DarEsSalaam,50,9,20,DarEsSalaam_tp_027
DarEsSalaam,50,9,21,DarEsSalaam_tp_004
DarEsSalaam,50,9,22,DarEsSalaam_tp_050
DarEsSalaam,50,9,23,DarEsSalaam_tp_052
DarEsSalaam,50,9,24,DarEsSalaam_tp_021
DarEsSalaam,50,9,25,DarEsSalaam_tp_030
DarEsSalaam,50,9,26,DarEsSalaam_tp_020
DarEsSalaam,50,9,27,DarEsSalaam_tp_043
DarEsSalaam,50,9,28,DarEsSalaam_tp_011
DarEsSalaam,50,9,29,DarEsSalaam_tp_049
DarEsSalaam,50,9,30,DarEsSalaam_tp_017
DarEsSalaam,50,9,31,DarEsSalaam_tp_062
DarEsSalaam,50,9,32,DarEsSalaam_tp_051
DarEsSalaam,50,9,33,DarEsSalaam_tp_033
DarEsSalaam,50,9,34,DarEsSalaam_tp_053
DarEsSalaam,50,9,35,DarEsSalaam_tp_069
DarEsSalaam,50,9,36,DarEsSalaam_tp_012
DarEsSalaam,50,9,37,DarEsSalaam_tp_058
DarEsSalaam,50,9,38,DarEsSalaam_tp_064
DarEsSalaam,50,9,39,DarEsSalaam_tp_009
DarEsSalaam,50,9,40,DarEsSalaam_tp_057
DarEsSalaam,50,9,41,DarEsSalaam_tp_010
DarEsSalaam,50,9,42,DarEsSalaam_tp_044
DarEsSalaam,50,9,43,DarEsSalaam_tp_045
DarEsSalaam,50,9,44,DarEsSalaam_tp_065
DarEsSalaam,50,9,45,DarEsSalaam_tp_025
DarEsSalaam,50,9,46,DarEsSalaam_tp_000
DarEsSalaam,50,9,47,DarEsSalaam_tp_075
DarEsSalaam,50,9,48,DarEsSalaam_tp_007
DarEsSalaam,50,9,49,DarEsSalaam_tp_079
Douala,10,0,0,Douala_tp_045
Douala,10,0,1,Douala_tp_064
Douala,10,0,2,Douala_tp_013
Douala,10,0,3,Douala_tp_032
Douala,10,0,4,Douala_tp_070
Douala,10,0,5,Douala_tp_044
Douala,10,0,6,Douala_tp_049
Douala,10,0,7,Douala_tp_054
Douala,10,0,8,Douala_tp_001
Douala,10,0,9,Douala_tp_037
Douala,25,0,0,Douala_tp_045
Douala,25,0,1,Douala_tp_064
Douala,25,0,2,Douala_tp_013
Douala,25,0,3,Douala_tp_032
Douala,25,0,4,Douala_tp_070
Douala,25,0,5,Douala_tp_044
Douala,25,0,6,Douala_tp_049
Douala,25,0,7,Douala_tp_054
Douala,25,0,8,Douala_tp_001
Douala,25,0,9,Douala_tp_037
Douala,25,0,10,Douala_tp_025
Douala,25,0,11,Douala_tp_014
Douala,25,0,12,Douala_tp_015
Douala,25,0,13,Douala_tp_023
Douala,25,0,14,Douala_tp_026
Douala,25,0,15,Douala_tp_020
Douala,25,0,16,Douala_tp_043
Douala,25,0,17,Douala_tp_063
Douala,25,0,18,Douala_tp_028
Douala,25,0,19,Douala_tp_030
Douala,25,0,20,Douala_tp_009
Douala,25,0,21,Douala_tp_038
Douala,25,0,22,Douala_tp_003
Douala,25,0,23,Douala_tp_035
Douala,25,0,24,Douala_tp_074
Douala,50,0,0,Douala_tp_045
Douala,50,0,1,Douala_tp_064
Douala,50,0,2,Douala_tp_013
Douala,50,0,3,Douala_tp_032
Douala,50,0,4,Douala_tp_070
Douala,50,0,5,Douala_tp_044
Douala,50,0,6,Douala_tp_049
Douala,50,0,7,Douala_tp_054
Douala,50,0,8,Douala_tp_001
Douala,50,0,9,Douala_tp_037
Douala,50,0,10,Douala_tp_025
Douala,50,0,11,Douala_tp_014
Douala,50,0,12,Douala_tp_015
Douala,50,0,13,Douala_tp_023
Douala,50,0,14,Douala_tp_026
Douala,50,0,15,Douala_tp_020
Douala,50,0,16,Douala_tp_043
Douala,50,0,17,Douala_tp_063
Douala,50,0,18,Douala_tp_028
Douala,50,0,19,Douala_tp_030
Douala,50,0,20,Douala_tp_009
Douala,50,0,21,Douala_tp_038
Douala,50,0,22,Douala_tp_003
Douala,50,0,23,Douala_tp_035
Douala,50,0,24,Douala_tp_074
Douala,50,0,25,Douala_tp_016
Douala,50,0,26,Douala_tp_039
Douala,50,0,27,Douala_tp_031
Douala,50,0,28,Douala_tp_010
Douala,50,0,29,Douala_tp_079
Douala,50,0,30,Douala_tp_078
Douala,50,0,31,Douala_tp_053
Douala,50,0,32,Douala_tp_004
Douala,50,0,33,Douala_tp_019
Douala,50,0,34,Douala_tp_077
Douala,50,0,35,Douala_tp_041
Douala,50,0,36,Douala_tp_029
Douala,50,0,37,Douala_tp_068
Douala,50,0,38,Douala_tp_024
Douala,50,0,39,Douala_tp_055
Douala,50,0,40,Douala_tp_065
Douala,50,0,41,Douala_tp_033
Douala,50,0,42,Douala_tp_022
Douala,50,0,43,Douala_tp_048
Douala,50,0,44,Douala_tp_042
Douala,50,0,45,Douala_tp_073
Douala,50,0,46,Douala_tp_011
Douala,50,0,47,Douala_tp_057
Douala,50,0,48,Douala_tp_007
Douala,50,0,49,Douala_tp_000
Douala,10,1,0,Douala_tp_031
Douala,10,1,1,Douala_tp_033
Douala,10,1,2,Douala_tp_051
Douala,10,1,3,Douala_tp_007
Douala,10,1,4,Douala_tp_042
Douala,10,1,5,Douala_tp_059
Douala,10,1,6,Douala_tp_066
Douala,10,1,7,Douala_tp_026
Douala,10,1,8,Douala_tp_029
Douala,10,1,9,Douala_tp_028
Douala,25,1,0,Douala_tp_031
Douala,25,1,1,Douala_tp_033
Douala,25,1,2,Douala_tp_051
Douala,25,1,3,Douala_tp_007
Douala,25,1,4,Douala_tp_042
Douala,25,1,5,Douala_tp_059
Douala,25,1,6,Douala_tp_066
Douala,25,1,7,Douala_tp_026
Douala,25,1,8,Douala_tp_029
Douala,25,1,9,Douala_tp_028
Douala,25,1,10,Douala_tp_016
Douala,25,1,11,Douala_tp_012
Douala,25,1,12,Douala_tp_069
Douala,25,1,13,Douala_tp_005
Douala,25,1,14,Douala_tp_027
Douala,25,1,15,Douala_tp_058
Douala,25,1,16,Douala_tp_003
Douala,25,1,17,Douala_tp_050
Douala,25,1,18,Douala_tp_068
Douala,25,1,19,Douala_tp_045
Douala,25,1,20,Douala_tp_064
Douala,25,1,21,Douala_tp_041
Douala,25,1,22,Douala_tp_011
Douala,25,1,23,Douala_tp_049
Douala,25,1,24,Douala_tp_072
Douala,50,1,0,Douala_tp_031
Douala,50,1,1,Douala_tp_033
Douala,50,1,2,Douala_tp_051
Douala,50,1,3,Douala_tp_007
Douala,50,1,4,Douala_tp_042
Douala,50,1,5,Douala_tp_059
Douala,50,1,6,Douala_tp_066
Douala,50,1,7,Douala_tp_026
Douala,50,1,8,Douala_tp_029
Douala,50,1,9,Douala_tp_028
Douala,50,1,10,Douala_tp_016
Douala,50,1,11,Douala_tp_012
Douala,50,1,12,Douala_tp_069
Douala,50,1,13,Douala_tp_005
Douala,50,1,14,Douala_tp_027
Douala,50,1,15,Douala_tp_058
Douala,50,1,16,Douala_tp_003
Douala,50,1,17,Douala_tp_050
Douala,50,1,18,Douala_tp_068
Douala,50,1,19,Douala_tp_045
Douala,50,1,20,Douala_tp_064
Douala,50,1,21,Douala_tp_041
Douala,50,1,22,Douala_tp_011
Douala,50,1,23,Douala_tp_049
Douala,50,1,24,Douala_tp_072
Douala,50,1,25,Douala_tp_076
Douala,50,1,26,Douala_tp_061
Douala,50,1,27,Douala_tp_035
Douala,50,1,28,Douala_tp_038
Douala,50,1,29,Douala_tp_032
Douala,50,1,30,Douala_tp_079
Douala,50,1,31,Douala_tp_065
Douala,50,1,32,Douala_tp_006
Douala,50,1,33,Douala_tp_044
Douala,50,1,34,Douala_tp_037
Douala,50,1,35,Douala_tp_013
Douala,50,1,36,Douala_tp_040
Douala,50,1,37,Douala_tp_017
Douala,50,1,38,Douala_tp_060
Douala,50,1,39,Douala_tp_036
Douala,50,1,40,Douala_tp_004
Douala,50,1,41,Douala_tp_075
Douala,50,1,42,Douala_tp_010
Douala,50,1,43,Douala_tp_023
Douala,50,1,44,Douala_tp_020
Douala,50,1,45,Douala_tp_054
Douala,50,1,46,Douala_tp_056
Douala,50,1,47,Douala_tp_070
Douala,50,1,48,Douala_tp_047
Douala,50,1,49,Douala_tp_055
Douala,10,2,0,Douala_tp_033
Douala,10,2,1,Douala_tp_036
Douala,10,2,2,Douala_tp_010
Douala,10,2,3,Douala_tp_050
Douala,10,2,4,Douala_tp_067
Douala,10,2,5,Douala_tp_014
Douala,10,2,6,Douala_tp_013
Douala,10,2,7,Douala_tp_060
Douala,10,2,8,Douala_tp_073
Douala,10,2,9,Douala_tp_045
Douala,25,2,0,Douala_tp_033
Douala,25,2,1,Douala_tp_036
Douala,25,2,2,Douala_tp_010
Douala,25,2,3,Douala_tp_050
Douala,25,2,4,Douala_tp_067
Douala,25,2,5,Douala_tp_014
Douala,25,2,6,Douala_tp_013
Douala,25,2,7,Douala_tp_060
Douala,25,2,8,Douala_tp_073
Douala,25,2,9,Douala_tp_045
Douala,25,2,10,Douala_tp_029
Douala,25,2,11,Douala_tp_076
Douala,25,2,12,Douala_tp_034
Douala,25,2,13,Douala_tp_027
Douala,25,2,14,Douala_tp_039
Douala,25,2,15,Douala_tp_000
Douala,25,2,16,Douala_tp_018
Douala,25,2,17,Douala_tp_026
Douala,25,2,18,Douala_tp_075
Douala,25,2,19,Douala_tp_072
Douala,25,2,20,Douala_tp_043
Douala,25,2,21,Douala_tp_049
Douala,25,2,22,Douala_tp_032
Douala,25,2,23,Douala_tp_030
Douala,25,2,24,Douala_tp_019
Douala,50,2,0,Douala_tp_033
Douala,50,2,1,Douala_tp_036
Douala,50,2,2,Douala_tp_010
Douala,50,2,3,Douala_tp_050
Douala,50,2,4,Douala_tp_067
Douala,50,2,5,Douala_tp_014
Douala,50,2,6,Douala_tp_013
Douala,50,2,7,Douala_tp_060
Douala,50,2,8,Douala_tp_073
Douala,50,2,9,Douala_tp_045
Douala,50,2,10,Douala_tp_029
Douala,50,2,11,Douala_tp_076
Douala,50,2,12,Douala_tp_034
Douala,50,2,13,Douala_tp_027
Douala,50,2,14,Douala_tp_039
Douala,50,2,15,Douala_tp_000
Douala,50,2,16,Douala_tp_018
Douala,50,2,17,Douala_tp_026
Douala,50,2,18,Douala_tp_075
Douala,50,2,19,Douala_tp_072
Douala,50,2,20,Douala_tp_043
Douala,50,2,21,Douala_tp_049
Douala,50,2,22,Douala_tp_032
Douala,50,2,23,Douala_tp_030
Douala,50,2,24,Douala_tp_019
Douala,50,2,25,Douala_tp_078
Douala,50,2,26,Douala_tp_057
Douala,50,2,27,Douala_tp_053
Douala,50,2,28,Douala_tp_012
Douala,50,2,29,Douala_tp_020
Douala,50,2,30,Douala_tp_024
Douala,50,2,31,Douala_tp_004
Douala,50,2,32,Douala_tp_048
Douala,50,2,33,Douala_tp_069
Douala,50,2,34,Douala_tp_035
Douala,50,2,35,Douala_tp_068
Douala,50,2,36,Douala_tp_038
Douala,50,2,37,Douala_tp_005
Douala,50,2,38,Douala_tp_047
Douala,50,2,39,Douala_tp_066
Douala,50,2,40,Douala_tp_028
Douala,50,2,41,Douala_tp_059
Douala,50,2,42,Douala_tp_003
Douala,50,2,43,Douala_tp_008
Douala,50,2,44,Douala_tp_022
Douala,50,2,45,Douala_tp_058
Douala,50,2,46,Douala_tp_046
Douala,50,2,47,Douala_tp_001
Douala,50,2,48,Douala_tp_064
Douala,50,2,49,Douala_tp_055
Douala,10,3,0,Douala_tp_062
Douala,10,3,1,Douala_tp_020
Douala,10,3,2,Douala_tp_000
Douala,10,3,3,Douala_tp_060
Douala,10,3,4,Douala_tp_056
Douala,10,3,5,Douala_tp_049
Douala,10,3,6,Douala_tp_028
Douala,10,3,7,Douala_tp_037
Douala,10,3,8,Douala_tp_061
Douala,10,3,9,Douala_tp_052
Douala,25,3,0,Douala_tp_062
Douala,25,3,1,Douala_tp_020
Douala,25,3,2,Douala_tp_000
Douala,25,3,3,Douala_tp_060
Douala,25,3,4,Douala_tp_056
Douala,25,3,5,Douala_tp_049
Douala,25,3,6,Douala_tp_028
Douala,25,3,7,Douala_tp_037
Douala,25,3,8,Douala_tp_061
Douala,25,3,9,Douala_tp_052
Douala,25,3,10,Douala_tp_065
Douala,25,3,11,Douala_tp_001
Douala,25,3,12,Douala_tp_039
Douala,25,3,13,Douala_tp_072
Douala,25,3,14,Douala_tp_059
Douala,25,3,15,Douala_tp_043
Douala,25,3,16,Douala_tp_069
Douala,25,3,17,Douala_tp_024
Douala,25,3,18,Douala_tp_079
Douala,25,3,19,Douala_tp_042
Douala,25,3,20,Douala_tp_016
Douala,25,3,21,Douala_tp_036
Douala,25,3,22,Douala_tp_053
Douala,25,3,23,Douala_tp_041
Douala,25,3,24,Douala_tp_074
Douala,50,3,0,Douala_tp_062
Douala,50,3,1,Douala_tp_020
Douala,50,3,2,Douala_tp_000
Douala,50,3,3,Douala_tp_060
Douala,50,3,4,Douala_tp_056
Douala,50,3,5,Douala_tp_049
Douala,50,3,6,Douala_tp_028
Douala,50,3,7,Douala_tp_037
Douala,50,3,8,Douala_tp_061
Douala,50,3,9,Douala_tp_052
Douala,50,3,10,Douala_tp_065
Douala,50,3,11,Douala_tp_001
Douala,50,3,12,Douala_tp_039
Douala,50,3,13,Douala_tp_072
Douala,50,3,14,Douala_tp_059
Douala,50,3,15,Douala_tp_043
Douala,50,3,16,Douala_tp_069
Douala,50,3,17,Douala_tp_024
Douala,50,3,18,Douala_tp_079
Douala,50,3,19,Douala_tp_042
Douala,50,3,20,Douala_tp_016
Douala,50,3,21,Douala_tp_036
Douala,50,3,22,Douala_tp_053
Douala,50,3,23,Douala_tp_041
Douala,50,3,24,Douala_tp_074
Douala,50,3,25,Douala_tp_008
Douala,50,3,26,Douala_tp_033
Douala,50,3,27,Douala_tp_044
Douala,50,3,28,Douala_tp_017
Douala,50,3,29,Douala_tp_006
Douala,50,3,30,Douala_tp_070
Douala,50,3,31,Douala_tp_030
Douala,50,3,32,Douala_tp_071
Douala,50,3,33,Douala_tp_005
Douala,50,3,34,Douala_tp_023
Douala,50,3,35,Douala_tp_014
Douala,50,3,36,Douala_tp_021
Douala,50,3,37,Douala_tp_063
Douala,50,3,38,Douala_tp_051
Douala,50,3,39,Douala_tp_045
Douala,50,3,40,Douala_tp_029
Douala,50,3,41,Douala_tp_007
Douala,50,3,42,Douala_tp_066
Douala,50,3,43,Douala_tp_018
Douala,50,3,44,Douala_tp_011
Douala,50,3,45,Douala_tp_038
Douala,50,3,46,Douala_tp_035
Douala,50,3,47,Douala_tp_002
Douala,50,3,48,Douala_tp_064
Douala,50,3,49,Douala_tp_012
Douala,10,4,0,Douala_tp_075
Douala,10,4,1,Douala_tp_048
Douala,10,4,2,Douala_tp_055
Douala,10,4,3,Douala_tp_056
Douala,10,4,4,Douala_tp_009
Douala,10,4,5,Douala_tp_045
Douala,10,4,6,Douala_tp_073
Douala,10,4,7,Douala_tp_008
Douala,10,4,8,Douala_tp_025
Douala,10,4,9,Douala_tp_078
Douala,25,4,0,Douala_tp_075
Douala,25,4,1,Douala_tp_048
Douala,25,4,2,Douala_tp_055
Douala,25,4,3,Douala_tp_056
Douala,25,4,4,Douala_tp_009
Douala,25,4,5,Douala_tp_045
Douala,25,4,6,Douala_tp_073
Douala,25,4,7,Douala_tp_008
Douala,25,4,8,Douala_tp_025
Douala,25,4,9,Douala_tp_078
Douala,25,4,10,Douala_tp_057
Douala,25,4,11,Douala_tp_001
Douala,25,4,12,Douala_tp_027
Douala,25,4,13,Douala_tp_072
Douala,25,4,14,Douala_tp_011
Douala,25,4,15,Douala_tp_066
Douala,25,4,16,Douala_tp_024
Douala,25,4,17,Douala_tp_071
Douala,25,4,18,Douala_tp_033
Douala,25,4,19,Douala_tp_020
Douala,25,4,20,Douala_tp_036
Douala,25,4,21,Douala_tp_049
Douala,25,4,22,Douala_tp_035
Douala,25,4,23,Douala_tp_054
Douala,25,4,24,Douala_tp_037
Douala,50,4,0,Douala_tp_075
Douala,50,4,1,Douala_tp_048
Douala,50,4,2,Douala_tp_055
Douala,50,4,3,Douala_tp_056
Douala,50,4,4,Douala_tp_009
Douala,50,4,5,Douala_tp_045
Douala,50,4,6,Douala_tp_073
Douala,50,4,7,Douala_tp_008
Douala,50,4,8,Douala_tp_025
Douala,50,4,9,Douala_tp_078
Douala,50,4,10,Douala_tp_057
Douala,50,4,11,Douala_tp_001
Douala,50,4,12,Douala_tp_027
Douala,50,4,13,Douala_tp_072
Douala,50,4,14,Douala_tp_011
Douala,50,4,15,Douala_tp_066
Douala,50,4,16,Douala_tp_024
Douala,50,4,17,Douala_tp_071
Douala,50,4,18,Douala_tp_033
Douala,50,4,19,Douala_tp_020
Douala,50,4,20,Douala_tp_036
Douala,50,4,21,Douala_tp_049
Douala,50,4,22,Douala_tp_035
Douala,50,4,23,Douala_tp_054
Douala,50,4,24,Douala_tp_037
Douala,50,4,25,Douala_tp_053
Douala,50,4,26,Douala_tp_014
Douala,50,4,27,Douala_tp_028
Douala,50,4,28,Douala_tp_002
Douala,50,4,29,Douala_tp_026
Douala,50,4,30,Douala_tp_077
Douala,50,4,31,Douala_tp_044
Douala,50,4,32,Douala_tp_004
Douala,50,4,33,Douala_tp_050
Douala,50,4,34,Douala_tp_032
Douala,50,4,35,Douala_tp_063
Douala,50,4,36,Douala_tp_019
Douala,50,4,37,Douala_tp_041
Douala,50,4,38,Douala_tp_016
Douala,50,4,39,Douala_tp_070
Douala,50,4,40,Douala_tp_067
Douala,50,4,41,Douala_tp_046
Douala,50,4,42,Douala_tp_062
Douala,50,4,43,Douala_tp_038
Douala,50,4,44,Douala_tp_031
Douala,50,4,45,Douala_tp_003
Douala,50,4,46,Douala_tp_039
Douala,50,4,47,Douala_tp_010
Douala,50,4,48,Douala_tp_060
Douala,50,4,49,Douala_tp_018
Douala,10,5,0,Douala_tp_014
Douala,10,5,1,Douala_tp_040
Douala,10,5,2,Douala_tp_023
Douala,10,5,3,Douala_tp_048
Douala,10,5,4,Douala_tp_003
Douala,10,5,5,Douala_tp_030
Douala,10,5,6,Douala_tp_073
Douala,10,5,7,Douala_tp_063
Douala,10,5,8,Douala_tp_017
Douala,10,5,9,Douala_tp_033
Douala,25,5,0,Douala_tp_014
Douala,25,5,1,Douala_tp_040
Douala,25,5,2,Douala_tp_023
Douala,25,5,3,Douala_tp_048
Douala,25,5,4,Douala_tp_003
Douala,25,5,5,Douala_tp_030
Douala,25,5,6,Douala_tp_073
Douala,25,5,7,Douala_tp_063
Douala,25,5,8,Douala_tp_017
Douala,25,5,9,Douala_tp_033
Douala,25,5,10,Douala_tp_076
Douala,25,5,11,Douala_tp_056
Douala,25,5,12,Douala_tp_059
Douala,25,5,13,Douala_tp_039
Douala,25,5,14,Douala_tp_053
Douala,25,5,15,Douala_tp_015
Douala,25,5,16,Douala_tp_072
Douala,25,5,17,Douala_tp_050
Douala,25,5,18,Douala_tp_032
Douala,25,5,19,Douala_tp_021
Douala,25,5,20,Douala_tp_042
Douala,25,5,21,Douala_tp_005
Douala,25,5,22,Douala_tp_049
Douala,25,5,23,Douala_tp_036
Douala,25,5,24,Douala_tp_028
Douala,50,5,0,Douala_tp_014
Douala,50,5,1,Douala_tp_040
Douala,50,5,2,Douala_tp_023
Douala,50,5,3,Douala_tp_048
Douala,50,5,4,Douala_tp_003
Douala,50,5,5,Douala_tp_030
Douala,50,5,6,Douala_tp_073
Douala,50,5,7,Douala_tp_063
Douala,50,5,8,Douala_tp_017
Douala,50,5,9,Douala_tp_033
Douala,50,5,10,Douala_tp_076
Douala,50,5,11,Douala_tp_056
Douala,50,5,12,Douala_tp_059
Douala,50,5,13,Douala_tp_039
Douala,50,5,14,Douala_tp_053
Douala,50,5,15,Douala_tp_015
Douala,50,5,16,Douala_tp_072
Douala,50,5,17,Douala_tp_050
Douala,50,5,18,Douala_tp_032
Douala,50,5,19,Douala_tp_021
Douala,50,5,20,Douala_tp_042
Douala,50,5,21,Douala_tp_005
Douala,50,5,22,Douala_tp_049
Douala,50,5,23,Douala_tp_036
Douala,50,5,24,Douala_tp_028
Douala,50,5,25,Douala_tp_011
Douala,50,5,26,Douala_tp_024
Douala,50,5,27,Douala_tp_075
Douala,50,5,28,Douala_tp_047
Douala,50,5,29,Douala_tp_010
Douala,50,5,30,Douala_tp_061
Douala,50,5,31,Douala_tp_045
Douala,50,5,32,Douala_tp_058
Douala,50,5,33,Douala_tp_020
Douala,50,5,34,Douala_tp_031
Douala,50,5,35,Douala_tp_078
Douala,50,5,36,Douala_tp_026
Douala,50,5,37,Douala_tp_066
Douala,50,5,38,Douala_tp_006
Douala,50,5,39,Douala_tp_037
Douala,50,5,40,Douala_tp_065
Douala,50,5,41,Douala_tp_034
Douala,50,5,42,Douala_tp_069
Douala,50,5,43,Douala_tp_070
Douala,50,5,44,Douala_tp_068
Douala,50,5,45,Douala_tp_044
Douala,50,5,46,Douala_tp_043
Douala,50,5,47,Douala_tp_007
Douala,50,5,48,Douala_tp_067
Douala,50,5,49,Douala_tp_046
Douala,10,6,0,Douala_tp_026
Douala,10,6,1,Douala_tp_045
Douala,10,6,2,Douala_tp_067
Douala,10,6,3,Douala_tp_030
Douala,10,6,4,Douala_tp_022
Douala,10,6,5,Douala_tp_052
Douala,10,6,6,Douala_tp_028
Douala,10,6,7,Douala_tp_035
Douala,10,6,8,Douala_tp_062
Douala,10,6,9,Douala_tp_042
Douala,25,6,0,Douala_tp_026
Douala,25,6,1,Douala_tp_045
Douala,25,6,2,Douala_tp_067
Douala,25,6,3,Douala_tp_030
Douala,25,6,4,Douala_tp_022
Douala,25,6,5,Douala_tp_052
Douala,25,6,6,Douala_tp_028
Douala,25,6,7,Douala_tp_035
Douala,25,6,8,Douala_tp_062
Douala,25,6,9,Douala_tp_042
Douala,25,6,10,Douala_tp_051
Douala,25,6,11,Douala_tp_025
Douala,25,6,12,Douala_tp_073
Douala,25,6,13,Douala_tp_056
Douala,25,6,14,Douala_tp_079
Douala,25,6,15,Douala_tp_057
Douala,25,6,16,Douala_tp_078
Douala,25,6,17,Douala_tp_038
Douala,25,6,18,Douala_tp_060
Douala,25,6,19,Douala_tp_019
Douala,25,6,20,Douala_tp_011
Douala,25,6,21,Douala_tp_000
Douala,25,6,22,Douala_tp_075
Douala,25,6,23,Douala_tp_064
Douala,25,6,24,Douala_tp_055
Douala,50,6,0,Douala_tp_026
Douala,50,6,1,Douala_tp_045
Douala,50,6,2,Douala_tp_067
Douala,50,6,3,Douala_tp_030
Douala,50,6,4,Douala_tp_022
Douala,50,6,5,Douala_tp_052
Douala,50,6,6,Douala_tp_028
Douala,50,6,7,Douala_tp_035
Douala,50,6,8,Douala_tp_062
Douala,50,6,9,Douala_tp_042
Douala,50,6,10,Douala_tp_051
Douala,50,6,11,Douala_tp_025
Douala,50,6,12,Douala_tp_073
Douala,50,6,13,Douala_tp_056
Douala,50,6,14,Douala_tp_079
Douala,50,6,15,Douala_tp_057
Douala,50,6,16,Douala_tp_078
Douala,50,6,17,Douala_tp_038
Douala,50,6,18,Douala_tp_060
Douala,50,6,19,Douala_tp_019
Douala,50,6,20,Douala_tp_011
Douala,50,6,21,Douala_tp_000
Douala,50,6,22,Douala_tp_075
Douala,50,6,23,Douala_tp_064
Douala,50,6,24,Douala_tp_055
Douala,50,6,25,Douala_tp_015
Douala,50,6,26,Douala_tp_010
Douala,50,6,27,Douala_tp_050
Douala,50,6,28,Douala_tp_023
Douala,50,6,29,Douala_tp_034
Douala,50,6,30,Douala_tp_029
Douala,50,6,31,Douala_tp_043
Douala,50,6,32,Douala_tp_061
Douala,50,6,33,Douala_tp_006
Douala,50,6,34,Douala_tp_054
Douala,50,6,35,Douala_tp_072
Douala,50,6,36,Douala_tp_036
Douala,50,6,37,Douala_tp_033
Douala,50,6,38,Douala_tp_059
Douala,50,6,39,Douala_tp_046
Douala,50,6,40,Douala_tp_069
Douala,50,6,41,Douala_tp_076
Douala,50,6,42,Douala_tp_001
Douala,50,6,43,Douala_tp_041
Douala,50,6,44,Douala_tp_017
Douala,50,6,45,Douala_tp_071
Douala,50,6,46,Douala_tp_066
Douala,50,6,47,Douala_tp_070
Douala,50,6,48,Douala_tp_053
Douala,50,6,49,Douala_tp_044
Douala,10,7,0,Douala_tp_068
Douala,10,7,1,Douala_tp_037
Douala,10,7,2,Douala_tp_021
Douala,10,7,3,Douala_tp_024
Douala,10,7,4,Douala_tp_066
Douala,10,7,5,Douala_tp_018
Douala,10,7,6,Douala_tp_067
Douala,10,7,7,Douala_tp_029
Douala,10,7,8,Douala_tp_064
Douala,10,7,9,Douala_tp_036
Douala,25,7,0,Douala_tp_068
Douala,25,7,1,Douala_tp_037
Douala,25,7,2,Douala_tp_021
Douala,25,7,3,Douala_tp_024
Douala,25,7,4,Douala_tp_066
Douala,25,7,5,Douala_tp_018
Douala,25,7,6,Douala_tp_067
Douala,25,7,7,Douala_tp_029
Douala,25,7,8,Douala_tp_064
Douala,25,7,9,Douala_tp_036
Douala,25,7,10,Douala_tp_016
Douala,25,7,11,Douala_tp_030
Douala,25,7,12,Douala_tp_048
Douala,25,7,13,Douala_tp_010
Douala,25,7,14,Douala_tp_028
Douala,25,7,15,Douala_tp_047
Douala,25,7,16,Douala_tp_022
Douala,25,7,17,Douala_tp_045
Douala,25,7,18,Douala_tp_069
Douala,25,7,19,Douala_tp_077
Douala,25,7,20,Douala_tp_051
Douala,25,7,21,Douala_tp_004
Douala,25,7,22,Douala_tp_020
Douala,25,7,23,Douala_tp_032
Douala,25,7,24,Douala_tp_009
Douala,50,7,0,Douala_tp_068
Douala,50,7,1,Douala_tp_037
Douala,50,7,2,Douala_tp_021
Douala,50,7,3,Douala_tp_024
Douala,50,7,4,Douala_tp_066
Douala,50,7,5,Douala_tp_018
Douala,50,7,6,Douala_tp_067
Douala,50,7,7,Douala_tp_029
Douala,50,7,8,Douala_tp_064
Douala,50,7,9,Douala_tp_036
Douala,50,7,10,Douala_tp_016
Douala,50,7,11,Douala_tp_030
Douala,50,7,12,Douala_tp_048
Douala,50,7,13,Douala_tp_010
Douala,50,7,14,Douala_tp_028
Douala,50,7,15,Douala_tp_047
Douala,50,7,16,Douala_tp_022
Douala,50,7,17,Douala_tp_045
Douala,50,7,18,Douala_tp_069
Douala,50,7,19,Douala_tp_077
Douala,50,7,20,Douala_tp_051
Douala,50,7,21,Douala_tp_004
Douala,50,7,22,Douala_tp_020
Douala,50,7,23,Douala_tp_032
Douala,50,7,24,Douala_tp_009
Douala,50,7,25,Douala_tp_079
Douala,50,7,26,Douala_tp_012
Douala,50,7,27,Douala_tp_050
Douala,50,7,28,Douala_tp_002
Douala,50,7,29,Douala_tp_059
Douala,50,7,30,Douala_tp_060
Douala,50,7,31,Douala_tp_001
Douala,50,7,32,Douala_tp_026
Douala,50,7,33,Douala_tp_044
Douala,50,7,34,Douala_tp_054
Douala,50,7,35,Douala_tp_011
Douala,50,7,36,Douala_tp_031
Douala,50,7,37,Douala_tp_058
Douala,50,7,38,Douala_tp_035
Douala,50,7,39,Douala_tp_034
Douala,50,7,40,Douala_tp_014
Douala,50,7,41,Douala_tp_038
Douala,50,7,42,Douala_tp_056
Douala,50,7,43,Douala_tp_005
Douala,50,7,44,Douala_tp_008
Douala,50,7,45,Douala_tp_065
Douala,50,7,46,Douala_tp_049
Douala,50,7,47,Douala_tp_019
Douala,50,7,48,Douala_tp_017
Douala,50,7,49,Douala_tp_078
Douala,10,8,0,Douala_tp_046
Douala,10,8,1,Douala_tp_063
Douala,10,8,2,Douala_tp_024
Douala,10,8,3,Douala_tp_042
Douala,10,8,4,Douala_tp_019
Douala,10,8,5,Douala_tp_047
Douala,10,8,6,Douala_tp_059
Douala,10,8,7,Douala_tp_004
Douala,10,8,8,Douala_tp_070
Douala,10,8,9,Douala_tp_066
Douala,25,8,0,Douala_tp_046
Douala,25,8,1,Douala_tp_063
Douala,25,8,2,Douala_tp_024
Douala,25,8,3,Douala_tp_042
Douala,25,8,4,Douala_tp_019
Douala,25,8,5,Douala_tp_047
Douala,25,8,6,Douala_tp_059
Douala,25,8,7,Douala_tp_004
Douala,25,8,8,Douala_tp_070
Douala,25,8,9,Douala_tp_066
Douala,25,8,10,Douala_tp_026
Douala,25,8,11,Douala_tp_045
Douala,25,8,12,Douala_tp_041
Douala,25,8,13,Douala_tp_009
Douala,25,8,14,Douala_tp_006
Douala,25,8,15,Douala_tp_056
Douala,25,8,16,Douala_tp_073
Douala,25,8,17,Douala_tp_008
Douala,25,8,18,Douala_tp_076
Douala,25,8,19,Douala_tp_007
Douala,25,8,20,Douala_tp_035
Douala,25,8,21,Douala_tp_027
Douala,25,8,22,Douala_tp_034
Douala,25,8,23,Douala_tp_023
Douala,25,8,24,Douala_tp_020
Douala,50,8,0,Douala_tp_046
Douala,50,8,1,Douala_tp_063
Douala,50,8,2,Douala_tp_024
Douala,50,8,3,Douala_tp_042
Douala,50,8,4,Douala_tp_019
Douala,50,8,5,Douala_tp_047
Douala,50,8,6,Douala_tp_059
Douala,50,8,7,Douala_tp_004
Douala,50,8,8,Douala_tp_070
Douala,50,8,9,Douala_tp_066
Douala,50,8,10,Douala_tp_026
Douala,50,8,11,Douala_tp_045
Douala,50,8,12,Douala_tp_041
Douala,50,8,13,Douala_tp_009
Douala,50,8,14,Douala_tp_006
Douala,50,8,15,Douala_tp_056
Douala,50,8,16,Douala_tp_073
Douala,50,8,17,Douala_tp_008
Douala,50,8,18,Douala_tp_076
Douala,50,8,19,Douala_tp_007
Douala,50,8,20,Douala_tp_035
Douala,50,8,21,Douala_tp_027
Douala,50,8,22,Douala_tp_034
Douala,50,8,23,Douala_tp_023
Douala,50,8,24,Douala_tp_020
Douala,50,8,25,Douala_tp_071
Douala,50,8,26,Douala_tp_052
Douala,50,8,27,Douala_tp_054
Douala,50,8,28,Douala_tp_003
Douala,50,8,29,Douala_tp_005
Douala,50,8,30,Douala_tp_048
Douala,50,8,31,Douala_tp_021
Douala,50,8,32,Douala_tp_033
Douala,50,8,33,Douala_tp_002
Douala,50,8,34,Douala_tp_001
Douala,50,8,35,Douala_tp_011
Douala,50,8,36,Douala_tp_025
Douala,50,8,37,Douala_tp_017
Douala,50,8,38,Douala_tp_016
Douala,50,8,39,Douala_tp_075
Douala,50,8,40,Douala_tp_013
Douala,50,8,41,Douala_tp_061
Douala,50,8,42,Douala_tp_065
Douala,50,8,43,Douala_tp_074
Douala,50,8,44,Douala_tp_062
Douala,50,8,45,Douala_tp_029
Douala,50,8,46,Douala_tp_032
Douala,50,8,47,Douala_tp_079
Douala,50,8,48,Douala_tp_000
Douala,50,8,49,Douala_tp_057
Douala,10,9,0,Douala_tp_028
Douala,10,9,1,Douala_tp_056
Douala,10,9,2,Douala_tp_067
Douala,10,9,3,Douala_tp_015
Douala,10,9,4,Douala_tp_062
Douala,10,9,5,Douala_tp_024
Douala,10,9,6,Douala_tp_060
Douala,10,9,7,Douala_tp_000
Douala,10,9,8,Douala_tp_007
Douala,10,9,9,Douala_tp_003
Douala,25,9,0,Douala_tp_028
Douala,25,9,1,Douala_tp_056
Douala,25,9,2,Douala_tp_067
Douala,25,9,3,Douala_tp_015
Douala,25,9,4,Douala_tp_062
Douala,25,9,5,Douala_tp_024
Douala,25,9,6,Douala_tp_060
Douala,25,9,7,Douala_tp_000
Douala,25,9,8,Douala_tp_007
Douala,25,9,9,Douala_tp_003
Douala,25,9,10,Douala_tp_013
Douala,25,9,11,Douala_tp_018
Douala,25,9,12,Douala_tp_073
Douala,25,9,13,Douala_tp_074
Douala,25,9,14,Douala_tp_029
Douala,25,9,15,Douala_tp_052
Douala,25,9,16,Douala_tp_001
Douala,25,9,17,Douala_tp_027
Douala,25,9,18,Douala_tp_046
Douala,25,9,19,Douala_tp_026
Douala,25,9,20,Douala_tp_025
Douala,25,9,21,Douala_tp_011
Douala,25,9,22,Douala_tp_049
Douala,25,9,23,Douala_tp_038
Douala,25,9,24,Douala_tp_044
Douala,50,9,0,Douala_tp_028
Douala,50,9,1,Douala_tp_056
Douala,50,9,2,Douala_tp_067
Douala,50,9,3,Douala_tp_015
Douala,50,9,4,Douala_tp_062
Douala,50,9,5,Douala_tp_024
Douala,50,9,6,Douala_tp_060
Douala,50,9,7,Douala_tp_000
Douala,50,9,8,Douala_tp_007
Douala,50,9,9,Douala_tp_003
Douala,50,9,10,Douala_tp_013
Douala,50,9,11,Douala_tp_018
Douala,50,9,12,Douala_tp_073
Douala,50,9,13,Douala_tp_074
Douala,50,9,14,Douala_tp_029
Douala,50,9,15,Douala_tp_052
Douala,50,9,16,Douala_tp_001
Douala,50,9,17,Douala_tp_027
Douala,50,9,18,Douala_tp_046
Douala,50,9,19,Douala_tp_026
Douala,50,9,20,Douala_tp_025
Douala,50,9,21,Douala_tp_011
Douala,50,9,22,Douala_tp_049
Douala,50,9,23,Douala_tp_038
Douala,50,9,24,Douala_tp_044
Douala,50,9,25,Douala_tp_061
Douala,50,9,26,Douala_tp_055
Douala,50,9,27,Douala_tp_006
Douala,50,9,28,Douala_tp_036
Douala,50,9,29,Douala_tp_040
Douala,50,9,30,Douala_tp_014
Douala,50,9,31,Douala_tp_039
Douala,50,9,32,Douala_tp_075
Douala,50,9,33,Douala_tp_010
Douala,50,9,34,Douala_tp_008
Douala,50,9,35,Douala_tp_079
Douala,50,9,36,Douala_tp_016
Douala,50,9,37,Douala_tp_068
Douala,50,9,38,Douala_tp_069
Douala,50,9,39,Douala_tp_022
Douala,50,9,40,Douala_tp_048
Douala,50,9,41,Douala_tp_004
Douala,50,9,42,Douala_tp_064
Douala,50,9,43,Douala_tp_072
Douala,50,9,44,Douala_tp_058
Douala,50,9,45,Douala_tp_009
Douala,50,9,46,Douala_tp_012
Douala,50,9,47,Douala_tp_005
Douala,50,9,48,Douala_tp_050
Douala,50,9,49,Douala_tp_065
Garoua,10,0,0,Garoua_tp_056
Garoua,10,0,1,Garoua_tp_059
Garoua,10,0,2,Garoua_tp_019
Garoua,10,0,3,Garoua_tp_066
Garoua,10,0,4,Garoua_tp_034
Garoua,10,0,5,Garoua_tp_018
Garoua,10,0,6,Garoua_tp_067
Garoua,10,0,7,Garoua_tp_024
Garoua,10,0,8,Garoua_tp_007
Garoua,10,0,9,Garoua_tp_020
Garoua,25,0,0,Garoua_tp_056
Garoua,25,0,1,Garoua_tp_059
Garoua,25,0,2,Garoua_tp_019
Garoua,25,0,3,Garoua_tp_066
Garoua,25,0,4,Garoua_tp_034
Garoua,25,0,5,Garoua_tp_018
Garoua,25,0,6,Garoua_tp_067
Garoua,25,0,7,Garoua_tp_024
Garoua,25,0,8,Garoua_tp_007
Garoua,25,0,9,Garoua_tp_020
Garoua,25,0,10,Garoua_tp_074
Garoua,25,0,11,Garoua_tp_060
Garoua,25,0,12,Garoua_tp_039
Garoua,25,0,13,Garoua_tp_005
Garoua,25,0,14,Garoua_tp_038
Garoua,25,0,15,Garoua_tp_054
Garoua,25,0,16,Garoua_tp_063
Garoua,25,0,17,Garoua_tp_065
Garoua,25,0,18,Garoua_tp_055
Garoua,25,0,19,Garoua_tp_075
Garoua,25,0,20,Garoua_tp_028
Garoua,25,0,21,Garoua_tp_045
Garoua,25,0,22,Garoua_tp_072
Garoua,25,0,23,Garoua_tp_016
Garoua,25,0,24,Garoua_tp_061
Garoua,50,0,0,Garoua_tp_056
Garoua,50,0,1,Garoua_tp_059
Garoua,50,0,2,Garoua_tp_019
Garoua,50,0,3,Garoua_tp_066
Garoua,50,0,4,Garoua_tp_034
Garoua,50,0,5,Garoua_tp_018
Garoua,50,0,6,Garoua_tp_067
Garoua,50,0,7,Garoua_tp_024
Garoua,50,0,8,Garoua_tp_007
Garoua,50,0,9,Garoua_tp_020
Garoua,50,0,10,Garoua_tp_074
Garoua,50,0,11,Garoua_tp_060
Garoua,50,0,12,Garoua_tp_039
Garoua,50,0,13,Garoua_tp_005
Garoua,50,0,14,Garoua_tp_038
Garoua,50,0,15,Garoua_tp_054
Garoua,50,0,16,Garoua_tp_063
Garoua,50,0,17,Garoua_tp_065
Garoua,50,0,18,Garoua_tp_055
Garoua,50,0,19,Garoua_tp_075
Garoua,50,0,20,Garoua_tp_028
Garoua,50,0,21,Garoua_tp_045
Garoua,50,0,22,Garoua_tp_072
Garoua,50,0,23,Garoua_tp_016
Garoua,50,0,24,Garoua_tp_061
Garoua,50,0,25,Garoua_tp_050
Garoua,50,0,26,Garoua_tp_037
Garoua,50,0,27,Garoua_tp_036
Garoua,50,0,28,Garoua_tp_053
Garoua,50,0,29,Garoua_tp_017
Garoua,50,0,30,Garoua_tp_051
Garoua,50,0,31,Garoua_tp_010
Garoua,50,0,32,Garoua_tp_079
Garoua,50,0,33,Garoua_tp_052
Garoua,50,0,34,Garoua_tp_000
Garoua,50,0,35,Garoua_tp_023
Garoua,50,0,36,Garoua_tp_040
Garoua,50,0,37,Garoua_tp_062
Garoua,50,0,38,Garoua_tp_021
Garoua,50,0,39,Garoua_tp_049
Garoua,50,0,40,Garoua_tp_011
Garoua,50,0,41,Garoua_tp_046
Garoua,50,0,42,Garoua_tp_031
Garoua,50,0,43,Garoua_tp_001
Garoua,50,0,44,Garoua_tp_035
Garoua,50,0,45,Garoua_tp_015
Garoua,50,0,46,Garoua_tp_009
Garoua,50,0,47,Garoua_tp_022
Garoua,50,0,48,Garoua_tp_044
Garoua,50,0,49,Garoua_tp_073
Garoua,10,1,0,Garoua_tp_035
Garoua,10,1,1,Garoua_tp_000
Garoua,10,1,2,Garoua_tp_069
Garoua,10,1,3,Garoua_tp_011
Garoua,10,1,4,Garoua_tp_043
Garoua,10,1,5,Garoua_tp_021
Garoua,10,1,6,Garoua_tp_042
Garoua,10,1,7,Garoua_tp_012
Garoua,10,1,8,Garoua_tp_001
Garoua,10,1,9,Garoua_tp_037
Garoua,25,1,0,Garoua_tp_035
Garoua,25,1,1,Garoua_tp_000
Garoua,25,1,2,Garoua_tp_069
Garoua,25,1,3,Garoua_tp_011
Garoua,25,1,4,Garoua_tp_043
Garoua,25,1,5,Garoua_tp_021
Garoua,25,1,6,Garoua_tp_042
Garoua,25,1,7,Garoua_tp_012
Garoua,25,1,8,Garoua_tp_001
Garoua,25,1,9,Garoua_tp_037
Garoua,25,1,10,Garoua_tp_034
Garoua,25,1,11,Garoua_tp_004
Garoua,25,1,12,Garoua_tp_031
Garoua,25,1,13,Garoua_tp_032
Garoua,25,1,14,Garoua_tp_075
Garoua,25,1,15,Garoua_tp_046
Garoua,25,1,16,Garoua_tp_033
Garoua,25,1,17,Garoua_tp_010
Garoua,25,1,18,Garoua_tp_073
Garoua,25,1,19,Garoua_tp_018
Garoua,25,1,20,Garoua_tp_040
Garoua,25,1,21,Garoua_tp_023
Garoua,25,1,22,Garoua_tp_072
Garoua,25,1,23,Garoua_tp_013
Garoua,25,1,24,Garoua_tp_025
Garoua,50,1,0,Garoua_tp_035
Garoua,50,1,1,Garoua_tp_000
Garoua,50,1,2,Garoua_tp_069
Garoua,50,1,3,Garoua_tp_011
Garoua,50,1,4,Garoua_tp_043
Garoua,50,1,5,Garoua_tp_021
Garoua,50,1,6,Garoua_tp_042
Garoua,50,1,7,Garoua_tp_012
Garoua,50,1,8,Garoua_tp_001
Garoua,50,1,9,Garoua_tp_037
Garoua,50,1,10,Garoua_tp_034
Garoua,50,1,11,Garoua_tp_004
Garoua,50,1,12,Garoua_tp_031
Garoua,50,1,13,Garoua_tp_032
Garoua,50,1,14,Garoua_tp_075
Garoua,50,1,15,Garoua_tp_046
Garoua,50,1,16,Garoua_tp_033
Garoua,50,1,17,Garoua_tp_010
Garoua,50,1,18,Garoua_tp_073
Garoua,50,1,19,Garoua_tp_018
Garoua,50,1,20,Garoua_tp_040
Garoua,50,1,21,Garoua_tp_023
Garoua,50,1,22,Garoua_tp_072
Garoua,50,1,23,Garoua_tp_013
Garoua,50,1,24,Garoua_tp_025
Garoua,50,1,25,Garoua_tp_049
Garoua,50,1,26,Garoua_tp_055
Garoua,50,1,27,Garoua_tp_058
Garoua,50,1,28,Garoua_tp_019
Garoua,50,1,29,Garoua_tp_065
Garoua,50,1,30,Garoua_tp_008
Garoua,50,1,31,Garoua_tp_007
Garoua,50,1,32,Garoua_tp_006
Garoua,50,1,33,Garoua_tp_060
Garoua,50,1,34,Garoua_tp_022
Garoua,50,1,35,Garoua_tp_047
Garoua,50,1,36,Garoua_tp_024
Garoua,50,1,37,Garoua_tp_074
Garoua,50,1,38,Garoua_tp_056
Garoua,50,1,39,Garoua_tp_044
Garoua,50,1,40,Garoua_tp_050
Garoua,50,1,41,Garoua_tp_020
Garoua,50,1,42,Garoua_tp_030
Garoua,50,1,43,Garoua_tp_016
Garoua,50,1,44,Garoua_tp_048
Garoua,50,1,45,Garoua_tp_045
Garoua,50,1,46,Garoua_tp_079
Garoua,50,1,47,Garoua_tp_014
Garoua,50,1,48,Garoua_tp_078
Garoua,50,1,49,Garoua_tp_002
Garoua,10,2,0,Garoua_tp_053
Garoua,10,2,1,Garoua_tp_062
Garoua,10,2,2,Garoua_tp_064
Garoua,10,2,3,Garoua_tp_011
Garoua,10,2,4,Garoua_tp_006
Garoua,10,2,5,Garoua_tp_027
Garoua,10,2,6,Garoua_tp_067
Garoua,10,2,7,Garoua_tp_047
Garoua,10,2,8,Garoua_tp_024
Garoua,10,2,9,Garoua_tp_049
Garoua,25,2,0,Garoua_tp_053
Garoua,25,2,1,Garoua_tp_062
Garoua,25,2,2,Garoua_tp_064
Garoua,25,2,3,Garoua_tp_011
Garoua,25,2,4,Garoua_tp_006
Garoua,25,2,5,Garoua_tp_027
Garoua,25,2,6,Garoua_tp_067
Garoua,25,2,7,Garoua_tp_047
Garoua,25,2,8,Garoua_tp_024
Garoua,25,2,9,Garoua_tp_049
Garoua,25,2,10,Garoua_tp_042
Garoua,25,2,11,Garoua_tp_002
Garoua,25,2,12,Garoua_tp_004
Garoua,25,2,13,Garoua_tp_069
Garoua,25,2,14,Garoua_tp_065
Garoua,25,2,15,Garoua_tp_051
Garoua,25,2,16,Garoua_tp_045
Garoua,25,2,17,Garoua_tp_001
Garoua,25,2,18,Garoua_tp_068
Garoua,25,2,19,Garoua_tp_058
Garoua,25,2,20,Garoua_tp_030
Garoua,25,2,21,Garoua_tp_013
Garoua,25,2,22,Garoua_tp_020
Garoua,25,2,23,Garoua_tp_032
Garoua,25,2,24,Garoua_tp_022
Garoua,50,2,0,Garoua_tp_053
Garoua,50,2,1,Garoua_tp_062
Garoua,50,2,2,Garoua_tp_064
Garoua,50,2,3,Garoua_tp_011
Garoua,50,2,4,Garoua_tp_006
Garoua,50,2,5,Garoua_tp_027
Garoua,50,2,6,Garoua_tp_067
Garoua,50,2,7,Garoua_tp_047
Garoua,50,2,8,Garoua_tp_024
Garoua,50,2,9,Garoua_tp_049
Garoua,50,2,10,Garoua_tp_042
Garoua,50,2,11,Garoua_tp_002
Garoua,50,2,12,Garoua_tp_004
Garoua,50,2,13,Garoua_tp_069
Garoua,50,2,14,Garoua_tp_065
Garoua,50,2,15,Garoua_tp_051
Garoua,50,2,16,Garoua_tp_045
Garoua,50,2,17,Garoua_tp_001
Garoua,50,2,18,Garoua_tp_068
Garoua,50,2,19,Garoua_tp_058
Garoua,50,2,20,Garoua_tp_030
Garoua,50,2,21,Garoua_tp_013
Garoua,50,2,22,Garoua_tp_020
Garoua,50,2,23,Garoua_tp_032
Garoua,50,2,24,Garoua_tp_022
Garoua,50,2,25,Garoua_tp_070
Garoua,50,2,26,Garoua_tp_059
Garoua,50,2,27,Garoua_tp_035
Garoua,50,2,28,Garoua_tp_044
Garoua,50,2,29,Garoua_tp_019
Garoua,50,2,30,Garoua_tp_034
Garoua,50,2,31,Garoua_tp_031
Garoua,50,2,32,Garoua_tp_079
Garoua,50,2,33,Garoua_tp_007
Garoua,50,2,34,Garoua_tp_077
Garoua,50,2,35,Garoua_tp_012
Garoua,50,2,36,Garoua_tp_060
Garoua,50,2,37,Garoua_tp_073
Garoua,50,2,38,Garoua_tp_017
Garoua,50,2,39,Garoua_tp_057
Garoua,50,2,40,Garoua_tp_038
Garoua,50,2,41,Garoua_tp_061
Garoua,50,2,42,Garoua_tp_008
Garoua,50,2,43,Garoua_tp_072
Garoua,50,2,44,Garoua_tp_026
Garoua,50,2,45,Garoua_tp_066
Garoua,50,2,46,Garoua_tp_076
Garoua,50,2,47,Garoua_tp_056
Garoua,50,2,48,Garoua_tp_048
Garoua,50,2,49,Garoua_tp_014
Garoua,10,3,0,Garoua_tp_000
Garoua,10,3,1,Garoua_tp_056
Garoua,10,3,2,Garoua_tp_067
Garoua,10,3,3,Garoua_tp_019
Garoua,10,3,4,Garoua_tp_046
Garoua,10,3,5,Garoua_tp_002
Garoua,10,3,6,Garoua_tp_039
Garoua,10,3,7,Garoua_tp_010
Garoua,10,3,8,Garoua_tp_077
Garoua,10,3,9,Garoua_tp_014
Garoua,25,3,0,Garoua_tp_000
Garoua,25,3,1,Garoua_tp_056
Garoua,25,3,2,Garoua_tp_067
Garoua,25,3,3,Garoua_tp_019
Garoua,25,3,4,Garoua_tp_046
Garoua,25,3,5,Garoua_tp_002
Garoua,25,3,6,Garoua_tp_039
Garoua,25,3,7,Garoua_tp_010
Garoua,25,3,8,Garoua_tp_077
Garoua,25,3,9,Garoua_tp_014
Garoua,25,3,10,Garoua_tp_025
Garoua,25,3,11,Garoua_tp_004
Garoua,25,3,12,Garoua_tp_068
Garoua,25,3,13,Garoua_tp_058
Garoua,25,3,14,Garoua_tp_055
Garoua,25,3,15,Garoua_tp_040
Garoua,25,3,16,Garoua_tp_026
Garoua,25,3,17,Garoua_tp_075
Garoua,25,3,18,Garoua_tp_035
Garoua,25,3,19,Garoua_tp_008
Garoua,25,3,20,Garoua_tp_057
Garoua,25,3,21,Garoua_tp_041
Garoua,25,3,22,Garoua_tp_061
Garoua,25,3,23,Garoua_tp_034
Garoua,25,3,24,Garoua_tp_005
Garoua,50,3,0,Garoua_tp_000
Garoua,50,3,1,Garoua_tp_056
Garoua,50,3,2,Garoua_tp_067
Garoua,50,3,3,Garoua_tp_019
Garoua,50,3,4,Garoua_tp_046
Garoua,50,3,5,Garoua_tp_002
Garoua,50,3,6,Garoua_tp_039
Garoua,50,3,7,Garoua_tp_010
Garoua,50,3,8,Garoua_tp_077
Garoua,50,3,9,Garoua_tp_014
Garoua,50,3,10,Garoua_tp_025
Garoua,50,3,11,Garoua_tp_004
Garoua,50,3,12,Garoua_tp_068
Garoua,50,3,13,Garoua_tp_058
Garoua,50,3,14,Garoua_tp_055
Garoua,50,3,15,Garoua_tp_040
Garoua,50,3,16,Garoua_tp_026
Garoua,50,3,17,Garoua_tp_075
Garoua,50,3,18,Garoua_tp_035
Garoua,50,3,19,Garoua_tp_008
Garoua,50,3,20,Garoua_tp_057
Garoua,50,3,21,Garoua_tp_041
Garoua,50,3,22,Garoua_tp_061
Garoua,50,3,23,Garoua_tp_034
Garoua,50,3,24,Garoua_tp_005
Garoua,50,3,25,Garoua_tp_007
Garoua,50,3,26,Garoua_tp_037
Garoua,50,3,27,Garoua_tp_042
Garoua,50,3,28,Garoua_tp_043
Garoua,50,3,29,Garoua_tp_069
Garoua,50,3,30,Garoua_tp_009
Garoua,50,3,31,Garoua_tp_028
Garoua,50,3,32,Garoua_tp_020
Garoua,50,3,33,Garoua_tp_024
Garoua,50,3,34,Garoua_tp_015
Garoua,50,3,35,Garoua_tp_079
Garoua,50,3,36,Garoua_tp_066
Garoua,50,3,37,Garoua_tp_023
Garoua,50,3,38,Garoua_tp_031
Garoua,50,3,39,Garoua_tp_060
Garoua,50,3,40,Garoua_tp_078
Garoua,50,3,41,Garoua_tp_073
Garoua,50,3,42,Garoua_tp_065
Garoua,50,3,43,Garoua_tp_044
Garoua,50,3,44,Garoua_tp_030
Garoua,50,3,45,Garoua_tp_048
Garoua,50,3,46,Garoua_tp_033
Garoua,50,3,47,Garoua_tp_018
Garoua,50,3,48,Garoua_tp_045
Garoua,50,3,49,Garoua_tp_017
Garoua,10,4,0,Garoua_tp_018
Garoua,10,4,1,Garoua_tp_021
Garoua,10,4,2,Garoua_tp_025
Garoua,10,4,3,Garoua_tp_065
Garoua,10,4,4,Garoua_tp_014
Garoua,10,4,5,Garoua_tp_059
Garoua,10,4,6,Garoua_tp_073
Garoua,10,4,7,Garoua_tp_011
Garoua,10,4,8,Garoua_tp_037
Garoua,10,4,9,Garoua_tp_068
Garoua,25,4,0,Garoua_tp_018
Garoua,25,4,1,Garoua_tp_021
Garoua,25,4,2,Garoua_tp_025
Garoua,25,4,3,Garoua_tp_065
Garoua,25,4,4,Garoua_tp_014
Garoua,25,4,5,Garoua_tp_059
Garoua,25,4,6,Garoua_tp_073
Garoua,25,4,7,Garoua_tp_011
Garoua,25,4,8,Garoua_tp_037
Garoua,25,4,9,Garoua_tp_068
Garoua,25,4,10,Garoua_tp_070
Garoua,25,4,11,Garoua_tp_040
Garoua,25,4,12,Garoua_tp_022
Garoua,25,4,13,Garoua_tp_033
Garoua,25,4,14,Garoua_tp_057
Garoua,25,4,15,Garoua_tp_034
Garoua,25,4,16,Garoua_tp_076
Garoua,25,4,17,Garoua_tp_061
Garoua,25,4,18,Garoua_tp_058
Garoua,25,4,19,Garoua_tp_036
Garoua,25,4,20,Garoua_tp_063
Garoua,25,4,21,Garoua_tp_039
Garoua,25,4,22,Garoua_tp_055
Garoua,25,4,23,Garoua_tp_066
Garoua,25,4,24,Garoua_tp_002
Garoua,50,4,0,Garoua_tp_018
Garoua,50,4,1,Garoua_tp_021
Garoua,50,4,2,Garoua_tp_025
Garoua,50,4,3,Garoua_tp_065
Garoua,50,4,4,Garoua_tp_014
Garoua,50,4,5,Garoua_tp_059
Garoua,50,4,6,Garoua_tp_073
Garoua,50,4,7,Garoua_tp_011
Garoua,50,4,8,Garoua_tp_037
Garoua,50,4,9,Garoua_tp_068
Garoua,50,4,10,Garoua_tp_070
Garoua,50,4,11,Garoua_tp_040
Garoua,50,4,12,Garoua_tp_022
Garoua,50,4,13,Garoua_tp_033
Garoua,50,4,14,Garoua_tp_057
Garoua,50,4,15,Garoua_tp_034
Garoua,50,4,16,Garoua_tp_076
Garoua,50,4,17,Garoua_tp_061
Garoua,50,4,18,Garoua_tp_058
Garoua,50,4,19,Garoua_tp_036
Garoua,50,4,20,Garoua_tp_063
Garoua,50,4,21,Garoua_tp_039
Garoua,50,4,22,Garoua_tp_055
Garoua,50,4,23,Garoua_tp_066
Garoua,50,4,24,Garoua_tp_002
Garoua,50,4,25,Garoua_tp_009
Garoua,50,4,26,Garoua_tp_015
Garoua,50,4,27,Garoua_tp_069
Garoua,50,4,28,Garoua_tp_024
Garoua,50,4,29,Garoua_tp_030
Garoua,50,4,30,Garoua_tp_075
Garoua,50,4,31,Garoua_tp_048
Garoua,50,4,32,Garoua_tp_026
Garoua,50,4,33,Garoua_tp_010
Garoua,50,4,34,Garoua_tp_077
Garoua,50,4,35,Garoua_tp_029
Garoua,50,4,36,Garoua_tp_051
Garoua,50,4,37,Garoua_tp_013
Garoua,50,4,38,Garoua_tp_060
Garoua,50,4,39,Garoua_tp_027
Garoua,50,4,40,Garoua_tp_012
Garoua,50,4,41,Garoua_tp_008
Garoua,50,4,42,Garoua_tp_031
Garoua,50,4,43,Garoua_tp_052
Garoua,50,4,44,Garoua_tp_047
Garoua,50,4,45,Garoua_tp_044
Garoua,50,4,46,Garoua_tp_071
Garoua,50,4,47,Garoua_tp_067
Garoua,50,4,48,Garoua_tp_078
Garoua,50,4,49,Garoua_tp_054
Garoua,10,5,0,Garoua_tp_031
Garoua,10,5,1,Garoua_tp_036
Garoua,10,5,2,Garoua_tp_020
Garoua,10,5,3,Garoua_tp_014
Garoua,10,5,4,Garoua_tp_043
Garoua,10,5,5,Garoua_tp_078
Garoua,10,5,6,Garoua_tp_032
Garoua,10,5,7,Garoua_tp_033
Garoua,10,5,8,Garoua_tp_053
Garoua,10,5,9,Garoua_tp_006
Garoua,25,5,0,Garoua_tp_031
Garoua,25,5,1,Garoua_tp_036
Garoua,25,5,2,Garoua_tp_020
Garoua,25,5,3,Garoua_tp_014
Garoua,25,5,4,Garoua_tp_043
Garoua,25,5,5,Garoua_tp_078
Garoua,25,5,6,Garoua_tp_032
Garoua,25,5,7,Garoua_tp_033
Garoua,25,5,8,Garoua_tp_053
Garoua,25,5,9,Garoua_tp_006
Garoua,25,5,10,Garoua_tp_071
Garoua,25,5,11,Garoua_tp_013
Garoua,25,5,12,Garoua_tp_037
Garoua,25,5,13,Garoua_tp_047
Garoua,25,5,14,Garoua_tp_069
Garoua,25,5,15,Garoua_tp_023
Garoua,25,5,16,Garoua_tp_076
Garoua,25,5,17,Garoua_tp_050
Garoua,25,5,18,Garoua_tp_015
Garoua,25,5,19,Garoua_tp_048
Garoua,25,5,20,Garoua_tp_012
Garoua,25,5,21,Garoua_tp_046
Garoua,25,5,22,Garoua_tp_045
Garoua,25,5,23,Garoua_tp_018
Garoua,25,5,24,Garoua_tp_044
Garoua,50,5,0,Garoua_tp_031
Garoua,50,5,1,Garoua_tp_036
Garoua,50,5,2,Garoua_tp_020
Garoua,50,5,3,Garoua_tp_014
Garoua,50,5,4,Garoua_tp_043
Garoua,50,5,5,Garoua_tp_078
Garoua,50,5,6,Garoua_tp_032
Garoua,50,5,7,Garoua_tp_033
Garoua,50,5,8,Garoua_tp_053
Garoua,50,5,9,Garoua_tp_006
Garoua,50,5,10,Garoua_tp_071
Garoua,50,5,11,Garoua_tp_013
Garoua,50,5,12,Garoua_tp_037
Garoua,50,5,13,Garoua_tp_047
Garoua,50,5,14,Garoua_tp_069
Garoua,50,5,15,Garoua_tp_023
Garoua,50,5,16,Garoua_tp_076
Garoua,50,5,17,Garoua_tp_050
Garoua,50,5,18,Garoua_tp_015
Garoua,50,5,19,Garoua_tp_048
Garoua,50,5,20,Garoua_tp_012
Garoua,50,5,21,Garoua_tp_046
Garoua,50,5,22,Garoua_tp_045
Garoua,50,5,23,Garoua_tp_018
Garoua,50,5,24,Garoua_tp_044
Garoua,50,5,25,Garoua_tp_060
Garoua,50,5,26,Garoua_tp_039
Garoua,50,5,27,Garoua_tp_019
Garoua,50,5,28,Garoua_tp_004
Garoua,50,5,29,Garoua_tp_070
Garoua,50,5,30,Garoua_tp_011
Garoua,50,5,31,Garoua_tp_051
Garoua,50,5,32,Garoua_tp_068
Garoua,50,5,33,Garoua_tp_079
Garoua,50,5,34,Garoua_tp_017
Garoua,50,5,35,Garoua_tp_075
Garoua,50,5,36,Garoua_tp_063
Garoua,50,5,37,Garoua_tp_008
Garoua,50,5,38,Garoua_tp_072
Garoua,50,5,39,Garoua_tp_002
Garoua,50,5,40,Garoua_tp_034
Garoua,50,5,41,Garoua_tp_061
Garoua,50,5,42,Garoua_tp_052
Garoua,50,5,43,Garoua_tp_065
Garoua,50,5,44,Garoua_tp_049
Garoua,50,5,45,Garoua_tp_000
Garoua,50,5,46,Garoua_tp_005
Garoua,50,5,47,Garoua_tp_038
Garoua,50,5,48,Garoua_tp_040
Garoua,50,5,49,Garoua_tp_056
Garoua,10,6,0,Garoua_tp_018
Garoua,10,6,1,Garoua_tp_054
Garoua,10,6,2,Garoua_tp_065
Garoua,10,6,3,Garoua_tp_078
Garoua,10,6,4,Garoua_tp_030
Garoua,10,6,5,Garoua_tp_016
Garoua,10,6,6,Garoua_tp_035
Garoua,10,6,7,Garoua_tp_038
Garoua,10,6,8,Garoua_tp_040
Garoua,10,6,9,Garoua_tp_011
Garoua,25,6,0,Garoua_tp_018
Garoua,25,6,1,Garoua_tp_054
Garoua,25,6,2,Garoua_tp_065
Garoua,25,6,3,Garoua_tp_078
Garoua,25,6,4,Garoua_tp_030
Garoua,25,6,5,Garoua_tp_016
Garoua,25,6,6,Garoua_tp_035
Garoua,25,6,7,Garoua_tp_038
Garoua,25,6,8,Garoua_tp_040
Garoua,25,6,9,Garoua_tp_011
Garoua,25,6,10,Garoua_tp_042
Garoua,25,6,11,Garoua_tp_069
Garoua,25,6,12,Garoua_tp_000
Garoua,25,6,13,Garoua_tp_073
Garoua,25,6,14,Garoua_tp_031
Garoua,25,6,15,Garoua_tp_066
Garoua,25,6,16,Garoua_tp_014
Garoua,25,6,17,Garoua_tp_041
Garoua,25,6,18,Garoua_tp_059
Garoua,25,6,19,Garoua_tp_024
Garoua,25,6,20,Garoua_tp_050
Garoua,25,6,21,Garoua_tp_056
Garoua,25,6,22,Garoua_tp_070
Garoua,25,6,23,Garoua_tp_033
Garoua,25,6,24,Garoua_tp_063
Garoua,50,6,0,Garoua_tp_018
Garoua,50,6,1,Garoua_tp_054
Garoua,50,6,2,Garoua_tp_065
Garoua,50,6,3,Garoua_tp_078
Garoua,50,6,4,Garoua_tp_030
Garoua,50,6,5,Garoua_tp_016
Garoua,50,6,6,Garoua_tp_035
Garoua,50,6,7,Garoua_tp_038
Garoua,50,6,8,Garoua_tp_040
Garoua,50,6,9,Garoua_tp_011
Garoua,50,6,10,Garoua_tp_042
Garoua,50,6,11,Garoua_tp_069
Garoua,50,6,12,Garoua_tp_000
Garoua,50,6,13,Garoua_tp_073
Garoua,50,6,14,Garoua_tp_031
Garoua,50,6,15,Garoua_tp_066
Garoua,50,6,16,Garoua_tp_014
Garoua,50,6,17,Garoua_tp_041
Garoua,50,6,18,Garoua_tp_059
Garoua,50,6,19,Garoua_tp_024
Garoua,50,6,20,Garoua_tp_050
Garoua,50,6,21,Garoua_tp_056
Garoua,50,6,22,Garoua_tp_070
Garoua,50,6,23,Garoua_tp_033
Garoua,50,6,24,Garoua_tp_063
Garoua,50,6,25,Garoua_tp_062
Garoua,50,6,26,Garoua_tp_013
Garoua,50,6,27,Garoua_tp_039
Garoua,50,6,28,Garoua_tp_009
Garoua,50,6,29,Garoua_tp_053
Garoua,50,6,30,Garoua_tp_037
Garoua,50,6,31,Garoua_tp_046
Garoua,50,6,32,Garoua_tp_043
Garoua,50,6,33,Garoua_tp_027
Garoua,50,6,34,Garoua_tp_023
Garoua,50,6,35,Garoua_tp_067
Garoua,50,6,36,Garoua_tp_049
Garoua,50,6,37,Garoua_tp_057
Garoua,50,6,38,Garoua_tp_051
Garoua,50,6,39,Garoua_tp_076
Garoua,50,6,40,Garoua_tp_012
Garoua,50,6,41,Garoua_tp_020
Garoua,50,6,42,Garoua_tp_045
Garoua,50,6,43,Garoua_tp_029
Garoua,50,6,44,Garoua_tp_010
Garoua,50,6,45,Garoua_tp_044
Garoua,50,6,46,Garoua_tp_058
Garoua,50,6,47,Garoua_tp_055
Garoua,50,6,48,Garoua_tp_048
Garoua,50,6,49,Garoua_tp_060
Garoua,10,7,0,Garoua_tp_049
Garoua,10,7,1,Garoua_tp_048
Garoua,10,7,2,Garoua_tp_027
Garoua,10,7,3,Garoua_tp_037
Garoua,10,7,4,Garoua_tp_069
Garoua,10,7,5,Garoua_tp_039
Garoua,10,7,6,Garoua_tp_066
Garoua,10,7,7,Garoua_tp_045
Garoua,10,7,8,Garoua_tp_040
Garoua,10,7,9,Garoua_tp_028
Garoua,25,7,0,Garoua_tp_049
Garoua,25,7,1,Garoua_tp_048
Garoua,25,7,2,Garoua_tp_027
Garoua,25,7,3,Garoua_tp_037
Garoua,25,7,4,Garoua_tp_069
Garoua,25,7,5,Garoua_tp_039
Garoua,25,7,6,Garoua_tp_066
Garoua,25,7,7,Garoua_tp_045
Garoua,25,7,8,Garoua_tp_040
Garoua,25,7,9,Garoua_tp_028
Garoua,25,7,10,Garoua_tp_022
Garoua,25,7,11,Garoua_tp_047
Garoua,25,7,12,Garoua_tp_003
Garoua,25,7,13,Garoua_tp_019
Garoua,25,7,14,Garoua_tp_052
Garoua,25,7,15,Garoua_tp_077
Garoua,25,7,16,Garoua_tp_018
Garoua,25,7,17,Garoua_tp_005
Garoua,25,7,18,Garoua_tp_073
Garoua,25,7,19,Garoua_tp_065
Garoua,25,7,20,Garoua_tp_054
Garoua,25,7,21,Garoua_tp_015
Garoua,25,7,22,Garoua_tp_014
Garoua,25,7,23,Garoua_tp_002
Garoua,25,7,24,Garoua_tp_042
Garoua,50,7,0,Garoua_tp_049
Garoua,50,7,1,Garoua_tp_048
Garoua,50,7,2,Garoua_tp_027
Garoua,50,7,3,Garoua_tp_037
Garoua,50,7,4,Garoua_tp_069
Garoua,50,7,5,Garoua_tp_039
Garoua,50,7,6,Garoua_tp_066
Garoua,50,7,7,Garoua_tp_045
Garoua,50,7,8,Garoua_tp_040
Garoua,50,7,9,Garoua_tp_028
Garoua,50,7,10,Garoua_tp_022
Garoua,50,7,11,Garoua_tp_047
Garoua,50,7,12,Garoua_tp_003
Garoua,50,7,13,Garoua_tp_019
Garoua,50,7,14,Garoua_tp_052
Garoua,50,7,15,Garoua_tp_077
Garoua,50,7,16,Garoua_tp_018
Garoua,50,7,17,Garoua_tp_005
Garoua,50,7,18,Garoua_tp_073
Garoua,50,7,19,Garoua_tp_065
Garoua,50,7,20,Garoua_tp_054
Garoua,50,7,21,Garoua_tp_015
Garoua,50,7,22,Garoua_tp_014
Garoua,50,7,23,Garoua_tp_002
Garoua,50,7,24,Garoua_tp_042
Garoua,50,7,25,Garoua_tp_035
Garoua,50,7,26,Garoua_tp_061
Garoua,50,7,27,Garoua_tp_062
Garoua,50,7,28,Garoua_tp_075
Garoua,50,7,29,Garoua_tp_060
Garoua,50,7,30,Garoua_tp_011
Garoua,50,7,31,Garoua_tp_043
Garoua,50,7,32,Garoua_tp_051
Garoua,50,7,33,Garoua_tp_030
Garoua,50,7,34,Garoua_tp_021
Garoua,50,7,35,Garoua_tp_023
Garoua,50,7,36,Garoua_tp_012
Garoua,50,7,37,Garoua_tp_024
Garoua,50,7,38,Garoua_tp_063
Garoua,50,7,39,Garoua_tp_006
Garoua,50,7,40,Garoua_tp_010
Garoua,50,7,41,Garoua_tp_072
Garoua,50,7,42,Garoua_tp_064
Garoua,50,7,43,Garoua_tp_016
Garoua,50,7,44,Garoua_tp_057
Garoua,50,7,45,Garoua_tp_058
Garoua,50,7,46,Garoua_tp_076
Garoua,50,7,47,Garoua_tp_071
Garoua,50,7,48,Garoua_tp_031
Garoua,50,7,49,Garoua_tp_053
Garoua,10,8,0,Garoua_tp_025
Garoua,10,8,1,Garoua_tp_041
Garoua,10,8,2,Garoua_tp_050
Garoua,10,8,3,Garoua_tp_033
Garoua,10,8,4,Garoua_tp_017
Garoua,10,8,5,Garoua_tp_004
Garoua,10,8,6,Garoua_tp_069
Garoua,10,8,7,Garoua_tp_003
Garoua,10,8,8,Garoua_tp_056
Garoua,10,8,9,Garoua_tp_074
Garoua,25,8,0,Garoua_tp_025
Garoua,25,8,1,Garoua_tp_041
Garoua,25,8,2,Garoua_tp_050
Garoua,25,8,3,Garoua_tp_033
Garoua,25,8,4,Garoua_tp_017
Garoua,25,8,5,Garoua_tp_004
Garoua,25,8,6,Garoua_tp_069
Garoua,25,8,7,Garoua_tp_003
Garoua,25,8,8,Garoua_tp_056
Garoua,25,8,9,Garoua_tp_074
Garoua,25,8,10,Garoua_tp_060
Garoua,25,8,11,Garoua_tp_006
Garoua,25,8,12,Garoua_tp_030
Garoua,25,8,13,Garoua_tp_059
Garoua,25,8,14,Garoua_tp_008
Garoua,25,8,15,Garoua_tp_042
Garoua,25,8,16,Garoua_tp_013
Garoua,25,8,17,Garoua_tp_015
Garoua,25,8,18,Garoua_tp_005
Garoua,25,8,19,Garoua_tp_035
Garoua,25,8,20,Garoua_tp_065
Garoua,25,8,21,Garoua_tp_045
Garoua,25,8,22,Garoua_tp_064
Garoua,25,8,23,Garoua_tp_032
Garoua,25,8,24,Garoua_tp_068
Garoua,50,8,0,Garoua_tp_025
Garoua,50,8,1,Garoua_tp_041
Garoua,50,8,2,Garoua_tp_050
Garoua,50,8,3,Garoua_tp_033
Garoua,50,8,4,Garoua_tp_017
Garoua,50,8,5,Garoua_tp_004
Garoua,50,8,6,Garoua_tp_069
Garoua,50,8,7,Garoua_tp_003
Garoua,50,8,8,Garoua_tp_056
Garoua,50,8,9,Garoua_tp_074
Garoua,50,8,10,Garoua_tp_060
Garoua,50,8,11,Garoua_tp_006
Garoua,50,8,12,Garoua_tp_030
Garoua,50,8,13,Garoua_tp_059
Garoua,50,8,14,Garoua_tp_008
Garoua,50,8,15,Garoua_tp_042
Garoua,50,8,16,Garoua_tp_013
Garoua,50,8,17,Garoua_tp_015
Garoua,50,8,18,Garoua_tp_005
Garoua,50,8,19,Garoua_tp_035
Garoua,50,8,20,Garoua_tp_065
Garoua,50,8,21,Garoua_tp_045
Garoua,50,8,22,Garoua_tp_064
Garoua,50,8,23,Garoua_tp_032
Garoua,50,8,24,Garoua_tp_068
Garoua,50,8,25,Garoua_tp_048
Garoua,50,8,26,Garoua_tp_046
Garoua,50,8,27,Garoua_tp_020
Garoua,50,8,28,Garoua_tp_002
Garoua,50,8,29,Garoua_tp_072
Garoua,50,8,30,Garoua_tp_031
Garoua,50,8,31,Garoua_tp_067
Garoua,50,8,32,Garoua_tp_058
Garoua,50,8,33,Garoua_tp_049
Garoua,50,8,34,Garoua_tp_053
Garoua,50,8,35,Garoua_tp_051
Garoua,50,8,36,Garoua_tp_036
Garoua,50,8,37,Garoua_tp_023
Garoua,50,8,38,Garoua_tp_019
Garoua,50,8,39,Garoua_tp_037
Garoua,50,8,40,Garoua_tp_034
Garoua,50,8,41,Garoua_tp_026
Garoua,50,8,42,Garoua_tp_029
Garoua,50,8,43,Garoua_tp_043
Garoua,50,8,44,Garoua_tp_011
Garoua,50,8,45,Garoua_tp_016
Garoua,50,8,46,Garoua_tp_061
Garoua,50,8,47,Garoua_tp_055
Garoua,50,8,48,Garoua_tp_057
Garoua,50,8,49,Garoua_tp_038
Garoua,10,9,0,Garoua_tp_016
Garoua,10,9,1,Garoua_tp_065
Garoua,10,9,2,Garoua_tp_075
Garoua,10,9,3,Garoua_tp_048
Garoua,10,9,4,Garoua_tp_040
Garoua,10,9,5,Garoua_tp_011
Garoua,10,9,6,Garoua_tp_055
Garoua,10,9,7,Garoua_tp_035
Garoua,10,9,8,Garoua_tp_020
Garoua,10,9,9,Garoua_tp_071
Garoua,25,9,0,Garoua_tp_016
Garoua,25,9,1,Garoua_tp_065
Garoua,25,9,2,Garoua_tp_075
Garoua,25,9,3,Garoua_tp_048
Garoua,25,9,4,Garoua_tp_040
Garoua,25,9,5,Garoua_tp_011
Garoua,25,9,6,Garoua_tp_055
Garoua,25,9,7,Garoua_tp_035
Garoua,25,9,8,Garoua_tp_020
Garoua,25,9,9,Garoua_tp_071
Garoua,25,9,10,Garoua_tp_022
Garoua,25,9,11,Garoua_tp_078
Garoua,25,9,12,Garoua_tp_062
Garoua,25,9,13,Garoua_tp_017
Garoua,25,9,14,Garoua_tp_029
Garoua,25,9,15,Garoua_tp_007
Garoua,25,9,16,Garoua_tp_034
Garoua,25,9,17,Garoua_tp_061
Garoua,25,9,18,Garoua_tp_074
Garoua,25,9,19,Garoua_tp_023
Garoua,25,9,20,Garoua_tp_056
Garoua,25,9,21,Garoua_tp_012
Garoua,25,9,22,Garoua_tp_058
Garoua,25,9,23,Garoua_tp_008
Garoua,25,9,24,Garoua_tp_028
Garoua,50,9,0,Garoua_tp_016
Garoua,50,9,1,Garoua_tp_065
Garoua,50,9,2,Garoua_tp_075
Garoua,50,9,3,Garoua_tp_048
Garoua,50,9,4,Garoua_tp_040
Garoua,50,9,5,Garoua_tp_011
Garoua,50,9,6,Garoua_tp_055
Garoua,50,9,7,Garoua_tp_035
Garoua,50,9,8,Garoua_tp_020
Garoua,50,9,9,Garoua_tp_071
Garoua,50,9,10,Garoua_tp_022
Garoua,50,9,11,Garoua_tp_078
Garoua,50,9,12,Garoua_tp_062
Garoua,50,9,13,Garoua_tp_017
Garoua,50,9,14,Garoua_tp_029
Garoua,50,9,15,Garoua_tp_007
Garoua,50,9,16,Garoua_tp_034
Garoua,50,9,17,Garoua_tp_061
Garoua,50,9,18,Garoua_tp_074
Garoua,50,9,19,Garoua_tp_023
Garoua,50,9,20,Garoua_tp_056
Garoua,50,9,21,Garoua_tp_012
Garoua,50,9,22,Garoua_tp_058
Garoua,50,9,23,Garoua_tp_008
Garoua,50,9,24,Garoua_tp_028
Garoua,50,9,25,Garoua_tp_042
Garoua,50,9,26,Garoua_tp_004
Garoua,50,9,27,Garoua_tp_025
Garoua,50,9,28,Garoua_tp_010
Garoua,50,9,29,Garoua_tp_013
Garoua,50,9,30,Garoua_tp_068
Garoua,50,9,31,Garoua_tp_019
Garoua,50,9,32,Garoua_tp_005
Garoua,50,9,33,Garoua_tp_041
Garoua,50,9,34,Garoua_tp_030
Garoua,50,9,35,Garoua_tp_045
Garoua,50,9,36,Garoua_tp_003
Garoua,50,9,37,Garoua_tp_069
Garoua,50,9,38,Garoua_tp_006
Garoua,50,9,39,Garoua_tp_073
Garoua,50,9,40,Garoua_tp_001
Garoua,50,9,41,Garoua_tp_036
Garoua,50,9,42,Garoua_tp_064
Garoua,50,9,43,Garoua_tp_009
Garoua,50,9,44,Garoua_tp_067
Garoua,50,9,45,Garoua_tp_060
Garoua,50,9,46,Garoua_tp_047
Garoua,50,9,47,Garoua_tp_039
Garoua,50,9,48,Garoua_tp_043
Garoua,50,9,49,Garoua_tp_000
Kigali,10,0,0,Kigali_tp_048
Kigali,10,0,1,Kigali_tp_059
Kigali,10,0,2,Kigali_tp_003
Kigali,10,0,3,Kigali_tp_073
Kigali,10,0,4,Kigali_tp_028
Kigali,10,0,5,Kigali_tp_001
Kigali,10,0,6,Kigali_tp_075
Kigali,10,0,7,Kigali_tp_033
Kigali,10,0,8,Kigali_tp_036
Kigali,10,0,9,Kigali_tp_037
Kigali,25,0,0,Kigali_tp_048
Kigali,25,0,1,Kigali_tp_059
Kigali,25,0,2,Kigali_tp_003
Kigali,25,0,3,Kigali_tp_073
Kigali,25,0,4,Kigali_tp_028
Kigali,25,0,5,Kigali_tp_001
Kigali,25,0,6,Kigali_tp_075
Kigali,25,0,7,Kigali_tp_033
Kigali,25,0,8,Kigali_tp_036
Kigali,25,0,9,Kigali_tp_037
Kigali,25,0,10,Kigali_tp_034
Kigali,25,0,11,Kigali_tp_019
Kigali,25,0,12,Kigali_tp_042
Kigali,25,0,13,Kigali_tp_049
Kigali,25,0,14,Kigali_tp_043
Kigali,25,0,15,Kigali_tp_006
Kigali,25,0,16,Kigali_tp_039
Kigali,25,0,17,Kigali_tp_018
Kigali,25,0,18,Kigali_tp_052
Kigali,25,0,19,Kigali_tp_029
Kigali,25,0,20,Kigali_tp_017
Kigali,25,0,21,Kigali_tp_065
Kigali,25,0,22,Kigali_tp_000
Kigali,25,0,23,Kigali_tp_008
Kigali,25,0,24,Kigali_tp_007
Kigali,50,0,0,Kigali_tp_048
Kigali,50,0,1,Kigali_tp_059
Kigali,50,0,2,Kigali_tp_003
Kigali,50,0,3,Kigali_tp_073
Kigali,50,0,4,Kigali_tp_028
Kigali,50,0,5,Kigali_tp_001
Kigali,50,0,6,Kigali_tp_075
Kigali,50,0,7,Kigali_tp_033
Kigali,50,0,8,Kigali_tp_036
Kigali,50,0,9,Kigali_tp_037
Kigali,50,0,10,Kigali_tp_034
Kigali,50,0,11,Kigali_tp_019
Kigali,50,0,12,Kigali_tp_042
Kigali,50,0,13,Kigali_tp_049
Kigali,50,0,14,Kigali_tp_043
Kigali,50,0,15,Kigali_tp_006
Kigali,50,0,16,Kigali_tp_039
Kigali,50,0,17,Kigali_tp_018
Kigali,50,0,18,Kigali_tp_052
Kigali,50,0,19,Kigali_tp_029
Kigali,50,0,20,Kigali_tp_017
Kigali,50,0,21,Kigali_tp_065
Kigali,50,0,22,Kigali_tp_000
Kigali,50,0,23,Kigali_tp_008
Kigali,50,0,24,Kigali_tp_007
Kigali,50,0,25,Kigali_tp_027
Kigali,50,0,26,Kigali_tp_076
Kigali,50,0,27,Kigali_tp_012
Kigali,50,0,28,Kigali_tp_072
Kigali,50,0,29,Kigali_tp_023
Kigali,50,0,30,Kigali_tp_050
Kigali,50,0,31,Kigali_tp_044
Kigali,50,0,32,Kigali_tp_022
Kigali,50,0,33,Kigali_tp_062
Kigali,50,0,34,Kigali_tp_070
Kigali,50,0,35,Kigali_tp_040
Kigali,50,0,36,Kigali_tp_069
Kigali,50,0,37,Kigali_tp_078
Kigali,50,0,38,Kigali_tp_060
Kigali,50,0,39,Kigali_tp_011
Kigali,50,0,40,Kigali_tp_046
Kigali,50,0,41,Kigali_tp_013
Kigali,50,0,42,Kigali_tp_064
Kigali,50,0,43,Kigali_tp_053
Kigali,50,0,44,Kigali_tp_079
Kigali,50,0,45,Kigali_tp_025
Kigali,50,0,46,Kigali_tp_063
Kigali,50,0,47,Kigali_tp_055
Kigali,50,0,48,Kigali_tp_015
Kigali,50,0,49,Kigali_tp_005
Kigali,10,1,0,Kigali_tp_007
Kigali,10,1,1,Kigali_tp_049
Kigali,10,1,2,Kigali_tp_021
Kigali,10,1,3,Kigali_tp_013
Kigali,10,1,4,Kigali_tp_044
Kigali,10,1,5,Kigali_tp_076
Kigali,10,1,6,Kigali_tp_068
Kigali,10,1,7,Kigali_tp_036
Kigali,10,1,8,Kigali_tp_054
Kigali,10,1,9,Kigali_tp_038
Kigali,25,1,0,Kigali_tp_007
Kigali,25,1,1,Kigali_tp_049
Kigali,25,1,2,Kigali_tp_021
Kigali,25,1,3,Kigali_tp_013
Kigali,25,1,4,Kigali_tp_044
Kigali,25,1,5,Kigali_tp_076
Kigali,25,1,6,Kigali_tp_068
Kigali,25,1,7,Kigali_tp_036
Kigali,25,1,8,Kigali_tp_054
Kigali,25,1,9,Kigali_tp_038
Kigali,25,1,10,Kigali_tp_043
Kigali,25,1,11,Kigali_tp_030
Kigali,25,1,12,Kigali_tp_073
Kigali,25,1,13,Kigali_tp_035
Kigali,25,1,14,Kigali_tp_062
Kigali,25,1,15,Kigali_tp_026
Kigali,25,1,16,Kigali_tp_023
Kigali,25,1,17,Kigali_tp_015
Kigali,25,1,18,Kigali_tp_022
Kigali,25,1,19,Kigali_tp_014
Kigali,25,1,20,Kigali_tp_006
Kigali,25,1,21,Kigali_tp_048
Kigali,25,1,22,Kigali_tp_074
Kigali,25,1,23,Kigali_tp_019
Kigali,25,1,24,Kigali_tp_071
Kigali,50,1,0,Kigali_tp_007
Kigali,50,1,1,Kigali_tp_049
Kigali,50,1,2,Kigali_tp_021
Kigali,50,1,3,Kigali_tp_013
Kigali,50,1,4,Kigali_tp_044
Kigali,50,1,5,Kigali_tp_076
Kigali,50,1,6,Kigali_tp_068
Kigali,50,1,7,Kigali_tp_036
Kigali,50,1,8,Kigali_tp_054
Kigali,50,1,9,Kigali_tp_038
Kigali,50,1,10,Kigali_tp_043
Kigali,50,1,11,Kigali_tp_030
Kigali,50,1,12,Kigali_tp_073
Kigali,50,1,13,Kigali_tp_035
Kigali,50,1,14,Kigali_tp_062
Kigali,50,1,15,Kigali_tp_026
Kigali,50,1,16,Kigali_tp_023
Kigali,50,1,17,Kigali_tp_015
Kigali,50,1,18,Kigali_tp_022
Kigali,50,1,19,Kigali_tp_014
Kigali,50,1,20,Kigali_tp_006
Kigali,50,1,21,Kigali_tp_048
Kigali,50,1,22,Kigali_tp_074
Kigali,50,1,23,Kigali_tp_019
Kigali,50,1,24,Kigali_tp_071
Kigali,50,1,25,Kigali_tp_024
Kigali,50,1,26,Kigali_tp_079
Kigali,50,1,27,Kigali_tp_033
Kigali,50,1,28,Kigali_tp_008
Kigali,50,1,29,Kigali_tp_029
Kigali,50,1,30,Kigali_tp_041
Kigali,50,1,31,Kigali_tp_065
Kigali,50,1,32,Kigali_tp_072
Kigali,50,1,33,Kigali_tp_066
Kigali,50,1,34,Kigali_tp_032
Kigali,50,1,35,Kigali_tp_075
Kigali,50,1,36,Kigali_tp_018
Kigali,50,1,37,Kigali_tp_061
Kigali,50,1,38,Kigali_tp_077
Kigali,50,1,39,Kigali_tp_047
Kigali,50,1,40,Kigali_tp_039
Kigali,50,1,41,Kigali_tp_070
Kigali,50,1,42,Kigali_tp_055
Kigali,50,1,43,Kigali_tp_057
Kigali,50,1,44,Kigali_tp_051
Kigali,50,1,45,Kigali_tp_027
Kigali,50,1,46,Kigali_tp_040
Kigali,50,1,47,Kigali_tp_067
Kigali,50,1,48,Kigali_tp_003
Kigali,50,1,49,Kigali_tp_001
Kigali,10,2,0,Kigali_tp_071
Kigali,10,2,1,Kigali_tp_034
Kigali,10,2,2,Kigali_tp_048
Kigali,10,2,3,Kigali_tp_046
Kigali,10,2,4,Kigali_tp_040
Kigali,10,2,5,Kigali_tp_064
Kigali,10,2,6,Kigali_tp_063
Kigali,10,2,7,Kigali_tp_066
Kigali,10,2,8,Kigali_tp_044
Kigali,10,2,9,Kigali_tp_041
Kigali,25,2,0,Kigali_tp_071
Kigali,25,2,1,Kigali_tp_034
Kigali,25,2,2,Kigali_tp_048
Kigali,25,2,3,Kigali_tp_046
Kigali,25,2,4,Kigali_tp_040
Kigali,25,2,5,Kigali_tp_064
Kigali,25,2,6,Kigali_tp_063
Kigali,25,2,7,Kigali_tp_066
Kigali,25,2,8,Kigali_tp_044
Kigali,25,2,9,Kigali_tp_041
Kigali,25,2,10,Kigali_tp_022
Kigali,25,2,11,Kigali_tp_050
Kigali,25,2,12,Kigali_tp_026
Kigali,25,2,13,Kigali_tp_038
Kigali,25,2,14,Kigali_tp_029
Kigali,25,2,15,Kigali_tp_058
Kigali,25,2,16,Kigali_tp_013
Kigali,25,2,17,Kigali_tp_052
Kigali,25,2,18,Kigali_tp_027
Kigali,25,2,19,Kigali_tp_024
Kigali,25,2,20,Kigali_tp_059
Kigali,25,2,21,Kigali_tp_031
Kigali,25,2,22,Kigali_tp_062
Kigali,25,2,23,Kigali_tp_042
Kigali,25,2,24,Kigali_tp_033
Kigali,50,2,0,Kigali_tp_071
Kigali,50,2,1,Kigali_tp_034
Kigali,50,2,2,Kigali_tp_048
Kigali,50,2,3,Kigali_tp_046
Kigali,50,2,4,Kigali_tp_040
Kigali,50,2,5,Kigali_tp_064
Kigali,50,2,6,Kigali_tp_063
Kigali,50,2,7,Kigali_tp_066
Kigali,50,2,8,Kigali_tp_044
Kigali,50,2,9,Kigali_tp_041
Kigali,50,2,10,Kigali_tp_022
Kigali,50,2,11,Kigali_tp_050
Kigali,50,2,12,Kigali_tp_026
Kigali,50,2,13,Kigali_tp_038
Kigali,50,2,14,Kigali_tp_029
Kigali,50,2,15,Kigali_tp_058
Kigali,50,2,16,Kigali_tp_013
Kigali,50,2,17,Kigali_tp_052
Kigali,50,2,18,Kigali_tp_027
Kigali,50,2,19,Kigali_tp_024
Kigali,50,2,20,Kigali_tp_059
Kigali,50,2,21,Kigali_tp_031
Kigali,50,2,22,Kigali_tp_062
Kigali,50,2,23,Kigali_tp_042
Kigali,50,2,24,Kigali_tp_033
Kigali,50,2,25,Kigali_tp_030
Kigali,50,2,26,Kigali_tp_051
Kigali,50,2,27,Kigali_tp_008
Kigali,50,2,28,Kigali_tp_025
Kigali,50,2,29,Kigali_tp_014
Kigali,50,2,30,Kigali_tp_055
Kigali,50,2,31,Kigali_tp_067
Kigali,50,2,32,Kigali_tp_001
Kigali,50,2,33,Kigali_tp_070
Kigali,50,2,34,Kigali_tp_057
Kigali,50,2,35,Kigali_tp_049
Kigali,50,2,36,Kigali_tp_068
Kigali,50,2,37,Kigali_tp_032
Kigali,50,2,38,Kigali_tp_004
Kigali,50,2,39,Kigali_tp_028
Kigali,50,2,40,Kigali_tp_011
Kigali,50,2,41,Kigali_tp_005
Kigali,50,2,42,Kigali_tp_019
Kigali,50,2,43,Kigali_tp_075
Kigali,50,2,44,Kigali_tp_077
Kigali,50,2,45,Kigali_tp_065
Kigali,50,2,46,Kigali_tp_039
Kigali,50,2,47,Kigali_tp_010
Kigali,50,2,48,Kigali_tp_037
Kigali,50,2,49,Kigali_tp_009
Kigali,10,3,0,Kigali_tp_064
Kigali,10,3,1,Kigali_tp_022
Kigali,10,3,2,Kigali_tp_011
Kigali,10,3,3,Kigali_tp_000
Kigali,10,3,4,Kigali_tp_032
Kigali,10,3,5,Kigali_tp_026
Kigali,10,3,6,Kigali_tp_049
Kigali,10,3,7,Kigali_tp_024
Kigali,10,3,8,Kigali_tp_067
Kigali,10,3,9,Kigali_tp_010
Kigali,25,3,0,Kigali_tp_064
Kigali,25,3,1,Kigali_tp_022
Kigali,25,3,2,Kigali_tp_011
Kigali,25,3,3,Kigali_tp_000
Kigali,25,3,4,Kigali_tp_032
Kigali,25,3,5,Kigali_tp_026
Kigali,25,3,6,Kigali_tp_049
Kigali,25,3,7,Kigali_tp_024
Kigali,25,3,8,Kigali_tp_067
Kigali,25,3,9,Kigali_tp_010
Kigali,25,3,10,Kigali_tp_039
Kigali,25,3,11,Kigali_tp_031
Kigali,25,3,12,Kigali_tp_072
Kigali,25,3,13,Kigali_tp_056
Kigali,25,3,14,Kigali_tp_042
Kigali,25,3,15,Kigali_tp_057
Kigali,25,3,16,Kigali_tp_041
Kigali,25,3,17,Kigali_tp_068
Kigali,25,3,18,Kigali_tp_035
Kigali,25,3,19,Kigali_tp_053
Kigali,25,3,20,Kigali_tp_045
Kigali,25,3,21,Kigali_tp_033
Kigali,25,3,22,Kigali_tp_021
Kigali,25,3,23,Kigali_tp_065
Kigali,25,3,24,Kigali_tp_048
Kigali,50,3,0,Kigali_tp_064
Kigali,50,3,1,Kigali_tp_022
Kigali,50,3,2,Kigali_tp_011
Kigali,50,3,3,Kigali_tp_000
Kigali,50,3,4,Kigali_tp_032
Kigali,50,3,5,Kigali_tp_026
Kigali,50,3,6,Kigali_tp_049
Kigali,50,3,7,Kigali_tp_024
Kigali,50,3,8,Kigali_tp_067
Kigali,50,3,9,Kigali_tp_010
Kigali,50,3,10,Kigali_tp_039
Kigali,50,3,11,Kigali_tp_031
Kigali,50,3,12,Kigali_tp_072
Kigali,50,3,13,Kigali_tp_056
Kigali,50,3,14,Kigali_tp_042
Kigali,50,3,15,Kigali_tp_057
Kigali,50,3,16,Kigali_tp_041
Kigali,50,3,17,Kigali_tp_068
Kigali,50,3,18,Kigali_tp_035
Kigali,50,3,19,Kigali_tp_053
Kigali,50,3,20,Kigali_tp_045
Kigali,50,3,21,Kigali_tp_033
Kigali,50,3,22,Kigali_tp_021
Kigali,50,3,23,Kigali_tp_065
Kigali,50,3,24,Kigali_tp_048
Kigali,50,3,25,Kigali_tp_052
Kigali,50,3,26,Kigali_tp_020
Kigali,50,3,27,Kigali_tp_014
Kigali,50,3,28,Kigali_tp_012
Kigali,50,3,29,Kigali_tp_017
Kigali,50,3,30,Kigali_tp_073
Kigali,50,3,31,Kigali_tp_005
Kigali,50,3,32,Kigali_tp_078
Kigali,50,3,33,Kigali_tp_046
Kigali,50,3,34,Kigali_tp_007
Kigali,50,3,35,Kigali_tp_055
Kigali,50,3,36,Kigali_tp_027
Kigali,50,3,37,Kigali_tp_009
Kigali,50,3,38,Kigali_tp_036
Kigali,50,3,39,Kigali_tp_013
Kigali,50,3,40,Kigali_tp_074
Kigali,50,3,41,Kigali_tp_002
Kigali,50,3,42,Kigali_tp_019
Kigali,50,3,43,Kigali_tp_029
Kigali,50,3,44,Kigali_tp_070
Kigali,50,3,45,Kigali_tp_047
Kigali,50,3,46,Kigali_tp_025
Kigali,50,3,47,Kigali_tp_077
Kigali,50,3,48,Kigali_tp_051
Kigali,50,3,49,Kigali_tp_015
Kigali,10,4,0,Kigali_tp_030
Kigali,10,4,1,Kigali_tp_021
Kigali,10,4,2,Kigali_tp_028
Kigali,10,4,3,Kigali_tp_049
Kigali,10,4,4,Kigali_tp_027
Kigali,10,4,5,Kigali_tp_007
Kigali,10,4,6,Kigali_tp_018
Kigali,10,4,7,Kigali_tp_073
Kigali,10,4,8,Kigali_tp_044
Kigali,10,4,9,Kigali_tp_015
Kigali,25,4,0,Kigali_tp_030
Kigali,25,4,1,Kigali_tp_021
Kigali,25,4,2,Kigali_tp_028
Kigali,25,4,3,Kigali_tp_049
Kigali,25,4,4,Kigali_tp_027
Kigali,25,4,5,Kigali_tp_007
Kigali,25,4,6,Kigali_tp_018
Kigali,25,4,7,Kigali_tp_073
Kigali,25,4,8,Kigali_tp_044
Kigali,25,4,9,Kigali_tp_015
Kigali,25,4,10,Kigali_tp_033
Kigali,25,4,11,Kigali_tp_025
Kigali,25,4,12,Kigali_tp_009
Kigali,25,4,13,Kigali_tp_042
Kigali,25,4,14,Kigali_tp_013
Kigali,25,4,15,Kigali_tp_023
Kigali,25,4,16,Kigali_tp_057
Kigali,25,4,17,Kigali_tp_014
Kigali,25,4,18,Kigali_tp_066
Kigali,25,4,19,Kigali_tp_050
Kigali,25,4,20,Kigali_tp_037
Kigali,25,4,21,Kigali_tp_043
Kigali,25,4,22,Kigali_tp_031
Kigali,25,4,23,Kigali_tp_072
Kigali,25,4,24,Kigali_tp_005
Kigali,50,4,0,Kigali_tp_030
Kigali,50,4,1,Kigali_tp_021
Kigali,50,4,2,Kigali_tp_028
Kigali,50,4,3,Kigali_tp_049
Kigali,50,4,4,Kigali_tp_027
Kigali,50,4,5,Kigali_tp_007
Kigali,50,4,6,Kigali_tp_018
Kigali,50,4,7,Kigali_tp_073
Kigali,50,4,8,Kigali_tp_044
Kigali,50,4,9,Kigali_tp_015
Kigali,50,4,10,Kigali_tp_033
Kigali,50,4,11,Kigali_tp_025
Kigali,50,4,12,Kigali_tp_009
Kigali,50,4,13,Kigali_tp_042
Kigali,50,4,14,Kigali_tp_013
Kigali,50,4,15,Kigali_tp_023
Kigali,50,4,16,Kigali_tp_057
Kigali,50,4,17,Kigali_tp_014
Kigali,50,4,18,Kigali_tp_066
Kigali,50,4,19,Kigali_tp_050
Kigali,50,4,20,Kigali_tp_037
Kigali,50,4,21,Kigali_tp_043
Kigali,50,4,22,Kigali_tp_031
Kigali,50,4,23,Kigali_tp_072
Kigali,50,4,24,Kigali_tp_005
Kigali,50,4,25,Kigali_tp_016
Kigali,50,4,26,Kigali_tp_053
Kigali,50,4,27,Kigali_tp_026
Kigali,50,4,28,Kigali_tp_063
Kigali,50,4,29,Kigali_tp_074
Kigali,50,4,30,Kigali_tp_054
Kigali,50,4,31,Kigali_tp_068
Kigali,50,4,32,Kigali_tp_075
Kigali,50,4,33,Kigali_tp_048
Kigali,50,4,34,Kigali_tp_020
Kigali,50,4,35,Kigali_tp_052
Kigali,50,4,36,Kigali_tp_056
Kigali,50,4,37,Kigali_tp_019
Kigali,50,4,38,Kigali_tp_024
Kigali,50,4,39,Kigali_tp_038
Kigali,50,4,40,Kigali_tp_045
Kigali,50,4,41,Kigali_tp_046
Kigali,50,4,42,Kigali_tp_035
Kigali,50,4,43,Kigali_tp_064
Kigali,50,4,44,Kigali_tp_004
Kigali,50,4,45,Kigali_tp_076
Kigali,50,4,46,Kigali_tp_047
Kigali,50,4,47,Kigali_tp_022
Kigali,50,4,48,Kigali_tp_017
Kigali,50,4,49,Kigali_tp_077
Kigali,10,5,0,Kigali_tp_034
Kigali,10,5,1,Kigali_tp_023
Kigali,10,5,2,Kigali_tp_017
Kigali,10,5,3,Kigali_tp_068
Kigali,10,5,4,Kigali_tp_008
Kigali,10,5,5,Kigali_tp_041
Kigali,10,5,6,Kigali_tp_025
Kigali,10,5,7,Kigali_tp_007
Kigali,10,5,8,Kigali_tp_070
Kigali,10,5,9,Kigali_tp_035
Kigali,25,5,0,Kigali_tp_034
Kigali,25,5,1,Kigali_tp_023
Kigali,25,5,2,Kigali_tp_017
Kigali,25,5,3,Kigali_tp_068
Kigali,25,5,4,Kigali_tp_008
Kigali,25,5,5,Kigali_tp_041
Kigali,25,5,6,Kigali_tp_025
Kigali,25,5,7,Kigali_tp_007
Kigali,25,5,8,Kigali_tp_070
Kigali,25,5,9,Kigali_tp_035
Kigali,25,5,10,Kigali_tp_050
Kigali,25,5,11,Kigali_tp_043
Kigali,25,5,12,Kigali_tp_078
Kigali,25,5,13,Kigali_tp_069
Kigali,25,5,14,Kigali_tp_037
Kigali,25,5,15,Kigali_tp_039
Kigali,25,5,16,Kigali_tp_065
Kigali,25,5,17,Kigali_tp_079
Kigali,25,5,18,Kigali_tp_054
Kigali,25,5,19,Kigali_tp_044
Kigali,25,5,20,Kigali_tp_016
Kigali,25,5,21,Kigali_tp_063
Kigali,25,5,22,Kigali_tp_027
Kigali,25,5,23,Kigali_tp_028
Kigali,25,5,24,Kigali_tp_061
Kigali,50,5,0,Kigali_tp_034
Kigali,50,5,1,Kigali_tp_023
Kigali,50,5,2,Kigali_tp_017
Kigali,50,5,3,Kigali_tp_068
Kigali,50,5,4,Kigali_tp_008
Kigali,50,5,5,Kigali_tp_041
Kigali,50,5,6,Kigali_tp_025
Kigali,50,5,7,Kigali_tp_007
Kigali,50,5,8,Kigali_tp_070
Kigali,50,5,9,Kigali_tp_035
Kigali,50,5,10,Kigali_tp_050
Kigali,50,5,11,Kigali_tp_043
Kigali,50,5,12,Kigali_tp_078
Kigali,50,5,13,Kigali_tp_069
Kigali,50,5,14,Kigali_tp_037
Kigali,50,5,15,Kigali_tp_039
Kigali,50,5,16,Kigali_tp_065
Kigali,50,5,17,Kigali_tp_079
Kigali,50,5,18,Kigali_tp_054
Kigali,50,5,19,Kigali_tp_044
Kigali,50,5,20,Kigali_tp_016
Kigali,50,5,21,Kigali_tp_063
Kigali,50,5,22,Kigali_tp_027
Kigali,50,5,23,Kigali_tp_028
Kigali,50,5,24,Kigali_tp_061
Kigali,50,5,25,Kigali_tp_031
Kigali,50,5,26,Kigali_tp_014
Kigali,50,5,27,Kigali_tp_076
Kigali,50,5,28,Kigali_tp_075
Kigali,50,5,29,Kigali_tp_052
Kigali,50,5,30,Kigali_tp_047
Kigali,50,5,31,Kigali_tp_032
Kigali,50,5,32,Kigali_tp_060
Kigali,50,5,33,Kigali_tp_010
Kigali,50,5,34,Kigali_tp_066
Kigali,50,5,35,Kigali_tp_049
Kigali,50,5,36,Kigali_tp_053
Kigali,50,5,37,Kigali_tp_030
Kigali,50,5,38,Kigali_tp_059
Kigali,50,5,39,Kigali_tp_029
Kigali,50,5,40,Kigali_tp_009
Kigali,50,5,41,Kigali_tp_046
Kigali,50,5,42,Kigali_tp_045
Kigali,50,5,43,Kigali_tp_019
Kigali,50,5,44,Kigali_tp_040
Kigali,50,5,45,Kigali_tp_021
Kigali,50,5,46,Kigali_tp_001
Kigali,50,5,47,Kigali_tp_011
Kigali,50,5,48,Kigali_tp_036
Kigali,50,5,49,Kigali_tp_051
Kigali,10,6,0,Kigali_tp_065
Kigali,10,6,1,Kigali_tp_004
Kigali,10,6,2,Kigali_tp_000
Kigali,10,6,3,Kigali_tp_058
Kigali,10,6,4,Kigali_tp_011
Kigali,10,6,5,Kigali_tp_062
Kigali,10,6,6,Kigali_tp_020
Kigali,10,6,7,Kigali_tp_023
Kigali,10,6,8,Kigali_tp_050
Kigali,10,6,9,Kigali_tp_067
Kigali,25,6,0,Kigali_tp_065
Kigali,25,6,1,Kigali_tp_004
Kigali,25,6,2,Kigali_tp_000
Kigali,25,6,3,Kigali_tp_058
Kigali,25,6,4,Kigali_tp_011
Kigali,25,6,5,Kigali_tp_062
Kigali,25,6,6,Kigali_tp_020
Kigali,25,6,7,Kigali_tp_023
Kigali,25,6,8,Kigali_tp_050
Kigali,25,6,9,Kigali_tp_067
Kigali,25,6,10,Kigali_tp_057
Kigali,25,6,11,Kigali_tp_056
Kigali,25,6,12,Kigali_tp_013
Kigali,25,6,13,Kigali_tp_063
Kigali,25,6,14,Kigali_tp_031
Kigali,25,6,15,Kigali_tp_040
Kigali,25,6,16,Kigali_tp_076
Kigali,25,6,17,Kigali_tp_070
Kigali,25,6,18,Kigali_tp_030
Kigali,25,6,19,Kigali_tp_024
Kigali,25,6,20,Kigali_tp_006
Kigali,25,6,21,Kigali_tp_061
Kigali,25,6,22,Kigali_tp_010
Kigali,25,6,23,Kigali_tp_044
Kigali,25,6,24,Kigali_tp_017
Kigali,50,6,0,Kigali_tp_065
Kigali,50,6,1,Kigali_tp_004
Kigali,50,6,2,Kigali_tp_000
Kigali,50,6,3,Kigali_tp_058
Kigali,50,6,4,Kigali_tp_011
Kigali,50,6,5,Kigali_tp_062
Kigali,50,6,6,Kigali_tp_020
Kigali,50,6,7,Kigali_tp_023
Kigali,50,6,8,Kigali_tp_050
Kigali,50,6,9,Kigali_tp_067
Kigali,50,6,10,Kigali_tp_057
Kigali,50,6,11,Kigali_tp_056
Kigali,50,6,12,Kigali_tp_013
Kigali,50,6,13,Kigali_tp_063
Kigali,50,6,14,Kigali_tp_031
Kigali,50,6,15,Kigali_tp_040
Kigali,50,6,16,Kigali_tp_076
Kigali,50,6,17,Kigali_tp_070
Kigali,50,6,18,Kigali_tp_030
Kigali,50,6,19,Kigali_tp_024
Kigali,50,6,20,Kigali_tp_006
Kigali,50,6,21,Kigali_tp_061
Kigali,50,6,22,Kigali_tp_010
Kigali,50,6,23,Kigali_tp_044
Kigali,50,6,24,Kigali_tp_017
Kigali,50,6,25,Kigali_tp_071
Kigali,50,6,26,Kigali_tp_060
Kigali,50,6,27,Kigali_tp_046
Kigali,50,6,28,Kigali_tp_036
Kigali,50,6,29,Kigali_tp_018
Kigali,50,6,30,Kigali_tp_079
Kigali,50,6,31,Kigali_tp_021
Kigali,50,6,32,Kigali_tp_053
Kigali,50,6,33,Kigali_tp_049
Kigali,50,6,34,Kigali_tp_042
Kigali,50,6,35,Kigali_tp_075
Kigali,50,6,36,Kigali_tp_007
Kigali,50,6,37,Kigali_tp_016
Kigali,50,6,38,Kigali_tp_054
Kigali,50,6,39,Kigali_tp_035
Kigali,50,6,40,Kigali_tp_002
Kigali,50,6,41,Kigali_tp_045
Kigali,50,6,42,Kigali_tp_025
Kigali,50,6,43,Kigali_tp_077
Kigali,50,6,44,Kigali_tp_029
Kigali,50,6,45,Kigali_tp_039
Kigali,50,6,46,Kigali_tp_078
Kigali,50,6,47,Kigali_tp_001
Kigali,50,6,48,Kigali_tp_041
Kigali,50,6,49,Kigali_tp_066
Kigali,10,7,0,Kigali_tp_054
Kigali,10,7,1,Kigali_tp_012
Kigali,10,7,2,Kigali_tp_004
Kigali,10,7,3,Kigali_tp_047
Kigali,10,7,4,Kigali_tp_014
Kigali,10,7,5,Kigali_tp_015
Kigali,10,7,6,Kigali_tp_016
Kigali,10,7,7,Kigali_tp_045
Kigali,10,7,8,Kigali_tp_000
Kigali,10,7,9,Kigali_tp_053
Kigali,25,7,0,Kigali_tp_054
Kigali,25,7,1,Kigali_tp_012
Kigali,25,7,2,Kigali_tp_004
Kigali,25,7,3,Kigali_tp_047
Kigali,25,7,4,Kigali_tp_014
Kigali,25,7,5,Kigali_tp_015
Kigali,25,7,6,Kigali_tp_016
Kigali,25,7,7,Kigali_tp_045
Kigali,25,7,8,Kigali_tp_000
Kigali,25,7,9,Kigali_tp_053
Kigali,25,7,10,Kigali_tp_066
Kigali,25,7,11,Kigali_tp_059
Kigali,25,7,12,Kigali_tp_005
Kigali,25,7,13,Kigali_tp_020
Kigali,25,7,14,Kigali_tp_018
Kigali,25,7,15,Kigali_tp_021
Kigali,25,7,16,Kigali_tp_037
Kigali,25,7,17,Kigali_tp_033
Kigali,25,7,18,Kigali_tp_052
Kigali,25,7,19,Kigali_tp_042
Kigali,25,7,20,Kigali_tp_040
Kigali,25,7,21,Kigali_tp_001
Kigali,25,7,22,Kigali_tp_077
Kigali,25,7,23,Kigali_tp_079
Kigali,25,7,24,Kigali_tp_013
Kigali,50,7,0,Kigali_tp_054
Kigali,50,7,1,Kigali_tp_012
Kigali,50,7,2,Kigali_tp_004
Kigali,50,7,3,Kigali_tp_047
Kigali,50,7,4,Kigali_tp_014
Kigali,50,7,5,Kigali_tp_015
Kigali,50,7,6,Kigali_tp_016
Kigali,50,7,7,Kigali_tp_045
Kigali,50,7,8,Kigali_tp_000
Kigali,50,7,9,Kigali_tp_053
Kigali,50,7,10,Kigali_tp_066
Kigali,50,7,11,Kigali_tp_059
Kigali,50,7,12,Kigali_tp_005
Kigali,50,7,13,Kigali_tp_020
Kigali,50,7,14,Kigali_tp_018
Kigali,50,7,15,Kigali_tp_021
Kigali,50,7,16,Kigali_tp_037
Kigali,50,7,17,Kigali_tp_033
Kigali,50,7,18,Kigali_tp_052
Kigali,50,7,19,Kigali_tp_042
Kigali,50,7,20,Kigali_tp_040
Kigali,50,7,21,Kigali_tp_001
Kigali,50,7,22,Kigali_tp_077
Kigali,50,7,23,Kigali_tp_079
Kigali,50,7,24,Kigali_tp_013
Kigali,50,7,25,Kigali_tp_009
Kigali,50,7,26,Kigali_tp_010
Kigali,50,7,27,Kigali_tp_061
Kigali,50,7,28,Kigali_tp_075
Kigali,50,7,29,Kigali_tp_048
Kigali,50,7,30,Kigali_tp_036
Kigali,50,7,31,Kigali_tp_072
Kigali,50,7,32,Kigali_tp_067
Kigali,50,7,33,Kigali_tp_030
Kigali,50,7,34,Kigali_tp_060
Kigali,50,7,35,Kigali_tp_055
Kigali,50,7,36,Kigali_tp_046
Kigali,50,7,37,Kigali_tp_028
Kigali,50,7,38,Kigali_tp_063
Kigali,50,7,39,Kigali_tp_006
Kigali,50,7,40,Kigali_tp_049
Kigali,50,7,41,Kigali_tp_022
Kigali,50,7,42,Kigali_tp_025
Kigali,50,7,43,Kigali_tp_068
Kigali,50,7,44,Kigali_tp_041
Kigali,50,7,45,Kigali_tp_019
Kigali,50,7,46,Kigali_tp_038
Kigali,50,7,47,Kigali_tp_070
Kigali,50,7,48,Kigali_tp_027
Kigali,50,7,49,Kigali_tp_071
Kigali,10,8,0,Kigali_tp_068
Kigali,10,8,1,Kigali_tp_050
Kigali,10,8,2,Kigali_tp_006
Kigali,10,8,3,Kigali_tp_018
Kigali,10,8,4,Kigali_tp_039
Kigali,10,8,5,Kigali_tp_051
Kigali,10,8,6,Kigali_tp_079
Kigali,10,8,7,Kigali_tp_038
Kigali,10,8,8,Kigali_tp_043
Kigali,10,8,9,Kigali_tp_007
Kigali,25,8,0,Kigali_tp_068
Kigali,25,8,1,Kigali_tp_050
Kigali,25,8,2,Kigali_tp_006
Kigali,25,8,3,Kigali_tp_018
Kigali,25,8,4,Kigali_tp_039
Kigali,25,8,5,Kigali_tp_051
Kigali,25,8,6,Kigali_tp_079
Kigali,25,8,7,Kigali_tp_038
Kigali,25,8,8,Kigali_tp_043
Kigali,25,8,9,Kigali_tp_007
Kigali,25,8,10,Kigali_tp_035
Kigali,25,8,11,Kigali_tp_078
Kigali,25,8,12,Kigali_tp_028
Kigali,25,8,13,Kigali_tp_002
Kigali,25,8,14,Kigali_tp_057
Kigali,25,8,15,Kigali_tp_004
Kigali,25,8,16,Kigali_tp_044
Kigali,25,8,17,Kigali_tp_013
Kigali,25,8,18,Kigali_tp_041
Kigali,25,8,19,Kigali_tp_016
Kigali,25,8,20,Kigali_tp_049
Kigali,25,8,21,Kigali_tp_031
Kigali,25,8,22,Kigali_tp_072
Kigali,25,8,23,Kigali_tp_034
Kigali,25,8,24,Kigali_tp_067
Kigali,50,8,0,Kigali_tp_068
Kigali,50,8,1,Kigali_tp_050
Kigali,50,8,2,Kigali_tp_006
Kigali,50,8,3,Kigali_tp_018
Kigali,50,8,4,Kigali_tp_039
Kigali,50,8,5,Kigali_tp_051
Kigali,50,8,6,Kigali_tp_079
Kigali,50,8,7,Kigali_tp_038
Kigali,50,8,8,Kigali_tp_043
Kigali,50,8,9,Kigali_tp_007
Kigali,50,8,10,Kigali_tp_035
Kigali,50,8,11,Kigali_tp_078
Kigali,50,8,12,Kigali_tp_028
Kigali,50,8,13,Kigali_tp_002
Kigali,50,8,14,Kigali_tp_057
Kigali,50,8,15,Kigali_tp_004
Kigali,50,8,16,Kigali_tp_044
Kigali,50,8,17,Kigali_tp_013
Kigali,50,8,18,Kigali_tp_041
Kigali,50,8,19,Kigali_tp_016
Kigali,50,8,20,Kigali_tp_049
Kigali,50,8,21,Kigali_tp_031
Kigali,50,8,22,Kigali_tp_072
Kigali,50,8,23,Kigali_tp_034
Kigali,50,8,24,Kigali_tp_067
Kigali,50,8,25,Kigali_tp_077
Kigali,50,8,26,Kigali_tp_029
Kigali,50,8,27,Kigali_tp_047
Kigali,50,8,28,Kigali_tp_046
Kigali,50,8,29,Kigali_tp_021
Kigali,50,8,30,Kigali_tp_063
Kigali,50,8,31,Kigali_tp_052
Kigali,50,8,32,Kigali_tp_010
Kigali,50,8,33,Kigali_tp_023
Kigali,50,8,34,Kigali_tp_020
Kigali,50,8,35,Kigali_tp_000
Kigali,50,8,36,Kigali_tp_061
Kigali,50,8,37,Kigali_tp_054
Kigali,50,8,38,Kigali_tp_055
Kigali,50,8,39,Kigali_tp_032
Kigali,50,8,40,Kigali_tp_064
Kigali,50,8,41,Kigali_tp_008
Kigali,50,8,42,Kigali_tp_060
Kigali,50,8,43,Kigali_tp_033
Kigali,50,8,44,Kigali_tp_040
Kigali,50,8,45,Kigali_tp_027
Kigali,50,8,46,Kigali_tp_025
Kigali,50,8,47,Kigali_tp_005
Kigali,50,8,48,Kigali_tp_022
Kigali,50,8,49,Kigali_tp_069
Kigali,10,9,0,Kigali_tp_010
Kigali,10,9,1,Kigali_tp_035
Kigali,10,9,2,Kigali_tp_023
Kigali,10,9,3,Kigali_tp_007
Kigali,10,9,4,Kigali_tp_053
Kigali,10,9,5,Kigali_tp_039
Kigali,10,9,6,Kigali_tp_014
Kigali,10,9,7,Kigali_tp_060
Kigali,10,9,8,Kigali_tp_022
Kigali,10,9,9,Kigali_tp_034
Kigali,25,9,0,Kigali_tp_010
Kigali,25,9,1,Kigali_tp_035
Kigali,25,9,2,Kigali_tp_023
Kigali,25,9,3,Kigali_tp_007
Kigali,25,9,4,Kigali_tp_053
Kigali,25,9,5,Kigali_tp_039
Kigali,25,9,6,Kigali_tp_014
Kigali,25,9,7,Kigali_tp_060
Kigali,25,9,8,Kigali_tp_022
Kigali,25,9,9,Kigali_tp_034
Kigali,25,9,10,Kigali_tp_062
Kigali,25,9,11,Kigali_tp_065
Kigali,25,9,12,Kigali_tp_020
Kigali,25,9,13,Kigali_tp_061
Kigali,25,9,14,Kigali_tp_045
Kigali,25,9,15,Kigali_tp_074
Kigali,25,9,16,Kigali_tp_064
Kigali,25,9,17,Kigali_tp_036
Kigali,25,9,18,Kigali_tp_028
Kigali,25,9,19,Kigali_tp_042
Kigali,25,9,20,Kigali_tp_024
Kigali,25,9,21,Kigali_tp_030
Kigali,25,9,22,Kigali_tp_070
Kigali,25,9,23,Kigali_tp_031
Kigali,25,9,24,Kigali_tp_033
Kigali,50,9,0,Kigali_tp_010
Kigali,50,9,1,Kigali_tp_035
Kigali,50,9,2,Kigali_tp_023
Kigali,50,9,3,Kigali_tp_007
Kigali,50,9,4,Kigali_tp_053
Kigali,50,9,5,Kigali_tp_039
Kigali,50,9,6,Kigali_tp_014
Kigali,50,9,7,Kigali_tp_060
Kigali,50,9,8,Kigali_tp_022
Kigali,50,9,9,Kigali_tp_034
Kigali,50,9,10,Kigali_tp_062
Kigali,50,9,11,Kigali_tp_065
Kigali,50,9,12,Kigali_tp_020
Kigali,50,9,13,Kigali_tp_061
Kigali,50,9,14,Kigali_tp_045
Kigali,50,9,15,Kigali_tp_074
Kigali,50,9,16,Kigali_tp_064
Kigali,50,9,17,Kigali_tp_036
Kigali,50,9,18,Kigali_tp_028
Kigali,50,9,19,Kigali_tp_042
Kigali,50,9,20,Kigali_tp_024
Kigali,50,9,21,Kigali_tp_030
Kigali,50,9,22,Kigali_tp_070
Kigali,50,9,23,Kigali_tp_031
Kigali,50,9,24,Kigali_tp_033
Kigali,50,9,25,Kigali_tp_041
Kigali,50,9,26,Kigali_tp_038
Kigali,50,9,27,Kigali_tp_072
Kigali,50,9,28,Kigali_tp_079
Kigali,50,9,29,Kigali_tp_011
Kigali,50,9,30,Kigali_tp_076
Kigali,50,9,31,Kigali_tp_047
Kigali,50,9,32,Kigali_tp_077
Kigali,50,9,33,Kigali_tp_006
Kigali,50,9,34,Kigali_tp_001
Kigali,50,9,35,Kigali_tp_003
Kigali,50,9,36,Kigali_tp_013
Kigali,50,9,37,Kigali_tp_009
Kigali,50,9,38,Kigali_tp_025
Kigali,50,9,39,Kigali_tp_029
Kigali,50,9,40,Kigali_tp_016
Kigali,50,9,41,Kigali_tp_000
Kigali,50,9,42,Kigali_tp_015
Kigali,50,9,43,Kigali_tp_059
Kigali,50,9,44,Kigali_tp_052
Kigali,50,9,45,Kigali_tp_026
Kigali,50,9,46,Kigali_tp_005
Kigali,50,9,47,Kigali_tp_048
Kigali,50,9,48,Kigali_tp_021
Kigali,50,9,49,Kigali_tp_049
Yaounde,10,0,0,Yaounde_tp_017
Yaounde,10,0,1,Yaounde_tp_012
Yaounde,10,0,2,Yaounde_tp_008
Yaounde,10,0,3,Yaounde_tp_071
Yaounde,10,0,4,Yaounde_tp_004
Yaounde,10,0,5,Yaounde_tp_041
Yaounde,10,0,6,Yaounde_tp_016
Yaounde,10,0,7,Yaounde_tp_032
Yaounde,10,0,8,Yaounde_tp_070
Yaounde,10,0,9,Yaounde_tp_022
Yaounde,25,0,0,Yaounde_tp_017
Yaounde,25,0,1,Yaounde_tp_012
Yaounde,25,0,2,Yaounde_tp_008
Yaounde,25,0,3,Yaounde_tp_071
Yaounde,25,0,4,Yaounde_tp_004
Yaounde,25,0,5,Yaounde_tp_041
Yaounde,25,0,6,Yaounde_tp_016
Yaounde,25,0,7,Yaounde_tp_032
Yaounde,25,0,8,Yaounde_tp_070
Yaounde,25,0,9,Yaounde_tp_022
Yaounde,25,0,10,Yaounde_tp_056
Yaounde,25,0,11,Yaounde_tp_052
Yaounde,25,0,12,Yaounde_tp_048
Yaounde,25,0,13,Yaounde_tp_038
Yaounde,25,0,14,Yaounde_tp_007
Yaounde,25,0,15,Yaounde_tp_069
Yaounde,25,0,16,Yaounde_tp_044
Yaounde,25,0,17,Yaounde_tp_062
Yaounde,25,0,18,Yaounde_tp_014
Yaounde,25,0,19,Yaounde_tp_036
Yaounde,25,0,20,Yaounde_tp_010
Yaounde,25,0,21,Yaounde_tp_001
Yaounde,25,0,22,Yaounde_tp_026
Yaounde,25,0,23,Yaounde_tp_050
Yaounde,25,0,24,Yaounde_tp_030
Yaounde,50,0,0,Yaounde_tp_017
Yaounde,50,0,1,Yaounde_tp_012
Yaounde,50,0,2,Yaounde_tp_008
Yaounde,50,0,3,Yaounde_tp_071
Yaounde,50,0,4,Yaounde_tp_004
Yaounde,50,0,5,Yaounde_tp_041
Yaounde,50,0,6,Yaounde_tp_016
Yaounde,50,0,7,Yaounde_tp_032
Yaounde,50,0,8,Yaounde_tp_070
Yaounde,50,0,9,Yaounde_tp_022
Yaounde,50,0,10,Yaounde_tp_056
Yaounde,50,0,11,Yaounde_tp_052
Yaounde,50,0,12,Yaounde_tp_048
Yaounde,50,0,13,Yaounde_tp_038
Yaounde,50,0,14,Yaounde_tp_007
Yaounde,50,0,15,Yaounde_tp_069
Yaounde,50,0,16,Yaounde_tp_044
Yaounde,50,0,17,Yaounde_tp_062
Yaounde,50,0,18,Yaounde_tp_014
Yaounde,50,0,19,Yaounde_tp_036
Yaounde,50,0,20,Yaounde_tp_010
Yaounde,50,0,21,Yaounde_tp_001
Yaounde,50,0,22,Yaounde_tp_026
Yaounde,50,0,23,Yaounde_tp_050
Yaounde,50,0,24,Yaounde_tp_030
Yaounde,50,0,25,Yaounde_tp_046
Yaounde,50,0,26,Yaounde_tp_019
Yaounde,50,0,27,Yaounde_tp_066
Yaounde,50,0,28,Yaounde_tp_025
Yaounde,50,0,29,Yaounde_tp_064
Yaounde,50,0,30,Yaounde_tp_020
Yaounde,50,0,31,Yaounde_tp_053
Yaounde,50,0,32,Yaounde_tp_040
Yaounde,50,0,33,Yaounde_tp_075
Yaounde,50,0,34,Yaounde_tp_072
Yaounde,50,0,35,Yaounde_tp_037
Yaounde,50,0,36,Yaounde_tp_078
Yaounde,50,0,37,Yaounde_tp_009
Yaounde,50,0,38,Yaounde_tp_027
Yaounde,50,0,39,Yaounde_tp_031
Yaounde,50,0,40,Yaounde_tp_059
Yaounde,50,0,41,Yaounde_tp_045
Yaounde,50,0,42,Yaounde_tp_006
Yaounde,50,0,43,Yaounde_tp_047
Yaounde,50,0,44,Yaounde_tp_028
Yaounde,50,0,45,Yaounde_tp_035
Yaounde,50,0,46,Yaounde_tp_057
Yaounde,50,0,47,Yaounde_tp_068
Yaounde,50,0,48,Yaounde_tp_018
Yaounde,50,0,49,Yaounde_tp_005
Yaounde,10,1,0,Yaounde_tp_043
Yaounde,10,1,1,Yaounde_tp_036
Yaounde,10,1,2,Yaounde_tp_037
Yaounde,10,1,3,Yaounde_tp_003
Yaounde,10,1,4,Yaounde_tp_016
Yaounde,10,1,5,Yaounde_tp_077
Yaounde,10,1,6,Yaounde_tp_017
Yaounde,10,1,7,Yaounde_tp_038
Yaounde,10,1,8,Yaounde_tp_053
Yaounde,10,1,9,Yaounde_tp_006
Yaounde,25,1,0,Yaounde_tp_043
Yaounde,25,1,1,Yaounde_tp_036
Yaounde,25,1,2,Yaounde_tp_037
Yaounde,25,1,3,Yaounde_tp_003
Yaounde,25,1,4,Yaounde_tp_016
Yaounde,25,1,5,Yaounde_tp_077
Yaounde,25,1,6,Yaounde_tp_017
Yaounde,25,1,7,Yaounde_tp_038
Yaounde,25,1,8,Yaounde_tp_053
Yaounde,25,1,9,Yaounde_tp_006
Yaounde,25,1,10,Yaounde_tp_072
Yaounde,25,1,11,Yaounde_tp_057
Yaounde,25,1,12,Yaounde_tp_021
Yaounde,25,1,13,Yaounde_tp_041
Yaounde,25,1,14,Yaounde_tp_049
Yaounde,25,1,15,Yaounde_tp_070
Yaounde,25,1,16,Yaounde_tp_004
Yaounde,25,1,17,Yaounde_tp_034
Yaounde,25,1,18,Yaounde_tp_064
Yaounde,25,1,19,Yaounde_tp_013
Yaounde,25,1,20,Yaounde_tp_011
Yaounde,25,1,21,Yaounde_tp_061
Yaounde,25,1,22,Yaounde_tp_029
Yaounde,25,1,23,Yaounde_tp_047
Yaounde,25,1,24,Yaounde_tp_033
Yaounde,50,1,0,Yaounde_tp_043
Yaounde,50,1,1,Yaounde_tp_036
Yaounde,50,1,2,Yaounde_tp_037
Yaounde,50,1,3,Yaounde_tp_003
Yaounde,50,1,4,Yaounde_tp_016
Yaounde,50,1,5,Yaounde_tp_077
Yaounde,50,1,6,Yaounde_tp_017
Yaounde,50,1,7,Yaounde_tp_038
Yaounde,50,1,8,Yaounde_tp_053
Yaounde,50,1,9,Yaounde_tp_006
Yaounde,50,1,10,Yaounde_tp_072
Yaounde,50,1,11,Yaounde_tp_057
Yaounde,50,1,12,Yaounde_tp_021
Yaounde,50,1,13,Yaounde_tp_041
Yaounde,50,1,14,Yaounde_tp_049
Yaounde,50,1,15,Yaounde_tp_070
Yaounde,50,1,16,Yaounde_tp_004
Yaounde,50,1,17,Yaounde_tp_034
Yaounde,50,1,18,Yaounde_tp_064
Yaounde,50,1,19,Yaounde_tp_013
Yaounde,50,1,20,Yaounde_tp_011
Yaounde,50,1,21,Yaounde_tp_061
Yaounde,50,1,22,Yaounde_tp_029
Yaounde,50,1,23,Yaounde_tp_047
Yaounde,50,1,24,Yaounde_tp_033
Yaounde,50,1,25,Yaounde_tp_024
Yaounde,50,1,26,Yaounde_tp_056
Yaounde,50,1,27,Yaounde_tp_023
Yaounde,50,1,28,Yaounde_tp_007
Yaounde,50,1,29,Yaounde_tp_055
Yaounde,50,1,30,Yaounde_tp_078
Yaounde,50,1,31,Yaounde_tp_069
Yaounde,50,1,32,Yaounde_tp_051
Yaounde,50,1,33,Yaounde_tp_018
Yaounde,50,1,34,Yaounde_tp_066
Yaounde,50,1,35,Yaounde_tp_020
Yaounde,50,1,36,Yaounde_tp_076
Yaounde,50,1,37,Yaounde_tp_005
Yaounde,50,1,38,Yaounde_tp_065
Yaounde,50,1,39,Yaounde_tp_030
Yaounde,50,1,40,Yaounde_tp_039
Yaounde,50,1,41,Yaounde_tp_027
Yaounde,50,1,42,Yaounde_tp_062
Yaounde,50,1,43,Yaounde_tp_001
Yaounde,50,1,44,Yaounde_tp_050
Yaounde,50,1,45,Yaounde_tp_074
Yaounde,50,1,46,Yaounde_tp_060
Yaounde,50,1,47,Yaounde_tp_025
Yaounde,50,1,48,Yaounde_tp_059
Yaounde,50,1,49,Yaounde_tp_045
Yaounde,10,2,0,Yaounde_tp_006
Yaounde,10,2,1,Yaounde_tp_058
Yaounde,10,2,2,Yaounde_tp_055
Yaounde,10,2,3,Yaounde_tp_011
Yaounde,10,2,4,Yaounde_tp_075
Yaounde,10,2,5,Yaounde_tp_023
Yaounde,10,2,6,Yaounde_tp_064
Yaounde,10,2,7,Yaounde_tp_002
Yaounde,10,2,8,Yaounde_tp_053
Yaounde,10,2,9,Yaounde_tp_076
Yaounde,25,2,0,Yaounde_tp_006
Yaounde,25,2,1,Yaounde_tp_058
Yaounde,25,2,2,Yaounde_tp_055
Yaounde,25,2,3,Yaounde_tp_011
Yaounde,25,2,4,Yaounde_tp_075
Yaounde,25,2,5,Yaounde_tp_023
Yaounde,25,2,6,Yaounde_tp_064
Yaounde,25,2,7,Yaounde_tp_002
Yaounde,25,2,8,Yaounde_tp_053
Yaounde,25,2,9,Yaounde_tp_076
Yaounde,25,2,10,Yaounde_tp_019
Yaounde,25,2,11,Yaounde_tp_050
Yaounde,25,2,12,Yaounde_tp_018
Yaounde,25,2,13,Yaounde_tp_015
Yaounde,25,2,14,Yaounde_tp_042
Yaounde,25,2,15,Yaounde_tp_007
Yaounde,25,2,16,Yaounde_tp_041
Yaounde,25,2,17,Yaounde_tp_034
Yaounde,25,2,18,Yaounde_tp_037
Yaounde,25,2,19,Yaounde_tp_060
Yaounde,25,2,20,Yaounde_tp_008
Yaounde,25,2,21,Yaounde_tp_051
Yaounde,25,2,22,Yaounde_tp_031
Yaounde,25,2,23,Yaounde_tp_078
Yaounde,25,2,24,Yaounde_tp_004
Yaounde,50,2,0,Yaounde_tp_006
Yaounde,50,2,1,Yaounde_tp_058
Yaounde,50,2,2,Yaounde_tp_055
Yaounde,50,2,3,Yaounde_tp_011
Yaounde,50,2,4,Yaounde_tp_075
Yaounde,50,2,5,Yaounde_tp_023
Yaounde,50,2,6,Yaounde_tp_064
Yaounde,50,2,7,Yaounde_tp_002
Yaounde,50,2,8,Yaounde_tp_053
Yaounde,50,2,9,Yaounde_tp_076
Yaounde,50,2,10,Yaounde_tp_019
Yaounde,50,2,11,Yaounde_tp_050
Yaounde,50,2,12,Yaounde_tp_018
Yaounde,50,2,13,Yaounde_tp_015
Yaounde,50,2,14,Yaounde_tp_042
Yaounde,50,2,15,Yaounde_tp_007
Yaounde,50,2,16,Yaounde_tp_041
Yaounde,50,2,17,Yaounde_tp_034
Yaounde,50,2,18,Yaounde_tp_037
Yaounde,50,2,19,Yaounde_tp_060
Yaounde,50,2,20,Yaounde_tp_008
Yaounde,50,2,21,Yaounde_tp_051
Yaounde,50,2,22,Yaounde_tp_031
Yaounde,50,2,23,Yaounde_tp_078
Yaounde,50,2,24,Yaounde_tp_004
Yaounde,50,2,25,Yaounde_tp_079
Yaounde,50,2,26,Yaounde_tp_035
Yaounde,50,2,27,Yaounde_tp_040
Yaounde,50,2,28,Yaounde_tp_013
Yaounde,50,2,29,Yaounde_tp_024
Yaounde,50,2,30,Yaounde_tp_072
Yaounde,50,2,31,Yaounde_tp_066
Yaounde,50,2,32,Yaounde_tp_048
Yaounde,50,2,33,Yaounde_tp_068
Yaounde,50,2,34,Yaounde_tp_038
Yaounde,50,2,35,Yaounde_tp_070
Yaounde,50,2,36,Yaounde_tp_077
Yaounde,50,2,37,Yaounde_tp_061
Yaounde,50,2,38,Yaounde_tp_033
Yaounde,50,2,39,Yaounde_tp_022
Yaounde,50,2,40,Yaounde_tp_074
Yaounde,50,2,41,Yaounde_tp_073
Yaounde,50,2,42,Yaounde_tp_046
Yaounde,50,2,43,Yaounde_tp_012
Yaounde,50,2,44,Yaounde_tp_063
Yaounde,50,2,45,Yaounde_tp_003
Yaounde,50,2,46,Yaounde_tp_032
Yaounde,50,2,47,Yaounde_tp_001
Yaounde,50,2,48,Yaounde_tp_016
Yaounde,50,2,49,Yaounde_tp_021
Yaounde,10,3,0,Yaounde_tp_057
Yaounde,10,3,1,Yaounde_tp_023
Yaounde,10,3,2,Yaounde_tp_061
Yaounde,10,3,3,Yaounde_tp_026
Yaounde,10,3,4,Yaounde_tp_008
Yaounde,10,3,5,Yaounde_tp_033
Yaounde,10,3,6,Yaounde_tp_028
Yaounde,10,3,7,Yaounde_tp_060
Yaounde,10,3,8,Yaounde_tp_051
Yaounde,10,3,9,Yaounde_tp_010
Yaounde,25,3,0,Yaounde_tp_057
Yaounde,25,3,1,Yaounde_tp_023
Yaounde,25,3,2,Yaounde_tp_061
Yaounde,25,3,3,Yaounde_tp_026
Yaounde,25,3,4,Yaounde_tp_008
Yaounde,25,3,5,Yaounde_tp_033
Yaounde,25,3,6,Yaounde_tp_028
Yaounde,25,3,7,Yaounde_tp_060
Yaounde,25,3,8,Yaounde_tp_051
Yaounde,25,3,9,Yaounde_tp_010
Yaounde,25,3,10,Yaounde_tp_067
Yaounde,25,3,11,Yaounde_tp_071
Yaounde,25,3,12,Yaounde_tp_068
Yaounde,25,3,13,Yaounde_tp_078
Yaounde,25,3,14,Yaounde_tp_014
Yaounde,25,3,15,Yaounde_tp_039
Yaounde,25,3,16,Yaounde_tp_002
Yaounde,25,3,17,Yaounde_tp_053
Yaounde,25,3,18,Yaounde_tp_027
Yaounde,25,3,19,Yaounde_tp_030
Yaounde,25,3,20,Yaounde_tp_003
Yaounde,25,3,21,Yaounde_tp_075
Yaounde,25,3,22,Yaounde_tp_050
Yaounde,25,3,23,Yaounde_tp_005
Yaounde,25,3,24,Yaounde_tp_006
Yaounde,50,3,0,Yaounde_tp_057
Yaounde,50,3,1,Yaounde_tp_023
Yaounde,50,3,2,Yaounde_tp_061
Yaounde,50,3,3,Yaounde_tp_026
Yaounde,50,3,4,Yaounde_tp_008
Yaounde,50,3,5,Yaounde_tp_033
Yaounde,50,3,6,Yaounde_tp_028
Yaounde,50,3,7,Yaounde_tp_060
Yaounde,50,3,8,Yaounde_tp_051
Yaounde,50,3,9,Yaounde_tp_010
Yaounde,50,3,10,Yaounde_tp_067
Yaounde,50,3,11,Yaounde_tp_071
Yaounde,50,3,12,Yaounde_tp_068
Yaounde,50,3,13,Yaounde_tp_078
Yaounde,50,3,14,Yaounde_tp_014
Yaounde,50,3,15,Yaounde_tp_039
Yaounde,50,3,16,Yaounde_tp_002
Yaounde,50,3,17,Yaounde_tp_053
Yaounde,50,3,18,Yaounde_tp_027
Yaounde,50,3,19,Yaounde_tp_030
Yaounde,50,3,20,Yaounde_tp_003
Yaounde,50,3,21,Yaounde_tp_075
Yaounde,50,3,22,Yaounde_tp_050
Yaounde,50,3,23,Yaounde_tp_005
Yaounde,50,3,24,Yaounde_tp_006
Yaounde,50,3,25,Yaounde_tp_004
Yaounde,50,3,26,Yaounde_tp_045
Yaounde,50,3,27,Yaounde_tp_074
Yaounde,50,3,28,Yaounde_tp_048
Yaounde,50,3,29,Yaounde_tp_024
Yaounde,50,3,30,Yaounde_tp_076
Yaounde,50,3,31,Yaounde_tp_055
Yaounde,50,3,32,Yaounde_tp_017
Yaounde,50,3,33,Yaounde_tp_019
Yaounde,50,3,34,Yaounde_tp_079
Yaounde,50,3,35,Yaounde_tp_031
Yaounde,50,3,36,Yaounde_tp_037
Yaounde,50,3,37,Yaounde_tp_016
Yaounde,50,3,38,Yaounde_tp_072
Yaounde,50,3,39,Yaounde_tp_063
Yaounde,50,3,40,Yaounde_tp_022
Yaounde,50,3,41,Yaounde_tp_015
Yaounde,50,3,42,Yaounde_tp_007
Yaounde,50,3,43,Yaounde_tp_009
Yaounde,50,3,44,Yaounde_tp_062
Yaounde,50,3,45,Yaounde_tp_013
Yaounde,50,3,46,Yaounde_tp_064
Yaounde,50,3,47,Yaounde_tp_035
Yaounde,50,3,48,Yaounde_tp_011
Yaounde,50,3,49,Yaounde_tp_040
Yaounde,10,4,0,Yaounde_tp_029
Yaounde,10,4,1,Yaounde_tp_045
Yaounde,10,4,2,Yaounde_tp_069
Yaounde,10,4,3,Yaounde_tp_033
Yaounde,10,4,4,Yaounde_tp_065
Yaounde,10,4,5,Yaounde_tp_044
Yaounde,10,4,6,Yaounde_tp_011
Yaounde,10,4,7,Yaounde_tp_056
Yaounde,10,4,8,Yaounde_tp_070
Yaounde,10,4,9,Yaounde_tp_002
Yaounde,25,4,0,Yaounde_tp_029
Yaounde,25,4,1,Yaounde_tp_045
Yaounde,25,4,2,Yaounde_tp_069
Yaounde,25,4,3,Yaounde_tp_033
Yaounde,25,4,4,Yaounde_tp_065
Yaounde,25,4,5,Yaounde_tp_044
Yaounde,25,4,6,Yaounde_tp_011
Yaounde,25,4,7,Yaounde_tp_056
Yaounde,25,4,8,Yaounde_tp_070
Yaounde,25,4,9,Yaounde_tp_002
Yaounde,25,4,10,Yaounde_tp_037
Yaounde,25,4,11,Yaounde_tp_060
Yaounde,25,4,12,Yaounde_tp_061
Yaounde,25,4,13,Yaounde_tp_021
Yaounde,25,4,14,Yaounde_tp_023
Yaounde,25,4,15,Yaounde_tp_067
Yaounde,25,4,16,Yaounde_tp_031
Yaounde,25,4,17,Yaounde_tp_066
Yaounde,25,4,18,Yaounde_tp_048
Yaounde,25,4,19,Yaounde_tp_014
Yaounde,25,4,20,Yaounde_tp_064
Yaounde,25,4,21,Yaounde_tp_049
Yaounde,25,4,22,Yaounde_tp_063
Yaounde,25,4,23,Yaounde_tp_007
Yaounde,25,4,24,Yaounde_tp_022
Yaounde,50,4,0,Yaounde_tp_029
Yaounde,50,4,1,Yaounde_tp_045
Yaounde,50,4,2,Yaounde_tp_069
Yaounde,50,4,3,Yaounde_tp_033
Yaounde,50,4,4,Yaounde_tp_065
Yaounde,50,4,5,Yaounde_tp_044
Yaounde,50,4,6,Yaounde_tp_011
Yaounde,50,4,7,Yaounde_tp_056
Yaounde,50,4,8,Yaounde_tp_070
Yaounde,50,4,9,Yaounde_tp_002
Yaounde,50,4,10,Yaounde_tp_037
Yaounde,50,4,11,Yaounde_tp_060
Yaounde,50,4,12,Yaounde_tp_061
Yaounde,50,4,13,Yaounde_tp_021
Yaounde,50,4,14,Yaounde_tp_023
Yaounde,50,4,15,Yaounde_tp_067
Yaounde,50,4,16,Yaounde_tp_031
Yaounde,50,4,17,Yaounde_tp_066
Yaounde,50,4,18,Yaounde_tp_048
Yaounde,50,4,19,Yaounde_tp_014
Yaounde,50,4,20,Yaounde_tp_064
Yaounde,50,4,21,Yaounde_tp_049
Yaounde,50,4,22,Yaounde_tp_063
Yaounde,50,4,23,Yaounde_tp_007
Yaounde,50,4,24,Yaounde_tp_022
Yaounde,50,4,25,Yaounde_tp_020
Yaounde,50,4,26,Yaounde_tp_015
Yaounde,50,4,27,Yaounde_tp_076
Yaounde,50,4,28,Yaounde_tp_018
Yaounde,50,4,29,Yaounde_tp_009
Yaounde,50,4,30,Yaounde_tp_057
Yaounde,50,4,31,Yaounde_tp_055
Yaounde,50,4,32,Yaounde_tp_053
Yaounde,50,4,33,Yaounde_tp_041
Yaounde,50,4,34,Yaounde_tp_013
Yaounde,50,4,35,Yaounde_tp_038
Yaounde,50,4,36,Yaounde_tp_068
Yaounde,50,4,37,Yaounde_tp_036
Yaounde,50,4,38,Yaounde_tp_047
Yaounde,50,4,39,Yaounde_tp_040
Yaounde,50,4,40,Yaounde_tp_005
Yaounde,50,4,41,Yaounde_tp_058
Yaounde,50,4,42,Yaounde_tp_078
Yaounde,50,4,43,Yaounde_tp_059
Yaounde,50,4,44,Yaounde_tp_071
Yaounde,50,4,45,Yaounde_tp_043
Yaounde,50,4,46,Yaounde_tp_008
Yaounde,50,4,47,Yaounde_tp_073
Yaounde,50,4,48,Yaounde_tp_051
Yaounde,50,4,49,Yaounde_tp_028
Yaounde,10,5,0,Yaounde_tp_072
Yaounde,10,5,1,Yaounde_tp_032
Yaounde,10,5,2,Yaounde_tp_008
Yaounde,10,5,3,Yaounde_tp_031
Yaounde,10,5,4,Yaounde_tp_037
Yaounde,10,5,5,Yaounde_tp_040
Yaounde,10,5,6,Yaounde_tp_033
Yaounde,10,5,7,Yaounde_tp_063
Yaounde,10,5,8,Yaounde_tp_021
Yaounde,10,5,9,Yaounde_tp_001
Yaounde,25,5,0,Yaounde_tp_072
Yaounde,25,5,1,Yaounde_tp_032
Yaounde,25,5,2,Yaounde_tp_008
Yaounde,25,5,3,Yaounde_tp_031
Yaounde,25,5,4,Yaounde_tp_037
Yaounde,25,5,5,Yaounde_tp_040
Yaounde,25,5,6,Yaounde_tp_033
Yaounde,25,5,7,Yaounde_tp_063
Yaounde,25,5,8,Yaounde_tp_021
Yaounde,25,5,9,Yaounde_tp_001
Yaounde,25,5,10,Yaounde_tp_038
Yaounde,25,5,11,Yaounde_tp_026
Yaounde,25,5,12,Yaounde_tp_020
Yaounde,25,5,13,Yaounde_tp_067
Yaounde,25,5,14,Yaounde_tp_076
Yaounde,25,5,15,Yaounde_tp_003
Yaounde,25,5,16,Yaounde_tp_070
Yaounde,25,5,17,Yaounde_tp_009
Yaounde,25,5,18,Yaounde_tp_074
Yaounde,25,5,19,Yaounde_tp_061
Yaounde,25,5,20,Yaounde_tp_062
Yaounde,25,5,21,Yaounde_tp_039
Yaounde,25,5,22,Yaounde_tp_002
Yaounde,25,5,23,Yaounde_tp_025
Yaounde,25,5,24,Yaounde_tp_023
Yaounde,50,5,0,Yaounde_tp_072
Yaounde,50,5,1,Yaounde_tp_032
Yaounde,50,5,2,Yaounde_tp_008
Yaounde,50,5,3,Yaounde_tp_031
Yaounde,50,5,4,Yaounde_tp_037
Yaounde,50,5,5,Yaounde_tp_040
Yaounde,50,5,6,Yaounde_tp_033
Yaounde,50,5,7,Yaounde_tp_063
Yaounde,50,5,8,Yaounde_tp_021
Yaounde,50,5,9,Yaounde_tp_001
Yaounde,50,5,10,Yaounde_tp_038
Yaounde,50,5,11,Yaounde_tp_026
Yaounde,50,5,12,Yaounde_tp_020
Yaounde,50,5,13,Yaounde_tp_067
Yaounde,50,5,14,Yaounde_tp_076
Yaounde,50,5,15,Yaounde_tp_003
Yaounde,50,5,16,Yaounde_tp_070
Yaounde,50,5,17,Yaounde_tp_009
Yaounde,50,5,18,Yaounde_tp_074
Yaounde,50,5,19,Yaounde_tp_061
Yaounde,50,5,20,Yaounde_tp_062
Yaounde,50,5,21,Yaounde_tp_039
Yaounde,50,5,22,Yaounde_tp_002
Yaounde,50,5,23,Yaounde_tp_025
Yaounde,50,5,24,Yaounde_tp_023
Yaounde,50,5,25,Yaounde_tp_007
Yaounde,50,5,26,Yaounde_tp_077
Yaounde,50,5,27,Yaounde_tp_071
Yaounde,50,5,28,Yaounde_tp_041
Yaounde,50,5,29,Yaounde_tp_030
Yaounde,50,5,30,Yaounde_tp_022
Yaounde,50,5,31,Yaounde_tp_018
Yaounde,50,5,32,Yaounde_tp_005
Yaounde,50,5,33,Yaounde_tp_015
Yaounde,50,5,34,Yaounde_tp_006
Yaounde,50,5,35,Yaounde_tp_078
Yaounde,50,5,36,Yaounde_tp_047
Yaounde,50,5,37,Yaounde_tp_054
Yaounde,50,5,38,Yaounde_tp_024
Yaounde,50,5,39,Yaounde_tp_028
Yaounde,50,5,40,Yaounde_tp_016
Yaounde,50,5,41,Yaounde_tp_046
Yaounde,50,5,42,Yaounde_tp_014
Yaounde,50,5,43,Yaounde_tp_051
Yaounde,50,5,44,Yaounde_tp_011
Yaounde,50,5,45,Yaounde_tp_056
Yaounde,50,5,46,Yaounde_tp_053
Yaounde,50,5,47,Yaounde_tp_055
Yaounde,50,5,48,Yaounde_tp_000
Yaounde,50,5,49,Yaounde_tp_048
Yaounde,10,6,0,Yaounde_tp_009
Yaounde,10,6,1,Yaounde_tp_066
Yaounde,10,6,2,Yaounde_tp_005
Yaounde,10,6,3,Yaounde_tp_013
Yaounde,10,6,4,Yaounde_tp_063
Yaounde,10,6,5,Yaounde_tp_007
Yaounde,10,6,6,Yaounde_tp_029
Yaounde,10,6,7,Yaounde_tp_074
Yaounde,10,6,8,Yaounde_tp_035
Yaounde,10,6,9,Yaounde_tp_011
Yaounde,25,6,0,Yaounde_tp_009
Yaounde,25,6,1,Yaounde_tp_066
Yaounde,25,6,2,Yaounde_tp_005
Yaounde,25,6,3,Yaounde_tp_013
Yaounde,25,6,4,Yaounde_tp_063
Yaounde,25,6,5,Yaounde_tp_007
Yaounde,25,6,6,Yaounde_tp_029
Yaounde,25,6,7,Yaounde_tp_074
Yaounde,25,6,8,Yaounde_tp_035
Yaounde,25,6,9,Yaounde_tp_011
Yaounde,25,6,10,Yaounde_tp_026
Yaounde,25,6,11,Yaounde_tp_041
Yaounde,25,6,12,Yaounde_tp_058
Yaounde,25,6,13,Yaounde_tp_027
Yaounde,25,6,14,Yaounde_tp_059
Yaounde,25,6,15,Yaounde_tp_046
Yaounde,25,6,16,Yaounde_tp_071
Yaounde,25,6,17,Yaounde_tp_042
Yaounde,25,6,18,Yaounde_tp_038
Yaounde,25,6,19,Yaounde_tp_000
Yaounde,25,6,20,Yaounde_tp_064
Yaounde,25,6,21,Yaounde_tp_050
Yaounde,25,6,22,Yaounde_tp_010
Yaounde,25,6,23,Yaounde_tp_049
Yaounde,25,6,24,Yaounde_tp_033
Yaounde,50,6,0,Yaounde_tp_009
Yaounde,50,6,1,Yaounde_tp_066
Yaounde,50,6,2,Yaounde_tp_005
Yaounde,50,6,3,Yaounde_tp_013
Yaounde,50,6,4,Yaounde_tp_063
Yaounde,50,6,5,Yaounde_tp_007
Yaounde,50,6,6,Yaounde_tp_029
Yaounde,50,6,7,Yaounde_tp_074
Yaounde,50,6,8,Yaounde_tp_035
Yaounde,50,6,9,Yaounde_tp_011
Yaounde,50,6,10,Yaounde_tp_026
Yaounde,50,6,11,Yaounde_tp_041
Yaounde,50,6,12,Yaounde_tp_058
Yaounde,50,6,13,Yaounde_tp_027
Yaounde,50,6,14,Yaounde_tp_059
Yaounde,50,6,15,Yaounde_tp_046
Yaounde,50,6,16,Yaounde_tp_071
Yaounde,50,6,17,Yaounde_tp_042
Yaounde,50,6,18,Yaounde_tp_038
Yaounde,50,6,19,Yaounde_tp_000
Yaounde,50,6,20,Yaounde_tp_064
Yaounde,50,6,21,Yaounde_tp_050
Yaounde,50,6,22,Yaounde_tp_010
Yaounde,50,6,23,Yaounde_tp_049
Yaounde,50,6,24,Yaounde_tp_033
Yaounde,50,6,25,Yaounde_tp_032
Yaounde,50,6,26,Yaounde_tp_057
Yaounde,50,6,27,Yaounde_tp_022
Yaounde,50,6,28,Yaounde_tp_047
Yaounde,50,6,29,Yaounde_tp_012
Yaounde,50,6,30,Yaounde_tp_037
Yaounde,50,6,31,Yaounde_tp_051
Yaounde,50,6,32,Yaounde_tp_053
Yaounde,50,6,33,Yaounde_tp_077
Yaounde,50,6,34,Yaounde_tp_006
Yaounde,50,6,35,Yaounde_tp_008
Yaounde,50,6,36,Yaounde_tp_075
Yaounde,50,6,37,Yaounde_tp_030
Yaounde,50,6,38,Yaounde_tp_019
Yaounde,50,6,39,Yaounde_tp_031
Yaounde,50,6,40,Yaounde_tp_017
Yaounde,50,6,41,Yaounde_tp_078
Yaounde,50,6,42,Yaounde_tp_025
Yaounde,50,6,43,Yaounde_tp_076
Yaounde,50,6,44,Yaounde_tp_052
Yaounde,50,6,45,Yaounde_tp_021
Yaounde,50,6,46,Yaounde_tp_024
Yaounde,50,6,47,Yaounde_tp_002
Yaounde,50,6,48,Yaounde_tp_015
Yaounde,50,6,49,Yaounde_tp_034
Yaounde,10,7,0,Yaounde_tp_014
Yaounde,10,7,1,Yaounde_tp_047
Yaounde,10,7,2,Yaounde_tp_079
Yaounde,10,7,3,Yaounde_tp_055
Yaounde,10,7,4,Yaounde_tp_030
Yaounde,10,7,5,Yaounde_tp_018
Yaounde,10,7,6,Yaounde_tp_008
Yaounde,10,7,7,Yaounde_tp_004
Yaounde,10,7,8,Yaounde_tp_056
Yaounde,10,7,9,Yaounde_tp_075
Yaounde,25,7,0,Yaounde_tp_014
Yaounde,25,7,1,Yaounde_tp_047
Yaounde,25,7,2,Yaounde_tp_079
Yaounde,25,7,3,Yaounde_tp_055
Yaounde,25,7,4,Yaounde_tp_030
Yaounde,25,7,5,Yaounde_tp_018
Yaounde,25,7,6,Yaounde_tp_008
Yaounde,25,7,7,Yaounde_tp_004
Yaounde,25,7,8,Yaounde_tp_056
Yaounde,25,7,9,Yaounde_tp_075
Yaounde,25,7,10,Yaounde_tp_043
Yaounde,25,7,11,Yaounde_tp_062
Yaounde,25,7,12,Yaounde_tp_016
Yaounde,25,7,13,Yaounde_tp_054
Yaounde,25,7,14,Yaounde_tp_068
Yaounde,25,7,15,Yaounde_tp_069
Yaounde,25,7,16,Yaounde_tp_070
Yaounde,25,7,17,Yaounde_tp_039
Yaounde,25,7,18,Yaounde_tp_019
Yaounde,25,7,19,Yaounde_tp_012
Yaounde,25,7,20,Yaounde_tp_026
Yaounde,25,7,21,Yaounde_tp_035
Yaounde,25,7,22,Yaounde_tp_051
Yaounde,25,7,23,Yaounde_tp_057
Yaounde,25,7,24,Yaounde_tp_041
Yaounde,50,7,0,Yaounde_tp_014
Yaounde,50,7,1,Yaounde_tp_047
Yaounde,50,7,2,Yaounde_tp_079
Yaounde,50,7,3,Yaounde_tp_055
Yaounde,50,7,4,Yaounde_tp_030
Yaounde,50,7,5,Yaounde_tp_018
Yaounde,50,7,6,Yaounde_tp_008
Yaounde,50,7,7,Yaounde_tp_004
Yaounde,50,7,8,Yaounde_tp_056
Yaounde,50,7,9,Yaounde_tp_075
Yaounde,50,7,10,Yaounde_tp_043
Yaounde,50,7,11,Yaounde_tp_062
Yaounde,50,7,12,Yaounde_tp_016
Yaounde,50,7,13,Yaounde_tp_054
Yaounde,50,7,14,Yaounde_tp_068
Yaounde,50,7,15,Yaounde_tp_069
Yaounde,50,7,16,Yaounde_tp_070
Yaounde,50,7,17,Yaounde_tp_039
Yaounde,50,7,18,Yaounde_tp_019
Yaounde,50,7,19,Yaounde_tp_012
Yaounde,50,7,20,Yaounde_tp_026
Yaounde,50,7,21,Yaounde_tp_035
Yaounde,50,7,22,Yaounde_tp_051
Yaounde,50,7,23,Yaounde_tp_057
Yaounde,50,7,24,Yaounde_tp_041
Yaounde,50,7,25,Yaounde_tp_074
Yaounde,50,7,26,Yaounde_tp_053
Yaounde,50,7,27,Yaounde_tp_067
Yaounde,50,7,28,Yaounde_tp_005
Yaounde,50,7,29,Yaounde_tp_077
Yaounde,50,7,30,Yaounde_tp_038
Yaounde,50,7,31,Yaounde_tp_072
Yaounde,50,7,32,Yaounde_tp_042
Yaounde,50,7,33,Yaounde_tp_052
Yaounde,50,7,34,Yaounde_tp_044
Yaounde,50,7,35,Yaounde_tp_003
Yaounde,50,7,36,Yaounde_tp_017
Yaounde,50,7,37,Yaounde_tp_015
Yaounde,50,7,38,Yaounde_tp_021
Yaounde,50,7,39,Yaounde_tp_064
Yaounde,50,7,40,Yaounde_tp_046
Yaounde,50,7,41,Yaounde_tp_007
Yaounde,50,7,42,Yaounde_tp_000
Yaounde,50,7,43,Yaounde_tp_033
Yaounde,50,7,44,Yaounde_tp_040
Yaounde,50,7,45,Yaounde_tp_013
Yaounde,50,7,46,Yaounde_tp_048
Yaounde,50,7,47,Yaounde_tp_028
Yaounde,50,7,48,Yaounde_tp_023
Yaounde,50,7,49,Yaounde_tp_060
Yaounde,10,8,0,Yaounde_tp_077
Yaounde,10,8,1,Yaounde_tp_008
Yaounde,10,8,2,Yaounde_tp_057
Yaounde,10,8,3,Yaounde_tp_015
Yaounde,10,8,4,Yaounde_tp_056
Yaounde,10,8,5,Yaounde_tp_071
Yaounde,10,8,6,Yaounde_tp_063
Yaounde,10,8,7,Yaounde_tp_075
Yaounde,10,8,8,Yaounde_tp_054
Yaounde,10,8,9,Yaounde_tp_027
Yaounde,25,8,0,Yaounde_tp_077
Yaounde,25,8,1,Yaounde_tp_008
Yaounde,25,8,2,Yaounde_tp_057
Yaounde,25,8,3,Yaounde_tp_015
Yaounde,25,8,4,Yaounde_tp_056
Yaounde,25,8,5,Yaounde_tp_071
Yaounde,25,8,6,Yaounde_tp_063
Yaounde,25,8,7,Yaounde_tp_075
Yaounde,25,8,8,Yaounde_tp_054
Yaounde,25,8,9,Yaounde_tp_027
Yaounde,25,8,10,Yaounde_tp_040
Yaounde,25,8,11,Yaounde_tp_048
Yaounde,25,8,12,Yaounde_tp_055
Yaounde,25,8,13,Yaounde_tp_025
Yaounde,25,8,14,Yaounde_tp_013
Yaounde,25,8,15,Yaounde_tp_046
Yaounde,25,8,16,Yaounde_tp_045
Yaounde,25,8,17,Yaounde_tp_022
Yaounde,25,8,18,Yaounde_tp_032
Yaounde,25,8,19,Yaounde_tp_047
Yaounde,25,8,20,Yaounde_tp_034
Yaounde,25,8,21,Yaounde_tp_011
Yaounde,25,8,22,Yaounde_tp_021
Yaounde,25,8,23,Yaounde_tp_059
Yaounde,25,8,24,Yaounde_tp_035
Yaounde,50,8,0,Yaounde_tp_077
Yaounde,50,8,1,Yaounde_tp_008
Yaounde,50,8,2,Yaounde_tp_057
Yaounde,50,8,3,Yaounde_tp_015
Yaounde,50,8,4,Yaounde_tp_056
Yaounde,50,8,5,Yaounde_tp_071
Yaounde,50,8,6,Yaounde_tp_063
Yaounde,50,8,7,Yaounde_tp_075
Yaounde,50,8,8,Yaounde_tp_054
Yaounde,50,8,9,Yaounde_tp_027
Yaounde,50,8,10,Yaounde_tp_040
Yaounde,50,8,11,Yaounde_tp_048
Yaounde,50,8,12,Yaounde_tp_055
Yaounde,50,8,13,Yaounde_tp_025
Yaounde,50,8,14,Yaounde_tp_013
Yaounde,50,8,15,Yaounde_tp_046
Yaounde,50,8,16,Yaounde_tp_045
Yaounde,50,8,17,Yaounde_tp_022
Yaounde,50,8,18,Yaounde_tp_032
Yaounde,50,8,19,Yaounde_tp_047
Yaounde,50,8,20,Yaounde_tp_034
Yaounde,50,8,21,Yaounde_tp_011
Yaounde,50,8,22,Yaounde_tp_021
Yaounde,50,8,23,Yaounde_tp_059
Yaounde,50,8,24,Yaounde_tp_035
Yaounde,50,8,25,Yaounde_tp_031
Yaounde,50,8,26,Yaounde_tp_007
Yaounde,50,8,27,Yaounde_tp_066
Yaounde,50,8,28,Yaounde_tp_020
Yaounde,50,8,29,Yaounde_tp_042
Yaounde,50,8,30,Yaounde_tp_030
Yaounde,50,8,31,Yaounde_tp_079
Yaounde,50,8,32,Yaounde_tp_052
Yaounde,50,8,33,Yaounde_tp_017
Yaounde,50,8,34,Yaounde_tp_010
Yaounde,50,8,35,Yaounde_tp_058
Yaounde,50,8,36,Yaounde_tp_033
Yaounde,50,8,37,Yaounde_tp_061
Yaounde,50,8,38,Yaounde_tp_001
Yaounde,50,8,39,Yaounde_tp_029
Yaounde,50,8,40,Yaounde_tp_068
Yaounde,50,8,41,Yaounde_tp_041
Yaounde,50,8,42,Yaounde_tp_072
Yaounde,50,8,43,Yaounde_tp_067
Yaounde,50,8,44,Yaounde_tp_000
Yaounde,50,8,45,Yaounde_tp_036
Yaounde,50,8,46,Yaounde_tp_012
Yaounde,50,8,47,Yaounde_tp_069
Yaounde,50,8,48,Yaounde_tp_049
Yaounde,50,8,49,Yaounde_tp_053
Yaounde,10,9,0,Yaounde_tp_004
Yaounde,10,9,1,Yaounde_tp_078
Yaounde,10,9,2,Yaounde_tp_066
Yaounde,10,9,3,Yaounde_tp_058
Yaounde,10,9,4,Yaounde_tp_047
Yaounde,10,9,5,Yaounde_tp_011
Yaounde,10,9,6,Yaounde_tp_072
Yaounde,10,9,7,Yaounde_tp_001
Yaounde,10,9,8,Yaounde_tp_013
Yaounde,10,9,9,Yaounde_tp_055
Yaounde,25,9,0,Yaounde_tp_004
Yaounde,25,9,1,Yaounde_tp_078
Yaounde,25,9,2,Yaounde_tp_066
Yaounde,25,9,3,Yaounde_tp_058
Yaounde,25,9,4,Yaounde_tp_047
Yaounde,25,9,5,Yaounde_tp_011
Yaounde,25,9,6,Yaounde_tp_072
Yaounde,25,9,7,Yaounde_tp_001
Yaounde,25,9,8,Yaounde_tp_013
Yaounde,25,9,9,Yaounde_tp_055
Yaounde,25,9,10,Yaounde_tp_064
Yaounde,25,9,11,Yaounde_tp_035
Yaounde,25,9,12,Yaounde_tp_016
Yaounde,25,9,13,Yaounde_tp_079
Yaounde,25,9,14,Yaounde_tp_054
Yaounde,25,9,15,Yaounde_tp_034
Yaounde,25,9,16,Yaounde_tp_073
Yaounde,25,9,17,Yaounde_tp_021
Yaounde,25,9,18,Yaounde_tp_000
Yaounde,25,9,19,Yaounde_tp_039
Yaounde,25,9,20,Yaounde_tp_023
Yaounde,25,9,21,Yaounde_tp_002
Yaounde,25,9,22,Yaounde_tp_038
Yaounde,25,9,23,Yaounde_tp_040
Yaounde,25,9,24,Yaounde_tp_043
Yaounde,50,9,0,Yaounde_tp_004
Yaounde,50,9,1,Yaounde_tp_078
Yaounde,50,9,2,Yaounde_tp_066
Yaounde,50,9,3,Yaounde_tp_058
Yaounde,50,9,4,Yaounde_tp_047
Yaounde,50,9,5,Yaounde_tp_011
Yaounde,50,9,6,Yaounde_tp_072
Yaounde,50,9,7,Yaounde_tp_001
Yaounde,50,9,8,Yaounde_tp_013
Yaounde,50,9,9,Yaounde_tp_055
Yaounde,50,9,10,Yaounde_tp_064
Yaounde,50,9,11,Yaounde_tp_035
Yaounde,50,9,12,Yaounde_tp_016
Yaounde,50,9,13,Yaounde_tp_079
Yaounde,50,9,14,Yaounde_tp_054
Yaounde,50,9,15,Yaounde_tp_034
Yaounde,50,9,16,Yaounde_tp_073
Yaounde,50,9,17,Yaounde_tp_021
Yaounde,50,9,18,Yaounde_tp_000
Yaounde,50,9,19,Yaounde_tp_039
Yaounde,50,9,20,Yaounde_tp_023
Yaounde,50,9,21,Yaounde_tp_002
Yaounde,50,9,22,Yaounde_tp_038
Yaounde,50,9,23,Yaounde_tp_040
Yaounde,50,9,24,Yaounde_tp_043
Yaounde,50,9,25,Yaounde_tp_007
Yaounde,50,9,26,Yaounde_tp_050
Yaounde,50,9,27,Yaounde_tp_076
Yaounde,50,9,28,Yaounde_tp_026
Yaounde,50,9,29,Yaounde_tp_069
Yaounde,50,9,30,Yaounde_tp_008
Yaounde,50,9,31,Yaounde_tp_006
Yaounde,50,9,32,Yaounde_tp_062
Yaounde,50,9,33,Yaounde_tp_077
Yaounde,50,9,34,Yaounde_tp_030
Yaounde,50,9,35,Yaounde_tp_045
Yaounde,50,9,36,Yaounde_tp_056
Yaounde,50,9,37,Yaounde_tp_037
Yaounde,50,9,38,Yaounde_tp_059
Yaounde,50,9,39,Yaounde_tp_057
Yaounde,50,9,40,Yaounde_tp_075
Yaounde,50,9,41,Yaounde_tp_046
Yaounde,50,9,42,Yaounde_tp_022
Yaounde,50,9,43,Yaounde_tp_048
Yaounde,50,9,44,Yaounde_tp_032
Yaounde,50,9,45,Yaounde_tp_049
Yaounde,50,9,46,Yaounde_tp_009
Yaounde,50,9,47,Yaounde_tp_031
Yaounde,50,9,48,Yaounde_tp_014
Yaounde,50,9,49,Yaounde_tp_029
