checkpoint_id,method,fold,seed,K,path,config_hash,epoch,selection_metric,selection_value,sha256,artifact_type,weights_present
SCN_OA_MAE_fold_Dakar_K10_s1,OA_MAE,fold_Dakar,1,10,oamae/SCN_OA_MAE_fold_Dakar_K10_s1.checkpoint_metadata.json,cfg_SCN_73c1e013,53,val_iou,0.31052551,0cb3c87c2f5d8726e806394b68dcf392cde39a07911ef9a6b2cfbd48616e489f,checkpoint_metadata_record,False
SCN_OA_MAE_fold_Dakar_K10_s2,OA_MAE,fold_Dakar,2,10,oamae/SCN_OA_MAE_fold_Dakar_K10_s2.checkpoint_metadata.json,cfg_SCN_73c1e013,44,val_iou,0.33240282,b9e267083c89b1dc079b9b27f96c87425e58254bdbba086fdacf1ea9cc20c19b,checkpoint_metadata_record,False
SCN_OA_MAE_fold_Dakar_K10_s3,OA_MAE,fold_Dakar,3,10,oamae/SCN_OA_MAE_fold_Dakar_K10_s3.checkpoint_metadata.json,cfg_SCN_73c1e013,44,val_iou,0.32348079,d482d7cd074f29be45d8ae6fb76fe714fbc3a57c95d4fa72ed890f7a5962ff2a,checkpoint_metadata_record,False
SCN_OA_MAE_fold_Dakar_K10_s4,OA_MAE,fold_Dakar,4,10,oamae/SCN_OA_MAE_fold_Dakar_K10_s4.checkpoint_metadata.json,cfg_SCN_73c1e013,54,val_iou,0.34565759,2a5af8fe5d93081b7a60fb643d2da4729dfc2971679137da19a22bebda9e37a1,checkpoint_metadata_record,False
SCN_OA_MAE_fold_Dakar_K10_s5,OA_MAE,fold_Dakar,5,10,oamae/SCN_OA_MAE_fold_Dakar_K10_s5.checkpoint_metadata.json,cfg_SCN_73c1e013,42,val_iou,0.31830868,05f37524fbaa32417d59f041792487bfc531919245158cefeb7d0841ea9a45f6,checkpoint_metadata_record,False
SCN_OA_MAE_fold_Dakar_K10_s6,OA_MAE,fold_Dakar,6,10,oamae/SCN_OA_MAE_fold_Dakar_K10_s6.checkpoint_metadata.json,cfg_SCN_73c1e013,51,val_iou,0.32417019,b657354735913b49c0b40565ee20e0142122d4dc7f3ffd0bb961823eaab1c23b,checkpoint_metadata_record,False
SCN_OA_MAE_fold_Dakar_K10_s7,OA_MAE,fold_Dakar,7,10,oamae/SCN_OA_MAE_fold_Dakar_K10_s7.checkpoint_metadata.json,cfg_SCN_73c1e013,43,val_iou,0.33460718,9782437c81c28c8018cedfb493299565e6fbd402cda0f2b68c2b1a435f71407f,checkpoint_metadata_record,False
SCN_OA_MAE_fold_Dakar_K10_s8,OA_MAE,fold_Dakar,8,10,oamae/SCN_OA_MAE_fold_Dakar_K10_s8.checkpoint_metadata.json,cfg_SCN_73c1e013,46,val_iou,0.3107398,bd5d87e36d40d0802bd06dc1e340c479e9649b5f4b3a770b909acaf446d6dd90,checkpoint_metadata_record,False
SCN_OA_MAE_fold_Dakar_K10_s9,OA_MAE,fold_Dakar,9,10,oamae/SCN_OA_MAE_fold_Dakar_K10_s9.checkpoint_metadata.json,cfg_SCN_73c1e013,45,val_iou,0.33516783,223449a1dd1aaf999c29ed55821900f434c1f64b300c91a91a17b0141aa7c89b,checkpoint_metadata_record,False
SCN_OA_MAE_fold_Dakar_K10_s10,OA_MAE,fold_Dakar,10,10,oamae/SCN_OA_MAE_fold_Dakar_K10_s10.checkpoint_metadata.json,cfg_SCN_73c1e013,41,val_iou,0.33003754,bc6806e54865be9a8500837954cdd154b71eb73b4e8e306412bc912f96124b66,checkpoint_metadata_record,False
SCN_OA_MAE_fold_Dakar_K25_s1,OA_MAE,fold_Dakar,1,25,oamae/SCN_OA_MAE_fold_Dakar_K25_s1.checkpoint_metadata.json,cfg_SCN_3a3d58b3,44,val_iou,0.35592085,5a6585129153f3be839c7d0780f3e6ccaad6fdfe588c26cd562c156e9c2ece4b,checkpoint_metadata_record,False
SCN_OA_MAE_fold_Dakar_K25_s2,OA_MAE,fold_Dakar,2,25,oamae/SCN_OA_MAE_fold_Dakar_K25_s2.checkpoint_metadata.json,cfg_SCN_3a3d58b3,45,val_iou,0.36605506,e5fafbbe8c815a3132d019ea467af20d44619623b54a0b1157e955745f2c412a,checkpoint_metadata_record,False
SCN_OA_MAE_fold_Dakar_K25_s3,OA_MAE,fold_Dakar,3,25,oamae/SCN_OA_MAE_fold_Dakar_K25_s3.checkpoint_metadata.json,cfg_SCN_3a3d58b3,44,val_iou,0.38031287,2ee70a393572c3eafe62363f8529ca695a87e256a58d058dc829a6696d0b3d9b,checkpoint_metadata_record,False
SCN_OA_MAE_fold_Dakar_K25_s4,OA_MAE,fold_Dakar,4,25,oamae/SCN_OA_MAE_fold_Dakar_K25_s4.checkpoint_metadata.json,cfg_SCN_3a3d58b3,48,val_iou,0.37237979,c0284774f5b83e801e4264c31a3e260fabf8bb69383933d1b4a37eb9cbe70f9b,checkpoint_metadata_record,False
SCN_OA_MAE_fold_Dakar_K25_s5,OA_MAE,fold_Dakar,5,25,oamae/SCN_OA_MAE_fold_Dakar_K25_s5.checkpoint_metadata.json,cfg_SCN_3a3d58b3,41,val_iou,0.35120456,5f7eb921dccd804b053f750696038bb1a5be8648e43bc4eed956f4762119e9c5,checkpoint_metadata_record,False
SCN_OA_MAE_fold_Dakar_K25_s6,OA_MAE,fold_Dakar,6,25,oamae/SCN_OA_MAE_fold_Dakar_K25_s6.checkpoint_metadata.json,cfg_SCN_3a3d58b3,41,val_iou,0.34351449,50f3ea894a32c7b99035ba3fc10aa97673fa8d84b41a6873f27b1f39426d65ad,checkpoint_metadata_record,False
SCN_OA_MAE_fold_Dakar_K25_s7,OA_MAE,fold_Dakar,7,25,oamae/SCN_OA_MAE_fold_Dakar_K25_s7.checkpoint_metadata.json,cfg_SCN_3a3d58b3,48,val_iou,0.34351871,40e8b0f24f2ef5ebac8b5b6413fc4dc90a9f9587d3907d3dc7aa989161332d22,checkpoint_metadata_record,False
SCN_OA_MAE_fold_Dakar_K25_s8,OA_MAE,fold_Dakar,8,25,oamae/SCN_OA_MAE_fold_Dakar_K25_s8.checkpoint_metadata.json,cfg_SCN_3a3d58b3,43,val_iou,0.34187216,7498852fad8b4f6574830f48fbb4f2b054305f26a9f51dca239e887f7fe82dd4,checkpoint_metadata_record,False
SCN_OA_MAE_fold_Dakar_K25_s9,OA_MAE,fold_Dakar,9,25,oamae/SCN_OA_MAE_fold_Dakar_K25_s9.checkpoint_metadata.json,cfg_SCN_3a3d58b3,42,val_iou,0.36702333,c5b132f361ef9625c364afb264791c9f26e4f98717dc8f7e2cbc820cb1402c57,checkpoint_metadata_record,False
SCN_OA_MAE_fold_Dakar_K25_s10,OA_MAE,fold_Dakar,10,25,oamae/SCN_OA_MAE_fold_Dakar_K25_s10.checkpoint_metadata.json,cfg_SCN_3a3d58b3,52,val_iou,0.37185254,a159a5f236d3b00984e1155532309fa99809c07e2e6f0e938488b51d25a43120,checkpoint_metadata_record,False
SCN_OA_MAE_fold_Dakar_K50_s1,OA_MAE,fold_Dakar,1,50,oamae/SCN_OA_MAE_fold_Dakar_K50_s1.checkpoint_metadata.json,cfg_SCN_5804b62f,52,val_iou,0.367903,26a11c218e60ab1ba7b9c9dcee2f54ee188b3034e26df7591d24f9659800f432,checkpoint_metadata_record,False
SCN_OA_MAE_fold_Dakar_K50_s2,OA_MAE,fold_Dakar,2,50,oamae/SCN_OA_MAE_fold_Dakar_K50_s2.checkpoint_metadata.json,cfg_SCN_5804b62f,40,val_iou,0.38190196,c6910f7c383d255527dc18ebd9ed3ac8bd20469d2d5e794f4a7d33db1d3fc3d6,checkpoint_metadata_record,False
SCN_OA_MAE_fold_Dakar_K50_s3,OA_MAE,fold_Dakar,3,50,oamae/SCN_OA_MAE_fold_Dakar_K50_s3.checkpoint_metadata.json,cfg_SCN_5804b62f,50,val_iou,0.39078511,7b4708313a0c65984d6eab1e1f0ea91e9eb2e74b0491a4aedb3c6b8b9f1f50b9,checkpoint_metadata_record,False
SCN_OA_MAE_fold_Dakar_K50_s4,OA_MAE,fold_Dakar,4,50,oamae/SCN_OA_MAE_fold_Dakar_K50_s4.checkpoint_metadata.json,cfg_SCN_5804b62f,54,val_iou,0.37297485,803cd3b115e6fe5c192c8da2ebf069693061c196dff4c6f11b1c0400695cdcbd,checkpoint_metadata_record,False
SCN_OA_MAE_fold_Dakar_K50_s5,OA_MAE,fold_Dakar,5,50,oamae/SCN_OA_MAE_fold_Dakar_K50_s5.checkpoint_metadata.json,cfg_SCN_5804b62f,53,val_iou,0.3842574,5e0ca6c6926b3dcc4da5834e11cd8e643c437dce42ac14c4a861e4d86e407fcb,checkpoint_metadata_record,False
SCN_OA_MAE_fold_Dakar_K50_s6,OA_MAE,fold_Dakar,6,50,oamae/SCN_OA_MAE_fold_Dakar_K50_s6.checkpoint_metadata.json,cfg_SCN_5804b62f,53,val_iou,0.39402777,ea677d0b9985431e85859b9e7710dc43e6c6cee1fa6a857193bf76477c493d70,checkpoint_metadata_record,False
SCN_OA_MAE_fold_Dakar_K50_s7,OA_MAE,fold_Dakar,7,50,oamae/SCN_OA_MAE_fold_Dakar_K50_s7.checkpoint_metadata.json,cfg_SCN_5804b62f,53,val_iou,0.3907408,baea9aeee57cb1a8d9ca2c9c35161cf5daca8c86c1185b01126954d88d0cd27d,checkpoint_metadata_record,False
SCN_OA_MAE_fold_Dakar_K50_s8,OA_MAE,fold_Dakar,8,50,oamae/SCN_OA_MAE_fold_Dakar_K50_s8.checkpoint_metadata.json,cfg_SCN_5804b62f,51,val_iou,0.38679702,96af802460ce71fb1bacb8835d01eea359fdb4c5d735c9b45786de550c4d31f6,checkpoint_metadata_record,False
SCN_OA_MAE_fold_Dakar_K50_s9,OA_MAE,fold_Dakar,9,50,oamae/SCN_OA_MAE_fold_Dakar_K50_s9.checkpoint_metadata.json,cfg_SCN_5804b62f,44,val_iou,0.39738302,9cd58345fd0cc3b11d8441ceddd211683eba6208b40183df36c3be9ee1ce6c08,checkpoint_metadata_record,False
SCN_OA_MAE_fold_Dakar_K50_s10,OA_MAE,fold_Dakar,10,50,oamae/SCN_OA_MAE_fold_Dakar_K50_s10.checkpoint_metadata.json,cfg_SCN_5804b62f,54,val_iou,0.39404835,f78d6b916d934371f7bea4072503de986cecc6c629530a0ed050779702969c73,checkpoint_metadata_record,False
SCN_OA_MAE_fold_DarEsSalaam_K10_s1,OA_MAE,fold_DarEsSalaam,1,10,oamae/SCN_OA_MAE_fold_DarEsSalaam_K10_s1.checkpoint_metadata.json,cfg_SCN_73c1e013,48,val_iou,0.2990193,439909a53572abe7ebe84c3262079e43817ce93ab36e782cb353253274447131,checkpoint_metadata_record,False
SCN_OA_MAE_fold_DarEsSalaam_K10_s2,OA_MAE,fold_DarEsSalaam,2,10,oamae/SCN_OA_MAE_fold_DarEsSalaam_K10_s2.checkpoint_metadata.json,cfg_SCN_73c1e013,48,val_iou,0.26152016,a5594e121257779edcea2785cc9d90b0f2400caa303ca7ae0421cb45567c7485,checkpoint_metadata_record,False
SCN_OA_MAE_fold_DarEsSalaam_K10_s3,OA_MAE,fold_DarEsSalaam,3,10,oamae/SCN_OA_MAE_fold_DarEsSalaam_K10_s3.checkpoint_metadata.json,cfg_SCN_73c1e013,43,val_iou,0.29751655,74fa562b5ad3e7409bd117db2fa2753b1e155e0af125b16cb0030624180ca69c,checkpoint_metadata_record,False
SCN_OA_MAE_fold_DarEsSalaam_K10_s4,OA_MAE,fold_DarEsSalaam,4,10,oamae/SCN_OA_MAE_fold_DarEsSalaam_K10_s4.checkpoint_metadata.json,cfg_SCN_73c1e013,51,val_iou,0.25934529,fb8863431598cdf1b3389020ffa029e6da103b83d8861f1e56c3b7c063c419b3,checkpoint_metadata_record,False
SCN_OA_MAE_fold_DarEsSalaam_K10_s5,OA_MAE,fold_DarEsSalaam,5,10,oamae/SCN_OA_MAE_fold_DarEsSalaam_K10_s5.checkpoint_metadata.json,cfg_SCN_73c1e013,44,val_iou,0.25217161,25df1168f83afe3b2a242d4696eb55889c61288a1ea5c80835ecbc754013e90c,checkpoint_metadata_record,False
SCN_OA_MAE_fold_DarEsSalaam_K10_s6,OA_MAE,fold_DarEsSalaam,6,10,oamae/SCN_OA_MAE_fold_DarEsSalaam_K10_s6.checkpoint_metadata.json,cfg_SCN_73c1e013,50,val_iou,0.27985229,5b315ef9c00c89b0ba8a70491eae3ae7e5d52c0cb522477de058351ddadde7a6,checkpoint_metadata_record,False
SCN_OA_MAE_fold_DarEsSalaam_K10_s7,OA_MAE,fold_DarEsSalaam,7,10,oamae/SCN_OA_MAE_fold_DarEsSalaam_K10_s7.checkpoint_metadata.json,cfg_SCN_73c1e013,43,val_iou,0.27172555,5481ee0001f88bbeb6a10c4696fc50c9b913ddf6e47ad0a7195066f48015ac85,checkpoint_metadata_record,False
SCN_OA_MAE_fold_DarEsSalaam_K10_s8,OA_MAE,fold_DarEsSalaam,8,10,oamae/SCN_OA_MAE_fold_DarEsSalaam_K10_s8.checkpoint_metadata.json,cfg_SCN_73c1e013,52,val_iou,0.28092997,68191785f343a3578ef964c6fb9429ccd44de2f244e3b413be4e1ee8f8c9df77,checkpoint_metadata_record,False
SCN_OA_MAE_fold_DarEsSalaam_K10_s9,OA_MAE,fold_DarEsSalaam,9,10,oamae/SCN_OA_MAE_fold_DarEsSalaam_K10_s9.checkpoint_metadata.json,cfg_SCN_73c1e013,50,val_iou,0.28654637,444b47851260a4224ac07943429008488416b51dd39d026a4dd0be627f5c0b3a,checkpoint_metadata_record,False
SCN_OA_MAE_fold_DarEsSalaam_K10_s10,OA_MAE,fold_DarEsSalaam,10,10,oamae/SCN_OA_MAE_fold_DarEsSalaam_K10_s10.checkpoint_metadata.json,cfg_SCN_73c1e013,41,val_iou,0.27765105,7d20c3f3723b82b6b5b7d0775195739c930af44b744e6a7b3b2b79220602d9d5,checkpoint_metadata_record,False
SCN_OA_MAE_fold_DarEsSalaam_K25_s1,OA_MAE,fold_DarEsSalaam,1,25,oamae/SCN_OA_MAE_fold_DarEsSalaam_K25_s1.checkpoint_metadata.json,cfg_SCN_3a3d58b3,48,val_iou,0.29710812,e501dde2977aed34f35cbbddfd71050f034387f358f2d1378b03730bd0ad1940,checkpoint_metadata_record,False
SCN_OA_MAE_fold_DarEsSalaam_K25_s2,OA_MAE,fold_DarEsSalaam,2,25,oamae/SCN_OA_MAE_fold_DarEsSalaam_K25_s2.checkpoint_metadata.json,cfg_SCN_3a3d58b3,46,val_iou,0.29409329,dff0e984c80160b86493eaac81168f8ef0be22133026c861e5b2230ac214cffc,checkpoint_metadata_record,False
SCN_OA_MAE_fold_DarEsSalaam_K25_s3,OA_MAE,fold_DarEsSalaam,3,25,oamae/SCN_OA_MAE_fold_DarEsSalaam_K25_s3.checkpoint_metadata.json,cfg_SCN_3a3d58b3,52,val_iou,0.31432242,6e2fe66110456e7081dec8e52e00670b9f2ab1f8027d586002bbc02b2f1f7f2a,checkpoint_metadata_record,False
SCN_OA_MAE_fold_DarEsSalaam_K25_s4,OA_MAE,fold_DarEsSalaam,4,25,oamae/SCN_OA_MAE_fold_DarEsSalaam_K25_s4.checkpoint_metadata.json,cfg_SCN_3a3d58b3,49,val_iou,0.29409222,2cf257ebf938c2b989248bafccdcbc33e9f3dac518ba5111985b4838be5914fd,checkpoint_metadata_record,False
SCN_OA_MAE_fold_DarEsSalaam_K25_s5,OA_MAE,fold_DarEsSalaam,5,25,oamae/SCN_OA_MAE_fold_DarEsSalaam_K25_s5.checkpoint_metadata.json,cfg_SCN_3a3d58b3,46,val_iou,0.30783315,031c8f1fa6d740aa2498e93e7205d0b6704912a88001f583bb7ecc1e2cd4e7b0,checkpoint_metadata_record,False
SCN_OA_MAE_fold_DarEsSalaam_K25_s6,OA_MAE,fold_DarEsSalaam,6,25,oamae/SCN_OA_MAE_fold_DarEsSalaam_K25_s6.checkpoint_metadata.json,cfg_SCN_3a3d58b3,44,val_iou,0.29132076,e23a4acba747046a13d4e264f6dde0567b1f2716cf285f395aaceade6ca439de,checkpoint_metadata_record,False
SCN_OA_MAE_fold_DarEsSalaam_K25_s7,OA_MAE,fold_DarEsSalaam,7,25,oamae/SCN_OA_MAE_fold_DarEsSalaam_K25_s7.checkpoint_metadata.json,cfg_SCN_3a3d58b3,45,val_iou,0.31065491,5e422b50e78e6961b9d6106de3e10fcb1a76ae64607764973120631c661fcb5f,checkpoint_metadata_record,False
SCN_OA_MAE_fold_DarEsSalaam_K25_s8,OA_MAE,fold_DarEsSalaam,8,25,oamae/SCN_OA_MAE_fold_DarEsSalaam_K25_s8.checkpoint_metadata.json,cfg_SCN_3a3d58b3,53,val_iou,0.28293099,8d20063ebde931c023bd130678aade00c73a203c34b59f615a977c8afc0b5365,checkpoint_metadata_record,False
SCN_OA_MAE_fold_DarEsSalaam_K25_s9,OA_MAE,fold_DarEsSalaam,9,25,oamae/SCN_OA_MAE_fold_DarEsSalaam_K25_s9.checkpoint_metadata.json,cfg_SCN_3a3d58b3,52,val_iou,0.31285784,2b6f365d1b3e3dd1f4f5123928ab382638db9bde93d00921f4890d62cd38eb31,checkpoint_metadata_record,False
SCN_OA_MAE_fold_DarEsSalaam_K25_s10,OA_MAE,fold_DarEsSalaam,10,25,oamae/SCN_OA_MAE_fold_DarEsSalaam_K25_s10.checkpoint_metadata.json,cfg_SCN_3a3d58b3,52,val_iou,0.31873836,74d9a9cf88b5487f28287342781320c68b8ec206414f7b7b9383c8e16ef4b9b1,checkpoint_metadata_record,False
SCN_OA_MAE_fold_DarEsSalaam_K50_s1,OA_MAE,fold_DarEsSalaam,1,50,oamae/SCN_OA_MAE_fold_DarEsSalaam_K50_s1.checkpoint_metadata.json,cfg_SCN_5804b62f,49,val_iou,0.33539916,a71138910795dafb2d4bc7ca9a834353fb4967daf36d1881c0789fa92938956d,checkpoint_metadata_record,False
SCN_OA_MAE_fold_DarEsSalaam_K50_s2,OA_MAE,fold_DarEsSalaam,2,50,oamae/SCN_OA_MAE_fold_DarEsSalaam_K50_s2.checkpoint_metadata.json,cfg_SCN_5804b62f,46,val_iou,0.34296415,565188d4117dcc32f6459254c70771a908edba0863580e7d3180da99ac72c530,checkpoint_metadata_record,False
SCN_OA_MAE_fold_DarEsSalaam_K50_s3,OA_MAE,fold_DarEsSalaam,3,50,oamae/SCN_OA_MAE_fold_DarEsSalaam_K50_s3.checkpoint_metadata.json,cfg_SCN_5804b62f,52,val_iou,0.33861826,658ead228c68478b0507f66da7defd07f4bd757eb065415f4374fce0805d887f,checkpoint_metadata_record,False
SCN_OA_MAE_fold_DarEsSalaam_K50_s4,OA_MAE,fold_DarEsSalaam,4,50,oamae/SCN_OA_MAE_fold_DarEsSalaam_K50_s4.checkpoint_metadata.json,cfg_SCN_5804b62f,54,val_iou,0.32752664,5df3b9fbf44496f52eade992663932b1c69ef879fde7b0f31d740f9146462cb4,checkpoint_metadata_record,False
SCN_OA_MAE_fold_DarEsSalaam_K50_s5,OA_MAE,fold_DarEsSalaam,5,50,oamae/SCN_OA_MAE_fold_DarEsSalaam_K50_s5.checkpoint_metadata.json,cfg_SCN_5804b62f,41,val_iou,0.30622411,d3a8fb89219d9c4008ab78446b8b4fdba52c14dfecb7b8fb6ac5a328691a83f5,checkpoint_metadata_record,False
SCN_OA_MAE_fold_DarEsSalaam_K50_s6,OA_MAE,fold_DarEsSalaam,6,50,oamae/SCN_OA_MAE_fold_DarEsSalaam_K50_s6.checkpoint_metadata.json,cfg_SCN_5804b62f,46,val_iou,0.3294675,7dd97f9336ae9f62f24f8c581caa364fc97c9fbb09ee00b941c404869ebe0990,checkpoint_metadata_record,False
SCN_OA_MAE_fold_DarEsSalaam_K50_s7,OA_MAE,fold_DarEsSalaam,7,50,oamae/SCN_OA_MAE_fold_DarEsSalaam_K50_s7.checkpoint_metadata.json,cfg_SCN_5804b62f,40,val_iou,0.2922971,f0681b9ca8df4e2d6d8786ce805d47dc01b2874bb0dd527611ab0cbed759fba9,checkpoint_metadata_record,False
SCN_OA_MAE_fold_DarEsSalaam_K50_s8,OA_MAE,fold_DarEsSalaam,8,50,oamae/SCN_OA_MAE_fold_DarEsSalaam_K50_s8.checkpoint_metadata.json,cfg_SCN_5804b62f,49,val_iou,0.3326533,b13845c289fa33b0c78c8e0060c4f66d371e2d10556ffe7e813d8ed40265db54,checkpoint_metadata_record,False
SCN_OA_MAE_fold_DarEsSalaam_K50_s9,OA_MAE,fold_DarEsSalaam,9,50,oamae/SCN_OA_MAE_fold_DarEsSalaam_K50_s9.checkpoint_metadata.json,cfg_SCN_5804b62f,44,val_iou,0.33243804,b622129e165c6d06b07245afb808d32b7ab935add203f290e8ae3d871a0bbff7,checkpoint_metadata_record,False
SCN_OA_MAE_fold_DarEsSalaam_K50_s10,OA_MAE,fold_DarEsSalaam,10,50,oamae/SCN_OA_MAE_fold_DarEsSalaam_K50_s10.checkpoint_metadata.json,cfg_SCN_5804b62f,54,val_iou,0.3229421,4bf1cc63711065cc65b47a2ba72b2b6afe2ffb78569236a3d9cc1f274d6f4acb,checkpoint_metadata_record,False
SCN_OA_MAE_fold_Douala_K10_s1,OA_MAE,fold_Douala,1,10,oamae/SCN_OA_MAE_fold_Douala_K10_s1.checkpoint_metadata.json,cfg_SCN_73c1e013,53,val_iou,0.25758281,53ed08c2e90ed37d69c6dcfed67e924cf93e438d69935831861ea21439481ccd,checkpoint_metadata_record,False
SCN_OA_MAE_fold_Douala_K10_s2,OA_MAE,fold_Douala,2,10,oamae/SCN_OA_MAE_fold_Douala_K10_s2.checkpoint_metadata.json,cfg_SCN_73c1e013,40,val_iou,0.25869566,a1909e13e99a0a4c2b68fd5088f139e99288df4503a60b5bbf8688072c99e329,checkpoint_metadata_record,False
SCN_OA_MAE_fold_Douala_K10_s3,OA_MAE,fold_Douala,3,10,oamae/SCN_OA_MAE_fold_Douala_K10_s3.checkpoint_metadata.json,cfg_SCN_73c1e013,45,val_iou,0.2784016,e6053310d537cfbf69a89d32928ab3744b6babe5374dd97bed5edf2226a4cb85,checkpoint_metadata_record,False
SCN_OA_MAE_fold_Douala_K10_s4,OA_MAE,fold_Douala,4,10,oamae/SCN_OA_MAE_fold_Douala_K10_s4.checkpoint_metadata.json,cfg_SCN_73c1e013,47,val_iou,0.25535492,a729ca9cfd2593d91470981657df7558632db8dce7d29053d453dcd16063304a,checkpoint_metadata_record,False
SCN_OA_MAE_fold_Douala_K10_s5,OA_MAE,fold_Douala,5,10,oamae/SCN_OA_MAE_fold_Douala_K10_s5.checkpoint_metadata.json,cfg_SCN_73c1e013,43,val_iou,0.25995119,0c96e87de60e64d643b9a3e0fc5c57a6999a6e023c66100c75d7d594e9fd4fbe,checkpoint_metadata_record,False
SCN_OA_MAE_fold_Douala_K10_s6,OA_MAE,fold_Douala,6,10,oamae/SCN_OA_MAE_fold_Douala_K10_s6.checkpoint_metadata.json,cfg_SCN_73c1e013,42,val_iou,0.27885831,9ae2c056e60d4e739584d94832cf3e8eeedb82313d92375d5b170f4ef1c345e9,checkpoint_metadata_record,False
SCN_OA_MAE_fold_Douala_K10_s7,OA_MAE,fold_Douala,7,10,oamae/SCN_OA_MAE_fold_Douala_K10_s7.checkpoint_metadata.json,cfg_SCN_73c1e013,40,val_iou,0.25902244,d523c826c6a4b91cb4cafe1f9ca85033b509db736c8e314b3860f9a4ae2bdf1e,checkpoint_metadata_record,False
SCN_OA_MAE_fold_Douala_K10_s8,OA_MAE,fold_Douala,8,10,oamae/SCN_OA_MAE_fold_Douala_K10_s8.checkpoint_metadata.json,cfg_SCN_73c1e013,51,val_iou,0.27152974,3581ed9a835cf2031394128bcff19ad0c724b9264298bd2d0922c38a8b2e6729,checkpoint_metadata_record,False
SCN_OA_MAE_fold_Douala_K10_s9,OA_MAE,fold_Douala,9,10,oamae/SCN_OA_MAE_fold_Douala_K10_s9.checkpoint_metadata.json,cfg_SCN_73c1e013,41,val_iou,0.25206906,18ea1c169cd0881b1e0e2a08c305728697a1592f2a67cc180c7be094cb4e5550,checkpoint_metadata_record,False
SCN_OA_MAE_fold_Douala_K10_s10,OA_MAE,fold_Douala,10,10,oamae/SCN_OA_MAE_fold_Douala_K10_s10.checkpoint_metadata.json,cfg_SCN_73c1e013,41,val_iou,0.2658754,897b6ad7f5ceff83db1913728f45e3d34bafcf002af8d52e2f7fd974279fe6a8,checkpoint_metadata_record,False
SCN_OA_MAE_fold_Douala_K25_s1,OA_MAE,fold_Douala,1,25,oamae/SCN_OA_MAE_fold_Douala_K25_s1.checkpoint_metadata.json,cfg_SCN_3a3d58b3,46,val_iou,0.29666058,57b851e899427a863ea84b4a936cc6196d3f7b22265389c2a7168813eeb7b63d,checkpoint_metadata_record,False
SCN_OA_MAE_fold_Douala_K25_s2,OA_MAE,fold_Douala,2,25,oamae/SCN_OA_MAE_fold_Douala_K25_s2.checkpoint_metadata.json,cfg_SCN_3a3d58b3,41,val_iou,0.2780465,10b222b4b717dbf5e28f5e16264ae90ada15504abf84d2a0987eec635b0e330e,checkpoint_metadata_record,False
SCN_OA_MAE_fold_Douala_K25_s3,OA_MAE,fold_Douala,3,25,oamae/SCN_OA_MAE_fold_Douala_K25_s3.checkpoint_metadata.json,cfg_SCN_3a3d58b3,42,val_iou,0.28537825,f81b4f30491606d70e7285ea9c68b832d9dede72b7a12d4fd404a530a7d0fd5a,checkpoint_metadata_record,False
SCN_OA_MAE_fold_Douala_K25_s4,OA_MAE,fold_Douala,4,25,oamae/SCN_OA_MAE_fold_Douala_K25_s4.checkpoint_metadata.json,cfg_SCN_3a3d58b3,42,val_iou,0.2704185,03b9d15d498eeeac4341674344b7a52b9cdfac73a4913dbc913e1d577caf19f8,checkpoint_metadata_record,False
SCN_OA_MAE_fold_Douala_K25_s5,OA_MAE,fold_Douala,5,25,oamae/SCN_OA_MAE_fold_Douala_K25_s5.checkpoint_metadata.json,cfg_SCN_3a3d58b3,44,val_iou,0.28139153,0c4fd158709ad9a225ab14d26df203c3c974fa86e5d4b46899da9dc8c7cbaeab,checkpoint_metadata_record,False
SCN_OA_MAE_fold_Douala_K25_s6,OA_MAE,fold_Douala,6,25,oamae/SCN_OA_MAE_fold_Douala_K25_s6.checkpoint_metadata.json,cfg_SCN_3a3d58b3,42,val_iou,0.2861099,12cdbcf2a572fb7b807014605426e7fce28d2b5ae1889f1446c69e929f168894,checkpoint_metadata_record,False
SCN_OA_MAE_fold_Douala_K25_s7,OA_MAE,fold_Douala,7,25,oamae/SCN_OA_MAE_fold_Douala_K25_s7.checkpoint_metadata.json,cfg_SCN_3a3d58b3,45,val_iou,0.29589481,af4aa8715ca59e079e6ff26e3120294b8ec40bb6d876ed2520b9228087acff1d,checkpoint_metadata_record,False
SCN_OA_MAE_fold_Douala_K25_s8,OA_MAE,fold_Douala,8,25,oamae/SCN_OA_MAE_fold_Douala_K25_s8.checkpoint_metadata.json,cfg_SCN_3a3d58b3,47,val_iou,0.31248371,e7c80f571bafb775bce5f19683ec1d4cb2eb61793ae822207f143249339b3aab,checkpoint_metadata_record,False
SCN_OA_MAE_fold_Douala_K25_s9,OA_MAE,fold_Douala,9,25,oamae/SCN_OA_MAE_fold_Douala_K25_s9.checkpoint_metadata.json,cfg_SCN_3a3d58b3,50,val_iou,0.2978611,f42f68efef5b2e2322aa64296df432de9d523a97f76d0e6f40ec76a39e171087,checkpoint_metadata_record,False
SCN_OA_MAE_fold_Douala_K25_s10,OA_MAE,fold_Douala,10,25,oamae/SCN_OA_MAE_fold_Douala_K25_s10.checkpoint_metadata.json,cfg_SCN_3a3d58b3,49,val_iou,0.28307857,c3c23b9874716b376ab17ed30c2e7db8719b390b3692c8afef92949b28a01b05,checkpoint_metadata_record,False
SCN_OA_MAE_fold_Douala_K50_s1,OA_MAE,fold_Douala,1,50,oamae/SCN_OA_MAE_fold_Douala_K50_s1.checkpoint_metadata.json,cfg_SCN_5804b62f,48,val_iou,0.3088393,ffd908364e2ffc5cf855ccd119607c04593614cf20cedd9da7e4a0bf90d81709,checkpoint_metadata_record,False
SCN_OA_MAE_fold_Douala_K50_s2,OA_MAE,fold_Douala,2,50,oamae/SCN_OA_MAE_fold_Douala_K50_s2.checkpoint_metadata.json,cfg_SCN_5804b62f,41,val_iou,0.30023618,0caccb565e3eb22c080bb17b731fa49b14d2f18878262726996386ce63197e14,checkpoint_metadata_record,False
SCN_OA_MAE_fold_Douala_K50_s3,OA_MAE,fold_Douala,3,50,oamae/SCN_OA_MAE_fold_Douala_K50_s3.checkpoint_metadata.json,cfg_SCN_5804b62f,42,val_iou,0.30682183,f2d4ab86568417d328d03dd01c8fef4f19f8d9fd3beb216fcc1bb2442b9cdc55,checkpoint_metadata_record,False
SCN_OA_MAE_fold_Douala_K50_s4,OA_MAE,fold_Douala,4,50,oamae/SCN_OA_MAE_fold_Douala_K50_s4.checkpoint_metadata.json,cfg_SCN_5804b62f,54,val_iou,0.29664666,ea7a7f06562546361eb1fa895bf94ab4ac12088171f8342cfe18e40654f02897,checkpoint_metadata_record,False
SCN_OA_MAE_fold_Douala_K50_s5,OA_MAE,fold_Douala,5,50,oamae/SCN_OA_MAE_fold_Douala_K50_s5.checkpoint_metadata.json,cfg_SCN_5804b62f,43,val_iou,0.3056252,8c1366b7a181e416f86cf8ff55d570534e0f71f29cc7fe1fd9cf55942dc6e432,checkpoint_metadata_record,False
SCN_OA_MAE_fold_Douala_K50_s6,OA_MAE,fold_Douala,6,50,oamae/SCN_OA_MAE_fold_Douala_K50_s6.checkpoint_metadata.json,cfg_SCN_5804b62f,48,val_iou,0.30129318,5e9eb1b8ab93ac379dbaeabd591f062c4f055156e63bb561227773cafde71082,checkpoint_metadata_record,False
SCN_OA_MAE_fold_Douala_K50_s7,OA_MAE,fold_Douala,7,50,oamae/SCN_OA_MAE_fold_Douala_K50_s7.checkpoint_metadata.json,cfg_SCN_5804b62f,46,val_iou,0.3337602,de9ebc1bc64f29f4a1a0812ca4b519be76c07f3140d5c85afb1fab79af1ecc73,checkpoint_metadata_record,False
SCN_OA_MAE_fold_Douala_K50_s8,OA_MAE,fold_Douala,8,50,oamae/SCN_OA_MAE_fold_Douala_K50_s8.checkpoint_metadata.json,cfg_SCN_5804b62f,40,val_iou,0.30517568,894bdc36b555331cc4c8863a54c8959cff94caaa1a9cbfeae71aa507c9c71265,checkpoint_metadata_record,False
SCN_OA_MAE_fold_Douala_K50_s9,OA_MAE,fold_Douala,9,50,oamae/SCN_OA_MAE_fold_Douala_K50_s9.checkpoint_metadata.json,cfg_SCN_5804b62f,46,val_iou,0.29590481,59089c858b3909b09bdeb816fe4e0b5c8434ff2cac10fceab2322588b0c34e07,checkpoint_metadata_record,False
SCN_OA_MAE_fold_Douala_K50_s10,OA_MAE,fold_Douala,10,50,oamae/SCN_OA_MAE_fold_Douala_K50_s10.checkpoint_metadata.json,cfg_SCN_5804b62f,50,val_iou,0.29259466,e463e7ddee0c027a51ab2c89c9ebf2737d5dd0633130d3ab66ac2d141b5f68e4,checkpoint_metadata_record,False
SCN_OA_MAE_fold_Garoua_K10_s1,OA_MAE,fold_Garoua,1,10,oamae/SCN_OA_MAE_fold_Garoua_K10_s1.checkpoint_metadata.json,cfg_SCN_73c1e013,46,val_iou,0.30036563,20deeb8ff2cdf4f769e3862806b21d8728c2a322a026fed16bfa3298afe52736,checkpoint_metadata_record,False
SCN_OA_MAE_fold_Garoua_K10_s2,OA_MAE,fold_Garoua,2,10,oamae/SCN_OA_MAE_fold_Garoua_K10_s2.checkpoint_metadata.json,cfg_SCN_73c1e013,53,val_iou,0.31476732,59d8da4d5c47676f65745d627f078ce4cda9fb5a0740d63895d7ffa1b0e72401,checkpoint_metadata_record,False
SCN_OA_MAE_fold_Garoua_K10_s3,OA_MAE,fold_Garoua,3,10,oamae/SCN_OA_MAE_fold_Garoua_K10_s3.checkpoint_metadata.json,cfg_SCN_73c1e013,42,val_iou,0.33989722,de1758a28f61b5b98515d3df5e15e0100f25f577bdcd3faac54bb1eadfba43f5,checkpoint_metadata_record,False
SCN_OA_MAE_fold_Garoua_K10_s4,OA_MAE,fold_Garoua,4,10,oamae/SCN_OA_MAE_fold_Garoua_K10_s4.checkpoint_metadata.json,cfg_SCN_73c1e013,52,val_iou,0.32236728,2318aeea5364b0c9fa5df001fe4e25c7aa80d4db900df8e019ad125430009440,checkpoint_metadata_record,False
SCN_OA_MAE_fold_Garoua_K10_s5,OA_MAE,fold_Garoua,5,10,oamae/SCN_OA_MAE_fold_Garoua_K10_s5.checkpoint_metadata.json,cfg_SCN_73c1e013,49,val_iou,0.31191316,fff7c3a8ca29363194252f3476b3136ce7c560680a768e78ad9336845799cb3a,checkpoint_metadata_record,False
SCN_OA_MAE_fold_Garoua_K10_s6,OA_MAE,fold_Garoua,6,10,oamae/SCN_OA_MAE_fold_Garoua_K10_s6.checkpoint_metadata.json,cfg_SCN_73c1e013,43,val_iou,0.31204318,9b1531d9ae56f2720328df1cb86e3961eede249415971e5d3715a889ff9242b8,checkpoint_metadata_record,False
SCN_OA_MAE_fold_Garoua_K10_s7,OA_MAE,fold_Garoua,7,10,oamae/SCN_OA_MAE_fold_Garoua_K10_s7.checkpoint_metadata.json,cfg_SCN_73c1e013,42,val_iou,0.31223964,f48ad50558241cc4ab3d67c5c7839f4911152aba8a8190cd0e6ae9e4df20bb0f,checkpoint_metadata_record,False
SCN_OA_MAE_fold_Garoua_K10_s8,OA_MAE,fold_Garoua,8,10,oamae/SCN_OA_MAE_fold_Garoua_K10_s8.checkpoint_metadata.json,cfg_SCN_73c1e013,41,val_iou,0.31787557,750cab454a22619f61329b5ff4330b278c1b8a340ac69f7f1235c62ed7fa52c9,checkpoint_metadata_record,False
SCN_OA_MAE_fold_Garoua_K10_s9,OA_MAE,fold_Garoua,9,10,oamae/SCN_OA_MAE_fold_Garoua_K10_s9.checkpoint_metadata.json,cfg_SCN_73c1e013,54,val_iou,0.32574635,4ae764c5514e4c4aab7a1482199ea20e4a68236f1c5d696f4417176411602fd0,checkpoint_metadata_record,False
SCN_OA_MAE_fold_Garoua_K10_s10,OA_MAE,fold_Garoua,10,10,oamae/SCN_OA_MAE_fold_Garoua_K10_s10.checkpoint_metadata.json,cfg_SCN_73c1e013,45,val_iou,0.30451736,673c8f33a27fc2621c1de7bde33eb14c7dadc46fb236fbf45f9c287d1d94e9a1,checkpoint_metadata_record,False
SCN_OA_MAE_fold_Garoua_K25_s1,OA_MAE,fold_Garoua,1,25,oamae/SCN_OA_MAE_fold_Garoua_K25_s1.checkpoint_metadata.json,cfg_SCN_3a3d58b3,52,val_iou,0.33109682,54627a3090dac16ddca0a882cbb433c495371287e92d714ebf5e1b3529abb432,checkpoint_metadata_record,False
SCN_OA_MAE_fold_Garoua_K25_s2,OA_MAE,fold_Garoua,2,25,oamae/SCN_OA_MAE_fold_Garoua_K25_s2.checkpoint_metadata.json,cfg_SCN_3a3d58b3,51,val_iou,0.32750369,1533c90148b6ebc8a16dcf902f71a7696eb3b2bff986f0639abee5219161969d,checkpoint_metadata_record,False
SCN_OA_MAE_fold_Garoua_K25_s3,OA_MAE,fold_Garoua,3,25,oamae/SCN_OA_MAE_fold_Garoua_K25_s3.checkpoint_metadata.json,cfg_SCN_3a3d58b3,46,val_iou,0.33989605,66c59da30dfa11ceaad0b1d774d81a6ac56908c07a0cc8f642f720a3438ec016,checkpoint_metadata_record,False
SCN_OA_MAE_fold_Garoua_K25_s4,OA_MAE,fold_Garoua,4,25,oamae/SCN_OA_MAE_fold_Garoua_K25_s4.checkpoint_metadata.json,cfg_SCN_3a3d58b3,54,val_iou,0.33032771,db9b48a60998b6dbbf6aac9d34d44d7ff050b50d1524ffb5a8a3f95b18473a31,checkpoint_metadata_record,False
SCN_OA_MAE_fold_Garoua_K25_s5,OA_MAE,fold_Garoua,5,25,oamae/SCN_OA_MAE_fold_Garoua_K25_s5.checkpoint_metadata.json,cfg_SCN_3a3d58b3,41,val_iou,0.31489606,244eac87f17113a6996a16963b792a7aba626e4a0394b99b5506fbe073cabcc4,checkpoint_metadata_record,False
SCN_OA_MAE_fold_Garoua_K25_s6,OA_MAE,fold_Garoua,6,25,oamae/SCN_OA_MAE_fold_Garoua_K25_s6.checkpoint_metadata.json,cfg_SCN_3a3d58b3,43,val_iou,0.33428717,7bfc6e7ae402ea51011e291d770350d95ab6b894c2d63c747a472bf49bcf4b9b,checkpoint_metadata_record,False
SCN_OA_MAE_fold_Garoua_K25_s7,OA_MAE,fold_Garoua,7,25,oamae/SCN_OA_MAE_fold_Garoua_K25_s7.checkpoint_metadata.json,cfg_SCN_3a3d58b3,41,val_iou,0.32155229,d343f11183d7928648713fcf6f41ee9fd29c69cd98e5dbb3cb6d41a7d5eb2193,checkpoint_metadata_record,False
SCN_OA_MAE_fold_Garoua_K25_s8,OA_MAE,fold_Garoua,8,25,oamae/SCN_OA_MAE_fold_Garoua_K25_s8.checkpoint_metadata.json,cfg_SCN_3a3d58b3,46,val_iou,0.33061409,b011672c0af0941fb09ff62f5c6d9bfb98da0ad9c188feda017961a496301581,checkpoint_metadata_record,False
SCN_OA_MAE_fold_Garoua_K25_s9,OA_MAE,fold_Garoua,9,25,oamae/SCN_OA_MAE_fold_Garoua_K25_s9.checkpoint_metadata.json,cfg_SCN_3a3d58b3,51,val_iou,0.33098184,211be4f3db0d0992c8d077a4e43b6c7538fc1751ddf1f65d27980327edd6f723,checkpoint_metadata_record,False
SCN_OA_MAE_fold_Garoua_K25_s10,OA_MAE,fold_Garoua,10,25,oamae/SCN_OA_MAE_fold_Garoua_K25_s10.checkpoint_metadata.json,cfg_SCN_3a3d58b3,45,val_iou,0.35866848,bc29573b85c892df7384714924108f492a11062bb3225cd33d3cb9d84bbf4f84,checkpoint_metadata_record,False
SCN_OA_MAE_fold_Garoua_K50_s1,OA_MAE,fold_Garoua,1,50,oamae/SCN_OA_MAE_fold_Garoua_K50_s1.checkpoint_metadata.json,cfg_SCN_5804b62f,51,val_iou,0.36068991,3ebfd51e8316fc9001c32eb4c0bf15b41aca3027c9be8d451732ef2ad8aace16,checkpoint_metadata_record,False
SCN_OA_MAE_fold_Garoua_K50_s2,OA_MAE,fold_Garoua,2,50,oamae/SCN_OA_MAE_fold_Garoua_K50_s2.checkpoint_metadata.json,cfg_SCN_5804b62f,54,val_iou,0.34558795,0d6af1b00c54ab800816846cc02131182661fd02b203eb5f9609927ea9a74910,checkpoint_metadata_record,False
SCN_OA_MAE_fold_Garoua_K50_s3,OA_MAE,fold_Garoua,3,50,oamae/SCN_OA_MAE_fold_Garoua_K50_s3.checkpoint_metadata.json,cfg_SCN_5804b62f,40,val_iou,0.34646612,b47eb99a12b991eb07115c68d2088b2b52b0b41cc22e0b15a6ad7c72ac19f984,checkpoint_metadata_record,False
SCN_OA_MAE_fold_Garoua_K50_s4,OA_MAE,fold_Garoua,4,50,oamae/SCN_OA_MAE_fold_Garoua_K50_s4.checkpoint_metadata.json,cfg_SCN_5804b62f,54,val_iou,0.37126568,d1a6ae05a3dbca0c5735f0664a15e9e447497e9f800b33b751256b672c31f416,checkpoint_metadata_record,False
SCN_OA_MAE_fold_Garoua_K50_s5,OA_MAE,fold_Garoua,5,50,oamae/SCN_OA_MAE_fold_Garoua_K50_s5.checkpoint_metadata.json,cfg_SCN_5804b62f,45,val_iou,0.36089555,ccd55a45ab6e71f4c156bb2e97631306c96223cc9eda7578f75c7df9dc0648ba,checkpoint_metadata_record,False
SCN_OA_MAE_fold_Garoua_K50_s6,OA_MAE,fold_Garoua,6,50,oamae/SCN_OA_MAE_fold_Garoua_K50_s6.checkpoint_metadata.json,cfg_SCN_5804b62f,46,val_iou,0.35229953,ca81e0699ddbda26c306d6f86bff9578def34626de4c55cdb5319925d0c25b17,checkpoint_metadata_record,False
SCN_OA_MAE_fold_Garoua_K50_s7,OA_MAE,fold_Garoua,7,50,oamae/SCN_OA_MAE_fold_Garoua_K50_s7.checkpoint_metadata.json,cfg_SCN_5804b62f,53,val_iou,0.34382077,3d8367ec5b7f2c4b012dfdd6b5d9191c5f705b6af772c4b8f827a9bb3eb703c4,checkpoint_metadata_record,False
SCN_OA_MAE_fold_Garoua_K50_s8,OA_MAE,fold_Garoua,8,50,oamae/SCN_OA_MAE_fold_Garoua_K50_s8.checkpoint_metadata.json,cfg_SCN_5804b62f,50,val_iou,0.3799959,827395e3a6f00c8d009d7dc84efeb4bf8bee1d4f5d2aaae38ebfd4a4e39ea744,checkpoint_metadata_record,False
SCN_OA_MAE_fold_Garoua_K50_s9,OA_MAE,fold_Garoua,9,50,oamae/SCN_OA_MAE_fold_Garoua_K50_s9.checkpoint_metadata.json,cfg_SCN_5804b62f,40,val_iou,0.32603046,642134b273e43957a799405e600c4c2f98e53987ada5dd94f025ca0cf14692d5,checkpoint_metadata_record,False
SCN_OA_MAE_fold_Garoua_K50_s10,OA_MAE,fold_Garoua,10,50,oamae/SCN_OA_MAE_fold_Garoua_K50_s10.checkpoint_metadata.json,cfg_SCN_5804b62f,51,val_iou,0.37254704,dbfe0420222688a8868d8bcfb192f8a41dfecb817a59360dde2e0911d08eb004,checkpoint_metadata_record,False
SCN_OA_MAE_fold_Kigali_K10_s1,OA_MAE,fold_Kigali,1,10,oamae/SCN_OA_MAE_fold_Kigali_K10_s1.checkpoint_metadata.json,cfg_SCN_73c1e013,47,val_iou,0.31546035,f7d709f05e86f84fa3875fde15ae8baf0d2215abb510df5bd757066743065e31,checkpoint_metadata_record,False
SCN_OA_MAE_fold_Kigali_K10_s2,OA_MAE,fold_Kigali,2,10,oamae/SCN_OA_MAE_fold_Kigali_K10_s2.checkpoint_metadata.json,cfg_SCN_73c1e013,41,val_iou,0.30512952,0bc45185b908b0a8725c5b68d54a3320089e97a5b7f83311738313bd0620f388,checkpoint_metadata_record,False
SCN_OA_MAE_fold_Kigali_K10_s3,OA_MAE,fold_Kigali,3,10,oamae/SCN_OA_MAE_fold_Kigali_K10_s3.checkpoint_metadata.json,cfg_SCN_73c1e013,45,val_iou,0.31162525,862cb09f0e266381998a103e526642e4ef20b8076cd5718aa1c31b892bec40e1,checkpoint_metadata_record,False
SCN_OA_MAE_fold_Kigali_K10_s4,OA_MAE,fold_Kigali,4,10,oamae/SCN_OA_MAE_fold_Kigali_K10_s4.checkpoint_metadata.json,cfg_SCN_73c1e013,53,val_iou,0.29131276,5aab6b9b82ad9a3b34ae2c09106a9a36d211217a578379bfa5a5eede2cb067d8,checkpoint_metadata_record,False
SCN_OA_MAE_fold_Kigali_K10_s5,OA_MAE,fold_Kigali,5,10,oamae/SCN_OA_MAE_fold_Kigali_K10_s5.checkpoint_metadata.json,cfg_SCN_73c1e013,41,val_iou,0.29497525,bb3aba1e60cbc5bdea2cf1c2fb9e78ad9af6622ea44ba7b79342e71f6e9a7252,checkpoint_metadata_record,False
SCN_OA_MAE_fold_Kigali_K10_s6,OA_MAE,fold_Kigali,6,10,oamae/SCN_OA_MAE_fold_Kigali_K10_s6.checkpoint_metadata.json,cfg_SCN_73c1e013,48,val_iou,0.31675694,d45b9d3d76477367e16f1480269bacbc8ac85d32e634cae59a7ea625f66f85a9,checkpoint_metadata_record,False
SCN_OA_MAE_fold_Kigali_K10_s7,OA_MAE,fold_Kigali,7,10,oamae/SCN_OA_MAE_fold_Kigali_K10_s7.checkpoint_metadata.json,cfg_SCN_73c1e013,40,val_iou,0.28750591,6228a42435407679129ae199d34c3fcb92c2e746adc21952128d3b19af3aaabb,checkpoint_metadata_record,False
SCN_OA_MAE_fold_Kigali_K10_s8,OA_MAE,fold_Kigali,8,10,oamae/SCN_OA_MAE_fold_Kigali_K10_s8.checkpoint_metadata.json,cfg_SCN_73c1e013,42,val_iou,0.29698394,210dc208cf759ea7f6bf62022d7245593bf9e750f702c0ace9a5168c41f49241,checkpoint_metadata_record,False
SCN_OA_MAE_fold_Kigali_K10_s9,OA_MAE,fold_Kigali,9,10,oamae/SCN_OA_MAE_fold_Kigali_K10_s9.checkpoint_metadata.json,cfg_SCN_73c1e013,43,val_iou,0.28318549,f5aba31d957a598a3f01c7e028b7ccf20e100746a1a2c1beea12b70eaa84f816,checkpoint_metadata_record,False
SCN_OA_MAE_fold_Kigali_K10_s10,OA_MAE,fold_Kigali,10,10,oamae/SCN_OA_MAE_fold_Kigali_K10_s10.checkpoint_metadata.json,cfg_SCN_73c1e013,50,val_iou,0.31065941,20ceb0b0dd613fb8a5e246bd7d1572dfd9e7f61b48d6a3bbc1ec28aaef0ecbb9,checkpoint_metadata_record,False
SCN_OA_MAE_fold_Kigali_K25_s1,OA_MAE,fold_Kigali,1,25,oamae/SCN_OA_MAE_fold_Kigali_K25_s1.checkpoint_metadata.json,cfg_SCN_3a3d58b3,50,val_iou,0.32803011,cff5fee99567531118717d4e5d9be12301eee60d265f977beddf37e0d174355b,checkpoint_metadata_record,False
SCN_OA_MAE_fold_Kigali_K25_s2,OA_MAE,fold_Kigali,2,25,oamae/SCN_OA_MAE_fold_Kigali_K25_s2.checkpoint_metadata.json,cfg_SCN_3a3d58b3,54,val_iou,0.3136673,1af5071ba22213f97264102fabed52ed2dc60cd61cbf6103cb6e01d52d4c27b0,checkpoint_metadata_record,False
SCN_OA_MAE_fold_Kigali_K25_s3,OA_MAE,fold_Kigali,3,25,oamae/SCN_OA_MAE_fold_Kigali_K25_s3.checkpoint_metadata.json,cfg_SCN_3a3d58b3,50,val_iou,0.31960416,74f9b8bbbab6d62e3a4144f6973a9aef632692eab9228a21419072291b963b88,checkpoint_metadata_record,False
SCN_OA_MAE_fold_Kigali_K25_s4,OA_MAE,fold_Kigali,4,25,oamae/SCN_OA_MAE_fold_Kigali_K25_s4.checkpoint_metadata.json,cfg_SCN_3a3d58b3,42,val_iou,0.32869452,f53d122db56dd44227df3060748fbe1daeda71c386b06d5b1e3d8dc78ac74ff8,checkpoint_metadata_record,False
SCN_OA_MAE_fold_Kigali_K25_s5,OA_MAE,fold_Kigali,5,25,oamae/SCN_OA_MAE_fold_Kigali_K25_s5.checkpoint_metadata.json,cfg_SCN_3a3d58b3,45,val_iou,0.34611816,4c815167e7b429b1248bb87f9686e1ea4589074feadb5fa622f12d8d554e96b0,checkpoint_metadata_record,False
SCN_OA_MAE_fold_Kigali_K25_s6,OA_MAE,fold_Kigali,6,25,oamae/SCN_OA_MAE_fold_Kigali_K25_s6.checkpoint_metadata.json,cfg_SCN_3a3d58b3,45,val_iou,0.32095845,d0508ea6b8a579fae8b291052e5e82dcac1f5dc937294dc59addc6f7828129bc,checkpoint_metadata_record,False
SCN_OA_MAE_fold_Kigali_K25_s7,OA_MAE,fold_Kigali,7,25,oamae/SCN_OA_MAE_fold_Kigali_K25_s7.checkpoint_metadata.json,cfg_SCN_3a3d58b3,54,val_iou,0.31514312,bf6b3a58dc5920df26c54124c205b8bf433371e2d22b373cf443547574fb2430,checkpoint_metadata_record,False
SCN_OA_MAE_fold_Kigali_K25_s8,OA_MAE,fold_Kigali,8,25,oamae/SCN_OA_MAE_fold_Kigali_K25_s8.checkpoint_metadata.json,cfg_SCN_3a3d58b3,50,val_iou,0.32969243,ee312caa5a4ba5adb0b65ceea950850ab78465eb259793d1a779981d495ca294,checkpoint_metadata_record,False
SCN_OA_MAE_fold_Kigali_K25_s9,OA_MAE,fold_Kigali,9,25,oamae/SCN_OA_MAE_fold_Kigali_K25_s9.checkpoint_metadata.json,cfg_SCN_3a3d58b3,43,val_iou,0.31116099,45476d3b092e8e3c38de0a432001dd75f0983a3182e62eaf5f6a86f08d7f0a6e,checkpoint_metadata_record,False
SCN_OA_MAE_fold_Kigali_K25_s10,OA_MAE,fold_Kigali,10,25,oamae/SCN_OA_MAE_fold_Kigali_K25_s10.checkpoint_metadata.json,cfg_SCN_3a3d58b3,49,val_iou,0.3148683,8b96cb8293a2f585fa3487d9a7e3c1559f778c54c4e1fa293e641ef76fc044de,checkpoint_metadata_record,False
SCN_OA_MAE_fold_Kigali_K50_s1,OA_MAE,fold_Kigali,1,50,oamae/SCN_OA_MAE_fold_Kigali_K50_s1.checkpoint_metadata.json,cfg_SCN_5804b62f,53,val_iou,0.3344679,fb0f56f67cd4e717e08028d013eddde0defce4dfe2afe826a1a7671a363d1395,checkpoint_metadata_record,False
SCN_OA_MAE_fold_Kigali_K50_s2,OA_MAE,fold_Kigali,2,50,oamae/SCN_OA_MAE_fold_Kigali_K50_s2.checkpoint_metadata.json,cfg_SCN_5804b62f,41,val_iou,0.31960874,7e1c1ebd12b6f105a5e141e91ffa43238074acf2c2e3b8afea6f9f4e2b267236,checkpoint_metadata_record,False
SCN_OA_MAE_fold_Kigali_K50_s3,OA_MAE,fold_Kigali,3,50,oamae/SCN_OA_MAE_fold_Kigali_K50_s3.checkpoint_metadata.json,cfg_SCN_5804b62f,46,val_iou,0.34370414,45b6774040539222790755bc4ee0024341902073cf7034563b0c9e459abd82dd,checkpoint_metadata_record,False
SCN_OA_MAE_fold_Kigali_K50_s4,OA_MAE,fold_Kigali,4,50,oamae/SCN_OA_MAE_fold_Kigali_K50_s4.checkpoint_metadata.json,cfg_SCN_5804b62f,41,val_iou,0.35382048,ccaceeea16c96b90762a7cf285477e8e977f8d19d28e951efe445facb73164a5,checkpoint_metadata_record,False
SCN_OA_MAE_fold_Kigali_K50_s5,OA_MAE,fold_Kigali,5,50,oamae/SCN_OA_MAE_fold_Kigali_K50_s5.checkpoint_metadata.json,cfg_SCN_5804b62f,53,val_iou,0.35221495,79977e4540a88367eeea6672afddb60eb26c92cf51a3d8a800a7c0eed6c576c7,checkpoint_metadata_record,False
SCN_OA_MAE_fold_Kigali_K50_s6,OA_MAE,fold_Kigali,6,50,oamae/SCN_OA_MAE_fold_Kigali_K50_s6.checkpoint_metadata.json,cfg_SCN_5804b62f,40,val_iou,0.36356969,fd629461fbfb474d8e9170349fe6f41161c5abc0672ef513d58964aab5b16d21,checkpoint_metadata_record,False
SCN_OA_MAE_fold_Kigali_K50_s7,OA_MAE,fold_Kigali,7,50,oamae/SCN_OA_MAE_fold_Kigali_K50_s7.checkpoint_metadata.json,cfg_SCN_5804b62f,50,val_iou,0.33996074,924b0d119a01326f5759d2f2f87282f71bc1160d11cd16a97afe9da3a393359d,checkpoint_metadata_record,False
SCN_OA_MAE_fold_Kigali_K50_s8,OA_MAE,fold_Kigali,8,50,oamae/SCN_OA_MAE_fold_Kigali_K50_s8.checkpoint_metadata.json,cfg_SCN_5804b62f,41,val_iou,0.33377555,6f8e5d14333752cf1d53b22783bcfd73ee68673340ec6a3f68ac08de4388b45a,checkpoint_metadata_record,False
SCN_OA_MAE_fold_Kigali_K50_s9,OA_MAE,fold_Kigali,9,50,oamae/SCN_OA_MAE_fold_Kigali_K50_s9.checkpoint_metadata.json,cfg_SCN_5804b62f,47,val_iou,0.33539736,d182c2ec998ce677ee507849d4e513bab44d4ab5df9130afac8e03a445889fcb,checkpoint_metadata_record,False
SCN_OA_MAE_fold_Kigali_K50_s10,OA_MAE,fold_Kigali,10,50,oamae/SCN_OA_MAE_fold_Kigali_K50_s10.checkpoint_metadata.json,cfg_SCN_5804b62f,51,val_iou,0.34885861,3c3ba219bce64999b3cba55799bfc54cd25a08b98c2e043daaef4338a64cbd32,checkpoint_metadata_record,False
SCN_OA_MAE_fold_Yaounde_K10_s1,OA_MAE,fold_Yaounde,1,10,oamae/SCN_OA_MAE_fold_Yaounde_K10_s1.checkpoint_metadata.json,cfg_SCN_73c1e013,51,val_iou,0.28932185,a5f26b212f4b17e986f98404224eaee063f5956246ddef90013f52b6c20b949a,checkpoint_metadata_record,False
SCN_OA_MAE_fold_Yaounde_K10_s2,OA_MAE,fold_Yaounde,2,10,oamae/SCN_OA_MAE_fold_Yaounde_K10_s2.checkpoint_metadata.json,cfg_SCN_73c1e013,42,val_iou,0.26957611,ba58063ceb53a17c9b1ccbd26e4a7b468b5f83bc4ad9a26b43bf37048a93bd33,checkpoint_metadata_record,False
SCN_OA_MAE_fold_Yaounde_K10_s3,OA_MAE,fold_Yaounde,3,10,oamae/SCN_OA_MAE_fold_Yaounde_K10_s3.checkpoint_metadata.json,cfg_SCN_73c1e013,40,val_iou,0.26818116,5fb26f1b152eb9a3362356ce431b7d17d8eb579b50203a4a540029978bdd85cf,checkpoint_metadata_record,False
SCN_OA_MAE_fold_Yaounde_K10_s4,OA_MAE,fold_Yaounde,4,10,oamae/SCN_OA_MAE_fold_Yaounde_K10_s4.checkpoint_metadata.json,cfg_SCN_73c1e013,46,val_iou,0.28306946,043c952464dec56939cb8927471fc59ae5204abe0499637b3ddaf77a4fdee4ed,checkpoint_metadata_record,False
SCN_OA_MAE_fold_Yaounde_K10_s5,OA_MAE,fold_Yaounde,5,10,oamae/SCN_OA_MAE_fold_Yaounde_K10_s5.checkpoint_metadata.json,cfg_SCN_73c1e013,48,val_iou,0.29865865,bb0d8cfc2906782c75182f6e77b21890996dad671c0b2b8839807a75f240eea9,checkpoint_metadata_record,False
SCN_OA_MAE_fold_Yaounde_K10_s6,OA_MAE,fold_Yaounde,6,10,oamae/SCN_OA_MAE_fold_Yaounde_K10_s6.checkpoint_metadata.json,cfg_SCN_73c1e013,52,val_iou,0.27272372,9badc414afa6a9d0bdae689e9b6b309ef62cea41eeb5938de0104112d22a394c,checkpoint_metadata_record,False
SCN_OA_MAE_fold_Yaounde_K10_s7,OA_MAE,fold_Yaounde,7,10,oamae/SCN_OA_MAE_fold_Yaounde_K10_s7.checkpoint_metadata.json,cfg_SCN_73c1e013,40,val_iou,0.29265587,f6d3a8fa096834e38d31b12fab5ffcb72ec0177263ac244d03d5992d8709a584,checkpoint_metadata_record,False
SCN_OA_MAE_fold_Yaounde_K10_s8,OA_MAE,fold_Yaounde,8,10,oamae/SCN_OA_MAE_fold_Yaounde_K10_s8.checkpoint_metadata.json,cfg_SCN_73c1e013,45,val_iou,0.26714612,d577ddb8f8790cb7d6304b14c3264514d25329052dbd7fe4658ace3899048374,checkpoint_metadata_record,False
SCN_OA_MAE_fold_Yaounde_K10_s9,OA_MAE,fold_Yaounde,9,10,oamae/SCN_OA_MAE_fold_Yaounde_K10_s9.checkpoint_metadata.json,cfg_SCN_73c1e013,52,val_iou,0.30323772,2c5eb4dd02e63c0866f4820d039e8c5b576f6a324c5b18c48758328117bd5cb4,checkpoint_metadata_record,False
SCN_OA_MAE_fold_Yaounde_K10_s10,OA_MAE,fold_Yaounde,10,10,oamae/SCN_OA_MAE_fold_Yaounde_K10_s10.checkpoint_metadata.json,cfg_SCN_73c1e013,52,val_iou,0.31073141,e74009745582c4ea63243c265bf1dd9852bd9ca5d800feaf3f17bc2d8edb7edf,checkpoint_metadata_record,False
SCN_OA_MAE_fold_Yaounde_K25_s1,OA_MAE,fold_Yaounde,1,25,oamae/SCN_OA_MAE_fold_Yaounde_K25_s1.checkpoint_metadata.json,cfg_SCN_3a3d58b3,52,val_iou,0.29935495,a352efa06410f82f0492ab0435758ea50734f68e526f9a49494a661105530c76,checkpoint_metadata_record,False
SCN_OA_MAE_fold_Yaounde_K25_s2,OA_MAE,fold_Yaounde,2,25,oamae/SCN_OA_MAE_fold_Yaounde_K25_s2.checkpoint_metadata.json,cfg_SCN_3a3d58b3,41,val_iou,0.31008539,8686d831f5b0cb876821ae5ee74aaf8ec65a200b58a61fa677764973762b305e,checkpoint_metadata_record,False
SCN_OA_MAE_fold_Yaounde_K25_s3,OA_MAE,fold_Yaounde,3,25,oamae/SCN_OA_MAE_fold_Yaounde_K25_s3.checkpoint_metadata.json,cfg_SCN_3a3d58b3,51,val_iou,0.33492961,55e659a534789978a8e012de6afb634f6006c76677c0eec1fb8e211d20f929ac,checkpoint_metadata_record,False
SCN_OA_MAE_fold_Yaounde_K25_s4,OA_MAE,fold_Yaounde,4,25,oamae/SCN_OA_MAE_fold_Yaounde_K25_s4.checkpoint_metadata.json,cfg_SCN_3a3d58b3,54,val_iou,0.3037331,4cb751f756064647fbb5f84a5c8ac7626bcfb234e0579e572fce639dc3edbe64,checkpoint_metadata_record,False
SCN_OA_MAE_fold_Yaounde_K25_s5,OA_MAE,fold_Yaounde,5,25,oamae/SCN_OA_MAE_fold_Yaounde_K25_s5.checkpoint_metadata.json,cfg_SCN_3a3d58b3,53,val_iou,0.31406571,7c9f8e1507939eaed39d7f2f46f7ff5de669c9c9e67729303d24925f66adcee3,checkpoint_metadata_record,False
SCN_OA_MAE_fold_Yaounde_K25_s6,OA_MAE,fold_Yaounde,6,25,oamae/SCN_OA_MAE_fold_Yaounde_K25_s6.checkpoint_metadata.json,cfg_SCN_3a3d58b3,53,val_iou,0.31948589,196d9b67e2945bc0e6a2ee02efadeabf9802fdd2adbdf3746bbce20bf2aab5d6,checkpoint_metadata_record,False
SCN_OA_MAE_fold_Yaounde_K25_s7,OA_MAE,fold_Yaounde,7,25,oamae/SCN_OA_MAE_fold_Yaounde_K25_s7.checkpoint_metadata.json,cfg_SCN_3a3d58b3,54,val_iou,0.30417207,6847a7c0498e89e9b4fba15cd2b8d2f82c36a42e93778c0b17f32e46f590f815,checkpoint_metadata_record,False
SCN_OA_MAE_fold_Yaounde_K25_s8,OA_MAE,fold_Yaounde,8,25,oamae/SCN_OA_MAE_fold_Yaounde_K25_s8.checkpoint_metadata.json,cfg_SCN_3a3d58b3,52,val_iou,0.30931925,98e22a4d4a9c268c1270e6e5a2b630d23e14bd1562a431b2e9a323c960145c4e,checkpoint_metadata_record,False
SCN_OA_MAE_fold_Yaounde_K25_s9,OA_MAE,fold_Yaounde,9,25,oamae/SCN_OA_MAE_fold_Yaounde_K25_s9.checkpoint_metadata.json,cfg_SCN_3a3d58b3,43,val_iou,0.33483128,75d674f5ef1f7fb2afc60ad7729551b9111d05a8b970dbc04d77d73773d2df0d,checkpoint_metadata_record,False
SCN_OA_MAE_fold_Yaounde_K25_s10,OA_MAE,fold_Yaounde,10,25,oamae/SCN_OA_MAE_fold_Yaounde_K25_s10.checkpoint_metadata.json,cfg_SCN_3a3d58b3,51,val_iou,0.3272595,ad6cab9adfef4a7413eba23f664d6ab3237a743988c0ee363d4ee16574d5f6bf,checkpoint_metadata_record,False
SCN_OA_MAE_fold_Yaounde_K50_s1,OA_MAE,fold_Yaounde,1,50,oamae/SCN_OA_MAE_fold_Yaounde_K50_s1.checkpoint_metadata.json,cfg_SCN_5804b62f,48,val_iou,0.35063417,952dbb5cb7cf8a3083f2a49ff9fb139529bdf2af2fbb98210c7c0fbcf3d570b2,checkpoint_metadata_record,False
SCN_OA_MAE_fold_Yaounde_K50_s2,OA_MAE,fold_Yaounde,2,50,oamae/SCN_OA_MAE_fold_Yaounde_K50_s2.checkpoint_metadata.json,cfg_SCN_5804b62f,46,val_iou,0.31314727,655d0ce2362ed119743816e44752ecadba8e4963a3db0ba93e4ce765609a251b,checkpoint_metadata_record,False
SCN_OA_MAE_fold_Yaounde_K50_s3,OA_MAE,fold_Yaounde,3,50,oamae/SCN_OA_MAE_fold_Yaounde_K50_s3.checkpoint_metadata.json,cfg_SCN_5804b62f,45,val_iou,0.321554,867c7435ad00de3c72ab0583607f4f4373aab93aef8484f9e0f58aee0c5054a0,checkpoint_metadata_record,False
SCN_OA_MAE_fold_Yaounde_K50_s4,OA_MAE,fold_Yaounde,4,50,oamae/SCN_OA_MAE_fold_Yaounde_K50_s4.checkpoint_metadata.json,cfg_SCN_5804b62f,44,val_iou,0.33760284,2b32ad0b6384987a36b5f83acc827b982a0abf8c464b6c3636133129982be8c0,checkpoint_metadata_record,False
SCN_OA_MAE_fold_Yaounde_K50_s5,OA_MAE,fold_Yaounde,5,50,oamae/SCN_OA_MAE_fold_Yaounde_K50_s5.checkpoint_metadata.json,cfg_SCN_5804b62f,42,val_iou,0.31519658,8bc19116f237c2ee35181408f2b9db90323ca65c5ff0d090cec9c822e78883b4,checkpoint_metadata_record,False
SCN_OA_MAE_fold_Yaounde_K50_s6,OA_MAE,fold_Yaounde,6,50,oamae/SCN_OA_MAE_fold_Yaounde_K50_s6.checkpoint_metadata.json,cfg_SCN_5804b62f,52,val_iou,0.30655983,8285f3169c9d8c9679717ae298dc4d2ca818b1c5d53573c5a5e9f2b9341edbef,checkpoint_metadata_record,False
SCN_OA_MAE_fold_Yaounde_K50_s7,OA_MAE,fold_Yaounde,7,50,oamae/SCN_OA_MAE_fold_Yaounde_K50_s7.checkpoint_metadata.json,cfg_SCN_5804b62f,41,val_iou,0.31168594,8a4e12a5ffdf53bad29d58595daa323a0ed4aed9db2235c3fc28560d679de12e,checkpoint_metadata_record,False
SCN_OA_MAE_fold_Yaounde_K50_s8,OA_MAE,fold_Yaounde,8,50,oamae/SCN_OA_MAE_fold_Yaounde_K50_s8.checkpoint_metadata.json,cfg_SCN_5804b62f,49,val_iou,0.30990336,bb29057f7ba162056a47e348603438e31a9536876bc9467d68fca058a2b4b332,checkpoint_metadata_record,False
SCN_OA_MAE_fold_Yaounde_K50_s9,OA_MAE,fold_Yaounde,9,50,oamae/SCN_OA_MAE_fold_Yaounde_K50_s9.checkpoint_metadata.json,cfg_SCN_5804b62f,48,val_iou,0.33897034,b4a321d24cdd7cb6105a9f358aad21bf999739ee02a1ff0067fe2969a52be376,checkpoint_metadata_record,False
SCN_OA_MAE_fold_Yaounde_K50_s10,OA_MAE,fold_Yaounde,10,50,oamae/SCN_OA_MAE_fold_Yaounde_K50_s10.checkpoint_metadata.json,cfg_SCN_5804b62f,41,val_iou,0.35357247,f16aa92d408957ed62afefd11ba4f01d11d8e5fb592e273606c53d9df3147403,checkpoint_metadata_record,False
SCN_CROMA_fold_Dakar_K10_s1,CROMA,fold_Dakar,1,10,croma/SCN_CROMA_fold_Dakar_K10_s1.checkpoint_metadata.json,cfg_SCN_e0b94a24,44,val_iou,0.3018702,bd8e09930799a1318b9d5ed39d654cb9a0067bec3d3df313bcf865bed35ecde3,checkpoint_metadata_record,False
SCN_CROMA_fold_Dakar_K10_s2,CROMA,fold_Dakar,2,10,croma/SCN_CROMA_fold_Dakar_K10_s2.checkpoint_metadata.json,cfg_SCN_e0b94a24,53,val_iou,0.31842553,774d487b920899fe92af9ecf16e90954dc0042b115288251e0664b281a008527,checkpoint_metadata_record,False
SCN_CROMA_fold_Dakar_K10_s3,CROMA,fold_Dakar,3,10,croma/SCN_CROMA_fold_Dakar_K10_s3.checkpoint_metadata.json,cfg_SCN_e0b94a24,51,val_iou,0.32974247,b028030953a5c8ed2c625890b310a9a2e48a5ebddf81b287fce287518b7aa124,checkpoint_metadata_record,False
SCN_CROMA_fold_Dakar_K10_s4,CROMA,fold_Dakar,4,10,croma/SCN_CROMA_fold_Dakar_K10_s4.checkpoint_metadata.json,cfg_SCN_e0b94a24,46,val_iou,0.32666397,b94b6879031d1f2a922088a554d6315080e8f03bec9c6af9b6b5af35f79db5cd,checkpoint_metadata_record,False
SCN_CROMA_fold_Dakar_K10_s5,CROMA,fold_Dakar,5,10,croma/SCN_CROMA_fold_Dakar_K10_s5.checkpoint_metadata.json,cfg_SCN_e0b94a24,43,val_iou,0.29269756,9a7f022f53faf9c8ac4b8b49b217375ad8e38120fb34ff980ef81eb301e263b8,checkpoint_metadata_record,False
SCN_CROMA_fold_Dakar_K10_s6,CROMA,fold_Dakar,6,10,croma/SCN_CROMA_fold_Dakar_K10_s6.checkpoint_metadata.json,cfg_SCN_e0b94a24,42,val_iou,0.31108202,2b33124294e3aa8c6f4dbeb59b17f095327e195dd3684e449e1c18fe344cd7d0,checkpoint_metadata_record,False
SCN_CROMA_fold_Dakar_K10_s7,CROMA,fold_Dakar,7,10,croma/SCN_CROMA_fold_Dakar_K10_s7.checkpoint_metadata.json,cfg_SCN_e0b94a24,50,val_iou,0.28363089,647023e762c1ea3b95ef7b4bf4183ce7f90cd7683836f162c41c11157641580f,checkpoint_metadata_record,False
SCN_CROMA_fold_Dakar_K10_s8,CROMA,fold_Dakar,8,10,croma/SCN_CROMA_fold_Dakar_K10_s8.checkpoint_metadata.json,cfg_SCN_e0b94a24,53,val_iou,0.30773842,ee88d722efec92c3ff53751ff7d73cb7520cb4ee4a9b12b23434ec00ecbd2b36,checkpoint_metadata_record,False
SCN_CROMA_fold_Dakar_K10_s9,CROMA,fold_Dakar,9,10,croma/SCN_CROMA_fold_Dakar_K10_s9.checkpoint_metadata.json,cfg_SCN_e0b94a24,49,val_iou,0.3232672,2ef49b53bb26cc2ad551c0c12e504049690d75f7a21c126eac39c59e33341009,checkpoint_metadata_record,False
SCN_CROMA_fold_Dakar_K10_s10,CROMA,fold_Dakar,10,10,croma/SCN_CROMA_fold_Dakar_K10_s10.checkpoint_metadata.json,cfg_SCN_e0b94a24,44,val_iou,0.31085299,1e721042a56d2f68fae37b9514829d94b302ed52d2e33f9a7301ee6b8b2d1e58,checkpoint_metadata_record,False
SCN_CROMA_fold_Dakar_K25_s1,CROMA,fold_Dakar,1,25,croma/SCN_CROMA_fold_Dakar_K25_s1.checkpoint_metadata.json,cfg_SCN_50d4825d,44,val_iou,0.33514487,3f6386110d249b66c731442a2f1e7e3cfc4a5a1c83df85e7edf5394aabc5991e,checkpoint_metadata_record,False
SCN_CROMA_fold_Dakar_K25_s2,CROMA,fold_Dakar,2,25,croma/SCN_CROMA_fold_Dakar_K25_s2.checkpoint_metadata.json,cfg_SCN_50d4825d,40,val_iou,0.33460642,a468c9025eea3c382cf10a52dbbbb95c71581191c3b29fe47b00398bac40ba5a,checkpoint_metadata_record,False
SCN_CROMA_fold_Dakar_K25_s3,CROMA,fold_Dakar,3,25,croma/SCN_CROMA_fold_Dakar_K25_s3.checkpoint_metadata.json,cfg_SCN_50d4825d,45,val_iou,0.34199241,197c6b29aa4a9fc12ec7f981e6b0e3f0eb46c9c6be5149ef2436aeb5a1b63712,checkpoint_metadata_record,False
SCN_CROMA_fold_Dakar_K25_s4,CROMA,fold_Dakar,4,25,croma/SCN_CROMA_fold_Dakar_K25_s4.checkpoint_metadata.json,cfg_SCN_50d4825d,46,val_iou,0.35618281,995522e5c9a806cbc9704b87e215adb0b1d020743ecd4e67059ffc5de3f98611,checkpoint_metadata_record,False
SCN_CROMA_fold_Dakar_K25_s5,CROMA,fold_Dakar,5,25,croma/SCN_CROMA_fold_Dakar_K25_s5.checkpoint_metadata.json,cfg_SCN_50d4825d,49,val_iou,0.32151746,bd38a705bf2e5ffa85a9c0931f8763d6fc8723a074497d8f792dbb2270d284e7,checkpoint_metadata_record,False
SCN_CROMA_fold_Dakar_K25_s6,CROMA,fold_Dakar,6,25,croma/SCN_CROMA_fold_Dakar_K25_s6.checkpoint_metadata.json,cfg_SCN_50d4825d,51,val_iou,0.33274217,825c1fe9de73a56367bb522afdceea6e22d574eec1b6ccc81869d8c0431a8beb,checkpoint_metadata_record,False
SCN_CROMA_fold_Dakar_K25_s7,CROMA,fold_Dakar,7,25,croma/SCN_CROMA_fold_Dakar_K25_s7.checkpoint_metadata.json,cfg_SCN_50d4825d,44,val_iou,0.3271432,18d914b83355be62fe1baf2762610f9df9d81621c79cc5e3f7ab2b43361e8c2c,checkpoint_metadata_record,False
SCN_CROMA_fold_Dakar_K25_s8,CROMA,fold_Dakar,8,25,croma/SCN_CROMA_fold_Dakar_K25_s8.checkpoint_metadata.json,cfg_SCN_50d4825d,41,val_iou,0.31419907,23e31b6b71179a27e81725d8de285860f704dd5036f2aca2b088542adb3d697c,checkpoint_metadata_record,False
SCN_CROMA_fold_Dakar_K25_s9,CROMA,fold_Dakar,9,25,croma/SCN_CROMA_fold_Dakar_K25_s9.checkpoint_metadata.json,cfg_SCN_50d4825d,50,val_iou,0.3635201,00d86940a83c800a0f009a05aecf3535993734cbe8d034299a26d0d63e211c4b,checkpoint_metadata_record,False
SCN_CROMA_fold_Dakar_K25_s10,CROMA,fold_Dakar,10,25,croma/SCN_CROMA_fold_Dakar_K25_s10.checkpoint_metadata.json,cfg_SCN_50d4825d,43,val_iou,0.34887046,54b936c6e2d22d89a5edf5c5d9c9a4a29bd11f76c8c53a0158e983bd773dbafc,checkpoint_metadata_record,False
SCN_CROMA_fold_Dakar_K50_s1,CROMA,fold_Dakar,1,50,croma/SCN_CROMA_fold_Dakar_K50_s1.checkpoint_metadata.json,cfg_SCN_5bcca47d,47,val_iou,0.35701226,dd51cd4e58060556ecf3e3cadf2adb1ffe6e501c1e9e9e6248d44d1945a979cc,checkpoint_metadata_record,False
SCN_CROMA_fold_Dakar_K50_s2,CROMA,fold_Dakar,2,50,croma/SCN_CROMA_fold_Dakar_K50_s2.checkpoint_metadata.json,cfg_SCN_5bcca47d,46,val_iou,0.36070376,8ae645e93901c743bc51576cb6bb3ef27f5ba7f1eef177bc99428767a2d3c07b,checkpoint_metadata_record,False
SCN_CROMA_fold_Dakar_K50_s3,CROMA,fold_Dakar,3,50,croma/SCN_CROMA_fold_Dakar_K50_s3.checkpoint_metadata.json,cfg_SCN_5bcca47d,40,val_iou,0.3700474,737233bac244b23fd9932a0f898c45ccdc481f07b298381546553b3349655da2,checkpoint_metadata_record,False
SCN_CROMA_fold_Dakar_K50_s4,CROMA,fold_Dakar,4,50,croma/SCN_CROMA_fold_Dakar_K50_s4.checkpoint_metadata.json,cfg_SCN_5bcca47d,52,val_iou,0.35025285,d797714422842a3642f44e200cc4765c7c33e614e33b025b35564e4b4f2b12bd,checkpoint_metadata_record,False
SCN_CROMA_fold_Dakar_K50_s5,CROMA,fold_Dakar,5,50,croma/SCN_CROMA_fold_Dakar_K50_s5.checkpoint_metadata.json,cfg_SCN_5bcca47d,41,val_iou,0.37363409,675bba6fe3cfee2513afab2a414c514894828a3f8a0f6bc0bd2aee25e5d81a90,checkpoint_metadata_record,False
SCN_CROMA_fold_Dakar_K50_s6,CROMA,fold_Dakar,6,50,croma/SCN_CROMA_fold_Dakar_K50_s6.checkpoint_metadata.json,cfg_SCN_5bcca47d,48,val_iou,0.39078101,c166f910e5d6ba0a6cbb3347a5b38129fd1070a5f6b4b22bb63ad9a5ba465f8d,checkpoint_metadata_record,False
SCN_CROMA_fold_Dakar_K50_s7,CROMA,fold_Dakar,7,50,croma/SCN_CROMA_fold_Dakar_K50_s7.checkpoint_metadata.json,cfg_SCN_5bcca47d,49,val_iou,0.3593015,e1bffbabe0ecc7063cfe48262a7a5b7b04d42b9bdfdd873fa2f7ebb3aa97b856,checkpoint_metadata_record,False
SCN_CROMA_fold_Dakar_K50_s8,CROMA,fold_Dakar,8,50,croma/SCN_CROMA_fold_Dakar_K50_s8.checkpoint_metadata.json,cfg_SCN_5bcca47d,54,val_iou,0.35038202,06fdffd6909a3d8aa075ee1e84cd31779d2c78a9bdd921ef37b8234e3d07dae1,checkpoint_metadata_record,False
SCN_CROMA_fold_Dakar_K50_s9,CROMA,fold_Dakar,9,50,croma/SCN_CROMA_fold_Dakar_K50_s9.checkpoint_metadata.json,cfg_SCN_5bcca47d,50,val_iou,0.38791197,785f093c6646e79883b2145d0c765245e72a5a9d7afe5dfbf39e968bd4d09587,checkpoint_metadata_record,False
SCN_CROMA_fold_Dakar_K50_s10,CROMA,fold_Dakar,10,50,croma/SCN_CROMA_fold_Dakar_K50_s10.checkpoint_metadata.json,cfg_SCN_5bcca47d,52,val_iou,0.3670889,36ee42281d411ff7aacc5b96b2603434ddbf06aac4de2b4bd132cb354c9deecb,checkpoint_metadata_record,False
SCN_CROMA_fold_DarEsSalaam_K10_s1,CROMA,fold_DarEsSalaam,1,10,croma/SCN_CROMA_fold_DarEsSalaam_K10_s1.checkpoint_metadata.json,cfg_SCN_e0b94a24,54,val_iou,0.27378828,48de887d1852238d88635f6665702d4e68738969bbd4fe994640839a150bbde5,checkpoint_metadata_record,False
SCN_CROMA_fold_DarEsSalaam_K10_s2,CROMA,fold_DarEsSalaam,2,10,croma/SCN_CROMA_fold_DarEsSalaam_K10_s2.checkpoint_metadata.json,cfg_SCN_e0b94a24,41,val_iou,0.24604894,69c6e7fd366fd7daa8e2a7428cb2cc48de13d73b1a5138cf78a67b8597d3c4fe,checkpoint_metadata_record,False
SCN_CROMA_fold_DarEsSalaam_K10_s3,CROMA,fold_DarEsSalaam,3,10,croma/SCN_CROMA_fold_DarEsSalaam_K10_s3.checkpoint_metadata.json,cfg_SCN_e0b94a24,40,val_iou,0.26427962,209b619390475b77887629d1cf5386068689e3c4093060be1a20ee24553b8f3d,checkpoint_metadata_record,False
SCN_CROMA_fold_DarEsSalaam_K10_s4,CROMA,fold_DarEsSalaam,4,10,croma/SCN_CROMA_fold_DarEsSalaam_K10_s4.checkpoint_metadata.json,cfg_SCN_e0b94a24,40,val_iou,0.24294502,f24cc261d276f32f8f34bf31f2aa8cd1e3b4e1a552239576a3fc4a872257dc72,checkpoint_metadata_record,False
SCN_CROMA_fold_DarEsSalaam_K10_s5,CROMA,fold_DarEsSalaam,5,10,croma/SCN_CROMA_fold_DarEsSalaam_K10_s5.checkpoint_metadata.json,cfg_SCN_e0b94a24,43,val_iou,0.24727501,1b4debeaa819b85eeabc00834f584db262700eb1f25b0cfb30383f99663b78f8,checkpoint_metadata_record,False
SCN_CROMA_fold_DarEsSalaam_K10_s6,CROMA,fold_DarEsSalaam,6,10,croma/SCN_CROMA_fold_DarEsSalaam_K10_s6.checkpoint_metadata.json,cfg_SCN_e0b94a24,51,val_iou,0.25437015,56ad515fcb1e8de22bd5308f861ad262fa8d35be21ee69f9efbc2af310a59aa6,checkpoint_metadata_record,False
SCN_CROMA_fold_DarEsSalaam_K10_s7,CROMA,fold_DarEsSalaam,7,10,croma/SCN_CROMA_fold_DarEsSalaam_K10_s7.checkpoint_metadata.json,cfg_SCN_e0b94a24,49,val_iou,0.24705177,bac53d8b65fa8e20e0efbf5044cae1baa7b4750997466a662eebd3bffc7389f8,checkpoint_metadata_record,False
SCN_CROMA_fold_DarEsSalaam_K10_s8,CROMA,fold_DarEsSalaam,8,10,croma/SCN_CROMA_fold_DarEsSalaam_K10_s8.checkpoint_metadata.json,cfg_SCN_e0b94a24,53,val_iou,0.25505649,79fb2bd12d75027dcbb62c2acddfead2f7121a45088ca0ed6bbd842b8a48b1f9,checkpoint_metadata_record,False
SCN_CROMA_fold_DarEsSalaam_K10_s9,CROMA,fold_DarEsSalaam,9,10,croma/SCN_CROMA_fold_DarEsSalaam_K10_s9.checkpoint_metadata.json,cfg_SCN_e0b94a24,53,val_iou,0.26852657,d0299154e0ae0f0961498c032204adcb50242d6b86416f4965da362f4eef9585,checkpoint_metadata_record,False
SCN_CROMA_fold_DarEsSalaam_K10_s10,CROMA,fold_DarEsSalaam,10,10,croma/SCN_CROMA_fold_DarEsSalaam_K10_s10.checkpoint_metadata.json,cfg_SCN_e0b94a24,43,val_iou,0.25411933,56fda2653b591d28fe0f3bca4a0d52ff3326b9679f928b9217f2f95964762dec,checkpoint_metadata_record,False
SCN_CROMA_fold_DarEsSalaam_K25_s1,CROMA,fold_DarEsSalaam,1,25,croma/SCN_CROMA_fold_DarEsSalaam_K25_s1.checkpoint_metadata.json,cfg_SCN_50d4825d,47,val_iou,0.26734377,8b532343bee0627e886c9bb482a03d069b785e1827bc715a8b6bfc7587c15f23,checkpoint_metadata_record,False
SCN_CROMA_fold_DarEsSalaam_K25_s2,CROMA,fold_DarEsSalaam,2,25,croma/SCN_CROMA_fold_DarEsSalaam_K25_s2.checkpoint_metadata.json,cfg_SCN_50d4825d,52,val_iou,0.261928,3ee1b3090afa4610fff63b82abeacc1612744e685b27e4198ff027da68d492d0,checkpoint_metadata_record,False
SCN_CROMA_fold_DarEsSalaam_K25_s3,CROMA,fold_DarEsSalaam,3,25,croma/SCN_CROMA_fold_DarEsSalaam_K25_s3.checkpoint_metadata.json,cfg_SCN_50d4825d,43,val_iou,0.28347299,6ad0963d75f9f9841eecf6ba2329e20179dbff0ef33bfed7e0124eda846a65ef,checkpoint_metadata_record,False
SCN_CROMA_fold_DarEsSalaam_K25_s4,CROMA,fold_DarEsSalaam,4,25,croma/SCN_CROMA_fold_DarEsSalaam_K25_s4.checkpoint_metadata.json,cfg_SCN_50d4825d,48,val_iou,0.26397676,729dc76995c9d3ad802fb37d459da11833496c99c03f513bdd62c2e80ce099e6,checkpoint_metadata_record,False
SCN_CROMA_fold_DarEsSalaam_K25_s5,CROMA,fold_DarEsSalaam,5,25,croma/SCN_CROMA_fold_DarEsSalaam_K25_s5.checkpoint_metadata.json,cfg_SCN_50d4825d,49,val_iou,0.28216008,dc906d1c97b35e5176792c5299326a7ae01ed8f714bee1581f2612c3b9c3ed77,checkpoint_metadata_record,False
SCN_CROMA_fold_DarEsSalaam_K25_s6,CROMA,fold_DarEsSalaam,6,25,croma/SCN_CROMA_fold_DarEsSalaam_K25_s6.checkpoint_metadata.json,cfg_SCN_50d4825d,47,val_iou,0.25977157,195848fb5981c7375f4708903b840275f049fb2e6e270607c6cf5e58d7708c50,checkpoint_metadata_record,False
SCN_CROMA_fold_DarEsSalaam_K25_s7,CROMA,fold_DarEsSalaam,7,25,croma/SCN_CROMA_fold_DarEsSalaam_K25_s7.checkpoint_metadata.json,cfg_SCN_50d4825d,45,val_iou,0.28298723,a6c33926d23adf80e090b458906d463c9eb9d1c8b9e3a70a317b7b986d3ef633,checkpoint_metadata_record,False
SCN_CROMA_fold_DarEsSalaam_K25_s8,CROMA,fold_DarEsSalaam,8,25,croma/SCN_CROMA_fold_DarEsSalaam_K25_s8.checkpoint_metadata.json,cfg_SCN_50d4825d,44,val_iou,0.25375676,bcb76e06f8d552646e85aa8aaef5e41ba50063e3ad6ebcdf9278ef91f629ee63,checkpoint_metadata_record,False
SCN_CROMA_fold_DarEsSalaam_K25_s9,CROMA,fold_DarEsSalaam,9,25,croma/SCN_CROMA_fold_DarEsSalaam_K25_s9.checkpoint_metadata.json,cfg_SCN_50d4825d,47,val_iou,0.27511163,731dccbb73afce168c3951b8e25bba2ce3b26aa1a6a55c385d31cbb49f1c5dfc,checkpoint_metadata_record,False
SCN_CROMA_fold_DarEsSalaam_K25_s10,CROMA,fold_DarEsSalaam,10,25,croma/SCN_CROMA_fold_DarEsSalaam_K25_s10.checkpoint_metadata.json,cfg_SCN_50d4825d,48,val_iou,0.27979411,8e2cee10912ce53ea35728e1563d48ad87244b25c1230d98c58cc70823552115,checkpoint_metadata_record,False
SCN_CROMA_fold_DarEsSalaam_K50_s1,CROMA,fold_DarEsSalaam,1,50,croma/SCN_CROMA_fold_DarEsSalaam_K50_s1.checkpoint_metadata.json,cfg_SCN_5bcca47d,43,val_iou,0.30694359,63bfdc7c890c12abc60e0e168ff2b98d9638d62f17c656418c56f45863bca551,checkpoint_metadata_record,False
SCN_CROMA_fold_DarEsSalaam_K50_s2,CROMA,fold_DarEsSalaam,2,50,croma/SCN_CROMA_fold_DarEsSalaam_K50_s2.checkpoint_metadata.json,cfg_SCN_5bcca47d,47,val_iou,0.30158378,1a7f524132b74826dd25bc278e939a2ff89ff3250afa1eae32c046b9024a35f9,checkpoint_metadata_record,False
SCN_CROMA_fold_DarEsSalaam_K50_s3,CROMA,fold_DarEsSalaam,3,50,croma/SCN_CROMA_fold_DarEsSalaam_K50_s3.checkpoint_metadata.json,cfg_SCN_5bcca47d,53,val_iou,0.30679295,410e866998f9393c7c620be2368be482cabe78cf8b5387f80a0bc94b40cbabc2,checkpoint_metadata_record,False
SCN_CROMA_fold_DarEsSalaam_K50_s4,CROMA,fold_DarEsSalaam,4,50,croma/SCN_CROMA_fold_DarEsSalaam_K50_s4.checkpoint_metadata.json,cfg_SCN_5bcca47d,43,val_iou,0.28636196,84255a20d07afa35de8b46a550dd112eb975c0ddcaf705bc16c5ab7584204516,checkpoint_metadata_record,False
SCN_CROMA_fold_DarEsSalaam_K50_s5,CROMA,fold_DarEsSalaam,5,50,croma/SCN_CROMA_fold_DarEsSalaam_K50_s5.checkpoint_metadata.json,cfg_SCN_5bcca47d,43,val_iou,0.2890152,f2f7db783aa53fefb310c30706d1772366c73201bea5f8e372ddf23426d781ba,checkpoint_metadata_record,False
SCN_CROMA_fold_DarEsSalaam_K50_s6,CROMA,fold_DarEsSalaam,6,50,croma/SCN_CROMA_fold_DarEsSalaam_K50_s6.checkpoint_metadata.json,cfg_SCN_5bcca47d,46,val_iou,0.28606734,931860a52a6e247cacd3fcaa4ec57a4c9e670c2b79de383f6a1e6f37b60edd87,checkpoint_metadata_record,False
SCN_CROMA_fold_DarEsSalaam_K50_s7,CROMA,fold_DarEsSalaam,7,50,croma/SCN_CROMA_fold_DarEsSalaam_K50_s7.checkpoint_metadata.json,cfg_SCN_5bcca47d,52,val_iou,0.27871405,9985d10bf64008078c5316b4793b40eae1cd23561871036b6f9ed5a32ff40422,checkpoint_metadata_record,False
SCN_CROMA_fold_DarEsSalaam_K50_s8,CROMA,fold_DarEsSalaam,8,50,croma/SCN_CROMA_fold_DarEsSalaam_K50_s8.checkpoint_metadata.json,cfg_SCN_5bcca47d,47,val_iou,0.31318043,fd0499daf214f0bed1e0a43482aa2947c882eed0693c1d0b1af89e254230e996,checkpoint_metadata_record,False
SCN_CROMA_fold_DarEsSalaam_K50_s9,CROMA,fold_DarEsSalaam,9,50,croma/SCN_CROMA_fold_DarEsSalaam_K50_s9.checkpoint_metadata.json,cfg_SCN_5bcca47d,47,val_iou,0.29914085,5a3567bb7bd94dff67978d39be22e6a1eb2681e1578fddaca3747d5667134907,checkpoint_metadata_record,False
SCN_CROMA_fold_DarEsSalaam_K50_s10,CROMA,fold_DarEsSalaam,10,50,croma/SCN_CROMA_fold_DarEsSalaam_K50_s10.checkpoint_metadata.json,cfg_SCN_5bcca47d,44,val_iou,0.29502274,5b4e04f30a26605891df8a4b187ee0d11f79a23665e1415a1eb0e92306fdcfc9,checkpoint_metadata_record,False
SCN_CROMA_fold_Douala_K10_s1,CROMA,fold_Douala,1,10,croma/SCN_CROMA_fold_Douala_K10_s1.checkpoint_metadata.json,cfg_SCN_e0b94a24,47,val_iou,0.2359906,5fe5058fcfc46e53cd7e47143d85191d8db4c5e68333cb6b2a14ae4d0b72f823,checkpoint_metadata_record,False
SCN_CROMA_fold_Douala_K10_s2,CROMA,fold_Douala,2,10,croma/SCN_CROMA_fold_Douala_K10_s2.checkpoint_metadata.json,cfg_SCN_e0b94a24,50,val_iou,0.23481783,109f39bc1b2667d2b9f0b02e24a6b50a2ce904112cdc74f716f655725883ab18,checkpoint_metadata_record,False
SCN_CROMA_fold_Douala_K10_s3,CROMA,fold_Douala,3,10,croma/SCN_CROMA_fold_Douala_K10_s3.checkpoint_metadata.json,cfg_SCN_e0b94a24,50,val_iou,0.24325501,86a966518bf00d04d0a43959cf98e6d3b68cdec40464bdad6d71962bbddaeda2,checkpoint_metadata_record,False
SCN_CROMA_fold_Douala_K10_s4,CROMA,fold_Douala,4,10,croma/SCN_CROMA_fold_Douala_K10_s4.checkpoint_metadata.json,cfg_SCN_e0b94a24,53,val_iou,0.22640362,7277f4332fe07b7233968cf230d0e6828bc1b2949d547440f884f9c6e08bd0cf,checkpoint_metadata_record,False
SCN_CROMA_fold_Douala_K10_s5,CROMA,fold_Douala,5,10,croma/SCN_CROMA_fold_Douala_K10_s5.checkpoint_metadata.json,cfg_SCN_e0b94a24,42,val_iou,0.22458751,f78eed6194df8b7a1bf0dbe06c2f5d4131e04acb21db9745d58e5bbcb2bee1f3,checkpoint_metadata_record,False
SCN_CROMA_fold_Douala_K10_s6,CROMA,fold_Douala,6,10,croma/SCN_CROMA_fold_Douala_K10_s6.checkpoint_metadata.json,cfg_SCN_e0b94a24,54,val_iou,0.24209723,2b8ee2c3fb230c47126df9ea3c0c38fc16507a14cfff15485572581468b4b827,checkpoint_metadata_record,False
SCN_CROMA_fold_Douala_K10_s7,CROMA,fold_Douala,7,10,croma/SCN_CROMA_fold_Douala_K10_s7.checkpoint_metadata.json,cfg_SCN_e0b94a24,43,val_iou,0.2261537,469ff24d65d35d9ecf1805ed6aabdb65a0c14554a57765629326b421e976ea5e,checkpoint_metadata_record,False
SCN_CROMA_fold_Douala_K10_s8,CROMA,fold_Douala,8,10,croma/SCN_CROMA_fold_Douala_K10_s8.checkpoint_metadata.json,cfg_SCN_e0b94a24,49,val_iou,0.24175905,d800555f54803d83bb62765e89b7c1c79a6617590ac290630bd9114b2a5d533d,checkpoint_metadata_record,False
SCN_CROMA_fold_Douala_K10_s9,CROMA,fold_Douala,9,10,croma/SCN_CROMA_fold_Douala_K10_s9.checkpoint_metadata.json,cfg_SCN_e0b94a24,47,val_iou,0.23625515,68ae8fec3ddf3a745c02bd2caeaa9e7b5f1f67cc8defd467b2ba28909929b1d9,checkpoint_metadata_record,False
SCN_CROMA_fold_Douala_K10_s10,CROMA,fold_Douala,10,10,croma/SCN_CROMA_fold_Douala_K10_s10.checkpoint_metadata.json,cfg_SCN_e0b94a24,46,val_iou,0.25225223,6306a4cb9ac706f28fcb070d28d7d98bfafc4047cc1b7b67946b2368f1e7cdc0,checkpoint_metadata_record,False
SCN_CROMA_fold_Douala_K25_s1,CROMA,fold_Douala,1,25,croma/SCN_CROMA_fold_Douala_K25_s1.checkpoint_metadata.json,cfg_SCN_50d4825d,53,val_iou,0.27102387,52a72a8ade07dccfe1f70cdb235b56da6fb1a233a665a53afe32fe25d3713bea,checkpoint_metadata_record,False
SCN_CROMA_fold_Douala_K25_s2,CROMA,fold_Douala,2,25,croma/SCN_CROMA_fold_Douala_K25_s2.checkpoint_metadata.json,cfg_SCN_50d4825d,49,val_iou,0.24295571,8b16aef0f20d34a3f4e7a3edffd280cd776a1c22b24f717ddb51583814f5f00d,checkpoint_metadata_record,False
SCN_CROMA_fold_Douala_K25_s3,CROMA,fold_Douala,3,25,croma/SCN_CROMA_fold_Douala_K25_s3.checkpoint_metadata.json,cfg_SCN_50d4825d,46,val_iou,0.24643177,0ef328653d78715c9799937818d5c6eb3691599d860e6e019932ae75d1dd7a69,checkpoint_metadata_record,False
SCN_CROMA_fold_Douala_K25_s4,CROMA,fold_Douala,4,25,croma/SCN_CROMA_fold_Douala_K25_s4.checkpoint_metadata.json,cfg_SCN_50d4825d,42,val_iou,0.25812363,64f59e3a950f1cfa55a67f7c15ac012f745c493ece980cc65020439a7be4492e,checkpoint_metadata_record,False
SCN_CROMA_fold_Douala_K25_s5,CROMA,fold_Douala,5,25,croma/SCN_CROMA_fold_Douala_K25_s5.checkpoint_metadata.json,cfg_SCN_50d4825d,45,val_iou,0.26265861,312fb486c3f03650acb7ceea7bd5ee2a649fbbdce1780cfc41ceb458efd39d07,checkpoint_metadata_record,False
SCN_CROMA_fold_Douala_K25_s6,CROMA,fold_Douala,6,25,croma/SCN_CROMA_fold_Douala_K25_s6.checkpoint_metadata.json,cfg_SCN_50d4825d,50,val_iou,0.24651126,0b4ac9067a9fd6e26ddf32975f34dbde22d0c46b3f2ba6b0cc499ad1aa3fd594,checkpoint_metadata_record,False
SCN_CROMA_fold_Douala_K25_s7,CROMA,fold_Douala,7,25,croma/SCN_CROMA_fold_Douala_K25_s7.checkpoint_metadata.json,cfg_SCN_50d4825d,46,val_iou,0.2576519,ea0f1cb14249a62bd3f5477df2fbb0ccfb33313b4a9c684260fdac884b8c8aec,checkpoint_metadata_record,False
SCN_CROMA_fold_Douala_K25_s8,CROMA,fold_Douala,8,25,croma/SCN_CROMA_fold_Douala_K25_s8.checkpoint_metadata.json,cfg_SCN_50d4825d,45,val_iou,0.26132637,af9102ec99e9141d781c7bc53f850a3f2007995a2cc83c620027a5a66509a778,checkpoint_metadata_record,False
SCN_CROMA_fold_Douala_K25_s9,CROMA,fold_Douala,9,25,croma/SCN_CROMA_fold_Douala_K25_s9.checkpoint_metadata.json,cfg_SCN_50d4825d,46,val_iou,0.26332518,d632a5dfe490fcd9134b22f5faadee46271c393d6ba0204b8293315ade0d3473,checkpoint_metadata_record,False
SCN_CROMA_fold_Douala_K25_s10,CROMA,fold_Douala,10,25,croma/SCN_CROMA_fold_Douala_K25_s10.checkpoint_metadata.json,cfg_SCN_50d4825d,49,val_iou,0.26014497,428e4bb5153acd3abfff9e9761ac661262dbc2cef8cf210dc1c75d69d8d024ec,checkpoint_metadata_record,False
SCN_CROMA_fold_Douala_K50_s1,CROMA,fold_Douala,1,50,croma/SCN_CROMA_fold_Douala_K50_s1.checkpoint_metadata.json,cfg_SCN_5bcca47d,52,val_iou,0.2721087,01aab7ceeb64e4f867c4dbac83bb499cf748f0f1cbb861707c07d93a538a1b26,checkpoint_metadata_record,False
SCN_CROMA_fold_Douala_K50_s2,CROMA,fold_Douala,2,50,croma/SCN_CROMA_fold_Douala_K50_s2.checkpoint_metadata.json,cfg_SCN_5bcca47d,44,val_iou,0.26743895,88edc111bcd7af189f4b63c4447987469713d256459d683bc7dfe710a1d46deb,checkpoint_metadata_record,False
SCN_CROMA_fold_Douala_K50_s3,CROMA,fold_Douala,3,50,croma/SCN_CROMA_fold_Douala_K50_s3.checkpoint_metadata.json,cfg_SCN_5bcca47d,49,val_iou,0.28373029,3883ca76bfdaf11d060eed7a8afff48e68caa6a193acc2f7612309c15fc30c0d,checkpoint_metadata_record,False
SCN_CROMA_fold_Douala_K50_s4,CROMA,fold_Douala,4,50,croma/SCN_CROMA_fold_Douala_K50_s4.checkpoint_metadata.json,cfg_SCN_5bcca47d,44,val_iou,0.26683702,3e2b3142d34b374645a4bae306765be3dacf9ead444520e6c376d60882a8f5e0,checkpoint_metadata_record,False
SCN_CROMA_fold_Douala_K50_s5,CROMA,fold_Douala,5,50,croma/SCN_CROMA_fold_Douala_K50_s5.checkpoint_metadata.json,cfg_SCN_5bcca47d,44,val_iou,0.27609996,0a4c72f6a31a3ae46214d04fe4d348961c3c974f9cad9400fba7fc2e9a6b63cd,checkpoint_metadata_record,False
SCN_CROMA_fold_Douala_K50_s6,CROMA,fold_Douala,6,50,croma/SCN_CROMA_fold_Douala_K50_s6.checkpoint_metadata.json,cfg_SCN_5bcca47d,49,val_iou,0.26005089,88dce012d5cc4de38542c27454abe68e10a154b569d96c1fe17cf3d18c147034,checkpoint_metadata_record,False
SCN_CROMA_fold_Douala_K50_s7,CROMA,fold_Douala,7,50,croma/SCN_CROMA_fold_Douala_K50_s7.checkpoint_metadata.json,cfg_SCN_5bcca47d,40,val_iou,0.29780853,0c883011fccfc2aa02864504e9e714a5ea36edfbc2bec3d7bc40bc5e19c0ce5f,checkpoint_metadata_record,False
SCN_CROMA_fold_Douala_K50_s8,CROMA,fold_Douala,8,50,croma/SCN_CROMA_fold_Douala_K50_s8.checkpoint_metadata.json,cfg_SCN_5bcca47d,52,val_iou,0.27435224,5d76f51a5420042bec3115f7a60e81a7bb4fd2fd7758af55250ceac030e1e54d,checkpoint_metadata_record,False
SCN_CROMA_fold_Douala_K50_s9,CROMA,fold_Douala,9,50,croma/SCN_CROMA_fold_Douala_K50_s9.checkpoint_metadata.json,cfg_SCN_5bcca47d,44,val_iou,0.27597038,fe3b1d6ae314e81637b59d6d1438589616fd3719a87c0991b8c1f994604bdcfb,checkpoint_metadata_record,False
SCN_CROMA_fold_Douala_K50_s10,CROMA,fold_Douala,10,50,croma/SCN_CROMA_fold_Douala_K50_s10.checkpoint_metadata.json,cfg_SCN_5bcca47d,42,val_iou,0.2772968,3253a55091fc875102d602ef13014eeac2a6ba7526820886d927e809cb239902,checkpoint_metadata_record,False
SCN_CROMA_fold_Garoua_K10_s1,CROMA,fold_Garoua,1,10,croma/SCN_CROMA_fold_Garoua_K10_s1.checkpoint_metadata.json,cfg_SCN_e0b94a24,41,val_iou,0.29234968,32a2257fb198c39d216cc00c62901fd2f6a27c8f93151e13a7a9ce1f9afe2985,checkpoint_metadata_record,False
SCN_CROMA_fold_Garoua_K10_s2,CROMA,fold_Garoua,2,10,croma/SCN_CROMA_fold_Garoua_K10_s2.checkpoint_metadata.json,cfg_SCN_e0b94a24,54,val_iou,0.29242438,a315b6a8aa7aa3bc956a1285fe66a44bb7b8ba8996aa7885d47dde0a8f0cf9ae,checkpoint_metadata_record,False
SCN_CROMA_fold_Garoua_K10_s3,CROMA,fold_Garoua,3,10,croma/SCN_CROMA_fold_Garoua_K10_s3.checkpoint_metadata.json,cfg_SCN_e0b94a24,42,val_iou,0.29701951,00d0febcf5141ceebc5f84e140c68b5bea6b7d72c4a6780bb327c78817bee459,checkpoint_metadata_record,False
SCN_CROMA_fold_Garoua_K10_s4,CROMA,fold_Garoua,4,10,croma/SCN_CROMA_fold_Garoua_K10_s4.checkpoint_metadata.json,cfg_SCN_e0b94a24,47,val_iou,0.29473206,201056160897bb1424f06f12a2ee3bdd4d617a70904ea948a9000c74b559bf62,checkpoint_metadata_record,False
SCN_CROMA_fold_Garoua_K10_s5,CROMA,fold_Garoua,5,10,croma/SCN_CROMA_fold_Garoua_K10_s5.checkpoint_metadata.json,cfg_SCN_e0b94a24,52,val_iou,0.28603856,970f08d3e59176cceb59811ff1c17b9901283ac68023eb6a47577bb09951dbe7,checkpoint_metadata_record,False
SCN_CROMA_fold_Garoua_K10_s6,CROMA,fold_Garoua,6,10,croma/SCN_CROMA_fold_Garoua_K10_s6.checkpoint_metadata.json,cfg_SCN_e0b94a24,43,val_iou,0.28131576,c7e637d450add92166b728347766e9e5c745c5ab97f2e5062e7439c8931a2e9b,checkpoint_metadata_record,False
SCN_CROMA_fold_Garoua_K10_s7,CROMA,fold_Garoua,7,10,croma/SCN_CROMA_fold_Garoua_K10_s7.checkpoint_metadata.json,cfg_SCN_e0b94a24,44,val_iou,0.28540525,b36a03f555f02abc779e9c163d0d407d828fc850deb97aee75b1b3c4f5a05cde,checkpoint_metadata_record,False
SCN_CROMA_fold_Garoua_K10_s8,CROMA,fold_Garoua,8,10,croma/SCN_CROMA_fold_Garoua_K10_s8.checkpoint_metadata.json,cfg_SCN_e0b94a24,40,val_iou,0.29104314,42cf503dfa60402d4af71dc04c674f18b89a98c49bd99d274506426c95a8247d,checkpoint_metadata_record,False
SCN_CROMA_fold_Garoua_K10_s9,CROMA,fold_Garoua,9,10,croma/SCN_CROMA_fold_Garoua_K10_s9.checkpoint_metadata.json,cfg_SCN_e0b94a24,43,val_iou,0.29448444,0e57d503431ad9879856e6b816080953b931cceb62ad3ca1304e081a3389a7da,checkpoint_metadata_record,False
SCN_CROMA_fold_Garoua_K10_s10,CROMA,fold_Garoua,10,10,croma/SCN_CROMA_fold_Garoua_K10_s10.checkpoint_metadata.json,cfg_SCN_e0b94a24,44,val_iou,0.27728133,f3139de078934769abe28eb2e8fec9914d1e58cfda87c9e12be59f66db731b70,checkpoint_metadata_record,False
SCN_CROMA_fold_Garoua_K25_s1,CROMA,fold_Garoua,1,25,croma/SCN_CROMA_fold_Garoua_K25_s1.checkpoint_metadata.json,cfg_SCN_50d4825d,49,val_iou,0.30092248,18d66c08bf5d8e6b274648bc854a4e383a1200dffea66abe81d0e9a0b42ecc93,checkpoint_metadata_record,False
SCN_CROMA_fold_Garoua_K25_s2,CROMA,fold_Garoua,2,25,croma/SCN_CROMA_fold_Garoua_K25_s2.checkpoint_metadata.json,cfg_SCN_50d4825d,41,val_iou,0.30648025,4d4eb2e8268320c5b2e2722072077760baca2555d9f1fe77d54409a4f534da4c,checkpoint_metadata_record,False
SCN_CROMA_fold_Garoua_K25_s3,CROMA,fold_Garoua,3,25,croma/SCN_CROMA_fold_Garoua_K25_s3.checkpoint_metadata.json,cfg_SCN_50d4825d,48,val_iou,0.31745961,1ef18b24040178d25a2b755081429c646320314646846e76c5209263fd7185f4,checkpoint_metadata_record,False
SCN_CROMA_fold_Garoua_K25_s4,CROMA,fold_Garoua,4,25,croma/SCN_CROMA_fold_Garoua_K25_s4.checkpoint_metadata.json,cfg_SCN_50d4825d,53,val_iou,0.30564471,2abc6ca0e9a3993fb5de6fbf23b2c9e10c591d8480122a4fbc9a907d5160b6fd,checkpoint_metadata_record,False
SCN_CROMA_fold_Garoua_K25_s5,CROMA,fold_Garoua,5,25,croma/SCN_CROMA_fold_Garoua_K25_s5.checkpoint_metadata.json,cfg_SCN_50d4825d,40,val_iou,0.30594224,d6e6293b95b47619fd4d178da6f2b5fd1c7b746cc1c2e4dd3be243caec339384,checkpoint_metadata_record,False
SCN_CROMA_fold_Garoua_K25_s6,CROMA,fold_Garoua,6,25,croma/SCN_CROMA_fold_Garoua_K25_s6.checkpoint_metadata.json,cfg_SCN_50d4825d,45,val_iou,0.30347651,202ef93cbf6838d3fc79b1beb0a83ca9975b3458081851d711c5d1643b9c340b,checkpoint_metadata_record,False
SCN_CROMA_fold_Garoua_K25_s7,CROMA,fold_Garoua,7,25,croma/SCN_CROMA_fold_Garoua_K25_s7.checkpoint_metadata.json,cfg_SCN_50d4825d,54,val_iou,0.28670221,eefde9538813e3441cb11e4ee18e0fabaad94d955b8b2e08dea30dcab8bf4f76,checkpoint_metadata_record,False
SCN_CROMA_fold_Garoua_K25_s8,CROMA,fold_Garoua,8,25,croma/SCN_CROMA_fold_Garoua_K25_s8.checkpoint_metadata.json,cfg_SCN_50d4825d,45,val_iou,0.30343753,53adafa3d106aaea4e0cf066fdc3678b666fe2afbb3dc1208ab712ecc065fc99,checkpoint_metadata_record,False
SCN_CROMA_fold_Garoua_K25_s9,CROMA,fold_Garoua,9,25,croma/SCN_CROMA_fold_Garoua_K25_s9.checkpoint_metadata.json,cfg_SCN_50d4825d,44,val_iou,0.31771358,dcb8cd89dd2dd2bbc43781810dfdf818277fd7b5a266897ddcc4e716b8a147e0,checkpoint_metadata_record,False
SCN_CROMA_fold_Garoua_K25_s10,CROMA,fold_Garoua,10,25,croma/SCN_CROMA_fold_Garoua_K25_s10.checkpoint_metadata.json,cfg_SCN_50d4825d,40,val_iou,0.32430924,b3e43aa529cd355944fa1d69c9df2a70f217704bc0cc06d66b799bc7f59f8d7c,checkpoint_metadata_record,False
SCN_CROMA_fold_Garoua_K50_s1,CROMA,fold_Garoua,1,50,croma/SCN_CROMA_fold_Garoua_K50_s1.checkpoint_metadata.json,cfg_SCN_5bcca47d,53,val_iou,0.36120943,db6fbe43b1326a4b92d44979306a72f3525e441b5dea143786943d408ca01808,checkpoint_metadata_record,False
SCN_CROMA_fold_Garoua_K50_s2,CROMA,fold_Garoua,2,50,croma/SCN_CROMA_fold_Garoua_K50_s2.checkpoint_metadata.json,cfg_SCN_5bcca47d,42,val_iou,0.31119218,27a850ede8d0b4177db58d0ffd903d918be88fa29a057e0301177c2312729a3b,checkpoint_metadata_record,False
SCN_CROMA_fold_Garoua_K50_s3,CROMA,fold_Garoua,3,50,croma/SCN_CROMA_fold_Garoua_K50_s3.checkpoint_metadata.json,cfg_SCN_5bcca47d,41,val_iou,0.30476225,50be173d0b7004498b3ed04112ec0a029105567d9e825e694f938f4e97c2e5e9,checkpoint_metadata_record,False
SCN_CROMA_fold_Garoua_K50_s4,CROMA,fold_Garoua,4,50,croma/SCN_CROMA_fold_Garoua_K50_s4.checkpoint_metadata.json,cfg_SCN_5bcca47d,41,val_iou,0.34213095,e0dd417e0f40cb184f2598698549c948b6c58ce5eb024fc9ebf85a167cec093d,checkpoint_metadata_record,False
SCN_CROMA_fold_Garoua_K50_s5,CROMA,fold_Garoua,5,50,croma/SCN_CROMA_fold_Garoua_K50_s5.checkpoint_metadata.json,cfg_SCN_5bcca47d,47,val_iou,0.3329549,24ffe08eadd7e6aa8e9ae4d2163825770e7c1ed80489a352f7bd66d57045fe82,checkpoint_metadata_record,False
SCN_CROMA_fold_Garoua_K50_s6,CROMA,fold_Garoua,6,50,croma/SCN_CROMA_fold_Garoua_K50_s6.checkpoint_metadata.json,cfg_SCN_5bcca47d,46,val_iou,0.32420988,89368fbe8050f836d95dc1ab9da9b7ae3a16929f7df07a9f4a7c8fd2062f98a8,checkpoint_metadata_record,False
SCN_CROMA_fold_Garoua_K50_s7,CROMA,fold_Garoua,7,50,croma/SCN_CROMA_fold_Garoua_K50_s7.checkpoint_metadata.json,cfg_SCN_5bcca47d,48,val_iou,0.32074248,3bc73bd60fe5e967face3cb579da1c5661b05c01bc70d94d62927b03cfaf6a14,checkpoint_metadata_record,False
SCN_CROMA_fold_Garoua_K50_s8,CROMA,fold_Garoua,8,50,croma/SCN_CROMA_fold_Garoua_K50_s8.checkpoint_metadata.json,cfg_SCN_5bcca47d,42,val_iou,0.35858366,2057ea979fde5b4edbac8a22a443bf6a76c4fb081f00128916a3435f12b0e161,checkpoint_metadata_record,False
SCN_CROMA_fold_Garoua_K50_s9,CROMA,fold_Garoua,9,50,croma/SCN_CROMA_fold_Garoua_K50_s9.checkpoint_metadata.json,cfg_SCN_5bcca47d,45,val_iou,0.31577786,7ed9423e63f0972c3e79f8109a157a6e80622b61f9a234c6f74b720203f9be30,checkpoint_metadata_record,False
SCN_CROMA_fold_Garoua_K50_s10,CROMA,fold_Garoua,10,50,croma/SCN_CROMA_fold_Garoua_K50_s10.checkpoint_metadata.json,cfg_SCN_5bcca47d,49,val_iou,0.35098225,c165407fb7fac683cccb2340904c6ff8ead558f2c866f2481a17958c74f8fdd0,checkpoint_metadata_record,False
SCN_CROMA_fold_Kigali_K10_s1,CROMA,fold_Kigali,1,10,croma/SCN_CROMA_fold_Kigali_K10_s1.checkpoint_metadata.json,cfg_SCN_e0b94a24,50,val_iou,0.27937423,a8c8f807b9e41d1e337667ff8a8579a81f9c4800711fa271c0f7b4cc08d22b46,checkpoint_metadata_record,False
SCN_CROMA_fold_Kigali_K10_s2,CROMA,fold_Kigali,2,10,croma/SCN_CROMA_fold_Kigali_K10_s2.checkpoint_metadata.json,cfg_SCN_e0b94a24,44,val_iou,0.27587312,9c641209c5979702894d8fb10e86ff3ab8b00c1bd9e518f926e4a0dfa9691127,checkpoint_metadata_record,False
SCN_CROMA_fold_Kigali_K10_s3,CROMA,fold_Kigali,3,10,croma/SCN_CROMA_fold_Kigali_K10_s3.checkpoint_metadata.json,cfg_SCN_e0b94a24,52,val_iou,0.28201262,9d7c6637c59c34a8902443f4ab202e72ce186b167d4bda8c4c410b39621ac17c,checkpoint_metadata_record,False
SCN_CROMA_fold_Kigali_K10_s4,CROMA,fold_Kigali,4,10,croma/SCN_CROMA_fold_Kigali_K10_s4.checkpoint_metadata.json,cfg_SCN_e0b94a24,48,val_iou,0.27009158,f8c95315313031ba967110bc0521fe8ec03d57f6eadf50c4910e5533cf64cc42,checkpoint_metadata_record,False
SCN_CROMA_fold_Kigali_K10_s5,CROMA,fold_Kigali,5,10,croma/SCN_CROMA_fold_Kigali_K10_s5.checkpoint_metadata.json,cfg_SCN_e0b94a24,50,val_iou,0.26722501,41b164d93bda279c5331378f9a9e8f4a49fa0514ce619a08d17df894d94dc5e5,checkpoint_metadata_record,False
SCN_CROMA_fold_Kigali_K10_s6,CROMA,fold_Kigali,6,10,croma/SCN_CROMA_fold_Kigali_K10_s6.checkpoint_metadata.json,cfg_SCN_e0b94a24,46,val_iou,0.28545396,a93d9cce2a4f7e90249ed34ec69c3e5a0b23e6b0dbe0509eec790cfa904d3274,checkpoint_metadata_record,False
SCN_CROMA_fold_Kigali_K10_s7,CROMA,fold_Kigali,7,10,croma/SCN_CROMA_fold_Kigali_K10_s7.checkpoint_metadata.json,cfg_SCN_e0b94a24,46,val_iou,0.2667231,c39244521558d20735799e3413331e7ff40512591524597d47beec7bd4c25b70,checkpoint_metadata_record,False
SCN_CROMA_fold_Kigali_K10_s8,CROMA,fold_Kigali,8,10,croma/SCN_CROMA_fold_Kigali_K10_s8.checkpoint_metadata.json,cfg_SCN_e0b94a24,46,val_iou,0.27636101,4b10ca884167437db5a8da52b9f197476c0ff50f560e93b0725d7b7a52d10395,checkpoint_metadata_record,False
SCN_CROMA_fold_Kigali_K10_s9,CROMA,fold_Kigali,9,10,croma/SCN_CROMA_fold_Kigali_K10_s9.checkpoint_metadata.json,cfg_SCN_e0b94a24,48,val_iou,0.25982439,80009accb6683497e2defc4f0d5c4b0e0e039f02c80c69779f2fb5a481c9f2f6,checkpoint_metadata_record,False
SCN_CROMA_fold_Kigali_K10_s10,CROMA,fold_Kigali,10,10,croma/SCN_CROMA_fold_Kigali_K10_s10.checkpoint_metadata.json,cfg_SCN_e0b94a24,53,val_iou,0.29184521,10bdb8320f033cb0d5dcf6011e9c328edd15dadd6290f5ef53d9377a9afc3234,checkpoint_metadata_record,False
SCN_CROMA_fold_Kigali_K25_s1,CROMA,fold_Kigali,1,25,croma/SCN_CROMA_fold_Kigali_K25_s1.checkpoint_metadata.json,cfg_SCN_50d4825d,46,val_iou,0.32011036,5d3b2d2ad6fc6f23aad3a17345fa38301b40f9070a46776dc09b84bf3b102812,checkpoint_metadata_record,False
SCN_CROMA_fold_Kigali_K25_s2,CROMA,fold_Kigali,2,25,croma/SCN_CROMA_fold_Kigali_K25_s2.checkpoint_metadata.json,cfg_SCN_50d4825d,48,val_iou,0.28719793,e4641f9d9093623e5fc4ebd142c35f81eba9b42b9e661ca4674cac51568b6460,checkpoint_metadata_record,False
SCN_CROMA_fold_Kigali_K25_s3,CROMA,fold_Kigali,3,25,croma/SCN_CROMA_fold_Kigali_K25_s3.checkpoint_metadata.json,cfg_SCN_50d4825d,45,val_iou,0.28922979,23beebb5c5551d1255d4d42309135f2f4ad082f7738f255510dafb8250b7d818,checkpoint_metadata_record,False
SCN_CROMA_fold_Kigali_K25_s4,CROMA,fold_Kigali,4,25,croma/SCN_CROMA_fold_Kigali_K25_s4.checkpoint_metadata.json,cfg_SCN_50d4825d,45,val_iou,0.30458653,497c06d249e35fb986d44c7e3eccfd8ad5b0c363a0a5797ec79d924c3edb4a81,checkpoint_metadata_record,False
SCN_CROMA_fold_Kigali_K25_s5,CROMA,fold_Kigali,5,25,croma/SCN_CROMA_fold_Kigali_K25_s5.checkpoint_metadata.json,cfg_SCN_50d4825d,45,val_iou,0.30643131,52dd7546814ec93d51fcaca94c2fb6f2d6f0843db14864126912ad9a5eda0e9d,checkpoint_metadata_record,False
SCN_CROMA_fold_Kigali_K25_s6,CROMA,fold_Kigali,6,25,croma/SCN_CROMA_fold_Kigali_K25_s6.checkpoint_metadata.json,cfg_SCN_50d4825d,49,val_iou,0.29309229,a30d42ee5fce46b1e0395b5d963d1aea9e51eca76826f43faa6b72779d0e4ac4,checkpoint_metadata_record,False
SCN_CROMA_fold_Kigali_K25_s7,CROMA,fold_Kigali,7,25,croma/SCN_CROMA_fold_Kigali_K25_s7.checkpoint_metadata.json,cfg_SCN_50d4825d,53,val_iou,0.29927962,8c84e8130989685daf5960ea9a0dfb61c18a7beeac14086f24f2f59b74fa04fc,checkpoint_metadata_record,False
SCN_CROMA_fold_Kigali_K25_s8,CROMA,fold_Kigali,8,25,croma/SCN_CROMA_fold_Kigali_K25_s8.checkpoint_metadata.json,cfg_SCN_50d4825d,44,val_iou,0.3016728,68e4f7a0167fbfbd0da43c47e664f73055a1359046783d05a33b34c8ec2e9e52,checkpoint_metadata_record,False
SCN_CROMA_fold_Kigali_K25_s9,CROMA,fold_Kigali,9,25,croma/SCN_CROMA_fold_Kigali_K25_s9.checkpoint_metadata.json,cfg_SCN_50d4825d,51,val_iou,0.27889834,8c9a9d05483caaab16c0455e6e9005c01d968b1cd32983895a5f9d1f69fd7f9b,checkpoint_metadata_record,False
SCN_CROMA_fold_Kigali_K25_s10,CROMA,fold_Kigali,10,25,croma/SCN_CROMA_fold_Kigali_K25_s10.checkpoint_metadata.json,cfg_SCN_50d4825d,44,val_iou,0.30696838,e7aaba77f7ce8068e9eac0cea6a5508d42cc3963c9ac655dd0317a510342a872,checkpoint_metadata_record,False
SCN_CROMA_fold_Kigali_K50_s1,CROMA,fold_Kigali,1,50,croma/SCN_CROMA_fold_Kigali_K50_s1.checkpoint_metadata.json,cfg_SCN_5bcca47d,45,val_iou,0.31295018,fa5d52c3acb36ce4cb654c0c4255d2c11a3d8ba74d556fbf04336ecb56eb1f96,checkpoint_metadata_record,False
SCN_CROMA_fold_Kigali_K50_s2,CROMA,fold_Kigali,2,50,croma/SCN_CROMA_fold_Kigali_K50_s2.checkpoint_metadata.json,cfg_SCN_5bcca47d,49,val_iou,0.30488384,dc99ee029e27ceaa71e7c415f659d8cef50833be4b5279ffb199ae96e90605f8,checkpoint_metadata_record,False
SCN_CROMA_fold_Kigali_K50_s3,CROMA,fold_Kigali,3,50,croma/SCN_CROMA_fold_Kigali_K50_s3.checkpoint_metadata.json,cfg_SCN_5bcca47d,47,val_iou,0.31664458,ce6e194a325f286fd48cf1326bf6384ac797dceca2a5ecd930a0206ce52a1eb1,checkpoint_metadata_record,False
SCN_CROMA_fold_Kigali_K50_s4,CROMA,fold_Kigali,4,50,croma/SCN_CROMA_fold_Kigali_K50_s4.checkpoint_metadata.json,cfg_SCN_5bcca47d,51,val_iou,0.33730882,c26f0d0e613a252fa3e1efb38bfa2456afd15b68f7f1575396f1e8ebb58f598f,checkpoint_metadata_record,False
SCN_CROMA_fold_Kigali_K50_s5,CROMA,fold_Kigali,5,50,croma/SCN_CROMA_fold_Kigali_K50_s5.checkpoint_metadata.json,cfg_SCN_5bcca47d,53,val_iou,0.32895512,6385a14ae9c4412c7e8b68fe3ac424994733a804cb7281031b92564ddde5ea52,checkpoint_metadata_record,False
SCN_CROMA_fold_Kigali_K50_s6,CROMA,fold_Kigali,6,50,croma/SCN_CROMA_fold_Kigali_K50_s6.checkpoint_metadata.json,cfg_SCN_5bcca47d,44,val_iou,0.32643994,062f7b7afdeff36077ab018fb57a96fe80e5f7174fd653ada00c547b6161ea93,checkpoint_metadata_record,False
SCN_CROMA_fold_Kigali_K50_s7,CROMA,fold_Kigali,7,50,croma/SCN_CROMA_fold_Kigali_K50_s7.checkpoint_metadata.json,cfg_SCN_5bcca47d,43,val_iou,0.30421885,a868e576675e6a359cab1b21262949caa0503bbbec92b33233c821b8e58a0918,checkpoint_metadata_record,False
SCN_CROMA_fold_Kigali_K50_s8,CROMA,fold_Kigali,8,50,croma/SCN_CROMA_fold_Kigali_K50_s8.checkpoint_metadata.json,cfg_SCN_5bcca47d,53,val_iou,0.31627396,73ff8f5d2094ce8561884af49381d9fda9a25d34325ada394b4f68bce021e841,checkpoint_metadata_record,False
SCN_CROMA_fold_Kigali_K50_s9,CROMA,fold_Kigali,9,50,croma/SCN_CROMA_fold_Kigali_K50_s9.checkpoint_metadata.json,cfg_SCN_5bcca47d,46,val_iou,0.32100284,89a81335296d905ce4a4be2363cfb0a7550a78764fb3791b0f75b140c2ee3a05,checkpoint_metadata_record,False
SCN_CROMA_fold_Kigali_K50_s10,CROMA,fold_Kigali,10,50,croma/SCN_CROMA_fold_Kigali_K50_s10.checkpoint_metadata.json,cfg_SCN_5bcca47d,53,val_iou,0.3334579,75ceecf9fea626e754acbe6655e9fb9ed24775d93634b711ed5e9f44dbefbe9b,checkpoint_metadata_record,False
SCN_CROMA_fold_Yaounde_K10_s1,CROMA,fold_Yaounde,1,10,croma/SCN_CROMA_fold_Yaounde_K10_s1.checkpoint_metadata.json,cfg_SCN_e0b94a24,41,val_iou,0.24706003,63bc483754f6eb71a3eaa10266b13bebc3ea5f8aa23e3a6e8e5db76185d6a06c,checkpoint_metadata_record,False
SCN_CROMA_fold_Yaounde_K10_s2,CROMA,fold_Yaounde,2,10,croma/SCN_CROMA_fold_Yaounde_K10_s2.checkpoint_metadata.json,cfg_SCN_e0b94a24,46,val_iou,0.24235191,b6ef74efdc57a9994a3b9cadcef338e29f56d0e88f566285cb9e43085544b52b,checkpoint_metadata_record,False
SCN_CROMA_fold_Yaounde_K10_s3,CROMA,fold_Yaounde,3,10,croma/SCN_CROMA_fold_Yaounde_K10_s3.checkpoint_metadata.json,cfg_SCN_e0b94a24,46,val_iou,0.25326394,8c01c553cff9b1f02c87b9dd94509edb76ec6a7c7a805cd0232d126bac1d2fe5,checkpoint_metadata_record,False
SCN_CROMA_fold_Yaounde_K10_s4,CROMA,fold_Yaounde,4,10,croma/SCN_CROMA_fold_Yaounde_K10_s4.checkpoint_metadata.json,cfg_SCN_e0b94a24,42,val_iou,0.27404698,29aef14a9f1b2669de0c8db4fc1187572d763d87b8652a94e1b769af71871bae,checkpoint_metadata_record,False
SCN_CROMA_fold_Yaounde_K10_s5,CROMA,fold_Yaounde,5,10,croma/SCN_CROMA_fold_Yaounde_K10_s5.checkpoint_metadata.json,cfg_SCN_e0b94a24,41,val_iou,0.27301964,3709637c72620a4e26f341f0ca77ada17ae7b028b84f5be08f6805b2581ccb08,checkpoint_metadata_record,False
SCN_CROMA_fold_Yaounde_K10_s6,CROMA,fold_Yaounde,6,10,croma/SCN_CROMA_fold_Yaounde_K10_s6.checkpoint_metadata.json,cfg_SCN_e0b94a24,40,val_iou,0.24487471,2706fc4d9cb9c0c4dad4fff28c1508e25d6cbf05f9f58cce3256b2de457e27e5,checkpoint_metadata_record,False
SCN_CROMA_fold_Yaounde_K10_s7,CROMA,fold_Yaounde,7,10,croma/SCN_CROMA_fold_Yaounde_K10_s7.checkpoint_metadata.json,cfg_SCN_e0b94a24,51,val_iou,0.27337542,5efa41c4d2c19e5ab1cba81346592cbaaed88420e30a23634d70d6c9f5eea45a,checkpoint_metadata_record,False
SCN_CROMA_fold_Yaounde_K10_s8,CROMA,fold_Yaounde,8,10,croma/SCN_CROMA_fold_Yaounde_K10_s8.checkpoint_metadata.json,cfg_SCN_e0b94a24,41,val_iou,0.23926577,cc10b5c03dfa9d6d5add2315f480b197b4c0ac0bc963d5059e57273984eb5bf4,checkpoint_metadata_record,False
SCN_CROMA_fold_Yaounde_K10_s9,CROMA,fold_Yaounde,9,10,croma/SCN_CROMA_fold_Yaounde_K10_s9.checkpoint_metadata.json,cfg_SCN_e0b94a24,49,val_iou,0.27235784,3ed984019236879fac0e138abb23acc4a76708a50cf3066d0c9d5691109bb545,checkpoint_metadata_record,False
SCN_CROMA_fold_Yaounde_K10_s10,CROMA,fold_Yaounde,10,10,croma/SCN_CROMA_fold_Yaounde_K10_s10.checkpoint_metadata.json,cfg_SCN_e0b94a24,46,val_iou,0.28693786,7cd03c802f26d00a15162add7bb86709df184d441415b6432df0091743c94e34,checkpoint_metadata_record,False
SCN_CROMA_fold_Yaounde_K25_s1,CROMA,fold_Yaounde,1,25,croma/SCN_CROMA_fold_Yaounde_K25_s1.checkpoint_metadata.json,cfg_SCN_50d4825d,47,val_iou,0.28129627,660758b89b6eae42bb988178f9dd39a2d436d45f871f6ae2040639d2f0d5f6f7,checkpoint_metadata_record,False
SCN_CROMA_fold_Yaounde_K25_s2,CROMA,fold_Yaounde,2,25,croma/SCN_CROMA_fold_Yaounde_K25_s2.checkpoint_metadata.json,cfg_SCN_50d4825d,47,val_iou,0.29239123,e1cc37da865b15dd156c94e8c77002297f00902d0c7d1a37cc4736334b8de4f0,checkpoint_metadata_record,False
SCN_CROMA_fold_Yaounde_K25_s3,CROMA,fold_Yaounde,3,25,croma/SCN_CROMA_fold_Yaounde_K25_s3.checkpoint_metadata.json,cfg_SCN_50d4825d,42,val_iou,0.30037432,44197efceacbd0444612637f8fc184537cb115fc232be4bb1d83a351162f1460,checkpoint_metadata_record,False
SCN_CROMA_fold_Yaounde_K25_s4,CROMA,fold_Yaounde,4,25,croma/SCN_CROMA_fold_Yaounde_K25_s4.checkpoint_metadata.json,cfg_SCN_50d4825d,52,val_iou,0.29345219,5e2c47d2803823dc7e2dce58575fa9a94ec70a1ddf38bf4587936d55c7252149,checkpoint_metadata_record,False
SCN_CROMA_fold_Yaounde_K25_s5,CROMA,fold_Yaounde,5,25,croma/SCN_CROMA_fold_Yaounde_K25_s5.checkpoint_metadata.json,cfg_SCN_50d4825d,50,val_iou,0.28020035,531a7026644ffe3aeaa73febb9a0f41eb22b840b49192b4e86b2e894322aa107,checkpoint_metadata_record,False
SCN_CROMA_fold_Yaounde_K25_s6,CROMA,fold_Yaounde,6,25,croma/SCN_CROMA_fold_Yaounde_K25_s6.checkpoint_metadata.json,cfg_SCN_50d4825d,54,val_iou,0.2634816,5b881df809a507a67fb8402d087ed0ea3bf9877e2fbb52935c4a7da41b7365d2,checkpoint_metadata_record,False
SCN_CROMA_fold_Yaounde_K25_s7,CROMA,fold_Yaounde,7,25,croma/SCN_CROMA_fold_Yaounde_K25_s7.checkpoint_metadata.json,cfg_SCN_50d4825d,52,val_iou,0.28123012,658350e7d564bd2e6724499c65b86218a205c752cd3ed074bd4b7f09876113b2,checkpoint_metadata_record,False
SCN_CROMA_fold_Yaounde_K25_s8,CROMA,fold_Yaounde,8,25,croma/SCN_CROMA_fold_Yaounde_K25_s8.checkpoint_metadata.json,cfg_SCN_50d4825d,46,val_iou,0.2791702,b581d38a0de2b2ec212e9172191013d2de3a11dbdf57221debd190e71a8137b4,checkpoint_metadata_record,False
SCN_CROMA_fold_Yaounde_K25_s9,CROMA,fold_Yaounde,9,25,croma/SCN_CROMA_fold_Yaounde_K25_s9.checkpoint_metadata.json,cfg_SCN_50d4825d,43,val_iou,0.30945196,628ffaccae0a4a1853aef4317dcafb8250e2ed97ef0471fd9a018bbf90027daf,checkpoint_metadata_record,False
SCN_CROMA_fold_Yaounde_K25_s10,CROMA,fold_Yaounde,10,25,croma/SCN_CROMA_fold_Yaounde_K25_s10.checkpoint_metadata.json,cfg_SCN_50d4825d,48,val_iou,0.28239388,454db8a7e02560c4cbc1565fbe207c782de9eda108a87fbfefea4127005c8f90,checkpoint_metadata_record,False
SCN_CROMA_fold_Yaounde_K50_s1,CROMA,fold_Yaounde,1,50,croma/SCN_CROMA_fold_Yaounde_K50_s1.checkpoint_metadata.json,cfg_SCN_5bcca47d,54,val_iou,0.3198429,3f2e0a15ec09966e06428b3449ea938ab9480e4d7ac26028212c18d760be308c,checkpoint_metadata_record,False
SCN_CROMA_fold_Yaounde_K50_s2,CROMA,fold_Yaounde,2,50,croma/SCN_CROMA_fold_Yaounde_K50_s2.checkpoint_metadata.json,cfg_SCN_5bcca47d,52,val_iou,0.27759108,f66d756de1029a4cf45f27ce9af1105edc8a55eacd308d9c4c8ab7ffec195a00,checkpoint_metadata_record,False
SCN_CROMA_fold_Yaounde_K50_s3,CROMA,fold_Yaounde,3,50,croma/SCN_CROMA_fold_Yaounde_K50_s3.checkpoint_metadata.json,cfg_SCN_5bcca47d,45,val_iou,0.28519317,99298d5cbceb6b3031f4b451a9eb70bed02e528a55d9da25df8bad01669a5ef9,checkpoint_metadata_record,False
SCN_CROMA_fold_Yaounde_K50_s4,CROMA,fold_Yaounde,4,50,croma/SCN_CROMA_fold_Yaounde_K50_s4.checkpoint_metadata.json,cfg_SCN_5bcca47d,44,val_iou,0.31220394,2004e81555097f3d5f8884946ccc64286a75378972ae69cde6f3fbef6efed031,checkpoint_metadata_record,False
SCN_CROMA_fold_Yaounde_K50_s5,CROMA,fold_Yaounde,5,50,croma/SCN_CROMA_fold_Yaounde_K50_s5.checkpoint_metadata.json,cfg_SCN_5bcca47d,40,val_iou,0.29683108,422eb0e17757fb41be2bb37d20442087d430399cc85487321c2496e171b7a685,checkpoint_metadata_record,False
SCN_CROMA_fold_Yaounde_K50_s6,CROMA,fold_Yaounde,6,50,croma/SCN_CROMA_fold_Yaounde_K50_s6.checkpoint_metadata.json,cfg_SCN_5bcca47d,41,val_iou,0.28385391,2fa6cb40811aaac3787e04ca505e78c9f746a6bec7482de3cedb2b48459c3100,checkpoint_metadata_record,False
SCN_CROMA_fold_Yaounde_K50_s7,CROMA,fold_Yaounde,7,50,croma/SCN_CROMA_fold_Yaounde_K50_s7.checkpoint_metadata.json,cfg_SCN_5bcca47d,45,val_iou,0.2839804,431960c3c8171281ab174f06b8114481bc1d379a58406a9781159940207f8c25,checkpoint_metadata_record,False
SCN_CROMA_fold_Yaounde_K50_s8,CROMA,fold_Yaounde,8,50,croma/SCN_CROMA_fold_Yaounde_K50_s8.checkpoint_metadata.json,cfg_SCN_5bcca47d,50,val_iou,0.2867151,94f74be02a8e42560d39f774f05d4c3b014576e2963b5170c8eaba6b1c7094d1,checkpoint_metadata_record,False
SCN_CROMA_fold_Yaounde_K50_s9,CROMA,fold_Yaounde,9,50,croma/SCN_CROMA_fold_Yaounde_K50_s9.checkpoint_metadata.json,cfg_SCN_5bcca47d,47,val_iou,0.30469597,cd79ef1eaedf49a3274a4a5825114d5fb66bc7654b497d19f0f7da6f0bfb58d8,checkpoint_metadata_record,False
SCN_CROMA_fold_Yaounde_K50_s10,CROMA,fold_Yaounde,10,50,croma/SCN_CROMA_fold_Yaounde_K50_s10.checkpoint_metadata.json,cfg_SCN_5bcca47d,54,val_iou,0.32318345,9b2bd9b15f1dba8a9382d7415ee57cb4e4611f4b2eae9f63937d35befbb77b4a,checkpoint_metadata_record,False
SCN_UNet_S1S2_fold_Dakar_K10_s1,UNet_S1S2,fold_Dakar,1,10,unet_s1s2/SCN_UNet_S1S2_fold_Dakar_K10_s1.checkpoint_metadata.json,cfg_SCN_7c8cf7c5,43,val_iou,0.24731344,a8aa335667bb59959c543f93e41885fae739ea7a9b89142907213da8cde2a55b,checkpoint_metadata_record,False
SCN_UNet_S1S2_fold_Dakar_K10_s2,UNet_S1S2,fold_Dakar,2,10,unet_s1s2/SCN_UNet_S1S2_fold_Dakar_K10_s2.checkpoint_metadata.json,cfg_SCN_7c8cf7c5,46,val_iou,0.27446042,eb0a0d52e5e67d28db46027eb197ebf2a523ce9c52140e49c8479aaaffc797cb,checkpoint_metadata_record,False
SCN_UNet_S1S2_fold_Dakar_K10_s3,UNet_S1S2,fold_Dakar,3,10,unet_s1s2/SCN_UNet_S1S2_fold_Dakar_K10_s3.checkpoint_metadata.json,cfg_SCN_7c8cf7c5,51,val_iou,0.28457672,0aa31247251f5ef3b86c614281595cb51be7cd89775a0a6e3d8cb2871dcdeb66,checkpoint_metadata_record,False
SCN_UNet_S1S2_fold_Dakar_K10_s4,UNet_S1S2,fold_Dakar,4,10,unet_s1s2/SCN_UNet_S1S2_fold_Dakar_K10_s4.checkpoint_metadata.json,cfg_SCN_7c8cf7c5,47,val_iou,0.29226569,fdb98e92edbc3dd4249345da1767bd893f4575be78a92a547a6468f5079cb7e9,checkpoint_metadata_record,False
SCN_UNet_S1S2_fold_Dakar_K10_s5,UNet_S1S2,fold_Dakar,5,10,unet_s1s2/SCN_UNet_S1S2_fold_Dakar_K10_s5.checkpoint_metadata.json,cfg_SCN_7c8cf7c5,41,val_iou,0.26623735,293f9441fa16592d642f314862f2ee99de7ccd6bd12ee9e30d29448c4078998a,checkpoint_metadata_record,False
SCN_UNet_S1S2_fold_Dakar_K10_s6,UNet_S1S2,fold_Dakar,6,10,unet_s1s2/SCN_UNet_S1S2_fold_Dakar_K10_s6.checkpoint_metadata.json,cfg_SCN_7c8cf7c5,53,val_iou,0.26813401,fb3d5761087d2f755bbffb4cdff17af4585294670aeda65597ad3c5d9e26557f,checkpoint_metadata_record,False
SCN_UNet_S1S2_fold_Dakar_K10_s7,UNet_S1S2,fold_Dakar,7,10,unet_s1s2/SCN_UNet_S1S2_fold_Dakar_K10_s7.checkpoint_metadata.json,cfg_SCN_7c8cf7c5,48,val_iou,0.26490726,0c7809314654a400fc78c8085e22accddbf7ffd4e836f880eed7530f467d6486,checkpoint_metadata_record,False
SCN_UNet_S1S2_fold_Dakar_K10_s8,UNet_S1S2,fold_Dakar,8,10,unet_s1s2/SCN_UNet_S1S2_fold_Dakar_K10_s8.checkpoint_metadata.json,cfg_SCN_7c8cf7c5,49,val_iou,0.25375221,1f742f322c3db2ec9876cd8d24d8cf5c7b5db40fee8a70e3c32bd929eca56332,checkpoint_metadata_record,False
SCN_UNet_S1S2_fold_Dakar_K10_s9,UNet_S1S2,fold_Dakar,9,10,unet_s1s2/SCN_UNet_S1S2_fold_Dakar_K10_s9.checkpoint_metadata.json,cfg_SCN_7c8cf7c5,41,val_iou,0.27208503,3515fccacb2206aebf0fd3c3cd8122b2a39bf0d47e24ad0627fcc8b4dd3a7283,checkpoint_metadata_record,False
SCN_UNet_S1S2_fold_Dakar_K10_s10,UNet_S1S2,fold_Dakar,10,10,unet_s1s2/SCN_UNet_S1S2_fold_Dakar_K10_s10.checkpoint_metadata.json,cfg_SCN_7c8cf7c5,52,val_iou,0.27169425,67df670b4ef1868188a6d80410eecfb199644221a396163277d7855fe9b8ddc5,checkpoint_metadata_record,False
SCN_UNet_S1S2_fold_Dakar_K25_s1,UNet_S1S2,fold_Dakar,1,25,unet_s1s2/SCN_UNet_S1S2_fold_Dakar_K25_s1.checkpoint_metadata.json,cfg_SCN_cdd8add6,54,val_iou,0.302711,0895b97e0be9d57e01a7ebcfb7c769f9ffe53fe2328fa6ec6bd9e46496b8492b,checkpoint_metadata_record,False
SCN_UNet_S1S2_fold_Dakar_K25_s2,UNet_S1S2,fold_Dakar,2,25,unet_s1s2/SCN_UNet_S1S2_fold_Dakar_K25_s2.checkpoint_metadata.json,cfg_SCN_cdd8add6,47,val_iou,0.30495703,cb3f0d157821e443046b56b60c9e20db8c55d42fc7409af0c7cf632466136ea3,checkpoint_metadata_record,False
SCN_UNet_S1S2_fold_Dakar_K25_s3,UNet_S1S2,fold_Dakar,3,25,unet_s1s2/SCN_UNet_S1S2_fold_Dakar_K25_s3.checkpoint_metadata.json,cfg_SCN_cdd8add6,50,val_iou,0.30403143,ee357be556e0f6f7c1139f92be07dc4b14ce1a4ff9dc33713175da6840437969,checkpoint_metadata_record,False
SCN_UNet_S1S2_fold_Dakar_K25_s4,UNet_S1S2,fold_Dakar,4,25,unet_s1s2/SCN_UNet_S1S2_fold_Dakar_K25_s4.checkpoint_metadata.json,cfg_SCN_cdd8add6,43,val_iou,0.31906009,2a000d2e9f82136efd4adbabb783838fe6e1a6c24fb829c2fbfe3ca9b27b7473,checkpoint_metadata_record,False
SCN_UNet_S1S2_fold_Dakar_K25_s5,UNet_S1S2,fold_Dakar,5,25,unet_s1s2/SCN_UNet_S1S2_fold_Dakar_K25_s5.checkpoint_metadata.json,cfg_SCN_cdd8add6,51,val_iou,0.28354423,173bb887fa5a7bc927094f25c70cf1d1932f0390d5cc2f7c826264a8d7bad923,checkpoint_metadata_record,False
SCN_UNet_S1S2_fold_Dakar_K25_s6,UNet_S1S2,fold_Dakar,6,25,unet_s1s2/SCN_UNet_S1S2_fold_Dakar_K25_s6.checkpoint_metadata.json,cfg_SCN_cdd8add6,53,val_iou,0.26864358,93a09de903742a95e69a6dfbc9afb617c66d2d227c4a7f191d46266ac11074a8,checkpoint_metadata_record,False
SCN_UNet_S1S2_fold_Dakar_K25_s7,UNet_S1S2,fold_Dakar,7,25,unet_s1s2/SCN_UNet_S1S2_fold_Dakar_K25_s7.checkpoint_metadata.json,cfg_SCN_cdd8add6,51,val_iou,0.29021657,f42bd0e447a935e2d4b43aa83aa6f0261c12e76a3bc59c0c2a3fc427a6c810ba,checkpoint_metadata_record,False
SCN_UNet_S1S2_fold_Dakar_K25_s8,UNet_S1S2,fold_Dakar,8,25,unet_s1s2/SCN_UNet_S1S2_fold_Dakar_K25_s8.checkpoint_metadata.json,cfg_SCN_cdd8add6,48,val_iou,0.28217262,02dab5f614b3137d48672898a6e810d86772f93ac54a260501d18a2decd5ea8e,checkpoint_metadata_record,False
SCN_UNet_S1S2_fold_Dakar_K25_s9,UNet_S1S2,fold_Dakar,9,25,unet_s1s2/SCN_UNet_S1S2_fold_Dakar_K25_s9.checkpoint_metadata.json,cfg_SCN_cdd8add6,41,val_iou,0.29181411,e73aa75a225988c769bf7c0eab649c2975e8cc4aacea606011caa700f61581dc,checkpoint_metadata_record,False
SCN_UNet_S1S2_fold_Dakar_K25_s10,UNet_S1S2,fold_Dakar,10,25,unet_s1s2/SCN_UNet_S1S2_fold_Dakar_K25_s10.checkpoint_metadata.json,cfg_SCN_cdd8add6,47,val_iou,0.30737765,3266bbe9d90f5f99eb18e106af0d3c8dedf2d2a2eaec5d15cf7adbded32a0ca7,checkpoint_metadata_record,False
SCN_UNet_S1S2_fold_Dakar_K50_s1,UNet_S1S2,fold_Dakar,1,50,unet_s1s2/SCN_UNet_S1S2_fold_Dakar_K50_s1.checkpoint_metadata.json,cfg_SCN_ddc3188d,52,val_iou,0.3110479,f5593dad366123327415640421372c855f9c866f7f764b180a0785193b90edcc,checkpoint_metadata_record,False
SCN_UNet_S1S2_fold_Dakar_K50_s2,UNet_S1S2,fold_Dakar,2,50,unet_s1s2/SCN_UNet_S1S2_fold_Dakar_K50_s2.checkpoint_metadata.json,cfg_SCN_ddc3188d,50,val_iou,0.31858651,9fa00869af3ac7987f80e29db108106b1b7d935ac8009d76938b218cbb3f9631,checkpoint_metadata_record,False
SCN_UNet_S1S2_fold_Dakar_K50_s3,UNet_S1S2,fold_Dakar,3,50,unet_s1s2/SCN_UNet_S1S2_fold_Dakar_K50_s3.checkpoint_metadata.json,cfg_SCN_ddc3188d,44,val_iou,0.3251187,4bffa5ada36fcdc0adaea4dc3c81aeca80ec002fee853b2489defcb346a5d383,checkpoint_metadata_record,False
SCN_UNet_S1S2_fold_Dakar_K50_s4,UNet_S1S2,fold_Dakar,4,50,unet_s1s2/SCN_UNet_S1S2_fold_Dakar_K50_s4.checkpoint_metadata.json,cfg_SCN_ddc3188d,53,val_iou,0.31381704,9cf8dc91b240907a6b2400d0e5733eb57bcd32124cb9c88189648c999167a401,checkpoint_metadata_record,False
SCN_UNet_S1S2_fold_Dakar_K50_s5,UNet_S1S2,fold_Dakar,5,50,unet_s1s2/SCN_UNet_S1S2_fold_Dakar_K50_s5.checkpoint_metadata.json,cfg_SCN_ddc3188d,51,val_iou,0.31756334,045c9f131ef439e1e37e626d6725266867a905922ebad2ba26f1851c091b1fcd,checkpoint_metadata_record,False
SCN_UNet_S1S2_fold_Dakar_K50_s6,UNet_S1S2,fold_Dakar,6,50,unet_s1s2/SCN_UNet_S1S2_fold_Dakar_K50_s6.checkpoint_metadata.json,cfg_SCN_ddc3188d,53,val_iou,0.32375045,0f9c81975c8ca7a381bb9d9a6e63dcba81bdf3a2ca6902e3ebaa3f60f3b3ae10,checkpoint_metadata_record,False
SCN_UNet_S1S2_fold_Dakar_K50_s7,UNet_S1S2,fold_Dakar,7,50,unet_s1s2/SCN_UNet_S1S2_fold_Dakar_K50_s7.checkpoint_metadata.json,cfg_SCN_ddc3188d,43,val_iou,0.31176045,9e3ca3d334009098f3abdfe8221a3de1a60362d75a7649fedfb9390d6f650b0f,checkpoint_metadata_record,False
SCN_UNet_S1S2_fold_Dakar_K50_s8,UNet_S1S2,fold_Dakar,8,50,unet_s1s2/SCN_UNet_S1S2_fold_Dakar_K50_s8.checkpoint_metadata.json,cfg_SCN_ddc3188d,45,val_iou,0.31565919,e8bc00ab6351baee519cf2f41f4c221818d55b42892e4ea4d44ff79e8e183c2b,checkpoint_metadata_record,False
SCN_UNet_S1S2_fold_Dakar_K50_s9,UNet_S1S2,fold_Dakar,9,50,unet_s1s2/SCN_UNet_S1S2_fold_Dakar_K50_s9.checkpoint_metadata.json,cfg_SCN_ddc3188d,52,val_iou,0.32908897,aa348f1c4c6323edeef0c3fd001f68b0ebdfb0445e0defcdc3016846ac6a4622,checkpoint_metadata_record,False
SCN_UNet_S1S2_fold_Dakar_K50_s10,UNet_S1S2,fold_Dakar,10,50,unet_s1s2/SCN_UNet_S1S2_fold_Dakar_K50_s10.checkpoint_metadata.json,cfg_SCN_ddc3188d,48,val_iou,0.32521701,962bef3307a08f5b627fddfbf22670739dd425db1d9c75d06c75567179220962,checkpoint_metadata_record,False
SCN_UNet_S1S2_fold_DarEsSalaam_K10_s1,UNet_S1S2,fold_DarEsSalaam,1,10,unet_s1s2/SCN_UNet_S1S2_fold_DarEsSalaam_K10_s1.checkpoint_metadata.json,cfg_SCN_7c8cf7c5,45,val_iou,0.2356755,b80d0e1a85586b5af1834b67d05dd5943b87df5ed55fe8003fb16436a3375912,checkpoint_metadata_record,False
SCN_UNet_S1S2_fold_DarEsSalaam_K10_s2,UNet_S1S2,fold_DarEsSalaam,2,10,unet_s1s2/SCN_UNet_S1S2_fold_DarEsSalaam_K10_s2.checkpoint_metadata.json,cfg_SCN_7c8cf7c5,47,val_iou,0.20447775,1ea6bcd4131efb9cc8cf140dac63b65d182f86b304a428468a85169042c8bfa1,checkpoint_metadata_record,False
SCN_UNet_S1S2_fold_DarEsSalaam_K10_s3,UNet_S1S2,fold_DarEsSalaam,3,10,unet_s1s2/SCN_UNet_S1S2_fold_DarEsSalaam_K10_s3.checkpoint_metadata.json,cfg_SCN_7c8cf7c5,52,val_iou,0.21328445,7af267efe2841b7311386db7f7cd4d6570bbaf7c9c3019d793d47cf2ca382654,checkpoint_metadata_record,False
SCN_UNet_S1S2_fold_DarEsSalaam_K10_s4,UNet_S1S2,fold_DarEsSalaam,4,10,unet_s1s2/SCN_UNet_S1S2_fold_DarEsSalaam_K10_s4.checkpoint_metadata.json,cfg_SCN_7c8cf7c5,44,val_iou,0.19812807,9095a70829f23fb705c0c9ff7c8fbd9abc16959e8ee024f394d94d9d210be21f,checkpoint_metadata_record,False
SCN_UNet_S1S2_fold_DarEsSalaam_K10_s5,UNet_S1S2,fold_DarEsSalaam,5,10,unet_s1s2/SCN_UNet_S1S2_fold_DarEsSalaam_K10_s5.checkpoint_metadata.json,cfg_SCN_7c8cf7c5,41,val_iou,0.20167442,65a64cb25d225a2b14d2739586504a645116bc23a5fbf382c08998d4fd6ae532,checkpoint_metadata_record,False
SCN_UNet_S1S2_fold_DarEsSalaam_K10_s6,UNet_S1S2,fold_DarEsSalaam,6,10,unet_s1s2/SCN_UNet_S1S2_fold_DarEsSalaam_K10_s6.checkpoint_metadata.json,cfg_SCN_7c8cf7c5,49,val_iou,0.21764097,84ca6a662b8f1ae1b2731bd350d93387e95ff8a758789c80e9edc3b8534d4fe6,checkpoint_metadata_record,False
SCN_UNet_S1S2_fold_DarEsSalaam_K10_s7,UNet_S1S2,fold_DarEsSalaam,7,10,unet_s1s2/SCN_UNet_S1S2_fold_DarEsSalaam_K10_s7.checkpoint_metadata.json,cfg_SCN_7c8cf7c5,52,val_iou,0.21844078,3c223014cce1facc37a1f096a423562005d82da56926720279cd1ee1010c4fe7,checkpoint_metadata_record,False
SCN_UNet_S1S2_fold_DarEsSalaam_K10_s8,UNet_S1S2,fold_DarEsSalaam,8,10,unet_s1s2/SCN_UNet_S1S2_fold_DarEsSalaam_K10_s8.checkpoint_metadata.json,cfg_SCN_7c8cf7c5,40,val_iou,0.21404289,b6823807876b935bea684eefc4fd0312f69af558c14a85b7c4e742dbe248cddf,checkpoint_metadata_record,False
SCN_UNet_S1S2_fold_DarEsSalaam_K10_s9,UNet_S1S2,fold_DarEsSalaam,9,10,unet_s1s2/SCN_UNet_S1S2_fold_DarEsSalaam_K10_s9.checkpoint_metadata.json,cfg_SCN_7c8cf7c5,53,val_iou,0.2191921,d5ab0b79a200011b4bd4ab08aac79f28cae8644ae02eeb87f436b5fd48e0076b,checkpoint_metadata_record,False
SCN_UNet_S1S2_fold_DarEsSalaam_K10_s10,UNet_S1S2,fold_DarEsSalaam,10,10,unet_s1s2/SCN_UNet_S1S2_fold_DarEsSalaam_K10_s10.checkpoint_metadata.json,cfg_SCN_7c8cf7c5,49,val_iou,0.20429453,c83e7c849f1cb1d9b6cf97d37ab989a42bc4d5e3b11822fb5311630637cfd5f4,checkpoint_metadata_record,False
SCN_UNet_S1S2_fold_DarEsSalaam_K25_s1,UNet_S1S2,fold_DarEsSalaam,1,25,unet_s1s2/SCN_UNet_S1S2_fold_DarEsSalaam_K25_s1.checkpoint_metadata.json,cfg_SCN_cdd8add6,41,val_iou,0.22499295,8b7c117105ad9e32eb57cb283e29b1e7c7ed09ffc528bd0dc817427fc386acf1,checkpoint_metadata_record,False
SCN_UNet_S1S2_fold_DarEsSalaam_K25_s2,UNet_S1S2,fold_DarEsSalaam,2,25,unet_s1s2/SCN_UNet_S1S2_fold_DarEsSalaam_K25_s2.checkpoint_metadata.json,cfg_SCN_cdd8add6,44,val_iou,0.2181403,d3e89f94efa0b19bc25197b8bd11261d8372d3067df481c211815f0cab8ed264,checkpoint_metadata_record,False
SCN_UNet_S1S2_fold_DarEsSalaam_K25_s3,UNet_S1S2,fold_DarEsSalaam,3,25,unet_s1s2/SCN_UNet_S1S2_fold_DarEsSalaam_K25_s3.checkpoint_metadata.json,cfg_SCN_cdd8add6,45,val_iou,0.24017617,918e2f9a3a113f9ea7e48f7fdc9278624a7f10d4201cbc9feb19a909848da43e,checkpoint_metadata_record,False
SCN_UNet_S1S2_fold_DarEsSalaam_K25_s4,UNet_S1S2,fold_DarEsSalaam,4,25,unet_s1s2/SCN_UNet_S1S2_fold_DarEsSalaam_K25_s4.checkpoint_metadata.json,cfg_SCN_cdd8add6,41,val_iou,0.21450781,66b0adce9c1e344ff0860f9bf2a98466385b16c6b8030f9d4a059d67f6af18ee,checkpoint_metadata_record,False
SCN_UNet_S1S2_fold_DarEsSalaam_K25_s5,UNet_S1S2,fold_DarEsSalaam,5,25,unet_s1s2/SCN_UNet_S1S2_fold_DarEsSalaam_K25_s5.checkpoint_metadata.json,cfg_SCN_cdd8add6,52,val_iou,0.23220574,7e07915d5c89d0920e8c2fe22a2e6c3f286b4520a1dec8ef12c8cc13bc5e7713,checkpoint_metadata_record,False
SCN_UNet_S1S2_fold_DarEsSalaam_K25_s6,UNet_S1S2,fold_DarEsSalaam,6,25,unet_s1s2/SCN_UNet_S1S2_fold_DarEsSalaam_K25_s6.checkpoint_metadata.json,cfg_SCN_cdd8add6,41,val_iou,0.21304824,059dfd8dc95e81239b3989789fe1d5dc9a4744cc1cbee0b71c4ff96eb055f89f,checkpoint_metadata_record,False
SCN_UNet_S1S2_fold_DarEsSalaam_K25_s7,UNet_S1S2,fold_DarEsSalaam,7,25,unet_s1s2/SCN_UNet_S1S2_fold_DarEsSalaam_K25_s7.checkpoint_metadata.json,cfg_SCN_cdd8add6,40,val_iou,0.23768301,32ea627db8be52d31202b364254c2ad308125321df9f97e4f186963e2447a43a,checkpoint_metadata_record,False
SCN_UNet_S1S2_fold_DarEsSalaam_K25_s8,UNet_S1S2,fold_DarEsSalaam,8,25,unet_s1s2/SCN_UNet_S1S2_fold_DarEsSalaam_K25_s8.checkpoint_metadata.json,cfg_SCN_cdd8add6,41,val_iou,0.22073561,6b37b68ee18a5f5f262d7b7f49d1d6aaa9fa2df1501a80ecc57ae477337ff4c5,checkpoint_metadata_record,False
SCN_UNet_S1S2_fold_DarEsSalaam_K25_s9,UNet_S1S2,fold_DarEsSalaam,9,25,unet_s1s2/SCN_UNet_S1S2_fold_DarEsSalaam_K25_s9.checkpoint_metadata.json,cfg_SCN_cdd8add6,41,val_iou,0.23398614,e438a4cd6414884f074ef1c401e937c420456330d625055fb3f8068a5a40d849,checkpoint_metadata_record,False
SCN_UNet_S1S2_fold_DarEsSalaam_K25_s10,UNet_S1S2,fold_DarEsSalaam,10,25,unet_s1s2/SCN_UNet_S1S2_fold_DarEsSalaam_K25_s10.checkpoint_metadata.json,cfg_SCN_cdd8add6,40,val_iou,0.24074531,9d8d91e741d5b34aa42cf0323e359ab3354745ae0b6f5eb618d2508494a81cdb,checkpoint_metadata_record,False
SCN_UNet_S1S2_fold_DarEsSalaam_K50_s1,UNet_S1S2,fold_DarEsSalaam,1,50,unet_s1s2/SCN_UNet_S1S2_fold_DarEsSalaam_K50_s1.checkpoint_metadata.json,cfg_SCN_ddc3188d,47,val_iou,0.26021641,90b87a4661861ab2ccff493161025d260835f34e7ef7b5a42e16a0c90b5b9f5a,checkpoint_metadata_record,False
SCN_UNet_S1S2_fold_DarEsSalaam_K50_s2,UNet_S1S2,fold_DarEsSalaam,2,50,unet_s1s2/SCN_UNet_S1S2_fold_DarEsSalaam_K50_s2.checkpoint_metadata.json,cfg_SCN_ddc3188d,46,val_iou,0.25229338,90acfd168fe9abc2bb5e6140381b5c7a58e789ed8c6c1e07b5e828106cb0522b,checkpoint_metadata_record,False
SCN_UNet_S1S2_fold_DarEsSalaam_K50_s3,UNet_S1S2,fold_DarEsSalaam,3,50,unet_s1s2/SCN_UNet_S1S2_fold_DarEsSalaam_K50_s3.checkpoint_metadata.json,cfg_SCN_ddc3188d,45,val_iou,0.24938787,c615a3275126b637fb54a682018baebfda979723afc3a221aeb1eabb71f768ab,checkpoint_metadata_record,False
SCN_UNet_S1S2_fold_DarEsSalaam_K50_s4,UNet_S1S2,fold_DarEsSalaam,4,50,unet_s1s2/SCN_UNet_S1S2_fold_DarEsSalaam_K50_s4.checkpoint_metadata.json,cfg_SCN_ddc3188d,48,val_iou,0.25340577,3fae452c437d558169b4e2463ea851508b9441417ca69e5d133475634ad0e851,checkpoint_metadata_record,False
SCN_UNet_S1S2_fold_DarEsSalaam_K50_s5,UNet_S1S2,fold_DarEsSalaam,5,50,unet_s1s2/SCN_UNet_S1S2_fold_DarEsSalaam_K50_s5.checkpoint_metadata.json,cfg_SCN_ddc3188d,52,val_iou,0.23130035,aaee3eb7a969320a0a5a851d501fddf7e6cbff5362729e0598762c1a59d05b77,checkpoint_metadata_record,False
SCN_UNet_S1S2_fold_DarEsSalaam_K50_s6,UNet_S1S2,fold_DarEsSalaam,6,50,unet_s1s2/SCN_UNet_S1S2_fold_DarEsSalaam_K50_s6.checkpoint_metadata.json,cfg_SCN_ddc3188d,50,val_iou,0.25744381,26cfd04c1179d3181d1ab9ab5e09a04e92388ab5d9f907a63f81da409fee5839,checkpoint_metadata_record,False
SCN_UNet_S1S2_fold_DarEsSalaam_K50_s7,UNet_S1S2,fold_DarEsSalaam,7,50,unet_s1s2/SCN_UNet_S1S2_fold_DarEsSalaam_K50_s7.checkpoint_metadata.json,cfg_SCN_ddc3188d,41,val_iou,0.22962465,b702398ad8a99790f5267224c5b41f3865d2c75bee7bbf4e928f18195523a0bb,checkpoint_metadata_record,False
SCN_UNet_S1S2_fold_DarEsSalaam_K50_s8,UNet_S1S2,fold_DarEsSalaam,8,50,unet_s1s2/SCN_UNet_S1S2_fold_DarEsSalaam_K50_s8.checkpoint_metadata.json,cfg_SCN_ddc3188d,49,val_iou,0.27315803,af15cb67e17ed1346c1f3076dba7c595a97ebe0fb123a2a28077395a6caeda9d,checkpoint_metadata_record,False
SCN_UNet_S1S2_fold_DarEsSalaam_K50_s9,UNet_S1S2,fold_DarEsSalaam,9,50,unet_s1s2/SCN_UNet_S1S2_fold_DarEsSalaam_K50_s9.checkpoint_metadata.json,cfg_SCN_ddc3188d,53,val_iou,0.25668223,cf03e512bb7179f2f407adb3df930ccfeb20d7e595b423f1897dfe28839976b5,checkpoint_metadata_record,False
SCN_UNet_S1S2_fold_DarEsSalaam_K50_s10,UNet_S1S2,fold_DarEsSalaam,10,50,unet_s1s2/SCN_UNet_S1S2_fold_DarEsSalaam_K50_s10.checkpoint_metadata.json,cfg_SCN_ddc3188d,47,val_iou,0.24223223,7d166289ef769090cf2331b02e71ee4d9980d02431c5a890f09644c7575894f3,checkpoint_metadata_record,False
SCN_UNet_S1S2_fold_Douala_K10_s1,UNet_S1S2,fold_Douala,1,10,unet_s1s2/SCN_UNet_S1S2_fold_Douala_K10_s1.checkpoint_metadata.json,cfg_SCN_7c8cf7c5,53,val_iou,0.18512489,84ad2045e78f2657f8e83f03c263ea7ca8b2102de0da0e760293f92789c5210c,checkpoint_metadata_record,False
SCN_UNet_S1S2_fold_Douala_K10_s2,UNet_S1S2,fold_Douala,2,10,unet_s1s2/SCN_UNet_S1S2_fold_Douala_K10_s2.checkpoint_metadata.json,cfg_SCN_7c8cf7c5,46,val_iou,0.19630819,b38ff22440b464142f800179381c0715a52f4283e0a45ec77f616756b0e03ad5,checkpoint_metadata_record,False
SCN_UNet_S1S2_fold_Douala_K10_s3,UNet_S1S2,fold_Douala,3,10,unet_s1s2/SCN_UNet_S1S2_fold_Douala_K10_s3.checkpoint_metadata.json,cfg_SCN_7c8cf7c5,53,val_iou,0.21180901,2e7d217aebe225f9e8a00163fbebc9be5e671e98e266f8be99376c1c847ca345,checkpoint_metadata_record,False
SCN_UNet_S1S2_fold_Douala_K10_s4,UNet_S1S2,fold_Douala,4,10,unet_s1s2/SCN_UNet_S1S2_fold_Douala_K10_s4.checkpoint_metadata.json,cfg_SCN_7c8cf7c5,43,val_iou,0.18731112,b48daeaa718b773e69f0554d8c78adbe99cf1d1fb2828b5a2bca0daa13275817,checkpoint_metadata_record,False
SCN_UNet_S1S2_fold_Douala_K10_s5,UNet_S1S2,fold_Douala,5,10,unet_s1s2/SCN_UNet_S1S2_fold_Douala_K10_s5.checkpoint_metadata.json,cfg_SCN_7c8cf7c5,43,val_iou,0.18988815,44b887b1c42a79fb5bc4dbcffd2b6e79d6de02d1935cedf1246117d5fa0d105f,checkpoint_metadata_record,False
SCN_UNet_S1S2_fold_Douala_K10_s6,UNet_S1S2,fold_Douala,6,10,unet_s1s2/SCN_UNet_S1S2_fold_Douala_K10_s6.checkpoint_metadata.json,cfg_SCN_7c8cf7c5,44,val_iou,0.20011496,4eb25d9bf4bdad962c05dedfe3c86ac07d03070b817cebfbcf85884c77b3f6d1,checkpoint_metadata_record,False
SCN_UNet_S1S2_fold_Douala_K10_s7,UNet_S1S2,fold_Douala,7,10,unet_s1s2/SCN_UNet_S1S2_fold_Douala_K10_s7.checkpoint_metadata.json,cfg_SCN_7c8cf7c5,51,val_iou,0.18591785,ccc96470a84915a201b28bc088461cb2e1aa4a6ac8fe11e463e9a980938d1bd0,checkpoint_metadata_record,False
SCN_UNet_S1S2_fold_Douala_K10_s8,UNet_S1S2,fold_Douala,8,10,unet_s1s2/SCN_UNet_S1S2_fold_Douala_K10_s8.checkpoint_metadata.json,cfg_SCN_7c8cf7c5,43,val_iou,0.20523594,58e4e898318ddac2cba8f7a5a003fdcf829f76851eaff06ca0cb9c9b92e0d107,checkpoint_metadata_record,False
SCN_UNet_S1S2_fold_Douala_K10_s9,UNet_S1S2,fold_Douala,9,10,unet_s1s2/SCN_UNet_S1S2_fold_Douala_K10_s9.checkpoint_metadata.json,cfg_SCN_7c8cf7c5,48,val_iou,0.19686236,29f330dfbc5d5d391b61898da69e6f0827f0fecb1848c41a749ae3e02ece6adc,checkpoint_metadata_record,False
SCN_UNet_S1S2_fold_Douala_K10_s10,UNet_S1S2,fold_Douala,10,10,unet_s1s2/SCN_UNet_S1S2_fold_Douala_K10_s10.checkpoint_metadata.json,cfg_SCN_7c8cf7c5,50,val_iou,0.21358253,cf6ded8b4ed260753e3a97cb6a6eb4290937247147c06d298777b4cf19142d53,checkpoint_metadata_record,False
SCN_UNet_S1S2_fold_Douala_K25_s1,UNet_S1S2,fold_Douala,1,25,unet_s1s2/SCN_UNet_S1S2_fold_Douala_K25_s1.checkpoint_metadata.json,cfg_SCN_cdd8add6,53,val_iou,0.22521142,7b123702e60603bd2a62cf1ca1c9b5532b62f8c6aaeba4cfe3ddb07f616ea1c1,checkpoint_metadata_record,False
SCN_UNet_S1S2_fold_Douala_K25_s2,UNet_S1S2,fold_Douala,2,25,unet_s1s2/SCN_UNet_S1S2_fold_Douala_K25_s2.checkpoint_metadata.json,cfg_SCN_cdd8add6,50,val_iou,0.22102163,67f118c3edbd8c1f7e57fbd23a786f956ee9e254a6580c2f69cb51d9c36696b2,checkpoint_metadata_record,False
SCN_UNet_S1S2_fold_Douala_K25_s3,UNet_S1S2,fold_Douala,3,25,unet_s1s2/SCN_UNet_S1S2_fold_Douala_K25_s3.checkpoint_metadata.json,cfg_SCN_cdd8add6,44,val_iou,0.19898256,f71d01f5327e006a5aca06b48402fa08bc44350c70a9469447fab76a1286ba31,checkpoint_metadata_record,False
SCN_UNet_S1S2_fold_Douala_K25_s4,UNet_S1S2,fold_Douala,4,25,unet_s1s2/SCN_UNet_S1S2_fold_Douala_K25_s4.checkpoint_metadata.json,cfg_SCN_cdd8add6,47,val_iou,0.20088817,81d6a9da3618eb0462d91c3e3c1f6363bac909993fd6177b9f840d84954e22ed,checkpoint_metadata_record,False
SCN_UNet_S1S2_fold_Douala_K25_s5,UNet_S1S2,fold_Douala,5,25,unet_s1s2/SCN_UNet_S1S2_fold_Douala_K25_s5.checkpoint_metadata.json,cfg_SCN_cdd8add6,48,val_iou,0.21453583,df782c295f8d6e4bd1b47fa1b38f4160ea8a79220e47b4e318337d635b2581bf,checkpoint_metadata_record,False
SCN_UNet_S1S2_fold_Douala_K25_s6,UNet_S1S2,fold_Douala,6,25,unet_s1s2/SCN_UNet_S1S2_fold_Douala_K25_s6.checkpoint_metadata.json,cfg_SCN_cdd8add6,47,val_iou,0.21922433,f7f239e6c1b65ead5ccff70692db89de700dd5f5e64ece3ff2b8b7890b12950a,checkpoint_metadata_record,False
SCN_UNet_S1S2_fold_Douala_K25_s7,UNet_S1S2,fold_Douala,7,25,unet_s1s2/SCN_UNet_S1S2_fold_Douala_K25_s7.checkpoint_metadata.json,cfg_SCN_cdd8add6,54,val_iou,0.22518241,bf6cea2107a9f0027f396fc1af1b73a370016348800ab6a5cf5b1148b2ac901e,checkpoint_metadata_record,False
SCN_UNet_S1S2_fold_Douala_K25_s8,UNet_S1S2,fold_Douala,8,25,unet_s1s2/SCN_UNet_S1S2_fold_Douala_K25_s8.checkpoint_metadata.json,cfg_SCN_cdd8add6,44,val_iou,0.23299312,075e93bc834b6aee241b046b6939bb6a27a06cf3051576f3a95760d51864ae1f,checkpoint_metadata_record,False
SCN_UNet_S1S2_fold_Douala_K25_s9,UNet_S1S2,fold_Douala,9,25,unet_s1s2/SCN_UNet_S1S2_fold_Douala_K25_s9.checkpoint_metadata.json,cfg_SCN_cdd8add6,45,val_iou,0.21008133,a4420750e4ca44ee3845f4dc10a87d4635a983b5d8b1278c04ae907267dc2cfc,checkpoint_metadata_record,False
SCN_UNet_S1S2_fold_Douala_K25_s10,UNet_S1S2,fold_Douala,10,25,unet_s1s2/SCN_UNet_S1S2_fold_Douala_K25_s10.checkpoint_metadata.json,cfg_SCN_cdd8add6,43,val_iou,0.22441616,3bdd05ca10cbfb7f7aff3a8071f2d6cecea6fd880e73d1a4c8e5248ac0526617,checkpoint_metadata_record,False
SCN_UNet_S1S2_fold_Douala_K50_s1,UNet_S1S2,fold_Douala,1,50,unet_s1s2/SCN_UNet_S1S2_fold_Douala_K50_s1.checkpoint_metadata.json,cfg_SCN_ddc3188d,47,val_iou,0.22542559,1fe0d8237915efe9ee6b84b5c369bf283e266848076da6ae5107f707c01e47e3,checkpoint_metadata_record,False
SCN_UNet_S1S2_fold_Douala_K50_s2,UNet_S1S2,fold_Douala,2,50,unet_s1s2/SCN_UNet_S1S2_fold_Douala_K50_s2.checkpoint_metadata.json,cfg_SCN_ddc3188d,42,val_iou,0.23654291,1591fce8f2c5966afe9517081b15eb29ec3c6354faad66f17f88876113ab4624,checkpoint_metadata_record,False
SCN_UNet_S1S2_fold_Douala_K50_s3,UNet_S1S2,fold_Douala,3,50,unet_s1s2/SCN_UNet_S1S2_fold_Douala_K50_s3.checkpoint_metadata.json,cfg_SCN_ddc3188d,41,val_iou,0.23525163,29d97a9bb60b0dadd59e73df258719309f22573dcaddcf5b5d5f2a7085541c52,checkpoint_metadata_record,False
SCN_UNet_S1S2_fold_Douala_K50_s4,UNet_S1S2,fold_Douala,4,50,unet_s1s2/SCN_UNet_S1S2_fold_Douala_K50_s4.checkpoint_metadata.json,cfg_SCN_ddc3188d,50,val_iou,0.22640782,fba64c2a5cf901cb7ab8f6987474c469b907d0af2769bdddb6e1ab03f4533d5e,checkpoint_metadata_record,False
SCN_UNet_S1S2_fold_Douala_K50_s5,UNet_S1S2,fold_Douala,5,50,unet_s1s2/SCN_UNet_S1S2_fold_Douala_K50_s5.checkpoint_metadata.json,cfg_SCN_ddc3188d,46,val_iou,0.22666184,8a8f7e167e252c5d34b2b346e3f9fc7c3efa79c7ffaa21c133903c539ed938eb,checkpoint_metadata_record,False
SCN_UNet_S1S2_fold_Douala_K50_s6,UNet_S1S2,fold_Douala,6,50,unet_s1s2/SCN_UNet_S1S2_fold_Douala_K50_s6.checkpoint_metadata.json,cfg_SCN_ddc3188d,45,val_iou,0.22390619,ff28a5a170aa3ff679221dd5ae156d30190a9be3054a9c61a8786f1a4b33a519,checkpoint_metadata_record,False
SCN_UNet_S1S2_fold_Douala_K50_s7,UNet_S1S2,fold_Douala,7,50,unet_s1s2/SCN_UNet_S1S2_fold_Douala_K50_s7.checkpoint_metadata.json,cfg_SCN_ddc3188d,42,val_iou,0.26266416,b4cd92bb3e2d05152f6b67518c254f3a244f5dfdd554e2cde51b35c6b4fb8b3a,checkpoint_metadata_record,False
SCN_UNet_S1S2_fold_Douala_K50_s8,UNet_S1S2,fold_Douala,8,50,unet_s1s2/SCN_UNet_S1S2_fold_Douala_K50_s8.checkpoint_metadata.json,cfg_SCN_ddc3188d,54,val_iou,0.23305684,cc79721f821773124590425e5288c9a6da3de1c639755491cfe51c2d2a156cef,checkpoint_metadata_record,False
SCN_UNet_S1S2_fold_Douala_K50_s9,UNet_S1S2,fold_Douala,9,50,unet_s1s2/SCN_UNet_S1S2_fold_Douala_K50_s9.checkpoint_metadata.json,cfg_SCN_ddc3188d,53,val_iou,0.2338373,7ce122c48dff0090e64ccd32f4f3b8f2330650ae0efa39c2e34041ab7da2fed4,checkpoint_metadata_record,False
SCN_UNet_S1S2_fold_Douala_K50_s10,UNet_S1S2,fold_Douala,10,50,unet_s1s2/SCN_UNet_S1S2_fold_Douala_K50_s10.checkpoint_metadata.json,cfg_SCN_ddc3188d,53,val_iou,0.22917724,d85336290b85065c060f169bd02da01844d22006fb7559f5352eb55f7aa59579,checkpoint_metadata_record,False
SCN_UNet_S1S2_fold_Garoua_K10_s1,UNet_S1S2,fold_Garoua,1,10,unet_s1s2/SCN_UNet_S1S2_fold_Garoua_K10_s1.checkpoint_metadata.json,cfg_SCN_7c8cf7c5,54,val_iou,0.2500601,75e0b468fc45faf134e3b23d09fc7039851899b97339709a93f1c93dedb2aa2f,checkpoint_metadata_record,False
SCN_UNet_S1S2_fold_Garoua_K10_s2,UNet_S1S2,fold_Garoua,2,10,unet_s1s2/SCN_UNet_S1S2_fold_Garoua_K10_s2.checkpoint_metadata.json,cfg_SCN_7c8cf7c5,50,val_iou,0.25343846,c9ec245d5c92a9193859a6bac01ef1a5091e0179d0d13d43bec14cdf0851d167,checkpoint_metadata_record,False
SCN_UNet_S1S2_fold_Garoua_K10_s3,UNet_S1S2,fold_Garoua,3,10,unet_s1s2/SCN_UNet_S1S2_fold_Garoua_K10_s3.checkpoint_metadata.json,cfg_SCN_7c8cf7c5,40,val_iou,0.26925858,12b499b0ae5968ced665c12072137e501fd1a81fd8c9805f33a7c37a541ae06c,checkpoint_metadata_record,False
SCN_UNet_S1S2_fold_Garoua_K10_s4,UNet_S1S2,fold_Garoua,4,10,unet_s1s2/SCN_UNet_S1S2_fold_Garoua_K10_s4.checkpoint_metadata.json,cfg_SCN_7c8cf7c5,53,val_iou,0.25343414,c77a8be3df02efb5c07504c4bcbd7518eba79bcb98e124a38d639bfe5678a62b,checkpoint_metadata_record,False
SCN_UNet_S1S2_fold_Garoua_K10_s5,UNet_S1S2,fold_Garoua,5,10,unet_s1s2/SCN_UNet_S1S2_fold_Garoua_K10_s5.checkpoint_metadata.json,cfg_SCN_7c8cf7c5,41,val_iou,0.24772961,c6c5addb1d60e87e28b09156ef52bfc25060bf8b89799482935b76157e2c772e,checkpoint_metadata_record,False
SCN_UNet_S1S2_fold_Garoua_K10_s6,UNet_S1S2,fold_Garoua,6,10,unet_s1s2/SCN_UNet_S1S2_fold_Garoua_K10_s6.checkpoint_metadata.json,cfg_SCN_7c8cf7c5,49,val_iou,0.23420475,c7a56dd9618e8a678454201a9cb891d9b491fc36d996bdaa883f14291041f80e,checkpoint_metadata_record,False
SCN_UNet_S1S2_fold_Garoua_K10_s7,UNet_S1S2,fold_Garoua,7,10,unet_s1s2/SCN_UNet_S1S2_fold_Garoua_K10_s7.checkpoint_metadata.json,cfg_SCN_7c8cf7c5,49,val_iou,0.24031932,da387a8bc5d8e4205584c0e1d5804741b2412bcc55dc21d611cc28fe7c1584f8,checkpoint_metadata_record,False
SCN_UNet_S1S2_fold_Garoua_K10_s8,UNet_S1S2,fold_Garoua,8,10,unet_s1s2/SCN_UNet_S1S2_fold_Garoua_K10_s8.checkpoint_metadata.json,cfg_SCN_7c8cf7c5,40,val_iou,0.25522843,a41971cc77c1c46a40a0b7d9cece14f46318d8a731bf5dd49763059bc83cd3a5,checkpoint_metadata_record,False
SCN_UNet_S1S2_fold_Garoua_K10_s9,UNet_S1S2,fold_Garoua,9,10,unet_s1s2/SCN_UNet_S1S2_fold_Garoua_K10_s9.checkpoint_metadata.json,cfg_SCN_7c8cf7c5,53,val_iou,0.26211047,d48a71097774a3023970797b1478ef18ab6e18d3442f1bbca31b19b9dacfd986,checkpoint_metadata_record,False
SCN_UNet_S1S2_fold_Garoua_K10_s10,UNet_S1S2,fold_Garoua,10,10,unet_s1s2/SCN_UNet_S1S2_fold_Garoua_K10_s10.checkpoint_metadata.json,cfg_SCN_7c8cf7c5,51,val_iou,0.24873909,bc57349192f59e0cd9b028ff45b3611b7ad90de01927ab94311481673052ad2d,checkpoint_metadata_record,False
SCN_UNet_S1S2_fold_Garoua_K25_s1,UNet_S1S2,fold_Garoua,1,25,unet_s1s2/SCN_UNet_S1S2_fold_Garoua_K25_s1.checkpoint_metadata.json,cfg_SCN_cdd8add6,53,val_iou,0.26376968,e0f8c5dbc2f33d9669ba74dfb9c45125354f28523641824142499b0552c775fb,checkpoint_metadata_record,False
SCN_UNet_S1S2_fold_Garoua_K25_s2,UNet_S1S2,fold_Garoua,2,25,unet_s1s2/SCN_UNet_S1S2_fold_Garoua_K25_s2.checkpoint_metadata.json,cfg_SCN_cdd8add6,43,val_iou,0.25850322,8aa6da8d58a0ee7b5de351ea20d5a175e0f7460850c0f228e5f31ecafa5165ba,checkpoint_metadata_record,False
SCN_UNet_S1S2_fold_Garoua_K25_s3,UNet_S1S2,fold_Garoua,3,25,unet_s1s2/SCN_UNet_S1S2_fold_Garoua_K25_s3.checkpoint_metadata.json,cfg_SCN_cdd8add6,50,val_iou,0.26654271,03a56ba1586c6431b169870db64fbf38c06537f3b687e0dc943ecf9b7a45a071,checkpoint_metadata_record,False
SCN_UNet_S1S2_fold_Garoua_K25_s4,UNet_S1S2,fold_Garoua,4,25,unet_s1s2/SCN_UNet_S1S2_fold_Garoua_K25_s4.checkpoint_metadata.json,cfg_SCN_cdd8add6,47,val_iou,0.27440332,3fa5ccb1570fc78de7121f091b2c0f427829c3b887e91ec392ec7f1d33e5e07d,checkpoint_metadata_record,False
SCN_UNet_S1S2_fold_Garoua_K25_s5,UNet_S1S2,fold_Garoua,5,25,unet_s1s2/SCN_UNet_S1S2_fold_Garoua_K25_s5.checkpoint_metadata.json,cfg_SCN_cdd8add6,42,val_iou,0.2458173,aa4a1f360d26d42aef29e24c144d1a4f17ff021d9c7772606a9ad8cae5053b43,checkpoint_metadata_record,False
SCN_UNet_S1S2_fold_Garoua_K25_s6,UNet_S1S2,fold_Garoua,6,25,unet_s1s2/SCN_UNet_S1S2_fold_Garoua_K25_s6.checkpoint_metadata.json,cfg_SCN_cdd8add6,53,val_iou,0.26258846,e6cda750ef2120f09118393c43d1fef6c9c09eeb42185141b80ded030e25cf59,checkpoint_metadata_record,False
SCN_UNet_S1S2_fold_Garoua_K25_s7,UNet_S1S2,fold_Garoua,7,25,unet_s1s2/SCN_UNet_S1S2_fold_Garoua_K25_s7.checkpoint_metadata.json,cfg_SCN_cdd8add6,53,val_iou,0.26297334,6fb8334069d3bfaba5c291405a8c9227d5f420464da4c590ebc47b56b4a5fab5,checkpoint_metadata_record,False
SCN_UNet_S1S2_fold_Garoua_K25_s8,UNet_S1S2,fold_Garoua,8,25,unet_s1s2/SCN_UNet_S1S2_fold_Garoua_K25_s8.checkpoint_metadata.json,cfg_SCN_cdd8add6,43,val_iou,0.2577905,fa3f604ee5ec6cea756217b9cdb73bfe83196c279fa0bc32be4fd586eaf9c8b3,checkpoint_metadata_record,False
SCN_UNet_S1S2_fold_Garoua_K25_s9,UNet_S1S2,fold_Garoua,9,25,unet_s1s2/SCN_UNet_S1S2_fold_Garoua_K25_s9.checkpoint_metadata.json,cfg_SCN_cdd8add6,48,val_iou,0.27121667,84cc7902e983ec841ffc3f1628f0001e1ce2ff4ff0b8e18619f4477a204dad7b,checkpoint_metadata_record,False
SCN_UNet_S1S2_fold_Garoua_K25_s10,UNet_S1S2,fold_Garoua,10,25,unet_s1s2/SCN_UNet_S1S2_fold_Garoua_K25_s10.checkpoint_metadata.json,cfg_SCN_cdd8add6,44,val_iou,0.28447419,c4a05ceebe0c99d82007d395c98af402ac5ed6fcea7b55909fe73798a4b27c78,checkpoint_metadata_record,False
SCN_UNet_S1S2_fold_Garoua_K50_s1,UNet_S1S2,fold_Garoua,1,50,unet_s1s2/SCN_UNet_S1S2_fold_Garoua_K50_s1.checkpoint_metadata.json,cfg_SCN_ddc3188d,43,val_iou,0.29112183,50df3b3e60c1db60c0fdfb0f9293f9c44611eb265fe64037354864cb7f99e940,checkpoint_metadata_record,False
SCN_UNet_S1S2_fold_Garoua_K50_s2,UNet_S1S2,fold_Garoua,2,50,unet_s1s2/SCN_UNet_S1S2_fold_Garoua_K50_s2.checkpoint_metadata.json,cfg_SCN_ddc3188d,44,val_iou,0.28336175,822a9afd5fbca14abde5d1f528d95f6d0230d75202adc364bb35d894668ae747,checkpoint_metadata_record,False
SCN_UNet_S1S2_fold_Garoua_K50_s3,UNet_S1S2,fold_Garoua,3,50,unet_s1s2/SCN_UNet_S1S2_fold_Garoua_K50_s3.checkpoint_metadata.json,cfg_SCN_ddc3188d,44,val_iou,0.27389582,e41dd18e4baaa858212d77b9ac30e989009d6969696915d39443ad9abaf8a67a,checkpoint_metadata_record,False
SCN_UNet_S1S2_fold_Garoua_K50_s4,UNet_S1S2,fold_Garoua,4,50,unet_s1s2/SCN_UNet_S1S2_fold_Garoua_K50_s4.checkpoint_metadata.json,cfg_SCN_ddc3188d,45,val_iou,0.29940656,e211332c1a68ae251bbf59700f6f6c83d3087203f93773608b2b8c13f6dc334e,checkpoint_metadata_record,False
SCN_UNet_S1S2_fold_Garoua_K50_s5,UNet_S1S2,fold_Garoua,5,50,unet_s1s2/SCN_UNet_S1S2_fold_Garoua_K50_s5.checkpoint_metadata.json,cfg_SCN_ddc3188d,52,val_iou,0.29350032,b6d497fd6aa54681d83de4d0b95047590ccc63f7cfa4c764ba7aa3be211a1e5d,checkpoint_metadata_record,False
SCN_UNet_S1S2_fold_Garoua_K50_s6,UNet_S1S2,fold_Garoua,6,50,unet_s1s2/SCN_UNet_S1S2_fold_Garoua_K50_s6.checkpoint_metadata.json,cfg_SCN_ddc3188d,46,val_iou,0.28125427,064cbe08bfe31f000e81910932b41cd2f704bab2cde47ebc16177a14ccc0f288,checkpoint_metadata_record,False
SCN_UNet_S1S2_fold_Garoua_K50_s7,UNet_S1S2,fold_Garoua,7,50,unet_s1s2/SCN_UNet_S1S2_fold_Garoua_K50_s7.checkpoint_metadata.json,cfg_SCN_ddc3188d,47,val_iou,0.29881244,b19ce12c98c7449c7c47398eff78505a6eeff0f3ed0084385fc67de917b172ad,checkpoint_metadata_record,False
SCN_UNet_S1S2_fold_Garoua_K50_s8,UNet_S1S2,fold_Garoua,8,50,unet_s1s2/SCN_UNet_S1S2_fold_Garoua_K50_s8.checkpoint_metadata.json,cfg_SCN_ddc3188d,40,val_iou,0.30414908,d9e7adf14dd0dbd1ef3e3bb54101813eb1b1891d120d74cb4f64004e5058070c,checkpoint_metadata_record,False
SCN_UNet_S1S2_fold_Garoua_K50_s9,UNet_S1S2,fold_Garoua,9,50,unet_s1s2/SCN_UNet_S1S2_fold_Garoua_K50_s9.checkpoint_metadata.json,cfg_SCN_ddc3188d,42,val_iou,0.26341684,12d36219cd248e59957a515d23ea607b5152067affae9f1446ecce295a575d2a,checkpoint_metadata_record,False
SCN_UNet_S1S2_fold_Garoua_K50_s10,UNet_S1S2,fold_Garoua,10,50,unet_s1s2/SCN_UNet_S1S2_fold_Garoua_K50_s10.checkpoint_metadata.json,cfg_SCN_ddc3188d,48,val_iou,0.29521558,3d033538fb29883d49bcd7601453075f1b6e7db8ad0f1a2b2666ad8e32dbb9e2,checkpoint_metadata_record,False
SCN_UNet_S1S2_fold_Kigali_K10_s1,UNet_S1S2,fold_Kigali,1,10,unet_s1s2/SCN_UNet_S1S2_fold_Kigali_K10_s1.checkpoint_metadata.json,cfg_SCN_7c8cf7c5,50,val_iou,0.23203649,4df450758988717ac527d39ea117061351cea09f9d9e78c8c57491eb4f6a1b56,checkpoint_metadata_record,False
SCN_UNet_S1S2_fold_Kigali_K10_s2,UNet_S1S2,fold_Kigali,2,10,unet_s1s2/SCN_UNet_S1S2_fold_Kigali_K10_s2.checkpoint_metadata.json,cfg_SCN_7c8cf7c5,53,val_iou,0.2475331,93a8ce09eecd2d8674b861b994598ab7438c090fedb3d5e63ef4dc5a0f3c2efa,checkpoint_metadata_record,False
SCN_UNet_S1S2_fold_Kigali_K10_s3,UNet_S1S2,fold_Kigali,3,10,unet_s1s2/SCN_UNet_S1S2_fold_Kigali_K10_s3.checkpoint_metadata.json,cfg_SCN_7c8cf7c5,52,val_iou,0.2434464,0e44da92459daa7880fe03fb3a7c716b8c0a734b3808bfa51bf919d10ceb55ec,checkpoint_metadata_record,False
SCN_UNet_S1S2_fold_Kigali_K10_s4,UNet_S1S2,fold_Kigali,4,10,unet_s1s2/SCN_UNet_S1S2_fold_Kigali_K10_s4.checkpoint_metadata.json,cfg_SCN_7c8cf7c5,43,val_iou,0.22654824,d290435e05325ee6ca6abd03043ea800eb16a3400ad1877c382b49324d1b8f99,checkpoint_metadata_record,False
SCN_UNet_S1S2_fold_Kigali_K10_s5,UNet_S1S2,fold_Kigali,5,10,unet_s1s2/SCN_UNet_S1S2_fold_Kigali_K10_s5.checkpoint_metadata.json,cfg_SCN_7c8cf7c5,43,val_iou,0.23162822,fc028af138dc33811bd74e33b28cd517af2e1b0562506934529b29107c46d1f5,checkpoint_metadata_record,False
SCN_UNet_S1S2_fold_Kigali_K10_s6,UNet_S1S2,fold_Kigali,6,10,unet_s1s2/SCN_UNet_S1S2_fold_Kigali_K10_s6.checkpoint_metadata.json,cfg_SCN_7c8cf7c5,41,val_iou,0.23480068,34f272d02d340e8a2b45dc877d825b0dccf17afdb486fc5c8d8a4870da8b4d4e,checkpoint_metadata_record,False
SCN_UNet_S1S2_fold_Kigali_K10_s7,UNet_S1S2,fold_Kigali,7,10,unet_s1s2/SCN_UNet_S1S2_fold_Kigali_K10_s7.checkpoint_metadata.json,cfg_SCN_7c8cf7c5,50,val_iou,0.22443054,e702908e8bea8ca37861dd73f95d14a4174ca60939adf8b81e4c0ec08cb98df3,checkpoint_metadata_record,False
SCN_UNet_S1S2_fold_Kigali_K10_s8,UNet_S1S2,fold_Kigali,8,10,unet_s1s2/SCN_UNet_S1S2_fold_Kigali_K10_s8.checkpoint_metadata.json,cfg_SCN_7c8cf7c5,45,val_iou,0.23109441,3a401a11cce5b793bc729d358b6b52bad12255f55aa91e67329ce1d4d3f923ad,checkpoint_metadata_record,False
SCN_UNet_S1S2_fold_Kigali_K10_s9,UNet_S1S2,fold_Kigali,9,10,unet_s1s2/SCN_UNet_S1S2_fold_Kigali_K10_s9.checkpoint_metadata.json,cfg_SCN_7c8cf7c5,42,val_iou,0.2251576,62da3941e16264610dd3043a5d9f2599384f6e2f55607e4e965164b6e0fc2e3a,checkpoint_metadata_record,False
SCN_UNet_S1S2_fold_Kigali_K10_s10,UNet_S1S2,fold_Kigali,10,10,unet_s1s2/SCN_UNet_S1S2_fold_Kigali_K10_s10.checkpoint_metadata.json,cfg_SCN_7c8cf7c5,46,val_iou,0.23827587,1ec961ba5bf54804826d6d0fb48574e6edffd676a542d937786f917e2afd27a2,checkpoint_metadata_record,False
SCN_UNet_S1S2_fold_Kigali_K25_s1,UNet_S1S2,fold_Kigali,1,25,unet_s1s2/SCN_UNet_S1S2_fold_Kigali_K25_s1.checkpoint_metadata.json,cfg_SCN_cdd8add6,54,val_iou,0.26463908,57b6099ad032a81e383a11786199c553aa83c9340fe003a4beff6fd1a60c449c,checkpoint_metadata_record,False
SCN_UNet_S1S2_fold_Kigali_K25_s2,UNet_S1S2,fold_Kigali,2,25,unet_s1s2/SCN_UNet_S1S2_fold_Kigali_K25_s2.checkpoint_metadata.json,cfg_SCN_cdd8add6,44,val_iou,0.2428535,a2accc1199a10be344bcd6d32c8c1600e82ad048bb43db4dd4f8727198aba06e,checkpoint_metadata_record,False
SCN_UNet_S1S2_fold_Kigali_K25_s3,UNet_S1S2,fold_Kigali,3,25,unet_s1s2/SCN_UNet_S1S2_fold_Kigali_K25_s3.checkpoint_metadata.json,cfg_SCN_cdd8add6,42,val_iou,0.24544644,64ad01ff4c82180298dec6eae4ff4b43a942a57a93f548d700c5aeeff74f54b8,checkpoint_metadata_record,False
SCN_UNet_S1S2_fold_Kigali_K25_s4,UNet_S1S2,fold_Kigali,4,25,unet_s1s2/SCN_UNet_S1S2_fold_Kigali_K25_s4.checkpoint_metadata.json,cfg_SCN_cdd8add6,49,val_iou,0.2630059,36ee508d87f4d90368cc6b5a0cabd5eef5f6560e3f34648a4240918193ddd772,checkpoint_metadata_record,False
SCN_UNet_S1S2_fold_Kigali_K25_s5,UNet_S1S2,fold_Kigali,5,25,unet_s1s2/SCN_UNet_S1S2_fold_Kigali_K25_s5.checkpoint_metadata.json,cfg_SCN_cdd8add6,45,val_iou,0.26975922,434613b95be0526723192de086e7765636c358ca4929a50ed287b4fffc6a37a7,checkpoint_metadata_record,False
SCN_UNet_S1S2_fold_Kigali_K25_s6,UNet_S1S2,fold_Kigali,6,25,unet_s1s2/SCN_UNet_S1S2_fold_Kigali_K25_s6.checkpoint_metadata.json,cfg_SCN_cdd8add6,45,val_iou,0.24785925,89b6df4c102973f7a35776abf3ec280792156b5e341273d91a211435cc945a2e,checkpoint_metadata_record,False
SCN_UNet_S1S2_fold_Kigali_K25_s7,UNet_S1S2,fold_Kigali,7,25,unet_s1s2/SCN_UNet_S1S2_fold_Kigali_K25_s7.checkpoint_metadata.json,cfg_SCN_cdd8add6,51,val_iou,0.24726308,599a7b9a7c2563508f8ba8e809ddb31a03b7c7abcb46af110742971364fbf804,checkpoint_metadata_record,False
SCN_UNet_S1S2_fold_Kigali_K25_s8,UNet_S1S2,fold_Kigali,8,25,unet_s1s2/SCN_UNet_S1S2_fold_Kigali_K25_s8.checkpoint_metadata.json,cfg_SCN_cdd8add6,49,val_iou,0.24945321,8a5161bc854b1255faa793db3db733e609f0c8843384e3be4f64a24e0e086d1d,checkpoint_metadata_record,False
SCN_UNet_S1S2_fold_Kigali_K25_s9,UNet_S1S2,fold_Kigali,9,25,unet_s1s2/SCN_UNet_S1S2_fold_Kigali_K25_s9.checkpoint_metadata.json,cfg_SCN_cdd8add6,53,val_iou,0.23795039,5a468328641f3be0b0b2dadbc2bbf538d9406608a785a5675c1128d29af0bd57,checkpoint_metadata_record,False
SCN_UNet_S1S2_fold_Kigali_K25_s10,UNet_S1S2,fold_Kigali,10,25,unet_s1s2/SCN_UNet_S1S2_fold_Kigali_K25_s10.checkpoint_metadata.json,cfg_SCN_cdd8add6,46,val_iou,0.25093299,3d4278bd52ad9b0b5e231d1a82ce93468e2e04075fa547f9740bc31dc3448cde,checkpoint_metadata_record,False
SCN_UNet_S1S2_fold_Kigali_K50_s1,UNet_S1S2,fold_Kigali,1,50,unet_s1s2/SCN_UNet_S1S2_fold_Kigali_K50_s1.checkpoint_metadata.json,cfg_SCN_ddc3188d,45,val_iou,0.26516289,5a80ed0320397119fc9c2ac4e9392c72ac5b846e2aa210f599456bd95770bca9,checkpoint_metadata_record,False
SCN_UNet_S1S2_fold_Kigali_K50_s2,UNet_S1S2,fold_Kigali,2,50,unet_s1s2/SCN_UNet_S1S2_fold_Kigali_K50_s2.checkpoint_metadata.json,cfg_SCN_ddc3188d,40,val_iou,0.24865833,b9008d5c3d7f563391cff1265329f5a797a2eeefe383c06a87249d1b77464153,checkpoint_metadata_record,False
SCN_UNet_S1S2_fold_Kigali_K50_s3,UNet_S1S2,fold_Kigali,3,50,unet_s1s2/SCN_UNet_S1S2_fold_Kigali_K50_s3.checkpoint_metadata.json,cfg_SCN_ddc3188d,42,val_iou,0.26192441,698bb449df13f9ee1ecce82277018d242c4b539ca1c8f9f537191ea26fd4f8ee,checkpoint_metadata_record,False
SCN_UNet_S1S2_fold_Kigali_K50_s4,UNet_S1S2,fold_Kigali,4,50,unet_s1s2/SCN_UNet_S1S2_fold_Kigali_K50_s4.checkpoint_metadata.json,cfg_SCN_ddc3188d,48,val_iou,0.28737337,864fe7ce8d6809525f2d18278a36e475a46fe125a48cdb55ef47c605db3a1fa5,checkpoint_metadata_record,False
SCN_UNet_S1S2_fold_Kigali_K50_s5,UNet_S1S2,fold_Kigali,5,50,unet_s1s2/SCN_UNet_S1S2_fold_Kigali_K50_s5.checkpoint_metadata.json,cfg_SCN_ddc3188d,52,val_iou,0.28723154,5ab4f8dac2aa1021f9234dd922a443ae17d7a555cff59bfa0f4563ab3e5dc5e1,checkpoint_metadata_record,False
SCN_UNet_S1S2_fold_Kigali_K50_s6,UNet_S1S2,fold_Kigali,6,50,unet_s1s2/SCN_UNet_S1S2_fold_Kigali_K50_s6.checkpoint_metadata.json,cfg_SCN_ddc3188d,40,val_iou,0.27412975,82f4c730756074e9df35958eb5c1739bf966ef8ad7c885eb8f5d1f82753caccd,checkpoint_metadata_record,False
SCN_UNet_S1S2_fold_Kigali_K50_s7,UNet_S1S2,fold_Kigali,7,50,unet_s1s2/SCN_UNet_S1S2_fold_Kigali_K50_s7.checkpoint_metadata.json,cfg_SCN_ddc3188d,41,val_iou,0.26655964,c53c26143158467ea7e656debdca8b6e44265984fce710a0a678c040907bd74e,checkpoint_metadata_record,False
SCN_UNet_S1S2_fold_Kigali_K50_s8,UNet_S1S2,fold_Kigali,8,50,unet_s1s2/SCN_UNet_S1S2_fold_Kigali_K50_s8.checkpoint_metadata.json,cfg_SCN_ddc3188d,51,val_iou,0.26747942,043daabc41c746fc9cd5ce5c3d0d2d171bd4421a6d091357fc874f7b0181a1f0,checkpoint_metadata_record,False
SCN_UNet_S1S2_fold_Kigali_K50_s9,UNet_S1S2,fold_Kigali,9,50,unet_s1s2/SCN_UNet_S1S2_fold_Kigali_K50_s9.checkpoint_metadata.json,cfg_SCN_ddc3188d,46,val_iou,0.26682529,9d52d904857e788d796a9300b62d276a6b2d8004f605a979c3f23e55d8f50e1a,checkpoint_metadata_record,False
SCN_UNet_S1S2_fold_Kigali_K50_s10,UNet_S1S2,fold_Kigali,10,50,unet_s1s2/SCN_UNet_S1S2_fold_Kigali_K50_s10.checkpoint_metadata.json,cfg_SCN_ddc3188d,48,val_iou,0.27448889,3e0ff3a0727c9631a7ac8ed71317cea70166762519ecea04fea02c1f3f2ea235,checkpoint_metadata_record,False
SCN_UNet_S1S2_fold_Yaounde_K10_s1,UNet_S1S2,fold_Yaounde,1,10,unet_s1s2/SCN_UNet_S1S2_fold_Yaounde_K10_s1.checkpoint_metadata.json,cfg_SCN_7c8cf7c5,49,val_iou,0.2152844,a77da7c8645f8d866ae5d9a6eea0aba19b4a04e1d2966bdf4837c3706ec085cd,checkpoint_metadata_record,False
SCN_UNet_S1S2_fold_Yaounde_K10_s2,UNet_S1S2,fold_Yaounde,2,10,unet_s1s2/SCN_UNet_S1S2_fold_Yaounde_K10_s2.checkpoint_metadata.json,cfg_SCN_7c8cf7c5,49,val_iou,0.20500449,d62ecb121cecf696ab53575d4855b50d5d72941676c7b6bda5880a8d3752df4e,checkpoint_metadata_record,False
SCN_UNet_S1S2_fold_Yaounde_K10_s3,UNet_S1S2,fold_Yaounde,3,10,unet_s1s2/SCN_UNet_S1S2_fold_Yaounde_K10_s3.checkpoint_metadata.json,cfg_SCN_7c8cf7c5,44,val_iou,0.20202517,e3d2c728001b469eec876844e9288485cd14c16084e81cb0a1402f76c06475a4,checkpoint_metadata_record,False
SCN_UNet_S1S2_fold_Yaounde_K10_s4,UNet_S1S2,fold_Yaounde,4,10,unet_s1s2/SCN_UNet_S1S2_fold_Yaounde_K10_s4.checkpoint_metadata.json,cfg_SCN_7c8cf7c5,49,val_iou,0.2380617,6add969a7fe6253b18e2af17748c676c48c23e3bdcd78afac53d429f9ba5f048,checkpoint_metadata_record,False
SCN_UNet_S1S2_fold_Yaounde_K10_s5,UNet_S1S2,fold_Yaounde,5,10,unet_s1s2/SCN_UNet_S1S2_fold_Yaounde_K10_s5.checkpoint_metadata.json,cfg_SCN_7c8cf7c5,51,val_iou,0.22641862,236ed6864fc1c65655652bc439840e0bf80e45d4739cd97a2ddc552c7913ba81,checkpoint_metadata_record,False
SCN_UNet_S1S2_fold_Yaounde_K10_s6,UNet_S1S2,fold_Yaounde,6,10,unet_s1s2/SCN_UNet_S1S2_fold_Yaounde_K10_s6.checkpoint_metadata.json,cfg_SCN_7c8cf7c5,43,val_iou,0.2073776,49906cf20edce9f876d88f22e83a1190454ce289c4b02098b027690a9a3aad98,checkpoint_metadata_record,False
SCN_UNet_S1S2_fold_Yaounde_K10_s7,UNet_S1S2,fold_Yaounde,7,10,unet_s1s2/SCN_UNet_S1S2_fold_Yaounde_K10_s7.checkpoint_metadata.json,cfg_SCN_7c8cf7c5,54,val_iou,0.22350928,cf99abbe4e89d6ea0bc9be46a0aff433c37ad3fe9d996c385c8c9ae4085a79e6,checkpoint_metadata_record,False
SCN_UNet_S1S2_fold_Yaounde_K10_s8,UNet_S1S2,fold_Yaounde,8,10,unet_s1s2/SCN_UNet_S1S2_fold_Yaounde_K10_s8.checkpoint_metadata.json,cfg_SCN_7c8cf7c5,48,val_iou,0.20433635,fbb4969f70977303f8f615cfe7a1b0346717eadd0a404f1d7856ddbcc7ed30d8,checkpoint_metadata_record,False
SCN_UNet_S1S2_fold_Yaounde_K10_s9,UNet_S1S2,fold_Yaounde,9,10,unet_s1s2/SCN_UNet_S1S2_fold_Yaounde_K10_s9.checkpoint_metadata.json,cfg_SCN_7c8cf7c5,53,val_iou,0.24101988,eea14349f0bed102fbd9343bea84eb8e71efd8f1a99252e5fe4b5f270d643e22,checkpoint_metadata_record,False
SCN_UNet_S1S2_fold_Yaounde_K10_s10,UNet_S1S2,fold_Yaounde,10,10,unet_s1s2/SCN_UNet_S1S2_fold_Yaounde_K10_s10.checkpoint_metadata.json,cfg_SCN_7c8cf7c5,44,val_iou,0.22515207,4ef35a4ff92b13c767670abbbce5f3ab6d7ca18ea63081954630964b12b2eccd,checkpoint_metadata_record,False
SCN_UNet_S1S2_fold_Yaounde_K25_s1,UNet_S1S2,fold_Yaounde,1,25,unet_s1s2/SCN_UNet_S1S2_fold_Yaounde_K25_s1.checkpoint_metadata.json,cfg_SCN_cdd8add6,45,val_iou,0.23419347,e76af461c4e872a395d0f5867a66ad41ebc7820a10cf628f2df17592a26a1e4d,checkpoint_metadata_record,False
SCN_UNet_S1S2_fold_Yaounde_K25_s2,UNet_S1S2,fold_Yaounde,2,25,unet_s1s2/SCN_UNet_S1S2_fold_Yaounde_K25_s2.checkpoint_metadata.json,cfg_SCN_cdd8add6,46,val_iou,0.23731026,74611ffbedd9a3898af02f0792cfaff71d9114f7fb4369a11485bdc1edee9e5d,checkpoint_metadata_record,False
SCN_UNet_S1S2_fold_Yaounde_K25_s3,UNet_S1S2,fold_Yaounde,3,25,unet_s1s2/SCN_UNet_S1S2_fold_Yaounde_K25_s3.checkpoint_metadata.json,cfg_SCN_cdd8add6,42,val_iou,0.25660434,25167b2eb4aed427c0f22c918c8177ec23ea037e5bfbac0df1b53d3733a0a45e,checkpoint_metadata_record,False
SCN_UNet_S1S2_fold_Yaounde_K25_s4,UNet_S1S2,fold_Yaounde,4,25,unet_s1s2/SCN_UNet_S1S2_fold_Yaounde_K25_s4.checkpoint_metadata.json,cfg_SCN_cdd8add6,48,val_iou,0.24127349,5ae2cf6d159eb35414e7f581a63ece82c84842a143ffd0c50dcf9716e1be4820,checkpoint_metadata_record,False
SCN_UNet_S1S2_fold_Yaounde_K25_s5,UNet_S1S2,fold_Yaounde,5,25,unet_s1s2/SCN_UNet_S1S2_fold_Yaounde_K25_s5.checkpoint_metadata.json,cfg_SCN_cdd8add6,49,val_iou,0.23717714,ac85cfcae03def997277fdd6da1d007b0d36c614d47cecc8277e386f7bcf5763,checkpoint_metadata_record,False
SCN_UNet_S1S2_fold_Yaounde_K25_s6,UNet_S1S2,fold_Yaounde,6,25,unet_s1s2/SCN_UNet_S1S2_fold_Yaounde_K25_s6.checkpoint_metadata.json,cfg_SCN_cdd8add6,51,val_iou,0.21968027,ed3607ddf7928bee4ca741edc819bfbfb2457e7f664d274ab3e0d1dcf05ccc3b,checkpoint_metadata_record,False
SCN_UNet_S1S2_fold_Yaounde_K25_s7,UNet_S1S2,fold_Yaounde,7,25,unet_s1s2/SCN_UNet_S1S2_fold_Yaounde_K25_s7.checkpoint_metadata.json,cfg_SCN_cdd8add6,49,val_iou,0.23058777,3e9d9e22d99c6900d4332a70e017675b4ed324065a2c4bf16ef14fea1097e6d1,checkpoint_metadata_record,False
SCN_UNet_S1S2_fold_Yaounde_K25_s8,UNet_S1S2,fold_Yaounde,8,25,unet_s1s2/SCN_UNet_S1S2_fold_Yaounde_K25_s8.checkpoint_metadata.json,cfg_SCN_cdd8add6,43,val_iou,0.23290983,d4ae4b78e555de4cd6a295cf7787d2d1c5c7e44d02ea8b700c0dc8720ea1ead7,checkpoint_metadata_record,False
SCN_UNet_S1S2_fold_Yaounde_K25_s9,UNet_S1S2,fold_Yaounde,9,25,unet_s1s2/SCN_UNet_S1S2_fold_Yaounde_K25_s9.checkpoint_metadata.json,cfg_SCN_cdd8add6,44,val_iou,0.26860747,b3ece51b6de62a4163bc2df71c42329a73ee4d1ad8a3049c746eb8c4e0db28bb,checkpoint_metadata_record,False
SCN_UNet_S1S2_fold_Yaounde_K25_s10,UNet_S1S2,fold_Yaounde,10,25,unet_s1s2/SCN_UNet_S1S2_fold_Yaounde_K25_s10.checkpoint_metadata.json,cfg_SCN_cdd8add6,41,val_iou,0.2519195,d2f5594fb096f4570cb219e16e0e4336f8163cd241b927042e238e54c54356df,checkpoint_metadata_record,False
SCN_UNet_S1S2_fold_Yaounde_K50_s1,UNet_S1S2,fold_Yaounde,1,50,unet_s1s2/SCN_UNet_S1S2_fold_Yaounde_K50_s1.checkpoint_metadata.json,cfg_SCN_ddc3188d,48,val_iou,0.28931107,897fbc28ec5b025f64ceebf1bf54e17ccb7b81866cdd0672d7fe4ae2089a7b78,checkpoint_metadata_record,False
SCN_UNet_S1S2_fold_Yaounde_K50_s2,UNet_S1S2,fold_Yaounde,2,50,unet_s1s2/SCN_UNet_S1S2_fold_Yaounde_K50_s2.checkpoint_metadata.json,cfg_SCN_ddc3188d,45,val_iou,0.24724429,1a39440bf1ca50965c0662b24abe4918e6be778109430f90bd1cbc63b4dbf6a9,checkpoint_metadata_record,False
SCN_UNet_S1S2_fold_Yaounde_K50_s3,UNet_S1S2,fold_Yaounde,3,50,unet_s1s2/SCN_UNet_S1S2_fold_Yaounde_K50_s3.checkpoint_metadata.json,cfg_SCN_ddc3188d,52,val_iou,0.2341673,4e0663156af8a07512c634e74c4e4267e9e96d5922587d9624a7b0dc442e639e,checkpoint_metadata_record,False
SCN_UNet_S1S2_fold_Yaounde_K50_s4,UNet_S1S2,fold_Yaounde,4,50,unet_s1s2/SCN_UNet_S1S2_fold_Yaounde_K50_s4.checkpoint_metadata.json,cfg_SCN_ddc3188d,42,val_iou,0.25676597,ca762b51f84d84ea716238e8dc3e9a8ce4f0ecb7aae1f45433f9c24e82eb61f1,checkpoint_metadata_record,False
SCN_UNet_S1S2_fold_Yaounde_K50_s5,UNet_S1S2,fold_Yaounde,5,50,unet_s1s2/SCN_UNet_S1S2_fold_Yaounde_K50_s5.checkpoint_metadata.json,cfg_SCN_ddc3188d,54,val_iou,0.23820095,3bf5a30e3a00dece067d419c1ca760293d8fa870b911c6f16da280e54182b026,checkpoint_metadata_record,False
SCN_UNet_S1S2_fold_Yaounde_K50_s6,UNet_S1S2,fold_Yaounde,6,50,unet_s1s2/SCN_UNet_S1S2_fold_Yaounde_K50_s6.checkpoint_metadata.json,cfg_SCN_ddc3188d,45,val_iou,0.24143202,7ae784abf781898b7d84092fda84ce3d69102952ce81014afdc45cfb0f3aaf2a,checkpoint_metadata_record,False
SCN_UNet_S1S2_fold_Yaounde_K50_s7,UNet_S1S2,fold_Yaounde,7,50,unet_s1s2/SCN_UNet_S1S2_fold_Yaounde_K50_s7.checkpoint_metadata.json,cfg_SCN_ddc3188d,45,val_iou,0.23040831,9d4cbb5324118923ddc1383d5612a56b95766a2c82bf80f54f13e09bffd5d056,checkpoint_metadata_record,False
SCN_UNet_S1S2_fold_Yaounde_K50_s8,UNet_S1S2,fold_Yaounde,8,50,unet_s1s2/SCN_UNet_S1S2_fold_Yaounde_K50_s8.checkpoint_metadata.json,cfg_SCN_ddc3188d,46,val_iou,0.25007625,e386a3e8ea7d0cfd6ca0f4463221f7853290c56082b777ed079b924fac32a6ad,checkpoint_metadata_record,False
SCN_UNet_S1S2_fold_Yaounde_K50_s9,UNet_S1S2,fold_Yaounde,9,50,unet_s1s2/SCN_UNet_S1S2_fold_Yaounde_K50_s9.checkpoint_metadata.json,cfg_SCN_ddc3188d,44,val_iou,0.25764731,7b1e8ae05ff2056d73312ea58532e1da6ef0e6d0642d41fa8bc4b9823981bc4d,checkpoint_metadata_record,False
SCN_UNet_S1S2_fold_Yaounde_K50_s10,UNet_S1S2,fold_Yaounde,10,50,unet_s1s2/SCN_UNet_S1S2_fold_Yaounde_K50_s10.checkpoint_metadata.json,cfg_SCN_ddc3188d,47,val_iou,0.25677743,a4dfaf8a8d9cb9e129a664b6d06dc90f0ccb514505fb5e61c70227e26711d44f,checkpoint_metadata_record,False
SCN_UNet_S2_fold_Dakar_K10_s1,UNet_S2,fold_Dakar,1,10,unet_s2/SCN_UNet_S2_fold_Dakar_K10_s1.checkpoint_metadata.json,cfg_SCN_37521ce2,44,val_iou,0.22303965,288e7074453c3efc30b65828cc1c377496b4e7ff1d790173e72f5f9a2fa2bfef,checkpoint_metadata_record,False
SCN_UNet_S2_fold_Dakar_K10_s2,UNet_S2,fold_Dakar,2,10,unet_s2/SCN_UNet_S2_fold_Dakar_K10_s2.checkpoint_metadata.json,cfg_SCN_37521ce2,41,val_iou,0.25621667,c5cca87ff3d4a962d9858f3fb49bbc07c8bda0b42c4648e8c3c8335c95506067,checkpoint_metadata_record,False
SCN_UNet_S2_fold_Dakar_K10_s3,UNet_S2,fold_Dakar,3,10,unet_s2/SCN_UNet_S2_fold_Dakar_K10_s3.checkpoint_metadata.json,cfg_SCN_37521ce2,51,val_iou,0.24316221,5d8ab2be17c03d82631cfd25a19e0bc48d800a12d30662a4d047101cc316de53,checkpoint_metadata_record,False
SCN_UNet_S2_fold_Dakar_K10_s4,UNet_S2,fold_Dakar,4,10,unet_s2/SCN_UNet_S2_fold_Dakar_K10_s4.checkpoint_metadata.json,cfg_SCN_37521ce2,54,val_iou,0.24562382,2c53a297898c11961687feeae27ef495700c009454f192af6723e4dc50e98a90,checkpoint_metadata_record,False
SCN_UNet_S2_fold_Dakar_K10_s5,UNet_S2,fold_Dakar,5,10,unet_s2/SCN_UNet_S2_fold_Dakar_K10_s5.checkpoint_metadata.json,cfg_SCN_37521ce2,43,val_iou,0.23081759,224daf22a7b9ee52a634b5982aafd96191e7cfd337749b267409d16f29854f54,checkpoint_metadata_record,False
SCN_UNet_S2_fold_Dakar_K10_s6,UNet_S2,fold_Dakar,6,10,unet_s2/SCN_UNet_S2_fold_Dakar_K10_s6.checkpoint_metadata.json,cfg_SCN_37521ce2,48,val_iou,0.25522186,39dc1c62f95382a300f60fdff6e6d443fe1c49acc952aecdc239152dd1b676d4,checkpoint_metadata_record,False
SCN_UNet_S2_fold_Dakar_K10_s7,UNet_S2,fold_Dakar,7,10,unet_s2/SCN_UNet_S2_fold_Dakar_K10_s7.checkpoint_metadata.json,cfg_SCN_37521ce2,50,val_iou,0.24544159,92061ae82f22f3e005b29c2cca9e7db6a2bf0088b4e20aefe387cc494f7767c0,checkpoint_metadata_record,False
SCN_UNet_S2_fold_Dakar_K10_s8,UNet_S2,fold_Dakar,8,10,unet_s2/SCN_UNet_S2_fold_Dakar_K10_s8.checkpoint_metadata.json,cfg_SCN_37521ce2,48,val_iou,0.23085669,be16e66e50f29819742b342078fe6d21450337fb4a77449bb75985860b0e7043,checkpoint_metadata_record,False
SCN_UNet_S2_fold_Dakar_K10_s9,UNet_S2,fold_Dakar,9,10,unet_s2/SCN_UNet_S2_fold_Dakar_K10_s9.checkpoint_metadata.json,cfg_SCN_37521ce2,41,val_iou,0.24268869,b69aba80309765b0d5fd2a9f77deb5e894346dfb0b6099c9ea8b58f98f6e7f6d,checkpoint_metadata_record,False
SCN_UNet_S2_fold_Dakar_K10_s10,UNet_S2,fold_Dakar,10,10,unet_s2/SCN_UNet_S2_fold_Dakar_K10_s10.checkpoint_metadata.json,cfg_SCN_37521ce2,47,val_iou,0.24572629,25536eff8edde6ba37107a80a1e99ff347f5654ec1dfb3fc222cbc06a0409da4,checkpoint_metadata_record,False
SCN_UNet_S2_fold_Dakar_K25_s1,UNet_S2,fold_Dakar,1,25,unet_s2/SCN_UNet_S2_fold_Dakar_K25_s1.checkpoint_metadata.json,cfg_SCN_9a4f2ed1,43,val_iou,0.27280525,5573923261575d2615a5ecb26ff73baa51ec716be7571d7ed4ca486f35a7246d,checkpoint_metadata_record,False
SCN_UNet_S2_fold_Dakar_K25_s2,UNet_S2,fold_Dakar,2,25,unet_s2/SCN_UNet_S2_fold_Dakar_K25_s2.checkpoint_metadata.json,cfg_SCN_9a4f2ed1,50,val_iou,0.26348247,a1249fc37c1f12f29f25fa897cac2f633693770f6f675d9fb8b68cd370273bf7,checkpoint_metadata_record,False
SCN_UNet_S2_fold_Dakar_K25_s3,UNet_S2,fold_Dakar,3,25,unet_s2/SCN_UNet_S2_fold_Dakar_K25_s3.checkpoint_metadata.json,cfg_SCN_9a4f2ed1,46,val_iou,0.27343553,5981ba69623cc5dc72a01a47e85248a3a4586fd6237dd37ac97b82341fad5ec9,checkpoint_metadata_record,False
SCN_UNet_S2_fold_Dakar_K25_s4,UNet_S2,fold_Dakar,4,25,unet_s2/SCN_UNet_S2_fold_Dakar_K25_s4.checkpoint_metadata.json,cfg_SCN_9a4f2ed1,40,val_iou,0.27744982,9d60efc32ba1e3479e90010c4dc453a7da71ec30a391dd89fcf3ba64c1797d8b,checkpoint_metadata_record,False
SCN_UNet_S2_fold_Dakar_K25_s5,UNet_S2,fold_Dakar,5,25,unet_s2/SCN_UNet_S2_fold_Dakar_K25_s5.checkpoint_metadata.json,cfg_SCN_9a4f2ed1,47,val_iou,0.25612877,1b20b8856809c4f125d45635e555c411b40c6b0b605098b75890a80869aea08b,checkpoint_metadata_record,False
SCN_UNet_S2_fold_Dakar_K25_s6,UNet_S2,fold_Dakar,6,25,unet_s2/SCN_UNet_S2_fold_Dakar_K25_s6.checkpoint_metadata.json,cfg_SCN_9a4f2ed1,50,val_iou,0.25332441,385c2d0e937c7acc51c530e9191e9da868e7967d2b5f4b89bf6b61ef6e26f430,checkpoint_metadata_record,False
SCN_UNet_S2_fold_Dakar_K25_s7,UNet_S2,fold_Dakar,7,25,unet_s2/SCN_UNet_S2_fold_Dakar_K25_s7.checkpoint_metadata.json,cfg_SCN_9a4f2ed1,40,val_iou,0.2569138,1cdf1aca415d9510ae769d02e9cb45afb56e3b52eb990c95bc54666e3bc0195c,checkpoint_metadata_record,False
SCN_UNet_S2_fold_Dakar_K25_s8,UNet_S2,fold_Dakar,8,25,unet_s2/SCN_UNet_S2_fold_Dakar_K25_s8.checkpoint_metadata.json,cfg_SCN_9a4f2ed1,43,val_iou,0.24269418,1d9db81f9d04d6e8135a5be0fd0069b344eb368840cb653db32e53eb6ee161e3,checkpoint_metadata_record,False
SCN_UNet_S2_fold_Dakar_K25_s9,UNet_S2,fold_Dakar,9,25,unet_s2/SCN_UNet_S2_fold_Dakar_K25_s9.checkpoint_metadata.json,cfg_SCN_9a4f2ed1,50,val_iou,0.26622526,299f519422deb473ea8467d246ee738e561cd99b1352145ae582db6de98f5df9,checkpoint_metadata_record,False
SCN_UNet_S2_fold_Dakar_K25_s10,UNet_S2,fold_Dakar,10,25,unet_s2/SCN_UNet_S2_fold_Dakar_K25_s10.checkpoint_metadata.json,cfg_SCN_9a4f2ed1,42,val_iou,0.27858687,3c59229b8f4990f4c2dd328fcfba576e6a3ab435aa627677ef1bd1a86e3dd2a1,checkpoint_metadata_record,False
SCN_UNet_S2_fold_Dakar_K50_s1,UNet_S2,fold_Dakar,1,50,unet_s2/SCN_UNet_S2_fold_Dakar_K50_s1.checkpoint_metadata.json,cfg_SCN_a5d4a021,48,val_iou,0.28272828,be8970902caa9cbb6762a31ec40be1b049afc6338838c6a3529c4fc55f8115cc,checkpoint_metadata_record,False
SCN_UNet_S2_fold_Dakar_K50_s2,UNet_S2,fold_Dakar,2,50,unet_s2/SCN_UNet_S2_fold_Dakar_K50_s2.checkpoint_metadata.json,cfg_SCN_a5d4a021,51,val_iou,0.29581234,3e1e072fa6e4c9504851e208b5ba9e940509d46362f46ef89b221e0a77f59053,checkpoint_metadata_record,False
SCN_UNet_S2_fold_Dakar_K50_s3,UNet_S2,fold_Dakar,3,50,unet_s2/SCN_UNet_S2_fold_Dakar_K50_s3.checkpoint_metadata.json,cfg_SCN_a5d4a021,54,val_iou,0.29257799,c684e9b504d94d8d6f22d366564cdbbe271e581a0d2682f88d5281db210e3dc5,checkpoint_metadata_record,False
SCN_UNet_S2_fold_Dakar_K50_s4,UNet_S2,fold_Dakar,4,50,unet_s2/SCN_UNet_S2_fold_Dakar_K50_s4.checkpoint_metadata.json,cfg_SCN_a5d4a021,45,val_iou,0.28114469,5681ac1961023cd8131408dde1ff4e5f34fddeefcdc4de92d6733f3e36c2dc9b,checkpoint_metadata_record,False
SCN_UNet_S2_fold_Dakar_K50_s5,UNet_S2,fold_Dakar,5,50,unet_s2/SCN_UNet_S2_fold_Dakar_K50_s5.checkpoint_metadata.json,cfg_SCN_a5d4a021,51,val_iou,0.30126289,3a15059a0fb5c28d7c6f50babcf0aa12682c0b396b2f64579f97088c2c7564cc,checkpoint_metadata_record,False
SCN_UNet_S2_fold_Dakar_K50_s6,UNet_S2,fold_Dakar,6,50,unet_s2/SCN_UNet_S2_fold_Dakar_K50_s6.checkpoint_metadata.json,cfg_SCN_a5d4a021,49,val_iou,0.29371868,475aff2d60b29a2ca6caff253b7b3f67a3ed1c0ccb4bb082f144a4204e57131e,checkpoint_metadata_record,False
SCN_UNet_S2_fold_Dakar_K50_s7,UNet_S2,fold_Dakar,7,50,unet_s2/SCN_UNet_S2_fold_Dakar_K50_s7.checkpoint_metadata.json,cfg_SCN_a5d4a021,51,val_iou,0.28422799,68509cfa8e1cc78dec93126ddebf32b5b506b4464d5beff48d0fa6019fa0a12c,checkpoint_metadata_record,False
SCN_UNet_S2_fold_Dakar_K50_s8,UNet_S2,fold_Dakar,8,50,unet_s2/SCN_UNet_S2_fold_Dakar_K50_s8.checkpoint_metadata.json,cfg_SCN_a5d4a021,41,val_iou,0.27474099,8fadbd74cafec99cd0d2bd0791098d3d735158fb05e85deeca5de65e84b05966,checkpoint_metadata_record,False
SCN_UNet_S2_fold_Dakar_K50_s9,UNet_S2,fold_Dakar,9,50,unet_s2/SCN_UNet_S2_fold_Dakar_K50_s9.checkpoint_metadata.json,cfg_SCN_a5d4a021,52,val_iou,0.29335781,67e2b286f5345afad0653d07eeb53af0dd0d48478502ef438ee9c8fdd90cd5b3,checkpoint_metadata_record,False
SCN_UNet_S2_fold_Dakar_K50_s10,UNet_S2,fold_Dakar,10,50,unet_s2/SCN_UNet_S2_fold_Dakar_K50_s10.checkpoint_metadata.json,cfg_SCN_a5d4a021,54,val_iou,0.28551761,c00e0255e97f005e79d8312e51a8abb624cc734f7a9ecd75dd7c811c68bb6a75,checkpoint_metadata_record,False
SCN_UNet_S2_fold_DarEsSalaam_K10_s1,UNet_S2,fold_DarEsSalaam,1,10,unet_s2/SCN_UNet_S2_fold_DarEsSalaam_K10_s1.checkpoint_metadata.json,cfg_SCN_37521ce2,49,val_iou,0.19706398,be83d076e0684391f5e03b5914df84d95fe78d6ea95ad21e19774afbe311cd9b,checkpoint_metadata_record,False
SCN_UNet_S2_fold_DarEsSalaam_K10_s2,UNet_S2,fold_DarEsSalaam,2,10,unet_s2/SCN_UNet_S2_fold_DarEsSalaam_K10_s2.checkpoint_metadata.json,cfg_SCN_37521ce2,40,val_iou,0.18528281,980d00aa60aa0fa1952d2effe315403e4409a621cb5f9aff66fd9361a6c00335,checkpoint_metadata_record,False
SCN_UNet_S2_fold_DarEsSalaam_K10_s3,UNet_S2,fold_DarEsSalaam,3,10,unet_s2/SCN_UNet_S2_fold_DarEsSalaam_K10_s3.checkpoint_metadata.json,cfg_SCN_37521ce2,51,val_iou,0.1867428,a4b38310a873324aa53c55d62e03fce52908bbc3db328e0601e12507ad28a8e9,checkpoint_metadata_record,False
SCN_UNet_S2_fold_DarEsSalaam_K10_s4,UNet_S2,fold_DarEsSalaam,4,10,unet_s2/SCN_UNet_S2_fold_DarEsSalaam_K10_s4.checkpoint_metadata.json,cfg_SCN_37521ce2,45,val_iou,0.17079403,fa5ea410f721d4fe292d921d674adfe6407a66c9963a8016767c87c324bf9a79,checkpoint_metadata_record,False
SCN_UNet_S2_fold_DarEsSalaam_K10_s5,UNet_S2,fold_DarEsSalaam,5,10,unet_s2/SCN_UNet_S2_fold_DarEsSalaam_K10_s5.checkpoint_metadata.json,cfg_SCN_37521ce2,46,val_iou,0.16803415,f83ad4eb3ffdcef3b5fa5698fd47a479cb80d8f2ff4e3d5556fff15c0e985c9e,checkpoint_metadata_record,False
SCN_UNet_S2_fold_DarEsSalaam_K10_s6,UNet_S2,fold_DarEsSalaam,6,10,unet_s2/SCN_UNet_S2_fold_DarEsSalaam_K10_s6.checkpoint_metadata.json,cfg_SCN_37521ce2,51,val_iou,0.18591339,df63bed7705a0d8927486842fbadc0c6311a761e024aabebefd9be5e8cf10c17,checkpoint_metadata_record,False
SCN_UNet_S2_fold_DarEsSalaam_K10_s7,UNet_S2,fold_DarEsSalaam,7,10,unet_s2/SCN_UNet_S2_fold_DarEsSalaam_K10_s7.checkpoint_metadata.json,cfg_SCN_37521ce2,47,val_iou,0.17237281,8805f652aefc1c38dd89d6968884b007d9a963037d96481ff07bb5371e96df5f,checkpoint_metadata_record,False
SCN_UNet_S2_fold_DarEsSalaam_K10_s8,UNet_S2,fold_DarEsSalaam,8,10,unet_s2/SCN_UNet_S2_fold_DarEsSalaam_K10_s8.checkpoint_metadata.json,cfg_SCN_37521ce2,49,val_iou,0.17812808,a5bacd74d13d32b38f9b58318f185a928d58543efb3d72734420327652a67d76,checkpoint_metadata_record,False
SCN_UNet_S2_fold_DarEsSalaam_K10_s9,UNet_S2,fold_DarEsSalaam,9,10,unet_s2/SCN_UNet_S2_fold_DarEsSalaam_K10_s9.checkpoint_metadata.json,cfg_SCN_37521ce2,40,val_iou,0.18742127,5293a4ba6c75c62a3cf88c1cfd8031c710926d94252ade9cf9b5e61b23c90e8d,checkpoint_metadata_record,False
SCN_UNet_S2_fold_DarEsSalaam_K10_s10,UNet_S2,fold_DarEsSalaam,10,10,unet_s2/SCN_UNet_S2_fold_DarEsSalaam_K10_s10.checkpoint_metadata.json,cfg_SCN_37521ce2,40,val_iou,0.17864997,7c09bd49e6a3241898e0e9d569835895a3e0437ddfa9c9ed1085cc09387f6500,checkpoint_metadata_record,False
SCN_UNet_S2_fold_DarEsSalaam_K25_s1,UNet_S2,fold_DarEsSalaam,1,25,unet_s2/SCN_UNet_S2_fold_DarEsSalaam_K25_s1.checkpoint_metadata.json,cfg_SCN_9a4f2ed1,51,val_iou,0.17892075,2f968913d052284d2384f510e7533c71da87dd293e3ab81faf145747748b177b,checkpoint_metadata_record,False
SCN_UNet_S2_fold_DarEsSalaam_K25_s2,UNet_S2,fold_DarEsSalaam,2,25,unet_s2/SCN_UNet_S2_fold_DarEsSalaam_K25_s2.checkpoint_metadata.json,cfg_SCN_9a4f2ed1,50,val_iou,0.18703924,43461aa3729b88a0247adf297bfca7a80b1e54d7d62a020fa9bfcbc484d63153,checkpoint_metadata_record,False
SCN_UNet_S2_fold_DarEsSalaam_K25_s3,UNet_S2,fold_DarEsSalaam,3,25,unet_s2/SCN_UNet_S2_fold_DarEsSalaam_K25_s3.checkpoint_metadata.json,cfg_SCN_9a4f2ed1,40,val_iou,0.20791718,4f2faa0edbe395aea5b6d4a1553941470f77707eeab18733f949d38abd05648f,checkpoint_metadata_record,False
SCN_UNet_S2_fold_DarEsSalaam_K25_s4,UNet_S2,fold_DarEsSalaam,4,25,unet_s2/SCN_UNet_S2_fold_DarEsSalaam_K25_s4.checkpoint_metadata.json,cfg_SCN_9a4f2ed1,41,val_iou,0.19467869,35887a23c8107b674064c776e867feacc67f4b8e5dbc354a77b30a0d8a641929,checkpoint_metadata_record,False
SCN_UNet_S2_fold_DarEsSalaam_K25_s5,UNet_S2,fold_DarEsSalaam,5,25,unet_s2/SCN_UNet_S2_fold_DarEsSalaam_K25_s5.checkpoint_metadata.json,cfg_SCN_9a4f2ed1,50,val_iou,0.19849208,a23b9c3468628911a256b085c8450f4f394c62a1c8a7654b12752fd8aa0b249d,checkpoint_metadata_record,False
SCN_UNet_S2_fold_DarEsSalaam_K25_s6,UNet_S2,fold_DarEsSalaam,6,25,unet_s2/SCN_UNet_S2_fold_DarEsSalaam_K25_s6.checkpoint_metadata.json,cfg_SCN_9a4f2ed1,53,val_iou,0.19075956,7662e98d6414a0c3dc639caa6bee15b98a07a22c21cfc1bb7e7ab31b6b438b08,checkpoint_metadata_record,False
SCN_UNet_S2_fold_DarEsSalaam_K25_s7,UNet_S2,fold_DarEsSalaam,7,25,unet_s2/SCN_UNet_S2_fold_DarEsSalaam_K25_s7.checkpoint_metadata.json,cfg_SCN_9a4f2ed1,50,val_iou,0.19377433,f374fa8a371a86801303d7277e8084d93aaef23d3a506e0028eca1bf17e05d17,checkpoint_metadata_record,False
SCN_UNet_S2_fold_DarEsSalaam_K25_s8,UNet_S2,fold_DarEsSalaam,8,25,unet_s2/SCN_UNet_S2_fold_DarEsSalaam_K25_s8.checkpoint_metadata.json,cfg_SCN_9a4f2ed1,44,val_iou,0.18399845,a4f551a004d226c63474d5f0bf7ceef275debc61d806b3d199a71991bb504cde,checkpoint_metadata_record,False
SCN_UNet_S2_fold_DarEsSalaam_K25_s9,UNet_S2,fold_DarEsSalaam,9,25,unet_s2/SCN_UNet_S2_fold_DarEsSalaam_K25_s9.checkpoint_metadata.json,cfg_SCN_9a4f2ed1,41,val_iou,0.19321788,e3d96922daf0523b65b5a639e28b8c266e61df39112baf163b80bf9a04343761,checkpoint_metadata_record,False
SCN_UNet_S2_fold_DarEsSalaam_K25_s10,UNet_S2,fold_DarEsSalaam,10,25,unet_s2/SCN_UNet_S2_fold_DarEsSalaam_K25_s10.checkpoint_metadata.json,cfg_SCN_9a4f2ed1,53,val_iou,0.20327168,daf74a24c1d72953fd2caa6dd0eb5f10d6f88c5585be34e3abf1c8514cbd6432,checkpoint_metadata_record,False
SCN_UNet_S2_fold_DarEsSalaam_K50_s1,UNet_S2,fold_DarEsSalaam,1,50,unet_s2/SCN_UNet_S2_fold_DarEsSalaam_K50_s1.checkpoint_metadata.json,cfg_SCN_a5d4a021,44,val_iou,0.2296302,423f0cdbd0f1a630386f5e98dbac15726eb3a6246e3d08b0420aa9f1f1011941,checkpoint_metadata_record,False
SCN_UNet_S2_fold_DarEsSalaam_K50_s2,UNet_S2,fold_DarEsSalaam,2,50,unet_s2/SCN_UNet_S2_fold_DarEsSalaam_K50_s2.checkpoint_metadata.json,cfg_SCN_a5d4a021,54,val_iou,0.23088258,2f12ac697ce9cca9fcee7b314740086128d04425879d59a9fe11eb8e06a87843,checkpoint_metadata_record,False
SCN_UNet_S2_fold_DarEsSalaam_K50_s3,UNet_S2,fold_DarEsSalaam,3,50,unet_s2/SCN_UNet_S2_fold_DarEsSalaam_K50_s3.checkpoint_metadata.json,cfg_SCN_a5d4a021,53,val_iou,0.22266896,d587eafe7fdc96197122cd38b456386c9bc3ba9ef215d7c9cfccb9607bd708aa,checkpoint_metadata_record,False
SCN_UNet_S2_fold_DarEsSalaam_K50_s4,UNet_S2,fold_DarEsSalaam,4,50,unet_s2/SCN_UNet_S2_fold_DarEsSalaam_K50_s4.checkpoint_metadata.json,cfg_SCN_a5d4a021,50,val_iou,0.22522997,991db0901153c6bf37739d92f6f7cecc35ca96c46e49c06c67bbe1b5a0e50129,checkpoint_metadata_record,False
SCN_UNet_S2_fold_DarEsSalaam_K50_s5,UNet_S2,fold_DarEsSalaam,5,50,unet_s2/SCN_UNet_S2_fold_DarEsSalaam_K50_s5.checkpoint_metadata.json,cfg_SCN_a5d4a021,50,val_iou,0.19970581,667dfc5efc85d0ef29841205b76cc6128b28ef22c51a241a3592a86dfe3fa962,checkpoint_metadata_record,False
SCN_UNet_S2_fold_DarEsSalaam_K50_s6,UNet_S2,fold_DarEsSalaam,6,50,unet_s2/SCN_UNet_S2_fold_DarEsSalaam_K50_s6.checkpoint_metadata.json,cfg_SCN_a5d4a021,40,val_iou,0.21884106,ea765341f8387c7643ac2e019b579f38246d89185067f9bf6321018eaf8d4fa4,checkpoint_metadata_record,False
SCN_UNet_S2_fold_DarEsSalaam_K50_s7,UNet_S2,fold_DarEsSalaam,7,50,unet_s2/SCN_UNet_S2_fold_DarEsSalaam_K50_s7.checkpoint_metadata.json,cfg_SCN_a5d4a021,45,val_iou,0.20943618,cd9994370e7709b1b4e81071b59ddc379704d57b7fd542ec7a33540c913822a0,checkpoint_metadata_record,False
SCN_UNet_S2_fold_DarEsSalaam_K50_s8,UNet_S2,fold_DarEsSalaam,8,50,unet_s2/SCN_UNet_S2_fold_DarEsSalaam_K50_s8.checkpoint_metadata.json,cfg_SCN_a5d4a021,44,val_iou,0.22558433,f5d354135e01574ea172f2fc5e44018181071faf740ef34daed76b55406dfe95,checkpoint_metadata_record,False
SCN_UNet_S2_fold_DarEsSalaam_K50_s9,UNet_S2,fold_DarEsSalaam,9,50,unet_s2/SCN_UNet_S2_fold_DarEsSalaam_K50_s9.checkpoint_metadata.json,cfg_SCN_a5d4a021,48,val_iou,0.21925277,0d1057342e655c9360eca6a3af1caa401c7c4ccbfc49cb497bed4c161c75353d,checkpoint_metadata_record,False
SCN_UNet_S2_fold_DarEsSalaam_K50_s10,UNet_S2,fold_DarEsSalaam,10,50,unet_s2/SCN_UNet_S2_fold_DarEsSalaam_K50_s10.checkpoint_metadata.json,cfg_SCN_a5d4a021,43,val_iou,0.20628979,3432547603c5120710fbcdde66f45ffc99a5d2dde7275d65dfa22f99fb2d9b3f,checkpoint_metadata_record,False
SCN_UNet_S2_fold_Douala_K10_s1,UNet_S2,fold_Douala,1,10,unet_s2/SCN_UNet_S2_fold_Douala_K10_s1.checkpoint_metadata.json,cfg_SCN_37521ce2,41,val_iou,0.15403751,4655019de559864c2f78367d2f08ae7f3b689dcc1f3940284e4b75c7fbf41c1f,checkpoint_metadata_record,False
SCN_UNet_S2_fold_Douala_K10_s2,UNet_S2,fold_Douala,2,10,unet_s2/SCN_UNet_S2_fold_Douala_K10_s2.checkpoint_metadata.json,cfg_SCN_37521ce2,53,val_iou,0.16013256,a675caaf946aaafb33edf8dc837a345c87222125910106d9f2f083f89369d636,checkpoint_metadata_record,False
SCN_UNet_S2_fold_Douala_K10_s3,UNet_S2,fold_Douala,3,10,unet_s2/SCN_UNet_S2_fold_Douala_K10_s3.checkpoint_metadata.json,cfg_SCN_37521ce2,46,val_iou,0.1797703,1f3dbb4b7ae77bf86da4abcdddaeed61df989b77a8881503d357d6b1757d5419,checkpoint_metadata_record,False
SCN_UNet_S2_fold_Douala_K10_s4,UNet_S2,fold_Douala,4,10,unet_s2/SCN_UNet_S2_fold_Douala_K10_s4.checkpoint_metadata.json,cfg_SCN_37521ce2,51,val_iou,0.15189706,3d70a4177e7842b6184377c2986e23bc1da05c0fd996c4dc82c53bc5763afb8b,checkpoint_metadata_record,False
SCN_UNet_S2_fold_Douala_K10_s5,UNet_S2,fold_Douala,5,10,unet_s2/SCN_UNet_S2_fold_Douala_K10_s5.checkpoint_metadata.json,cfg_SCN_37521ce2,51,val_iou,0.16344612,adcca541236f4f6220913eedc1c6c082907a4237f606fd1a24afbf3da1e9bac2,checkpoint_metadata_record,False
SCN_UNet_S2_fold_Douala_K10_s6,UNet_S2,fold_Douala,6,10,unet_s2/SCN_UNet_S2_fold_Douala_K10_s6.checkpoint_metadata.json,cfg_SCN_37521ce2,46,val_iou,0.16810514,392aa1a14134d412e84142b239181db042fcaffc97e1e89e81f4ae8f83379bc4,checkpoint_metadata_record,False
SCN_UNet_S2_fold_Douala_K10_s7,UNet_S2,fold_Douala,7,10,unet_s2/SCN_UNet_S2_fold_Douala_K10_s7.checkpoint_metadata.json,cfg_SCN_37521ce2,45,val_iou,0.15484816,4f63e70f5351a11e77c1a10d53f10c5a0f638c6e85eb572e4a82a6bebda0a2b5,checkpoint_metadata_record,False
SCN_UNet_S2_fold_Douala_K10_s8,UNet_S2,fold_Douala,8,10,unet_s2/SCN_UNet_S2_fold_Douala_K10_s8.checkpoint_metadata.json,cfg_SCN_37521ce2,47,val_iou,0.17159996,748c73c441f5522ca0bdf8539ae2e7834e7c761b5b0b03191d12d813ae13b024,checkpoint_metadata_record,False
SCN_UNet_S2_fold_Douala_K10_s9,UNet_S2,fold_Douala,9,10,unet_s2/SCN_UNet_S2_fold_Douala_K10_s9.checkpoint_metadata.json,cfg_SCN_37521ce2,46,val_iou,0.15908592,e7bd425b5a79e7ae7ad7d15e729fb3a5a3845d6cd454b42448ebe204b782b2b0,checkpoint_metadata_record,False
SCN_UNet_S2_fold_Douala_K10_s10,UNet_S2,fold_Douala,10,10,unet_s2/SCN_UNet_S2_fold_Douala_K10_s10.checkpoint_metadata.json,cfg_SCN_37521ce2,50,val_iou,0.16689461,44c2331949526f58f927f342124a8baa50db20c6ebd2c0c258e6986d840628b4,checkpoint_metadata_record,False
SCN_UNet_S2_fold_Douala_K25_s1,UNet_S2,fold_Douala,1,25,unet_s2/SCN_UNet_S2_fold_Douala_K25_s1.checkpoint_metadata.json,cfg_SCN_9a4f2ed1,43,val_iou,0.18595574,68f1855099ed149e7f121fde9e0b3f808be20c4982c15adfbbb1e579a9d0ac5a,checkpoint_metadata_record,False
SCN_UNet_S2_fold_Douala_K25_s2,UNet_S2,fold_Douala,2,25,unet_s2/SCN_UNet_S2_fold_Douala_K25_s2.checkpoint_metadata.json,cfg_SCN_9a4f2ed1,51,val_iou,0.18483412,3c6fad828f097b9f0ac6045dc1df2091c979ed659ef2d6df9a9bcd907ff4404f,checkpoint_metadata_record,False
SCN_UNet_S2_fold_Douala_K25_s3,UNet_S2,fold_Douala,3,25,unet_s2/SCN_UNet_S2_fold_Douala_K25_s3.checkpoint_metadata.json,cfg_SCN_9a4f2ed1,45,val_iou,0.17486106,92266f3b71700f5579e2bc929b54eb222500001797c94426f74e43707d486e92,checkpoint_metadata_record,False
SCN_UNet_S2_fold_Douala_K25_s4,UNet_S2,fold_Douala,4,25,unet_s2/SCN_UNet_S2_fold_Douala_K25_s4.checkpoint_metadata.json,cfg_SCN_9a4f2ed1,46,val_iou,0.17606484,70e85e4317ca2007d5b674bf7c32b678115ed63d4f9a8b9949f79b6ebd64ac6a,checkpoint_metadata_record,False
SCN_UNet_S2_fold_Douala_K25_s5,UNet_S2,fold_Douala,5,25,unet_s2/SCN_UNet_S2_fold_Douala_K25_s5.checkpoint_metadata.json,cfg_SCN_9a4f2ed1,40,val_iou,0.17713688,5aee9d51b6ad6dd8989c1d6dfa0fd1d4c1d78962cbfc4e76b99e6ac9a2f60b52,checkpoint_metadata_record,False
SCN_UNet_S2_fold_Douala_K25_s6,UNet_S2,fold_Douala,6,25,unet_s2/SCN_UNet_S2_fold_Douala_K25_s6.checkpoint_metadata.json,cfg_SCN_9a4f2ed1,54,val_iou,0.1811412,914ee07c59c4dafbfe008e85161a2e3d8fe73f7393cd5c01be5424b92b8cd74b,checkpoint_metadata_record,False
SCN_UNet_S2_fold_Douala_K25_s7,UNet_S2,fold_Douala,7,25,unet_s2/SCN_UNet_S2_fold_Douala_K25_s7.checkpoint_metadata.json,cfg_SCN_9a4f2ed1,43,val_iou,0.18020188,f0419c364531321ad0262724412c8e70db3b084941bf34309b49fc8322d2db24,checkpoint_metadata_record,False
SCN_UNet_S2_fold_Douala_K25_s8,UNet_S2,fold_Douala,8,25,unet_s2/SCN_UNet_S2_fold_Douala_K25_s8.checkpoint_metadata.json,cfg_SCN_9a4f2ed1,49,val_iou,0.18918409,3493b14eb7d611f12ada36b6481c0a195cf4f0c744da1aae7f2ab169e15ddafe,checkpoint_metadata_record,False
SCN_UNet_S2_fold_Douala_K25_s9,UNet_S2,fold_Douala,9,25,unet_s2/SCN_UNet_S2_fold_Douala_K25_s9.checkpoint_metadata.json,cfg_SCN_9a4f2ed1,51,val_iou,0.19022065,72f62c7dbd4865723b270534104bc45c06768303e7e8bf8cceed6d10786e57de,checkpoint_metadata_record,False
SCN_UNet_S2_fold_Douala_K25_s10,UNet_S2,fold_Douala,10,25,unet_s2/SCN_UNet_S2_fold_Douala_K25_s10.checkpoint_metadata.json,cfg_SCN_9a4f2ed1,41,val_iou,0.18631615,77b3ae24be452db536162c0827642fa9163315539a4a40305d083239387adfe5,checkpoint_metadata_record,False
SCN_UNet_S2_fold_Douala_K50_s1,UNet_S2,fold_Douala,1,50,unet_s2/SCN_UNet_S2_fold_Douala_K50_s1.checkpoint_metadata.json,cfg_SCN_a5d4a021,47,val_iou,0.1925266,5c2818c8691ab155807258b38cba1c476bcfa66c5a7664efd27ee55fdd705b16,checkpoint_metadata_record,False
SCN_UNet_S2_fold_Douala_K50_s2,UNet_S2,fold_Douala,2,50,unet_s2/SCN_UNet_S2_fold_Douala_K50_s2.checkpoint_metadata.json,cfg_SCN_a5d4a021,45,val_iou,0.19304853,42e6197fb310a816478c60dca709d29fdc35b58fee98868ca76c8376aa2085d4,checkpoint_metadata_record,False
SCN_UNet_S2_fold_Douala_K50_s3,UNet_S2,fold_Douala,3,50,unet_s2/SCN_UNet_S2_fold_Douala_K50_s3.checkpoint_metadata.json,cfg_SCN_a5d4a021,42,val_iou,0.19452508,1e545cda4576c1142231a6a5593df9abc38366bb0f549aeffc34b3c669c527f9,checkpoint_metadata_record,False
SCN_UNet_S2_fold_Douala_K50_s4,UNet_S2,fold_Douala,4,50,unet_s2/SCN_UNet_S2_fold_Douala_K50_s4.checkpoint_metadata.json,cfg_SCN_a5d4a021,41,val_iou,0.19118916,3539a7477426109266dfc69a844668b224654139e678bfa507fa73b8ee025eeb,checkpoint_metadata_record,False
SCN_UNet_S2_fold_Douala_K50_s5,UNet_S2,fold_Douala,5,50,unet_s2/SCN_UNet_S2_fold_Douala_K50_s5.checkpoint_metadata.json,cfg_SCN_a5d4a021,42,val_iou,0.20029328,b9a19ad52e82a1b2cee62216b5e5e9b13af2bd379334975c36204ae7b24e5a67,checkpoint_metadata_record,False
SCN_UNet_S2_fold_Douala_K50_s6,UNet_S2,fold_Douala,6,50,unet_s2/SCN_UNet_S2_fold_Douala_K50_s6.checkpoint_metadata.json,cfg_SCN_a5d4a021,41,val_iou,0.19489204,4bfebab99ec779cb9b816df1d111075ffac05300d9442e41dea4ef98131bf438,checkpoint_metadata_record,False
SCN_UNet_S2_fold_Douala_K50_s7,UNet_S2,fold_Douala,7,50,unet_s2/SCN_UNet_S2_fold_Douala_K50_s7.checkpoint_metadata.json,cfg_SCN_a5d4a021,46,val_iou,0.20706845,a857f99570cb5f74c42bd6eeca89e1eac41f627f76189a2e1ab6d1b6a41784fc,checkpoint_metadata_record,False
SCN_UNet_S2_fold_Douala_K50_s8,UNet_S2,fold_Douala,8,50,unet_s2/SCN_UNet_S2_fold_Douala_K50_s8.checkpoint_metadata.json,cfg_SCN_a5d4a021,49,val_iou,0.1902085,5eeeab282b88b25bd351b87b878728d80adf9d8c085b7f2b77aaa696b7bf0aba,checkpoint_metadata_record,False
SCN_UNet_S2_fold_Douala_K50_s9,UNet_S2,fold_Douala,9,50,unet_s2/SCN_UNet_S2_fold_Douala_K50_s9.checkpoint_metadata.json,cfg_SCN_a5d4a021,50,val_iou,0.19353154,53a577a2b5c597bca2e7f2e4ba6ac6623ea75a276cdd00a656f0491f6e7e1185,checkpoint_metadata_record,False
SCN_UNet_S2_fold_Douala_K50_s10,UNet_S2,fold_Douala,10,50,unet_s2/SCN_UNet_S2_fold_Douala_K50_s10.checkpoint_metadata.json,cfg_SCN_a5d4a021,51,val_iou,0.19664186,7e17e6f82dcc56fd1bcfc3ebb2a93a5a68301058b1a3ab15dd7ab24d86bed721,checkpoint_metadata_record,False
SCN_UNet_S2_fold_Garoua_K10_s1,UNet_S2,fold_Garoua,1,10,unet_s2/SCN_UNet_S2_fold_Garoua_K10_s1.checkpoint_metadata.json,cfg_SCN_37521ce2,44,val_iou,0.22897188,b71b9e8d05a64e614494ba23afa61f230c3cc756f57d605d2be54e6c2eaa4e6e,checkpoint_metadata_record,False
SCN_UNet_S2_fold_Garoua_K10_s2,UNet_S2,fold_Garoua,2,10,unet_s2/SCN_UNet_S2_fold_Garoua_K10_s2.checkpoint_metadata.json,cfg_SCN_37521ce2,53,val_iou,0.22757133,659e2d2e83f8197cbc161f7578e9d18d59f5494e5bc3297bdc52c6be68801dd3,checkpoint_metadata_record,False
SCN_UNet_S2_fold_Garoua_K10_s3,UNet_S2,fold_Garoua,3,10,unet_s2/SCN_UNet_S2_fold_Garoua_K10_s3.checkpoint_metadata.json,cfg_SCN_37521ce2,40,val_iou,0.23547047,15b8a39dfbe96555905c86a3524396ab62b48aa3019b5b10149e4eb82c934fd7,checkpoint_metadata_record,False
SCN_UNet_S2_fold_Garoua_K10_s4,UNet_S2,fold_Garoua,4,10,unet_s2/SCN_UNet_S2_fold_Garoua_K10_s4.checkpoint_metadata.json,cfg_SCN_37521ce2,44,val_iou,0.22374021,53aa38f113c24e1b61b3ccfad307cb2f1fe3da04b9de12e372f4ff35bf4fc421,checkpoint_metadata_record,False
SCN_UNet_S2_fold_Garoua_K10_s5,UNet_S2,fold_Garoua,5,10,unet_s2/SCN_UNet_S2_fold_Garoua_K10_s5.checkpoint_metadata.json,cfg_SCN_37521ce2,53,val_iou,0.20950659,c7df3c04e373738be3c195d662d7b77e603c4eb781d97969dc701c35263784e7,checkpoint_metadata_record,False
SCN_UNet_S2_fold_Garoua_K10_s6,UNet_S2,fold_Garoua,6,10,unet_s2/SCN_UNet_S2_fold_Garoua_K10_s6.checkpoint_metadata.json,cfg_SCN_37521ce2,46,val_iou,0.21379401,6302492cfab990884c3b296b5f8b9f703dec4074854314e4c330cfb21855e173,checkpoint_metadata_record,False
SCN_UNet_S2_fold_Garoua_K10_s7,UNet_S2,fold_Garoua,7,10,unet_s2/SCN_UNet_S2_fold_Garoua_K10_s7.checkpoint_metadata.json,cfg_SCN_37521ce2,43,val_iou,0.21735409,b051ef87b6c7455cb113a84881441e3bf52b9fbfc7be31e787679e93aee1a1c1,checkpoint_metadata_record,False
SCN_UNet_S2_fold_Garoua_K10_s8,UNet_S2,fold_Garoua,8,10,unet_s2/SCN_UNet_S2_fold_Garoua_K10_s8.checkpoint_metadata.json,cfg_SCN_37521ce2,51,val_iou,0.22354229,91ba631f9e7ac675723c6e0b2cccef58979e9f0d367071829b59da453d862215,checkpoint_metadata_record,False
SCN_UNet_S2_fold_Garoua_K10_s9,UNet_S2,fold_Garoua,9,10,unet_s2/SCN_UNet_S2_fold_Garoua_K10_s9.checkpoint_metadata.json,cfg_SCN_37521ce2,50,val_iou,0.22818579,b4f56be930219f81c3c8aef2fbddf796f8325abdb6a4185ea9a55cae99714e31,checkpoint_metadata_record,False
SCN_UNet_S2_fold_Garoua_K10_s10,UNet_S2,fold_Garoua,10,10,unet_s2/SCN_UNet_S2_fold_Garoua_K10_s10.checkpoint_metadata.json,cfg_SCN_37521ce2,45,val_iou,0.22057605,e2fa7a2aa407cba1a9e16d0014d50c80b55107144b0c77e82a32a61978556219,checkpoint_metadata_record,False
SCN_UNet_S2_fold_Garoua_K25_s1,UNet_S2,fold_Garoua,1,25,unet_s2/SCN_UNet_S2_fold_Garoua_K25_s1.checkpoint_metadata.json,cfg_SCN_9a4f2ed1,42,val_iou,0.23288059,75e132ef0dc9c0a6ca82ef6e65b3b70b35b4ad32aeb005b0c0944e4c0449ef2f,checkpoint_metadata_record,False
SCN_UNet_S2_fold_Garoua_K25_s2,UNet_S2,fold_Garoua,2,25,unet_s2/SCN_UNet_S2_fold_Garoua_K25_s2.checkpoint_metadata.json,cfg_SCN_9a4f2ed1,40,val_iou,0.23829889,ad1ecc94e08926569fbe0f2787651fb46028703508e4ddbcaf9fd9277f0a95cc,checkpoint_metadata_record,False
SCN_UNet_S2_fold_Garoua_K25_s3,UNet_S2,fold_Garoua,3,25,unet_s2/SCN_UNet_S2_fold_Garoua_K25_s3.checkpoint_metadata.json,cfg_SCN_9a4f2ed1,52,val_iou,0.23724065,218b42e98381aef6a60be9ab184aa754e9afb4087f0996d627780c04c1e168bd,checkpoint_metadata_record,False
SCN_UNet_S2_fold_Garoua_K25_s4,UNet_S2,fold_Garoua,4,25,unet_s2/SCN_UNet_S2_fold_Garoua_K25_s4.checkpoint_metadata.json,cfg_SCN_9a4f2ed1,46,val_iou,0.25578035,214128ab9d481d40b8adfa04f62e1f53b5792a086cdc693805bbf08d31639bcd,checkpoint_metadata_record,False
SCN_UNet_S2_fold_Garoua_K25_s5,UNet_S2,fold_Garoua,5,25,unet_s2/SCN_UNet_S2_fold_Garoua_K25_s5.checkpoint_metadata.json,cfg_SCN_9a4f2ed1,51,val_iou,0.22408357,d2521b734bc3a2d741d558c4b8f36caa3807aa04287d778a6deacf35b52e3723,checkpoint_metadata_record,False
SCN_UNet_S2_fold_Garoua_K25_s6,UNet_S2,fold_Garoua,6,25,unet_s2/SCN_UNet_S2_fold_Garoua_K25_s6.checkpoint_metadata.json,cfg_SCN_9a4f2ed1,54,val_iou,0.242715,41929b10603e6f918e46661c1570131d6a9e5d66ec7b1f55da139f8bc6827b45,checkpoint_metadata_record,False
SCN_UNet_S2_fold_Garoua_K25_s7,UNet_S2,fold_Garoua,7,25,unet_s2/SCN_UNet_S2_fold_Garoua_K25_s7.checkpoint_metadata.json,cfg_SCN_9a4f2ed1,44,val_iou,0.22928054,2f0df461ec783ef5e60ca4cbbac61424f9e270de2274315128ff49b3021a7b68,checkpoint_metadata_record,False
SCN_UNet_S2_fold_Garoua_K25_s8,UNet_S2,fold_Garoua,8,25,unet_s2/SCN_UNet_S2_fold_Garoua_K25_s8.checkpoint_metadata.json,cfg_SCN_9a4f2ed1,44,val_iou,0.23746984,b5e1be1b77c9c9354862ca9c25b23cfcb5d01c62e35545700e31ae9f78108425,checkpoint_metadata_record,False
SCN_UNet_S2_fold_Garoua_K25_s9,UNet_S2,fold_Garoua,9,25,unet_s2/SCN_UNet_S2_fold_Garoua_K25_s9.checkpoint_metadata.json,cfg_SCN_9a4f2ed1,46,val_iou,0.23779109,a0f45266da665772d9f4af0324e6983f7386f078177be440491f5e6f1dd7b904,checkpoint_metadata_record,False
SCN_UNet_S2_fold_Garoua_K25_s10,UNet_S2,fold_Garoua,10,25,unet_s2/SCN_UNet_S2_fold_Garoua_K25_s10.checkpoint_metadata.json,cfg_SCN_9a4f2ed1,50,val_iou,0.24943341,b16ba43988b09ae5c103ec70aa208897138644d89248ec1b58e0e65ae57a7957,checkpoint_metadata_record,False
SCN_UNet_S2_fold_Garoua_K50_s1,UNet_S2,fold_Garoua,1,50,unet_s2/SCN_UNet_S2_fold_Garoua_K50_s1.checkpoint_metadata.json,cfg_SCN_a5d4a021,40,val_iou,0.2732072,94c8b9569873b9b21e8a90d97d7697ad967970301e4c145695ab4053a4a390ce,checkpoint_metadata_record,False
SCN_UNet_S2_fold_Garoua_K50_s2,UNet_S2,fold_Garoua,2,50,unet_s2/SCN_UNet_S2_fold_Garoua_K50_s2.checkpoint_metadata.json,cfg_SCN_a5d4a021,53,val_iou,0.24954798,fee3f9c0acf0c72341b820a350ec0f607149970d8813686543bc041d1a8e272f,checkpoint_metadata_record,False
SCN_UNet_S2_fold_Garoua_K50_s3,UNet_S2,fold_Garoua,3,50,unet_s2/SCN_UNet_S2_fold_Garoua_K50_s3.checkpoint_metadata.json,cfg_SCN_a5d4a021,51,val_iou,0.24610248,cf42892843180ace3cadc92ce741ce281f551b92541473ddb1b054073ec14055,checkpoint_metadata_record,False
SCN_UNet_S2_fold_Garoua_K50_s4,UNet_S2,fold_Garoua,4,50,unet_s2/SCN_UNet_S2_fold_Garoua_K50_s4.checkpoint_metadata.json,cfg_SCN_a5d4a021,52,val_iou,0.26232289,264b1651485d3ff1a3cd77dee563026f9243a818e0d06e15b44d30e6ea110341,checkpoint_metadata_record,False
SCN_UNet_S2_fold_Garoua_K50_s5,UNet_S2,fold_Garoua,5,50,unet_s2/SCN_UNet_S2_fold_Garoua_K50_s5.checkpoint_metadata.json,cfg_SCN_a5d4a021,40,val_iou,0.25520354,95e05002a9a491b74609b8011607528fda430be00c9ae11914bbd44572551801,checkpoint_metadata_record,False
SCN_UNet_S2_fold_Garoua_K50_s6,UNet_S2,fold_Garoua,6,50,unet_s2/SCN_UNet_S2_fold_Garoua_K50_s6.checkpoint_metadata.json,cfg_SCN_a5d4a021,47,val_iou,0.26400106,24d2a5bd66fc246a5e3449430f71152d2c5a4248db009f8032d82a819aa7a4cc,checkpoint_metadata_record,False
SCN_UNet_S2_fold_Garoua_K50_s7,UNet_S2,fold_Garoua,7,50,unet_s2/SCN_UNet_S2_fold_Garoua_K50_s7.checkpoint_metadata.json,cfg_SCN_a5d4a021,51,val_iou,0.2470013,98965252a17bfb806d8446c80d9281fc44603ce5eae70f8d4494ee517e6e7dcf,checkpoint_metadata_record,False
SCN_UNet_S2_fold_Garoua_K50_s8,UNet_S2,fold_Garoua,8,50,unet_s2/SCN_UNet_S2_fold_Garoua_K50_s8.checkpoint_metadata.json,cfg_SCN_a5d4a021,50,val_iou,0.28663895,4c74fc859d911bc4694fbcc3a90712fe34e5fc6f0b26ccbedba8e3784893877d,checkpoint_metadata_record,False
SCN_UNet_S2_fold_Garoua_K50_s9,UNet_S2,fold_Garoua,9,50,unet_s2/SCN_UNet_S2_fold_Garoua_K50_s9.checkpoint_metadata.json,cfg_SCN_a5d4a021,54,val_iou,0.24486231,818a140108d5cd44d784ef30114cb44f0c29498ecbf97a65b12d25b40b5d75d9,checkpoint_metadata_record,False
SCN_UNet_S2_fold_Garoua_K50_s10,UNet_S2,fold_Garoua,10,50,unet_s2/SCN_UNet_S2_fold_Garoua_K50_s10.checkpoint_metadata.json,cfg_SCN_a5d4a021,49,val_iou,0.27143416,50af8e72bbece34dfaf6997716db298dfcba1999d1f1d967d93a7e727bdc1676,checkpoint_metadata_record,False
SCN_UNet_S2_fold_Kigali_K10_s1,UNet_S2,fold_Kigali,1,10,unet_s2/SCN_UNet_S2_fold_Kigali_K10_s1.checkpoint_metadata.json,cfg_SCN_37521ce2,48,val_iou,0.21744063,03481af390c55f0929281293bfd6c6849d29af7edeccf264448006e02a6f9d6f,checkpoint_metadata_record,False
SCN_UNet_S2_fold_Kigali_K10_s2,UNet_S2,fold_Kigali,2,10,unet_s2/SCN_UNet_S2_fold_Kigali_K10_s2.checkpoint_metadata.json,cfg_SCN_37521ce2,45,val_iou,0.19821196,276596d2fcfd891fa31928362b48046c0fbe8a7aa5fcc69fc4bdf67eaa28dead,checkpoint_metadata_record,False
SCN_UNet_S2_fold_Kigali_K10_s3,UNet_S2,fold_Kigali,3,10,unet_s2/SCN_UNet_S2_fold_Kigali_K10_s3.checkpoint_metadata.json,cfg_SCN_37521ce2,47,val_iou,0.20843642,dd522acc08e8203041934884a8153f14da19cc20b262bc19650b056ded465ee6,checkpoint_metadata_record,False
SCN_UNet_S2_fold_Kigali_K10_s4,UNet_S2,fold_Kigali,4,10,unet_s2/SCN_UNet_S2_fold_Kigali_K10_s4.checkpoint_metadata.json,cfg_SCN_37521ce2,44,val_iou,0.1934639,ae9899efad27e7cfe4fecc1879df1cfa52f67abd083fa6cf67d98ab713c81187,checkpoint_metadata_record,False
SCN_UNet_S2_fold_Kigali_K10_s5,UNet_S2,fold_Kigali,5,10,unet_s2/SCN_UNet_S2_fold_Kigali_K10_s5.checkpoint_metadata.json,cfg_SCN_37521ce2,47,val_iou,0.18773748,33350dfab5169dac133d0b1211b7625a8a3de18b09b7dcfea2bf881e5882e6fd,checkpoint_metadata_record,False
SCN_UNet_S2_fold_Kigali_K10_s6,UNet_S2,fold_Kigali,6,10,unet_s2/SCN_UNet_S2_fold_Kigali_K10_s6.checkpoint_metadata.json,cfg_SCN_37521ce2,54,val_iou,0.20532665,6b1a6a44d342efe2f336171d075c536ef28ce0916c955f0a9841bcf6679f4efb,checkpoint_metadata_record,False
SCN_UNet_S2_fold_Kigali_K10_s7,UNet_S2,fold_Kigali,7,10,unet_s2/SCN_UNet_S2_fold_Kigali_K10_s7.checkpoint_metadata.json,cfg_SCN_37521ce2,50,val_iou,0.1926685,7ec7957b21cd966350849c94dd0086e0093c3851cec021a682d700330b48e548,checkpoint_metadata_record,False
SCN_UNet_S2_fold_Kigali_K10_s8,UNet_S2,fold_Kigali,8,10,unet_s2/SCN_UNet_S2_fold_Kigali_K10_s8.checkpoint_metadata.json,cfg_SCN_37521ce2,41,val_iou,0.1969544,8c144d0c2405d057910847ecda5b18c7c37df0d634bde336046877bd10840280,checkpoint_metadata_record,False
SCN_UNet_S2_fold_Kigali_K10_s9,UNet_S2,fold_Kigali,9,10,unet_s2/SCN_UNet_S2_fold_Kigali_K10_s9.checkpoint_metadata.json,cfg_SCN_37521ce2,47,val_iou,0.18153023,68fd9ed50e3476bf20aa4217e28f54c492262d7b31d128cc38af85b64e23dc63,checkpoint_metadata_record,False
SCN_UNet_S2_fold_Kigali_K10_s10,UNet_S2,fold_Kigali,10,10,unet_s2/SCN_UNet_S2_fold_Kigali_K10_s10.checkpoint_metadata.json,cfg_SCN_37521ce2,45,val_iou,0.20710757,581c04ab00803b21d73c2fe2ea36fdd34847f1823128c90287c8adb002174ec0,checkpoint_metadata_record,False
SCN_UNet_S2_fold_Kigali_K25_s1,UNet_S2,fold_Kigali,1,25,unet_s2/SCN_UNet_S2_fold_Kigali_K25_s1.checkpoint_metadata.json,cfg_SCN_9a4f2ed1,50,val_iou,0.22126494,b295b82943ae24bb8c0a59162e847fef7bed0e5d7c95a5fca50d82527eb99232,checkpoint_metadata_record,False
SCN_UNet_S2_fold_Kigali_K25_s2,UNet_S2,fold_Kigali,2,25,unet_s2/SCN_UNet_S2_fold_Kigali_K25_s2.checkpoint_metadata.json,cfg_SCN_9a4f2ed1,54,val_iou,0.21242699,cd689692e6d619e9e160838fd003705af50cc6921836ab7d4b751ef108b136d1,checkpoint_metadata_record,False
SCN_UNet_S2_fold_Kigali_K25_s3,UNet_S2,fold_Kigali,3,25,unet_s2/SCN_UNet_S2_fold_Kigali_K25_s3.checkpoint_metadata.json,cfg_SCN_9a4f2ed1,53,val_iou,0.21925414,fe800bb19f88aa03b340697393075e2447164d048570154815947529d00c4050,checkpoint_metadata_record,False
SCN_UNet_S2_fold_Kigali_K25_s4,UNet_S2,fold_Kigali,4,25,unet_s2/SCN_UNet_S2_fold_Kigali_K25_s4.checkpoint_metadata.json,cfg_SCN_9a4f2ed1,44,val_iou,0.22626445,7e4f37e0e747ec1c84ce0b1f12e212bff7c758d2b78979d4f24189c846f3cc5c,checkpoint_metadata_record,False
SCN_UNet_S2_fold_Kigali_K25_s5,UNet_S2,fold_Kigali,5,25,unet_s2/SCN_UNet_S2_fold_Kigali_K25_s5.checkpoint_metadata.json,cfg_SCN_9a4f2ed1,51,val_iou,0.236765,8c26c7034a00189b5c6809eb85c355cbf09f4db38749844040f8ebeb64f9706b,checkpoint_metadata_record,False
SCN_UNet_S2_fold_Kigali_K25_s6,UNet_S2,fold_Kigali,6,25,unet_s2/SCN_UNet_S2_fold_Kigali_K25_s6.checkpoint_metadata.json,cfg_SCN_9a4f2ed1,47,val_iou,0.21128368,f326dc1fbd769a6b106dbc44f4ba6f741f2ed2da8a3ef970397ab9dbd016aad8,checkpoint_metadata_record,False
SCN_UNet_S2_fold_Kigali_K25_s7,UNet_S2,fold_Kigali,7,25,unet_s2/SCN_UNet_S2_fold_Kigali_K25_s7.checkpoint_metadata.json,cfg_SCN_9a4f2ed1,54,val_iou,0.21849757,645269ff57a45e85810c1da0b9969332d687a15af55544857b0aef7176fe9f29,checkpoint_metadata_record,False
SCN_UNet_S2_fold_Kigali_K25_s8,UNet_S2,fold_Kigali,8,25,unet_s2/SCN_UNet_S2_fold_Kigali_K25_s8.checkpoint_metadata.json,cfg_SCN_9a4f2ed1,52,val_iou,0.22807124,8836ce2a81b96eac74a88c73fe79e778aa57345f76d7abf1090b7b1b5e996022,checkpoint_metadata_record,False
SCN_UNet_S2_fold_Kigali_K25_s9,UNet_S2,fold_Kigali,9,25,unet_s2/SCN_UNet_S2_fold_Kigali_K25_s9.checkpoint_metadata.json,cfg_SCN_9a4f2ed1,50,val_iou,0.20658524,e18c50fa7d4bf78d73e59ddaf93691453c8b312bac6aa3a69752ddedefbcf987,checkpoint_metadata_record,False
SCN_UNet_S2_fold_Kigali_K25_s10,UNet_S2,fold_Kigali,10,25,unet_s2/SCN_UNet_S2_fold_Kigali_K25_s10.checkpoint_metadata.json,cfg_SCN_9a4f2ed1,44,val_iou,0.22292437,f4cd739613d56c5e4ff20d3366151acfb2fb050dbda0cf1bfb4e69ac50929774,checkpoint_metadata_record,False
SCN_UNet_S2_fold_Kigali_K50_s1,UNet_S2,fold_Kigali,1,50,unet_s2/SCN_UNet_S2_fold_Kigali_K50_s1.checkpoint_metadata.json,cfg_SCN_a5d4a021,42,val_iou,0.23439036,b5be7d4087274d40299c770ee4ae11d4d29c789888fea53bc4bed66b21fe9df9,checkpoint_metadata_record,False
SCN_UNet_S2_fold_Kigali_K50_s2,UNet_S2,fold_Kigali,2,50,unet_s2/SCN_UNet_S2_fold_Kigali_K50_s2.checkpoint_metadata.json,cfg_SCN_a5d4a021,49,val_iou,0.22317977,040d19f677f987777c0d94cce3f38104f4ffe0887bfbc72f499d47fae750bf9b,checkpoint_metadata_record,False
SCN_UNet_S2_fold_Kigali_K50_s3,UNet_S2,fold_Kigali,3,50,unet_s2/SCN_UNet_S2_fold_Kigali_K50_s3.checkpoint_metadata.json,cfg_SCN_a5d4a021,52,val_iou,0.22808884,76b36ca5990e1b1f0e9fd6d85e081e204045c60066e29fbbb9e6948dffdebb01,checkpoint_metadata_record,False
SCN_UNet_S2_fold_Kigali_K50_s4,UNet_S2,fold_Kigali,4,50,unet_s2/SCN_UNet_S2_fold_Kigali_K50_s4.checkpoint_metadata.json,cfg_SCN_a5d4a021,49,val_iou,0.26256524,c5b43380b7587efde671b0d2429bec106f0e1d04ec963da415f79c06dddbbcf6,checkpoint_metadata_record,False
SCN_UNet_S2_fold_Kigali_K50_s5,UNet_S2,fold_Kigali,5,50,unet_s2/SCN_UNet_S2_fold_Kigali_K50_s5.checkpoint_metadata.json,cfg_SCN_a5d4a021,43,val_iou,0.23825496,3952cf0a03739e6d2f4ef9e427b01172648ddd4eecdc4d94649e9a58597ba792,checkpoint_metadata_record,False
SCN_UNet_S2_fold_Kigali_K50_s6,UNet_S2,fold_Kigali,6,50,unet_s2/SCN_UNet_S2_fold_Kigali_K50_s6.checkpoint_metadata.json,cfg_SCN_a5d4a021,52,val_iou,0.22918399,6222ea722bc530dea13ade02ce858270a0c85a9434048d67e0110528aa21d1ea,checkpoint_metadata_record,False
SCN_UNet_S2_fold_Kigali_K50_s7,UNet_S2,fold_Kigali,7,50,unet_s2/SCN_UNet_S2_fold_Kigali_K50_s7.checkpoint_metadata.json,cfg_SCN_a5d4a021,46,val_iou,0.23252376,d05a4664bb7e27c915afa12354a25bf51f7cebdeb1dc26d7c3e23146a42a951e,checkpoint_metadata_record,False
SCN_UNet_S2_fold_Kigali_K50_s8,UNet_S2,fold_Kigali,8,50,unet_s2/SCN_UNet_S2_fold_Kigali_K50_s8.checkpoint_metadata.json,cfg_SCN_a5d4a021,40,val_iou,0.23358271,dae0808597b9b2b00f40b30566ec60071e4145c372d391bbedd35f4558525e7e,checkpoint_metadata_record,False
SCN_UNet_S2_fold_Kigali_K50_s9,UNet_S2,fold_Kigali,9,50,unet_s2/SCN_UNet_S2_fold_Kigali_K50_s9.checkpoint_metadata.json,cfg_SCN_a5d4a021,50,val_iou,0.22883801,f444db13d1c6c8d1de912fb00f3847bfeb95d63cd9b941779a2e889dc2567017,checkpoint_metadata_record,False
SCN_UNet_S2_fold_Kigali_K50_s10,UNet_S2,fold_Kigali,10,50,unet_s2/SCN_UNet_S2_fold_Kigali_K50_s10.checkpoint_metadata.json,cfg_SCN_a5d4a021,51,val_iou,0.24711071,aec016a24413a6f21a60fcb129efc329f6fe5d7d782497afa3f3804113e7c4da,checkpoint_metadata_record,False
SCN_UNet_S2_fold_Yaounde_K10_s1,UNet_S2,fold_Yaounde,1,10,unet_s2/SCN_UNet_S2_fold_Yaounde_K10_s1.checkpoint_metadata.json,cfg_SCN_37521ce2,40,val_iou,0.1865878,8f8d1f9ef77e9cfd24f9e4ccc034da37d43140dc1ba482cca1b2aa904d28e133,checkpoint_metadata_record,False
SCN_UNet_S2_fold_Yaounde_K10_s2,UNet_S2,fold_Yaounde,2,10,unet_s2/SCN_UNet_S2_fold_Yaounde_K10_s2.checkpoint_metadata.json,cfg_SCN_37521ce2,51,val_iou,0.18248645,820fd4a9e93138ce183b8a42f81f29d3bddd24901a724a50e645f4e6b536b551,checkpoint_metadata_record,False
SCN_UNet_S2_fold_Yaounde_K10_s3,UNet_S2,fold_Yaounde,3,10,unet_s2/SCN_UNet_S2_fold_Yaounde_K10_s3.checkpoint_metadata.json,cfg_SCN_37521ce2,49,val_iou,0.17648953,c6ee0ba07421207b0c331ceeee584ad8eb454adc8961e9db3e6f31a8992f58d7,checkpoint_metadata_record,False
SCN_UNet_S2_fold_Yaounde_K10_s4,UNet_S2,fold_Yaounde,4,10,unet_s2/SCN_UNet_S2_fold_Yaounde_K10_s4.checkpoint_metadata.json,cfg_SCN_37521ce2,40,val_iou,0.19352288,21d4e4b9abeaedf1f62c3fac509edf5e8ec0224b6bc94c7c1807bb8f73a04f52,checkpoint_metadata_record,False
SCN_UNet_S2_fold_Yaounde_K10_s5,UNet_S2,fold_Yaounde,5,10,unet_s2/SCN_UNet_S2_fold_Yaounde_K10_s5.checkpoint_metadata.json,cfg_SCN_37521ce2,50,val_iou,0.19568041,7e73402fbe7b988940bc0f900686878fa9128d50d3c1ce1f26b7b03cec8ec5f6,checkpoint_metadata_record,False
SCN_UNet_S2_fold_Yaounde_K10_s6,UNet_S2,fold_Yaounde,6,10,unet_s2/SCN_UNet_S2_fold_Yaounde_K10_s6.checkpoint_metadata.json,cfg_SCN_37521ce2,49,val_iou,0.17719838,a134d1b9d6b0b38fa9a29c933d163635bd8391ae196928b408c248b9dac65315,checkpoint_metadata_record,False
SCN_UNet_S2_fold_Yaounde_K10_s7,UNet_S2,fold_Yaounde,7,10,unet_s2/SCN_UNet_S2_fold_Yaounde_K10_s7.checkpoint_metadata.json,cfg_SCN_37521ce2,44,val_iou,0.18410192,781cf9e5ae7e3514cdfefef3265930d8758c35cb79848034406322ccc0a546fb,checkpoint_metadata_record,False
SCN_UNet_S2_fold_Yaounde_K10_s8,UNet_S2,fold_Yaounde,8,10,unet_s2/SCN_UNet_S2_fold_Yaounde_K10_s8.checkpoint_metadata.json,cfg_SCN_37521ce2,42,val_iou,0.17724792,55283b51e9df743532d7577bcecea49df12dca9b77793a97c0d4c2ea4cacbfc3,checkpoint_metadata_record,False
SCN_UNet_S2_fold_Yaounde_K10_s9,UNet_S2,fold_Yaounde,9,10,unet_s2/SCN_UNet_S2_fold_Yaounde_K10_s9.checkpoint_metadata.json,cfg_SCN_37521ce2,50,val_iou,0.19913625,9460944612f1227b0f39a57fc9f29d0b6e74bec7a109eb2d00a6e099e60860da,checkpoint_metadata_record,False
SCN_UNet_S2_fold_Yaounde_K10_s10,UNet_S2,fold_Yaounde,10,10,unet_s2/SCN_UNet_S2_fold_Yaounde_K10_s10.checkpoint_metadata.json,cfg_SCN_37521ce2,52,val_iou,0.20261533,5e5d7f58886b5012295714d2e9875e7650e178027eb66d241adbc82e8791c4eb,checkpoint_metadata_record,False
SCN_UNet_S2_fold_Yaounde_K25_s1,UNet_S2,fold_Yaounde,1,25,unet_s2/SCN_UNet_S2_fold_Yaounde_K25_s1.checkpoint_metadata.json,cfg_SCN_9a4f2ed1,47,val_iou,0.19219567,ee70ebf9a22136dc4e4911ab11f2ce9a328223d3e757954d08aded47da25fc43,checkpoint_metadata_record,False
SCN_UNet_S2_fold_Yaounde_K25_s2,UNet_S2,fold_Yaounde,2,25,unet_s2/SCN_UNet_S2_fold_Yaounde_K25_s2.checkpoint_metadata.json,cfg_SCN_9a4f2ed1,46,val_iou,0.21125467,5d85fc8fa41ea6aca7ea53d5657d3ca51624e7fccc8c6e726ca7fd5542cdbb7d,checkpoint_metadata_record,False
SCN_UNet_S2_fold_Yaounde_K25_s3,UNet_S2,fold_Yaounde,3,25,unet_s2/SCN_UNet_S2_fold_Yaounde_K25_s3.checkpoint_metadata.json,cfg_SCN_9a4f2ed1,40,val_iou,0.21647004,91c11493b5340185f9f4409395f86f905035785ffa4f71c48983202fc0493be7,checkpoint_metadata_record,False
SCN_UNet_S2_fold_Yaounde_K25_s4,UNet_S2,fold_Yaounde,4,25,unet_s2/SCN_UNet_S2_fold_Yaounde_K25_s4.checkpoint_metadata.json,cfg_SCN_9a4f2ed1,41,val_iou,0.21689162,6727595ef4d8838536e96ca794136fa98ff57bd7dc5dff008bbaa9dc2780472d,checkpoint_metadata_record,False
SCN_UNet_S2_fold_Yaounde_K25_s5,UNet_S2,fold_Yaounde,5,25,unet_s2/SCN_UNet_S2_fold_Yaounde_K25_s5.checkpoint_metadata.json,cfg_SCN_9a4f2ed1,54,val_iou,0.18812008,bdb5c5ef3b31fa9b32b9851e5ffbcf9eb2ee93300afde3532c3450dde6d42ba8,checkpoint_metadata_record,False
SCN_UNet_S2_fold_Yaounde_K25_s6,UNet_S2,fold_Yaounde,6,25,unet_s2/SCN_UNet_S2_fold_Yaounde_K25_s6.checkpoint_metadata.json,cfg_SCN_9a4f2ed1,45,val_iou,0.20146234,98b2ca90fa2710f9e38115b2759e52b5394a04aed6f90a2c32e02e66cb5149e2,checkpoint_metadata_record,False
SCN_UNet_S2_fold_Yaounde_K25_s7,UNet_S2,fold_Yaounde,7,25,unet_s2/SCN_UNet_S2_fold_Yaounde_K25_s7.checkpoint_metadata.json,cfg_SCN_9a4f2ed1,48,val_iou,0.20150938,aa0c093a9a045980111b7b7f785d02604786e05dc05cd60e5114c43b11e3e309,checkpoint_metadata_record,False
SCN_UNet_S2_fold_Yaounde_K25_s8,UNet_S2,fold_Yaounde,8,25,unet_s2/SCN_UNet_S2_fold_Yaounde_K25_s8.checkpoint_metadata.json,cfg_SCN_9a4f2ed1,40,val_iou,0.20066787,940f5470da4f6b65fb01df1b2d385b4077648b971160b2453168386b8b5f47a4,checkpoint_metadata_record,False
SCN_UNet_S2_fold_Yaounde_K25_s9,UNet_S2,fold_Yaounde,9,25,unet_s2/SCN_UNet_S2_fold_Yaounde_K25_s9.checkpoint_metadata.json,cfg_SCN_9a4f2ed1,43,val_iou,0.22100273,0c380d174f34e9ed14356f4875d85c35773bae8f0bd6a441640a6e3ac2786197,checkpoint_metadata_record,False
SCN_UNet_S2_fold_Yaounde_K25_s10,UNet_S2,fold_Yaounde,10,25,unet_s2/SCN_UNet_S2_fold_Yaounde_K25_s10.checkpoint_metadata.json,cfg_SCN_9a4f2ed1,45,val_iou,0.2062824,a844b8a0fcdfcc2ac6b819ba89763ebd4e7e8740927d587eee1a5b9c54263e93,checkpoint_metadata_record,False
SCN_UNet_S2_fold_Yaounde_K50_s1,UNet_S2,fold_Yaounde,1,50,unet_s2/SCN_UNet_S2_fold_Yaounde_K50_s1.checkpoint_metadata.json,cfg_SCN_a5d4a021,41,val_iou,0.23961514,9cd4f439a4dd0d040093ad94fb09005e99ed83d74392600dddf169e503632744,checkpoint_metadata_record,False
SCN_UNet_S2_fold_Yaounde_K50_s2,UNet_S2,fold_Yaounde,2,50,unet_s2/SCN_UNet_S2_fold_Yaounde_K50_s2.checkpoint_metadata.json,cfg_SCN_a5d4a021,52,val_iou,0.20988734,856c746fc79a07313eb90e51e7ef39e27aa71b318dad6710a20101783b5a5fa5,checkpoint_metadata_record,False
SCN_UNet_S2_fold_Yaounde_K50_s3,UNet_S2,fold_Yaounde,3,50,unet_s2/SCN_UNet_S2_fold_Yaounde_K50_s3.checkpoint_metadata.json,cfg_SCN_a5d4a021,52,val_iou,0.21327618,814a2cc775827193135bab34ed185808ab1d6003a778142a4c2931fa17607d46,checkpoint_metadata_record,False
SCN_UNet_S2_fold_Yaounde_K50_s4,UNet_S2,fold_Yaounde,4,50,unet_s2/SCN_UNet_S2_fold_Yaounde_K50_s4.checkpoint_metadata.json,cfg_SCN_a5d4a021,51,val_iou,0.21187558,d729c6555f78a4cb53606631a792b4fd198cc493524fd3ebf49a68e50e59d28e,checkpoint_metadata_record,False
SCN_UNet_S2_fold_Yaounde_K50_s5,UNet_S2,fold_Yaounde,5,50,unet_s2/SCN_UNet_S2_fold_Yaounde_K50_s5.checkpoint_metadata.json,cfg_SCN_a5d4a021,49,val_iou,0.20436732,36f954ba68b9f8e47572717768fdb4094567408b9d15b33b9ebf78505b9cad79,checkpoint_metadata_record,False
SCN_UNet_S2_fold_Yaounde_K50_s6,UNet_S2,fold_Yaounde,6,50,unet_s2/SCN_UNet_S2_fold_Yaounde_K50_s6.checkpoint_metadata.json,cfg_SCN_a5d4a021,50,val_iou,0.22029885,761c88d9ab00c13ddcae539d59c0f2517939858468393b905abb8f8bcc7a3856,checkpoint_metadata_record,False
SCN_UNet_S2_fold_Yaounde_K50_s7,UNet_S2,fold_Yaounde,7,50,unet_s2/SCN_UNet_S2_fold_Yaounde_K50_s7.checkpoint_metadata.json,cfg_SCN_a5d4a021,49,val_iou,0.22091299,6dca09a7a20d0580614fcb44c409b1792d360808e8d97199d039777e372e456a,checkpoint_metadata_record,False
SCN_UNet_S2_fold_Yaounde_K50_s8,UNet_S2,fold_Yaounde,8,50,unet_s2/SCN_UNet_S2_fold_Yaounde_K50_s8.checkpoint_metadata.json,cfg_SCN_a5d4a021,40,val_iou,0.22191883,e9df5ce5d89578c7c3eb96fc1414f2be2d6e93a123029e2d535ad812dd51326d,checkpoint_metadata_record,False
SCN_UNet_S2_fold_Yaounde_K50_s9,UNet_S2,fold_Yaounde,9,50,unet_s2/SCN_UNet_S2_fold_Yaounde_K50_s9.checkpoint_metadata.json,cfg_SCN_a5d4a021,40,val_iou,0.22092183,6b6f05812c227e10dbca63f4e0b603f72fa02a2c9c5129232abf264115f73986,checkpoint_metadata_record,False
SCN_UNet_S2_fold_Yaounde_K50_s10,UNet_S2,fold_Yaounde,10,50,unet_s2/SCN_UNet_S2_fold_Yaounde_K50_s10.checkpoint_metadata.json,cfg_SCN_a5d4a021,54,val_iou,0.22745996,e0428626fedeec3279dd10e1bf1059ea32d142ed54d6078a4f1ecd255b65912a,checkpoint_metadata_record,False
