relative_path,size_bytes,sha256,extension,top_level
.env.example,477,db53aae6b5aaebd49d999433ff40a6130ab20de84ce33688fda17d52917b4be9,.example,.env.example
.pytest_cache/.gitignore,37,3ed731b65d06150c138e2dadb0be0697550888a6b47eb8c45ecc9adba8b8e9bd,,.pytest_cache
.pytest_cache/CACHEDIR.TAG,191,37dc88ef9a0abeddbe81053a6dd8fdfb13afb613045ea1eb4a5c815a74a3bde4,.tag,.pytest_cache
.pytest_cache/README.md,302,73fd6fccdd802c419a6b2d983d6c3173b7da97558ac4b589edec2dfe443db9ad,.md,.pytest_cache
.pytest_cache/v/cache/nodeids,106,063097e6d3fbc651406033b6afc2a06579fe607a9f270fb575957f31805da328,,.pytest_cache
AUTONOMOUS_AGENT_PROMPT.md,3556,10aa63c2b149c0a2c4c428e466355761415cf578075860757fc17d2ea99d6d2d,.md,AUTONOMOUS_AGENT_PROMPT.md
AUTONOMOUS_EXECUTION_DOSSIER.md,4677,7b8382da96f2a390ba55f534d52382de33689167d2c9b19d932a3e0a4b7f7377,.md,AUTONOMOUS_EXECUTION_DOSSIER.md
CONTENT_INDEX.md,542,97451108639c56ceac4adebc3661bbba09f223a1c5426ac77dbcca97e5fc1c8f,.md,CONTENT_INDEX.md
DATA_ACCESS_IMPLEMENTATION.md,3310,6a07b4cc6d95a483ca44bfc5fee49d9fdd54aa7a947f726390ac889c5c5216a9,.md,DATA_ACCESS_IMPLEMENTATION.md
DATA_COMPLETION_RULES.md,2352,7c3071d9bdcbd85051474ee6b79c15fb7f1d1754d50b8c52b30eedb4201e7f34,.md,DATA_COMPLETION_RULES.md
EXECUTION_PROTOCOL.md,6918,3711000c3b71a6f4b6594854d7a0c01685a9ba6a8b56c3a633adf8ddb90ba4ca,.md,EXECUTION_PROTOCOL.md
FIGURE_DIMENSIONS.csv,640,6deeed61d697ca265adad2ba2a5d2a3386298619f86907c1f80366fff4011810,.csv,FIGURE_DIMENSIONS.csv
FIGURE_SPECIFICATION.md,4735,cbd6546f54d99af719c5e022815414b5d0171191d1148fac9aec852a37094cbb,.md,FIGURE_SPECIFICATION.md
HARD_GATES.md,1957,043191a2fb728f9163a24a22dac95a0a6f7317c7e4425e3b9d69748722d4efcc,.md,HARD_GATES.md
IMPLEMENTATION_MATRIX.md,3274,fb92646416cf57178ba3a65b6f7befd29d34df25bc61aed9982bafa72639b7da,.md,IMPLEMENTATION_MATRIX.md
INSTRUCTIONS_AGENT_AUTONOME_FR.md,1035,a4372793a0c6eea357b7018a827250a3f5b7714cc3ab83fdd443f2302c0f414d,.md,INSTRUCTIONS_AGENT_AUTONOME_FR.md
MODEL_ADAPTER_CONTRACT.md,2051,4fc5626898d60bf50539616cc7f4cf645d6d12eba24ca9decc548322fcd39b7f,.md,MODEL_ADAPTER_CONTRACT.md
Makefile,257,24f250d3f7ef30725e50950e2b1a21e1ebfaaf339a2b2e148e977c7141846a34,,Makefile
OUTPUT_RELEASE_CONTRACT.md,994,7755fe275062dfcdfbd828f2b8c74c79741e6293d1a4225e215e70ff38d4ccdf,.md,OUTPUT_RELEASE_CONTRACT.md
PROVENANCE_AND_USE_BOUNDARY.md,1602,5bb987ec1fc8a7145ee765f9a735132e655d9dbd9dfaa072dce9fb4a4d7c6be5,.md,PROVENANCE_AND_USE_BOUNDARY.md
README.md,1709,5797532e848f4cae5bb0dfe0b47ed1a969b583d968c58f4cde5d2ac125a2ba1b,.md,README.md
REFERENCE_DATA_GUIDE.md,1749,9780c2bd395cdfb305a38fce870bb120287eabd7dbf72aa405d2b19bcd9264e1,.md,REFERENCE_DATA_GUIDE.md
REFERENCE_TO_OBSERVED_MAPPING.csv,3818,157d05b5726a016807df63d0535e1581b1279745fe26b55ad2c34371fd0f99ce,.csv,REFERENCE_TO_OBSERVED_MAPPING.csv
REPOSITORY_STATUS.md,809,8c20be6a44ec5c1cb163bec98a5adce8ed9acef599f946603675f644517435e2,.md,REPOSITORY_STATUS.md
SCIENTIFIC_CONTRACT.md,2330,fc89b482652452ac759e6b78a50961912b94068218e5fa427aad84eaedc61c4e,.md,SCIENTIFIC_CONTRACT.md
SOURCE_REFERENCES.md,1667,573353efd0461bc8b33da9e0f2e8de2165b456e7e1252652aec69622429ab7d3,.md,SOURCE_REFERENCES.md
START_HERE.md,1540,78e400ecc1e8eb74f0b2a253fa9de86c35f98101090c899d67dc5e97450902f7,.md,START_HERE.md
config/cities.geojson,1347,b222b6eddcebd5e7a00050e55d42e5a15ae9f3983e87870d539759cb2ebcf2b6,.geojson,config
config/figure_contract.yaml,1426,e02430c04d70209cac71e71d71d19fb6821e5033ea1da177f4dc96ba8e023f24,.yaml,config
config/model_adapters.yaml,655,5f085383cb705753b4ea7a2ee7d698d438f559ab258bfc6b488b7e92d1e1575c,.yaml,config
config/project.yaml,2638,0e4bd2ef8bab41c9be3f9aa45102d2094689b5ad7cb3b2e527f037f6af7de122,.yaml,config
data/annotations/.gitkeep,0,e3b0c44298fc1c149afbf4c8996fb92427ae41e4649b934ca495991b7852b855,,data
data/interim/.gitkeep,0,e3b0c44298fc1c149afbf4c8996fb92427ae41e4649b934ca495991b7852b855,,data
data/predictions/.gitkeep,0,e3b0c44298fc1c149afbf4c8996fb92427ae41e4649b934ca495991b7852b855,,data
data/processed/.gitkeep,0,e3b0c44298fc1c149afbf4c8996fb92427ae41e4649b934ca495991b7852b855,,data
data/raw/.gitkeep,0,e3b0c44298fc1c149afbf4c8996fb92427ae41e4649b934ca495991b7852b855,,data
environment.yml,172,a1270434ca93ae03ce2b39f9f1f862f0e2f02b4a6a0a9546d4f73ab08c35fa09,.yml,environment.yml
layout_references/method_figures/Stage_II_layout_190x86mm_300dpi.png,356675,39979b4d92aeb3dfc90896fe8295bd4b9ba9b1f93ba8ce8a4d73b494e86556dd,.png,layout_references
layout_references/method_figures/Stage_II_layout_190x86mm_editable.svg,176528,118344535d8f0f0947b2943fafd4bd929af54111c5abe41bfab14bbd38b6d244,.svg,layout_references
layout_references/method_figures/Stage_II_layout_190x86mm_vector.pdf,44851,b324e00ea1e33a86a6e8467bc2c0fadb1d43960440b2ec187ec68b4117675301,.pdf,layout_references
outputs/figures/.gitkeep,0,e3b0c44298fc1c149afbf4c8996fb92427ae41e4649b934ca495991b7852b855,,outputs
outputs/logs/.gitkeep,0,e3b0c44298fc1c149afbf4c8996fb92427ae41e4649b934ca495991b7852b855,,outputs
outputs/logs/reference_preflight.json,1898,f20c2e9b12b557195085bb0992bcd667465826626fb90d92b9456a9ba544ade8,.json,outputs
outputs/release/.gitkeep,0,e3b0c44298fc1c149afbf4c8996fb92427ae41e4649b934ca495991b7852b855,,outputs
outputs/tables/.gitkeep,0,e3b0c44298fc1c149afbf4c8996fb92427ae41e4649b934ca495991b7852b855,,outputs
pyproject.toml,348,582876fde6121388045ddaac78fb830744ddabccf971d50d78f820272c6c3274,.toml,pyproject.toml
reference_complements/derived_scene_sidecars/SCN_dak_0058_derived.npz,128912,3f53d6ecb01ab63915fbf34747f4dde88e466a22efcc0fc439f90133d5223f6a,.npz,reference_complements
reference_complements/derived_scene_sidecars/SCN_dak_0059_derived.npz,133042,d165b992dc2e115851cc4175a756e83fd663e6cbd48bd6327d91c24fc7d0cf09,.npz,reference_complements
reference_complements/derived_scene_sidecars/SCN_dak_0060_derived.npz,128955,15b28c1940d83fe188454aff6f485fe228deadcca3c04b860797ee61f811a1b6,.npz,reference_complements
reference_complements/derived_scene_sidecars/SCN_dak_0061_derived.npz,131047,3af79334224f446c61df18a39a2d68d043da91a047f4d260425caf4ba5832655,.npz,reference_complements
reference_complements/derived_scene_sidecars/SCN_dak_0062_derived.npz,128230,3390605407285bebf4a1938969e72777ea4d76010dcc9d27bdb88a450452c7c4,.npz,reference_complements
reference_complements/derived_scene_sidecars/SCN_dak_0063_derived.npz,124281,9b75f85d1160e5865100fde6e66d7336841cf05bb3311509fb3e240174dd6075,.npz,reference_complements
reference_complements/derived_scene_sidecars/SCN_dak_0064_derived.npz,131833,0e3e646ed3449335a03a76e41091a4f2d7601fc0e539e288ee9ecf8d947293b7,.npz,reference_complements
reference_complements/derived_scene_sidecars/SCN_dak_0065_derived.npz,129482,897ff2ef83dea25f0f967cf8e3ebb922e78048fd3ba9ebfe1f80ac36eed76e13,.npz,reference_complements
reference_complements/derived_scene_sidecars/SCN_dak_0066_derived.npz,126132,3b39b34dc756e9013061a271d28a3e520b8e42a56683fb808b8005aa2ed72348,.npz,reference_complements
reference_complements/derived_scene_sidecars/SCN_dak_0067_derived.npz,131092,11cc642fe989fb96214e14a45c894c59b3334a4ff98e978bb0da538c4ba0fff9,.npz,reference_complements
reference_complements/derived_scene_sidecars/SCN_dak_0068_derived.npz,138648,266a8ab9d785ab86ac58ba199975d96d1db47eb751e7cdfc6b68140cdb72bbb9,.npz,reference_complements
reference_complements/derived_scene_sidecars/SCN_dak_0069_derived.npz,130117,12a1a9fa00aa7ac74561e5116f96203356a085bc305d787bd844fec72f500020,.npz,reference_complements
reference_complements/derived_scene_sidecars/SCN_dar_0058_derived.npz,126936,59278782961a4851eac67b09906930104473381ed83e0234dcd247c4ed545bed,.npz,reference_complements
reference_complements/derived_scene_sidecars/SCN_dar_0059_derived.npz,134269,41ae2bdc76672db65afa203eb29d6a3c74732ff1f24e505774474169f5ee14cb,.npz,reference_complements
reference_complements/derived_scene_sidecars/SCN_dar_0060_derived.npz,135879,b05b5f2cd4e7c3a7f698bc77782be92120d5b489aa5dc76bdf4296e83d05b701,.npz,reference_complements
reference_complements/derived_scene_sidecars/SCN_dar_0061_derived.npz,137891,54625893a62612acb4a4e4e1112cba8a54bd26c5d65093c6bd0e7fa978dff4c4,.npz,reference_complements
reference_complements/derived_scene_sidecars/SCN_dar_0062_derived.npz,136302,164c2b8964d91be9cf60448739e6da92d8637abd7056c1d14a7193b2eeea1f43,.npz,reference_complements
reference_complements/derived_scene_sidecars/SCN_dar_0063_derived.npz,136552,afc4aa360d3d4f999669a0068eb133c49693f198f8df14295e06b8d5c96ed6b2,.npz,reference_complements
reference_complements/derived_scene_sidecars/SCN_dar_0064_derived.npz,137661,f09c0fa8d31c107347e880bc184df07985bf09b1980948db15992f24f48b06af,.npz,reference_complements
reference_complements/derived_scene_sidecars/SCN_dar_0065_derived.npz,133837,30831ca714b40e45877c0a77df11a895fc6e720697dd5e9a4a348832fc1aaea5,.npz,reference_complements
reference_complements/derived_scene_sidecars/SCN_dar_0066_derived.npz,131327,fab81793371b598cc5d8353584d2020842b190788130ca0d80d5c6f65c4b4451,.npz,reference_complements
reference_complements/derived_scene_sidecars/SCN_dar_0067_derived.npz,132215,bac1242171e0a6efe73430227b61cc37e2f8798156a73242319aba0c8bcd8d5b,.npz,reference_complements
reference_complements/derived_scene_sidecars/SCN_dar_0068_derived.npz,136613,ee0f9327e0f727bdf4c1675f2dc7d1295d5cac67fb6be9c51bf2ce2c92a33dc4,.npz,reference_complements
reference_complements/derived_scene_sidecars/SCN_dar_0069_derived.npz,136174,4bd368a8e13c43b2827f874f90b0eead3317a62d8a31e12ebe6d941b835f823c,.npz,reference_complements
reference_complements/derived_scene_sidecars/SCN_dou_0058_derived.npz,136994,2503dcc8aa817f56073164a118824b8d48d775cffddb8d9e378b0cf1cae1f0c5,.npz,reference_complements
reference_complements/derived_scene_sidecars/SCN_dou_0059_derived.npz,133848,63731d59e3e13034f4f77e7910e46dbaa0fd64a2f7af58b8301b27555b90146d,.npz,reference_complements
reference_complements/derived_scene_sidecars/SCN_dou_0060_derived.npz,133549,fce2b02b2032425bcd29d27d2e45b65d2a2fbed161fe27741948f920c85d7924,.npz,reference_complements
reference_complements/derived_scene_sidecars/SCN_dou_0061_derived.npz,139840,b724c87bcc109f31930c36ee22e7913f6e6d7979a2a874a016143fcd2f4366d4,.npz,reference_complements
reference_complements/derived_scene_sidecars/SCN_dou_0062_derived.npz,140126,a8de1c26594fbf47ebf2d965fb2e46bba208ce3185da6870c33c565d43ff03ba,.npz,reference_complements
reference_complements/derived_scene_sidecars/SCN_dou_0063_derived.npz,120921,103779d3d681f2a80087d225d1efcd176e87f7f0c74494cb1b2fbba66c5023f8,.npz,reference_complements
reference_complements/derived_scene_sidecars/SCN_dou_0064_derived.npz,138568,8a4cd57c3585fbff3ea57f1bf4d77fa0ae7de16ecc9bb4a9b7be4a48e1561b7c,.npz,reference_complements
reference_complements/derived_scene_sidecars/SCN_dou_0065_derived.npz,137218,e9823a5f92904d83e79f0c57e9a39382c6684a1881aa9e8b30531b9adff56edd,.npz,reference_complements
reference_complements/derived_scene_sidecars/SCN_dou_0066_derived.npz,133572,5e75396bdf220f36778f66e3c7ed837096f4c4bea9eea45d93c541e0a5e33111,.npz,reference_complements
reference_complements/derived_scene_sidecars/SCN_dou_0067_derived.npz,139498,5a0927e0ced3ee53355239d6ab70b1455c997f4de9fc42007b044e633e491844,.npz,reference_complements
reference_complements/derived_scene_sidecars/SCN_dou_0068_derived.npz,130310,0b0e25072f63c3e3eb40cdc9a42144f2cf5953617e864dc4c460b595a008427e,.npz,reference_complements
reference_complements/derived_scene_sidecars/SCN_dou_0069_derived.npz,130935,fdae7e87d31dc51f76c2297eb5891a773dbae7fcc0d6cc4c6e9a9c55dc9a8b90,.npz,reference_complements
reference_complements/derived_scene_sidecars/SCN_gar_0058_derived.npz,126509,f18c973c62c3fd37e7e886f2bd5faa7f8e7a7606f3b810b8f54003c7a175867c,.npz,reference_complements
reference_complements/derived_scene_sidecars/SCN_gar_0059_derived.npz,137511,0a240de3c96a9b0f64a43690f7a55d32d8fc7abc50a2f54b29c6986b514db8a5,.npz,reference_complements
reference_complements/derived_scene_sidecars/SCN_gar_0060_derived.npz,136181,2e08428771c7ee0dc4ec9dfc9bc598a27a9d70a40cbeff2b592095e2e63af367,.npz,reference_complements
reference_complements/derived_scene_sidecars/SCN_gar_0061_derived.npz,133678,3f028f2ad44a569f191b9cfbeb6e827afafd80fc7b529101233401345fa807b9,.npz,reference_complements
reference_complements/derived_scene_sidecars/SCN_gar_0062_derived.npz,129005,89c1c01fc9c6d0809d1f193bf69879ca18977998b04310c4f4a5370c6ce907d3,.npz,reference_complements
reference_complements/derived_scene_sidecars/SCN_gar_0063_derived.npz,127922,396e58ba273863235672ffdc71e7d1c1ad9a4634aeb7da72a58f070855211425,.npz,reference_complements
reference_complements/derived_scene_sidecars/SCN_gar_0064_derived.npz,134450,8c9e9495dcf618b4c4ebd560d170c9da50d3fc2897f0ce1f867274f15d109f76,.npz,reference_complements
reference_complements/derived_scene_sidecars/SCN_gar_0065_derived.npz,134467,65f2b9dac19655f15d483aae929aa49690cd635e8c02a5a17060e14c8b1aaa10,.npz,reference_complements
reference_complements/derived_scene_sidecars/SCN_gar_0066_derived.npz,133349,8c1633122569d3b059ffeb9234badda8a4eefe708e542247feac873b38fda3c5,.npz,reference_complements
reference_complements/derived_scene_sidecars/SCN_gar_0067_derived.npz,133315,d17be1dae7acfbc853b82d05cd7a7975074dd631e2dd1eff60368e4f6ce1a297,.npz,reference_complements
reference_complements/derived_scene_sidecars/SCN_gar_0068_derived.npz,139641,e9b989a57600f7c9d386c65662e3f90c4acd092dbb4a7018d63a781d9e3c276c,.npz,reference_complements
reference_complements/derived_scene_sidecars/SCN_gar_0069_derived.npz,129222,b4c4e11218a1f026ff789e75f5588a12f712b16d6d623ad5909bf061fbc7d7ac,.npz,reference_complements
reference_complements/derived_scene_sidecars/SCN_kig_0058_derived.npz,131370,7aafd7dd615defa97f02d9eda79f4829213f897a74c574a34b28ea1f18e5b9cf,.npz,reference_complements
reference_complements/derived_scene_sidecars/SCN_kig_0059_derived.npz,136508,a4dc9d6d34e2e6739b71ba0e9286b5c295289ef90a9687266f5ef3332d841cca,.npz,reference_complements
reference_complements/derived_scene_sidecars/SCN_kig_0060_derived.npz,125434,8c157bab98a3c6c32c39b271c2a02a31759fb09f9fbfbe92c820b01beb0b5106,.npz,reference_complements
reference_complements/derived_scene_sidecars/SCN_kig_0061_derived.npz,130950,d49396ce7dede49d2895e8b32b5b916f45496d511a815f9fcf10450fb7634e8e,.npz,reference_complements
reference_complements/derived_scene_sidecars/SCN_kig_0062_derived.npz,137227,b2a2907d2faa25473a1265cf474bd9cace12864038c195dc604cd4f9d0f72523,.npz,reference_complements
reference_complements/derived_scene_sidecars/SCN_kig_0063_derived.npz,134635,4af895ae9a1c9ce8a43481cad06bd2bcbcdd79ed4072e572eeb921c649956929,.npz,reference_complements
reference_complements/derived_scene_sidecars/SCN_kig_0064_derived.npz,136014,6bdc757ae53f0366c569d18da27fb8676c4408abbdc2bec31ccb20e77636ce74,.npz,reference_complements
reference_complements/derived_scene_sidecars/SCN_kig_0065_derived.npz,134455,bb8628bd09a682f4d4489a702822fe5eacf46f9edeb4e92b501365bed01b583a,.npz,reference_complements
reference_complements/derived_scene_sidecars/SCN_kig_0066_derived.npz,134255,aa827aa6f60bfc56201d16a7c7b1605e68853b50ace5dd211eb1220bec409e3e,.npz,reference_complements
reference_complements/derived_scene_sidecars/SCN_kig_0067_derived.npz,137654,11555d21776a84012d80dc44098940a4820a23da655521e80543e04fc4b278db,.npz,reference_complements
reference_complements/derived_scene_sidecars/SCN_kig_0068_derived.npz,139709,ab29e4bf7a6a97bf017fdd4dfc7e00ec5f699194cefc1198731ac70cb60a8739,.npz,reference_complements
reference_complements/derived_scene_sidecars/SCN_kig_0069_derived.npz,136276,6830b8bfd1f6a141266db024d9dde18777c13c4a57538187c325e348afd0c1dc,.npz,reference_complements
reference_complements/derived_scene_sidecars/SCN_yao_0058_derived.npz,137649,bbee3252b4c0c7102d5cd4657f8246f79f41b95e9d45d30807fb80900c8e18b7,.npz,reference_complements
reference_complements/derived_scene_sidecars/SCN_yao_0059_derived.npz,134752,5167bc30f29fddfc6afef1de44d58aa1fc5e3ad71f2536dbce6fd4206144eaa8,.npz,reference_complements
reference_complements/derived_scene_sidecars/SCN_yao_0060_derived.npz,131444,8b3243a98d0a0d6909042a41aa2e6c96ff5c4b9425aa3718ef65a34408cfc43a,.npz,reference_complements
reference_complements/derived_scene_sidecars/SCN_yao_0061_derived.npz,134849,99b4808038684bb9618d46f62de60b441312228937991017f3a0d7ea10a16400,.npz,reference_complements
reference_complements/derived_scene_sidecars/SCN_yao_0062_derived.npz,140183,53151dbfbe9fb12a5afb2cc90db15a1b48e86d89ab23646feb8aaaf7db4b94fe,.npz,reference_complements
reference_complements/derived_scene_sidecars/SCN_yao_0063_derived.npz,128119,75da03d1b91c781fdf8a0c0e29db1827f74c442d0ed197156c556ac6d9fef584,.npz,reference_complements
reference_complements/derived_scene_sidecars/SCN_yao_0064_derived.npz,137610,b3f2d87c31f60d971e114c5497ce47eb67c69e1ed12b716af670aef07be2dae7,.npz,reference_complements
reference_complements/derived_scene_sidecars/SCN_yao_0065_derived.npz,139799,2d3baa2e615ebebd4675e8bf300ed485fc2b0575c45c7b9c446b9a3507cc7081,.npz,reference_complements
reference_complements/derived_scene_sidecars/SCN_yao_0066_derived.npz,131021,a803d5b28f22b3dbdcfdbd19487fbd0111ffb1cbc5da79dbb73ddb0c8d07ce14,.npz,reference_complements
reference_complements/derived_scene_sidecars/SCN_yao_0067_derived.npz,137376,b541db2113844d2a95f1fe973192e8efbe478cf156b23ee1a7cffa92c9c1ca8b,.npz,reference_complements
reference_complements/derived_scene_sidecars/SCN_yao_0068_derived.npz,136382,1cfe008de6796e40dfdea37a6733fe85b26ec3ccb6cfa3c74cba0338fba9544f,.npz,reference_complements
reference_complements/derived_scene_sidecars/SCN_yao_0069_derived.npz,136552,7cf24f856a89ba947cd0cbb409ce980beb684c9b985715836b7cd2ca5b938b5b,.npz,reference_complements
reference_complements/manifests/derived_scene_manifest.csv,19932,b50ac7fb27b5badcc7dd1276c1af5ba55813ae0a2bfb840eadf2db660778011b,.csv,reference_complements
reference_complements/manifests/derived_scene_summary.csv,7157,82625baefd470b4342d1c3dac7625e393145fe28fe8aa4c80236a1c63d7fcd0a,.csv,reference_complements
reference_complements/manifests/reference_completion_validation.json,1698,f47103d65dec857aefd6932815dc7cc507872124cd2f2e775c8aecc3245ca267,.json,reference_complements
reference_data/OA_MAE_ALL_REFERENCE_FIGURES.pdf,3719930,26998a8c9febb5bf5f88aa49553c43bdea5206d555270c07c44a50346ad0ae72,.pdf,reference_data
reference_data/experiment_benchmark/benchmark_parameters/benchmark_parameters.json,810,e469f34f7e1f28ab5741d173c9243ab05fcd18203f9a8c7185346c777e51c655,.json,reference_data
reference_data/experiment_benchmark/figures/OA_MAE_ALL_QUANTITATIVE_FIGURES.pdf,49022,4c0c4834561fcb99c517f1e953df61881646219f9d488935f787d19472b2ff82,.pdf,reference_data
reference_data/experiment_benchmark/figures/Q0_abstention_policy_tradeoff.pdf,16354,99b27ba927288c803e5fd5f6886d07acb7864391abba1f24735a3a2178df8eb7,.pdf,reference_data
reference_data/experiment_benchmark/figures/Q0_abstention_policy_tradeoff.png,165098,39f5affb947b1bc197299560acdf7795deb82d65875fbd6fc937e988cd37aada,.png,reference_data
reference_data/experiment_benchmark/figures/Q0_cloud_burden_gain.pdf,14931,3d3a2dbef71f8ef3fa05db85632c037d30b495edd51478c297423e2619081366,.pdf,reference_data
reference_data/experiment_benchmark/figures/Q0_cloud_burden_gain.png,94857,c1542ef93aae4798c1a6ef43df1dfbca7f59adb288dc80ddcc552fab72382595,.png,reference_data
reference_data/experiment_benchmark/figures/Q0_label_noise_robustness.pdf,18925,fab021151809d9033b3d18d53f4c2da7a60ec2e1dedaf2cc129dfaf6d02d7b58,.pdf,reference_data
reference_data/experiment_benchmark/figures/Q0_label_noise_robustness.png,221064,a1c38f19c98eb28340d600204fcf3ccdcc23a9eba6308f58e6ab02a449aa6268,.png,reference_data
reference_data/experiment_benchmark/figures/quantitative_figure_manifest.csv,822,9f43c36df49d798673d4b90367d98ab70114b5de6255e3e6555674ac05bc8f52,.csv,reference_data
reference_data/experiment_benchmark/logs/process.log,61,c101caaa61ddf9c524164a0e74d4713d4638b398e766d47375e9e748170d8088,.log,reference_data
reference_data/experiment_benchmark/oa_mae_revision/annotation/adjudication.csv,6835,243887eb4d14a2fb2b1abad222b7575f5fab035fa1dc9eff0d21f5bb63cdd9e7,.csv,reference_data
reference_data/experiment_benchmark/oa_mae_revision/annotation/annotation_parameters.json,617,ffd96a42e21d2f2c53cd5dc29088ef951e6d431f705fb5f3211d64a3db04bd64,.json,reference_data
reference_data/experiment_benchmark/oa_mae_revision/annotation/annotation_time.csv,28526,1d0f7b649ba2beece6753731be9593b85a0b6ecdaa00cebb05c95e7c8517c9e2,.csv,reference_data
reference_data/experiment_benchmark/oa_mae_revision/annotation/annotator_1.csv,22911,4b282ff3c59dac57ecd8d142d1d9c81b903038ac5d02c5ea3838a3090f72e492,.csv,reference_data
reference_data/experiment_benchmark/oa_mae_revision/annotation/annotator_2.csv,22989,272f5391b1d8d7167d913fe07f997db4c570014f1d41ce618682e060d053a199,.csv,reference_data
reference_data/experiment_benchmark/oa_mae_revision/annotation/audit_recomputed.csv,564,86ddef755c9b88eabff8874f4d88f4f3c3ac732d5f2843cad988e0c503603591,.csv,reference_data
reference_data/experiment_benchmark/oa_mae_revision/annotation/geoms/changes/CHG_clear_regular_0000.geojson,680,93fe4f0c60850d0d2c6f8862b822e1a1d444251e3f16abff771e0d329e01758c,.geojson,reference_data
reference_data/experiment_benchmark/oa_mae_revision/annotation/geoms/changes/CHG_clear_regular_0001.geojson,676,c41c939db48b64b9da8b47ad9d0828657aa2f1da29d739440c78bfb29fb5c372,.geojson,reference_data
reference_data/experiment_benchmark/oa_mae_revision/annotation/geoms/changes/CHG_clear_regular_0002.geojson,683,0b925391e14924acf63c48ab81fdfca3c0027ae0a987ed1f028b01da51d10075,.geojson,reference_data
reference_data/experiment_benchmark/oa_mae_revision/annotation/geoms/changes/CHG_clear_regular_0003.geojson,679,f80fd5458e49200fa7f72cc5e64b45ad000a4dd1bb39d0ecedbb39e431665596,.geojson,reference_data
reference_data/experiment_benchmark/oa_mae_revision/annotation/geoms/changes/CHG_clear_regular_0004.geojson,678,1ef2ba7da73e0e311acd527f1e1ddfe68e230270661ee525446ccad6132e1109,.geojson,reference_data
reference_data/experiment_benchmark/oa_mae_revision/annotation/geoms/changes/CHG_clear_regular_0005.geojson,681,ef8ab93f3d802e634f8da3ce28c00fe4541033ebae562afb56044ece66664191,.geojson,reference_data
reference_data/experiment_benchmark/oa_mae_revision/annotation/geoms/changes/CHG_clear_regular_0006.geojson,681,17543e6bd29f200d3d271b3bc1a577e9fb8aaeeaad9bd89be5af8c1db637c4a3,.geojson,reference_data
reference_data/experiment_benchmark/oa_mae_revision/annotation/geoms/changes/CHG_clear_regular_0007.geojson,678,1353e3f4d8defda988d41ae8d0ace29bd522879e231b08a4a25796a4e0a179fe,.geojson,reference_data
reference_data/experiment_benchmark/oa_mae_revision/annotation/geoms/changes/CHG_clear_regular_0008.geojson,681,8202958d2edbe5accd17a6eeafdacfd51d90e2051aa48a81de4e11c9d0203e52,.geojson,reference_data
reference_data/experiment_benchmark/oa_mae_revision/annotation/geoms/changes/CHG_clear_regular_0009.geojson,678,798e6a14ce36216d87f51d8168cbe37fa45ef02e7b6626966f255e116c178589,.geojson,reference_data
reference_data/experiment_benchmark/oa_mae_revision/annotation/geoms/changes/CHG_clear_regular_0010.geojson,675,32178ccc6a9c9365fe3d5103d00639df3d4408f0bbfa999ac9635a00a49c315e,.geojson,reference_data
reference_data/experiment_benchmark/oa_mae_revision/annotation/geoms/changes/CHG_clear_regular_0011.geojson,685,6b33e2fd292dd23629ae42c12c158344af7b2733351dfef82f641e6efcb19b41,.geojson,reference_data
reference_data/experiment_benchmark/oa_mae_revision/annotation/geoms/changes/CHG_clear_regular_0012.geojson,683,7e003146cac80e3861d83d4a233c44891f8886777218bedfe589e575c6ed6fdf,.geojson,reference_data
reference_data/experiment_benchmark/oa_mae_revision/annotation/geoms/changes/CHG_clear_regular_0013.geojson,683,efc2100ace7a7f8a8522e6a1e21c0069888940b0338b34b06fe3b8fc3105d613,.geojson,reference_data
reference_data/experiment_benchmark/oa_mae_revision/annotation/geoms/changes/CHG_clear_regular_0014.geojson,675,1da664608867fc7d5b7d323ddaafc2bd524125d0496ba0242106ca713d9123e0,.geojson,reference_data
reference_data/experiment_benchmark/oa_mae_revision/annotation/geoms/changes/CHG_clear_regular_0015.geojson,678,addb1a8b26d9573b3613cb8d64bdcc1f31646c8a01ced176fbfe1170b970ea35,.geojson,reference_data
reference_data/experiment_benchmark/oa_mae_revision/annotation/geoms/changes/CHG_clear_regular_0016.geojson,669,ae27a6f722af49c0b29284be66725b8a38d065057ae8152fcf95e9add11f75be,.geojson,reference_data
reference_data/experiment_benchmark/oa_mae_revision/annotation/geoms/changes/CHG_clear_regular_0017.geojson,677,2aff9fd9dfd97918e2d7b45ae632160ce58a960742a7806044b7913fce1b2f07,.geojson,reference_data
reference_data/experiment_benchmark/oa_mae_revision/annotation/geoms/changes/CHG_clear_regular_0018.geojson,683,abc8ace8861f5ea84073709a8c1140ace14be1051bffebd72eef3c2410673299,.geojson,reference_data
reference_data/experiment_benchmark/oa_mae_revision/annotation/geoms/changes/CHG_clear_regular_0019.geojson,675,e7a76ce0b920a1a73bfe5d343f16621cac2b7a3d3e07e17e322c769275a22f5e,.geojson,reference_data
reference_data/experiment_benchmark/oa_mae_revision/annotation/geoms/changes/CHG_clear_regular_0020.geojson,678,a29eb24e0ddfa53a726026a014d80e6fe2df22bc7a708933176e91fa04580cec,.geojson,reference_data
reference_data/experiment_benchmark/oa_mae_revision/annotation/geoms/changes/CHG_clear_regular_0021.geojson,683,4b589b3c16de326fece5371d80e62db4b5a092875d493a683509607842b1c3ff,.geojson,reference_data
reference_data/experiment_benchmark/oa_mae_revision/annotation/geoms/changes/CHG_clear_regular_0022.geojson,678,8ae6b26cc8928067f154a81ffdd1a7fd618d436b8f7fab28522f8541943cdf82,.geojson,reference_data
reference_data/experiment_benchmark/oa_mae_revision/annotation/geoms/changes/CHG_clear_regular_0023.geojson,681,a320d1bb1b657e81c7bcb797bad3c870e9d6605c25f679b3ab87cbff528c0893,.geojson,reference_data
reference_data/experiment_benchmark/oa_mae_revision/annotation/geoms/changes/CHG_clear_regular_0024.geojson,678,fcb77a4ed8aae3c8621d6440aba3ea11ced206e821d637af28af7c1e343b6fdc,.geojson,reference_data
reference_data/experiment_benchmark/oa_mae_revision/annotation/geoms/changes/CHG_clear_regular_0025.geojson,678,19ead7fd92e59288844e6b001a44bb459a430edb1a52409fa8189fd7a5ac728c,.geojson,reference_data
reference_data/experiment_benchmark/oa_mae_revision/annotation/geoms/changes/CHG_clear_regular_0026.geojson,683,2c8f61ded14a72ee606c0b156ac5c0a08aef7507bfa455e8221dc93d820312f3,.geojson,reference_data
reference_data/experiment_benchmark/oa_mae_revision/annotation/geoms/changes/CHG_clear_regular_0027.geojson,682,364d10b56bf79d01d0a17a033759028565d7718d49301e6a8402bcd88c9c60e7,.geojson,reference_data
reference_data/experiment_benchmark/oa_mae_revision/annotation/geoms/changes/CHG_clear_regular_0028.geojson,681,36138dfcc63db1eff3872f6188059f72b16487a81847a901e2e133b51a7cc976,.geojson,reference_data
reference_data/experiment_benchmark/oa_mae_revision/annotation/geoms/changes/CHG_clear_regular_0029.geojson,681,2c089e22954fecb8f80d3cee103b715bf543963b981afc6d96ec051abea2b5ac,.geojson,reference_data
reference_data/experiment_benchmark/oa_mae_revision/annotation/geoms/changes/CHG_clear_regular_0030.geojson,681,268026d5724a95ffc68bc0d557526f37a6e8f4ddfd7e13a1d12261700c7d4dec,.geojson,reference_data
reference_data/experiment_benchmark/oa_mae_revision/annotation/geoms/changes/CHG_clear_regular_0031.geojson,678,c3dce0479bfd28287a8fa4cfe995f1a9a4ba56af36b6af21f519ce112a8aabb0,.geojson,reference_data
reference_data/experiment_benchmark/oa_mae_revision/annotation/geoms/changes/CHG_clear_regular_0032.geojson,678,7458ad0890ba9914f4c1c4fe671a1bea0312467d9ccd46d8416bff8c2a554839,.geojson,reference_data
reference_data/experiment_benchmark/oa_mae_revision/annotation/geoms/changes/CHG_clear_regular_0033.geojson,681,b82656d776a8a322c8789435b82a62b385b75d705e16c177e56cb0b19fc82f70,.geojson,reference_data
reference_data/experiment_benchmark/oa_mae_revision/annotation/geoms/changes/CHG_clear_regular_0034.geojson,685,6bb6462450eaea9fd2703447640359848c379917f30ed582f9c52561fade848c,.geojson,reference_data
reference_data/experiment_benchmark/oa_mae_revision/annotation/geoms/changes/CHG_clear_regular_0035.geojson,688,974e9208d377e8ad33f5504fffb19761d9284b51eba24e9686fc0a128bc2f83b,.geojson,reference_data
reference_data/experiment_benchmark/oa_mae_revision/annotation/geoms/changes/CHG_clear_regular_0036.geojson,685,238afb7c2539af22e4d3894b27014659d4a423d67e6272fbb20f747ab7033976,.geojson,reference_data
reference_data/experiment_benchmark/oa_mae_revision/annotation/geoms/changes/CHG_clear_regular_0037.geojson,688,c4a0cd91f6db96c9a007377f84a1eb069d03cf69f718b09bb72375e32778d15c,.geojson,reference_data
reference_data/experiment_benchmark/oa_mae_revision/annotation/geoms/changes/CHG_clear_regular_0038.geojson,683,4609c97f34219ee54383b0d2326717fb6e9ab3517a1e232c7bb69874fb76e53a,.geojson,reference_data
reference_data/experiment_benchmark/oa_mae_revision/annotation/geoms/changes/CHG_clear_regular_0039.geojson,683,c00a271787e4ac17a30e31a9feea3370fadf0169e6d56a88e2ada493db8270d6,.geojson,reference_data
reference_data/experiment_benchmark/oa_mae_revision/annotation/geoms/changes/CHG_clear_regular_0040.geojson,688,58bd40e174d6560f3e46e6d92acbf6ec76972eb825488cb628d58dd5beea721a,.geojson,reference_data
reference_data/experiment_benchmark/oa_mae_revision/annotation/geoms/changes/CHG_clear_regular_0041.geojson,672,6a494385debb51ce979dbda40c1540977ad6e5a5066cb7bfb04314b94b4681bf,.geojson,reference_data
reference_data/experiment_benchmark/oa_mae_revision/annotation/geoms/changes/CHG_clear_regular_0042.geojson,683,eb8b9e8e81ab9f54a8928329aa86d828b79cb24b799e66f86a72371bd24788c5,.geojson,reference_data
reference_data/experiment_benchmark/oa_mae_revision/annotation/geoms/changes/CHG_clear_regular_0043.geojson,681,6783ee1b7c6c87db1ff1b37342b4ddcb986c43373f8d57e65babbf8ed874f5ea,.geojson,reference_data
reference_data/experiment_benchmark/oa_mae_revision/annotation/geoms/changes/CHG_clear_regular_0044.geojson,676,0025d1a3147c75cef30094158426965ebf682f6d66bc1b2ac9cfaf8cc933dbfe,.geojson,reference_data
reference_data/experiment_benchmark/oa_mae_revision/annotation/geoms/changes/CHG_clear_regular_0045.geojson,678,0d9a3598875fc724a819a49ff25f30f925387e1a2389bc4ec137e719f07c85f6,.geojson,reference_data
reference_data/experiment_benchmark/oa_mae_revision/annotation/geoms/changes/CHG_clear_regular_0046.geojson,688,7288bbe091a627fb2b50e0f2362f5c6330acb626a3f8081c0f7719043d3aa4e5,.geojson,reference_data
reference_data/experiment_benchmark/oa_mae_revision/annotation/geoms/changes/CHG_clear_regular_0047.geojson,683,4f0af8a08f3b386fc8a7894e6c635669cf9de12bd6faaaf2f81399759bbc507b,.geojson,reference_data
reference_data/experiment_benchmark/oa_mae_revision/annotation/geoms/changes/CHG_clear_regular_0048.geojson,678,a25c37da573293427cbd1558b381faf58d50b23dded35c09d63eba64d39ede59,.geojson,reference_data
reference_data/experiment_benchmark/oa_mae_revision/annotation/geoms/changes/CHG_clear_regular_0049.geojson,680,92f40134f252c6bcd0df4a1cf85eb956490da00fa711baf3e75bbce63665c848,.geojson,reference_data
reference_data/experiment_benchmark/oa_mae_revision/annotation/geoms/changes/CHG_clear_regular_0050.geojson,682,b20b5bec53e9a0d44bd51e42a521c5be91031c7021a224f0864a1f47f70c2b42,.geojson,reference_data
reference_data/experiment_benchmark/oa_mae_revision/annotation/geoms/changes/CHG_clear_regular_0051.geojson,678,4ae477f82175010513417f0ac654b86bc909f8d2c5fe2dec5375d90edf165884,.geojson,reference_data
reference_data/experiment_benchmark/oa_mae_revision/annotation/geoms/changes/CHG_clear_regular_0052.geojson,681,61187aaec426936b2c19ae091def6d88346639607db813816c987be266e76d13,.geojson,reference_data
reference_data/experiment_benchmark/oa_mae_revision/annotation/geoms/changes/CHG_clear_regular_0053.geojson,685,62c8b0434ba84dd5c0534d5ef2d4c4c25c78a6aab595af6928b63eb3447d2da3,.geojson,reference_data
reference_data/experiment_benchmark/oa_mae_revision/annotation/geoms/changes/CHG_clear_regular_0054.geojson,676,64133a540c6a2fcf0349f22c71fdc26d1a831435103f5367c76f8402e7e004d2,.geojson,reference_data
reference_data/experiment_benchmark/oa_mae_revision/annotation/geoms/changes/CHG_clear_regular_0055.geojson,675,d2be6e9fcc8fae584f416eb8e8f7f87b13929b05338f27941efc8b13518529ad,.geojson,reference_data
reference_data/experiment_benchmark/oa_mae_revision/annotation/geoms/changes/CHG_clear_regular_0056.geojson,683,bc1cd9918c12820b9bc5593e0f4be723ca09d437bddf7fc02b14f41e57413f15,.geojson,reference_data
reference_data/experiment_benchmark/oa_mae_revision/annotation/geoms/changes/CHG_clear_regular_0057.geojson,678,26f8946115d77b974080c63f568f57dffa4deb6046a509f3fb2e34686d8aaa09,.geojson,reference_data
reference_data/experiment_benchmark/oa_mae_revision/annotation/geoms/changes/CHG_clear_regular_0058.geojson,683,0d70e173dad98e5ee52048e0b3ac97d5d67c5f2a231ea3a53ec85d2209eec23d,.geojson,reference_data
reference_data/experiment_benchmark/oa_mae_revision/annotation/geoms/changes/CHG_clear_regular_0059.geojson,675,f37072ec098feb6bdc6750d5137f0e412aa67017baf4007a1a8dfba5c5b54e7a,.geojson,reference_data
reference_data/experiment_benchmark/oa_mae_revision/annotation/geoms/changes/CHG_clear_regular_0060.geojson,683,60ac364102974e728bce2973d34f532c02552e1ad7cdef4fab31651df7f398c5,.geojson,reference_data
reference_data/experiment_benchmark/oa_mae_revision/annotation/geoms/changes/CHG_clear_regular_0061.geojson,685,302ddbcd6894947035a66581779c8a3c95d9975b144bc19721cf85e6df4abb25,.geojson,reference_data
reference_data/experiment_benchmark/oa_mae_revision/annotation/geoms/changes/CHG_clear_regular_0062.geojson,681,878cfd3e6f42dcc3f737f9728558951cae68121261b49ae4db3ede400e4c3f13,.geojson,reference_data
reference_data/experiment_benchmark/oa_mae_revision/annotation/geoms/changes/CHG_clear_regular_0063.geojson,683,bb279301d2d370d2ff5d087585719c0ad98e9d94939199366af63666cd2100fd,.geojson,reference_data
reference_data/experiment_benchmark/oa_mae_revision/annotation/geoms/changes/CHG_clear_regular_0064.geojson,680,5efeb034511af3b78ea4605e2461fa84775e8540f9e45282ca6007126055601c,.geojson,reference_data
reference_data/experiment_benchmark/oa_mae_revision/annotation/geoms/changes/CHG_clear_regular_0065.geojson,683,411a23bef2fc3913d1de4f9419559a7d5351035c957ecc5f2a240f6646666957,.geojson,reference_data
reference_data/experiment_benchmark/oa_mae_revision/annotation/geoms/changes/CHG_clear_regular_0066.geojson,676,698e7bd61e027fa8602e56c7953023c43b9be90c3869cb4a3fbbad8f6145166b,.geojson,reference_data
reference_data/experiment_benchmark/oa_mae_revision/annotation/geoms/changes/CHG_clear_regular_0067.geojson,680,03e644c24c83b6f4308b54e2cfba8a88a3a09adf102aeba3bc437f0b2a6f8f04,.geojson,reference_data
reference_data/experiment_benchmark/oa_mae_revision/annotation/geoms/changes/CHG_clear_regular_0068.geojson,678,35c0cbb710169488daf61c2cebef86b991885151b15e264a26da7e8a07521c0e,.geojson,reference_data
reference_data/experiment_benchmark/oa_mae_revision/annotation/geoms/changes/CHG_clear_regular_0069.geojson,683,424357c8b19d7ce5acd3ade473cf3aae1fc00f189dff00d5ba05eb5554811081,.geojson,reference_data
reference_data/experiment_benchmark/oa_mae_revision/annotation/geoms/changes/CHG_clear_regular_0070.geojson,683,693678d28f47042cd22219f3fa646739c53e40950598c352dfff1b28fb0f1783,.geojson,reference_data
reference_data/experiment_benchmark/oa_mae_revision/annotation/geoms/changes/CHG_clear_regular_0071.geojson,681,aadf18742db0054003479d1cbb2b3f5e3efb44facbf6bc1d64efabd1ae6e47bb,.geojson,reference_data
reference_data/experiment_benchmark/oa_mae_revision/annotation/geoms/changes/CHG_clear_regular_0072.geojson,679,259089c422b0482ea95980c1c1c36d0a18e9fb93a526ecc8799fc1f25726f1bd,.geojson,reference_data
reference_data/experiment_benchmark/oa_mae_revision/annotation/geoms/changes/CHG_clear_regular_0073.geojson,683,9e9fd297ac35ec1845354ad97ee40e11b7dff2627b801ab01c1d5aa86f29a379,.geojson,reference_data
reference_data/experiment_benchmark/oa_mae_revision/annotation/geoms/changes/CHG_clear_regular_0074.geojson,683,6cf3882b3a4895aa81d8ec735d8cb0039afe26d8f1f78ae6ca95dd744e786284,.geojson,reference_data
reference_data/experiment_benchmark/oa_mae_revision/annotation/geoms/changes/CHG_clear_regular_0075.geojson,689,498a6af9d6975f56cb93c728fedc668ce679ee7db96ebfc1fbd6ce9f132496ee,.geojson,reference_data
reference_data/experiment_benchmark/oa_mae_revision/annotation/geoms/changes/CHG_clear_regular_0076.geojson,678,30e66ae2e8393dfabd1bd4489806da102ff9cce12a5312274887fa9ceed96350,.geojson,reference_data
reference_data/experiment_benchmark/oa_mae_revision/annotation/geoms/changes/CHG_clear_regular_0077.geojson,681,ee3285e4d245926c0abfee589f8aecd5b1992f782764d6b6b3881ed71fce3676,.geojson,reference_data
reference_data/experiment_benchmark/oa_mae_revision/annotation/geoms/changes/CHG_clear_regular_0078.geojson,683,85a61bb4cc5cf43af5120ae3be6953be272037648659b54393a609b1d68366ef,.geojson,reference_data
reference_data/experiment_benchmark/oa_mae_revision/annotation/geoms/changes/CHG_clear_regular_0079.geojson,680,8b7ccd289e27a7acb8b5b1ab7f275b59ccfc930437cdf739511277b0277e2986,.geojson,reference_data
reference_data/experiment_benchmark/oa_mae_revision/annotation/geoms/changes/CHG_clear_regular_0080.geojson,683,e66be7e2c84c30de0f97bd3568b65483cf063a733f9ac1e74335b64c5154a3dc,.geojson,reference_data
reference_data/experiment_benchmark/oa_mae_revision/annotation/geoms/changes/CHG_clear_regular_0081.geojson,680,e96be87913b749c5069eed57b93803a1f2c5842e77ecbba182e446328ba988df,.geojson,reference_data
reference_data/experiment_benchmark/oa_mae_revision/annotation/geoms/changes/CHG_clear_regular_0082.geojson,681,260436d0027e95a03e9cd882ef67d640fe27cb7ccf82c8ebe9616a978601fbc3,.geojson,reference_data
reference_data/experiment_benchmark/oa_mae_revision/annotation/geoms/changes/CHG_clear_regular_0083.geojson,678,6d2330fa73d6aa016b4ca88cfb335e39ebaaed5f72ba30d93241b8de950b39da,.geojson,reference_data
reference_data/experiment_benchmark/oa_mae_revision/annotation/geoms/changes/CHG_clear_regular_0084.geojson,688,aa023cec0fed1bafd6aead3fca3e7167b7fdd3f6b8dc5ef1ca36bbb7592b7695,.geojson,reference_data
reference_data/experiment_benchmark/oa_mae_revision/annotation/geoms/changes/CHG_clear_regular_0085.geojson,672,0711d1c280d27f904665638a6254a930b3a70dfc08d321a8b7e97b8bc476b58e,.geojson,reference_data
reference_data/experiment_benchmark/oa_mae_revision/annotation/geoms/changes/CHG_clear_regular_0086.geojson,685,d6a2206860e497f18426bb102f7aee71841306e95db335146712171b12a47568,.geojson,reference_data
reference_data/experiment_benchmark/oa_mae_revision/annotation/geoms/changes/CHG_clear_regular_0087.geojson,678,dbec59b5407aa1e07e589aec40e743011bdddc0a045bbb1372fc97708209ff4b,.geojson,reference_data
reference_data/experiment_benchmark/oa_mae_revision/annotation/geoms/changes/CHG_clear_regular_0088.geojson,674,3fdc8af9b64f35c84eee034a685c3324efdeda7cc1fee795d70ae59ac7713f13,.geojson,reference_data
reference_data/experiment_benchmark/oa_mae_revision/annotation/geoms/changes/CHG_clear_regular_0089.geojson,680,7d744dfb0520643d4f98f005ab008a6bb001dad5b5c120a23b67be2ee09768d4,.geojson,reference_data
reference_data/experiment_benchmark/oa_mae_revision/annotation/geoms/changes/CHG_clear_regular_0090.geojson,683,23a338648c4228609d53d01d3f309ee04c9f60c43bf410c21fb46f0bd69de4e4,.geojson,reference_data
reference_data/experiment_benchmark/oa_mae_revision/annotation/geoms/changes/CHG_clear_regular_0091.geojson,683,ce95b482087e58bf466aa51c3fab9af177c530316cd042fc9375f4066d7e2b6f,.geojson,reference_data
reference_data/experiment_benchmark/oa_mae_revision/annotation/geoms/changes/CHG_clear_regular_0092.geojson,688,ec2166709f686dc1b937ba0bcee7c3c8edf5db27164c6d6b669d1bcd2a25d370,.geojson,reference_data
reference_data/experiment_benchmark/oa_mae_revision/annotation/geoms/changes/CHG_clear_regular_0093.geojson,683,759131706d614a1f66a43f6437344a2943189f5a385284a76e716cdc7ce2e4d5,.geojson,reference_data
reference_data/experiment_benchmark/oa_mae_revision/annotation/geoms/changes/CHG_clear_regular_0094.geojson,683,21d5c55dc4f9d68c559682a6e2f8807d142d01fe87152573ee5ff7cb80936d88,.geojson,reference_data
reference_data/experiment_benchmark/oa_mae_revision/annotation/geoms/changes/CHG_clear_regular_0095.geojson,681,30fcddbe06d33d562602873e70c250c298f597c487d991b655dacc591b696254,.geojson,reference_data
reference_data/experiment_benchmark/oa_mae_revision/annotation/geoms/changes/CHG_clear_regular_0096.geojson,676,8b8c7490278542c261c3fbee056b550cf09e19eb2234bfec9a5f4f7810e085b9,.geojson,reference_data
reference_data/experiment_benchmark/oa_mae_revision/annotation/geoms/changes/CHG_clear_regular_0097.geojson,678,0e7ef57bbb9c2e00af5a9cd80c2a6510492f388b2a966278f93ccf53837258c5,.geojson,reference_data
reference_data/experiment_benchmark/oa_mae_revision/annotation/geoms/changes/CHG_clear_regular_0098.geojson,676,5e9de8a952e8848f772340485840dac5cf854207343f4579b3927b6eeaa23527,.geojson,reference_data
reference_data/experiment_benchmark/oa_mae_revision/annotation/geoms/changes/CHG_clear_regular_0099.geojson,678,f00d6e216fc768efa7e5ea721acf75c0058bd1afee0145f751e8663deeb6dbab,.geojson,reference_data
reference_data/experiment_benchmark/oa_mae_revision/annotation/geoms/changes/CHG_clear_regular_0100.geojson,678,e28fda4ff2434b174a445f0180aecd0c7030df155f458bdab906a2665c0504c3,.geojson,reference_data
reference_data/experiment_benchmark/oa_mae_revision/annotation/geoms/changes/CHG_clear_regular_0101.geojson,676,9da6bbf85c7c5877257698faa7f7d5a8e294c0438135d7662cab444a11486853,.geojson,reference_data
reference_data/experiment_benchmark/oa_mae_revision/annotation/geoms/changes/CHG_clear_regular_0102.geojson,688,067539e5a35231f020af01c4edf50ba2037d47dc16b9e26c6c5887876451387c,.geojson,reference_data
reference_data/experiment_benchmark/oa_mae_revision/annotation/geoms/changes/CHG_clear_regular_0103.geojson,677,bbce8467de263c03f36433a5d7809f8b1cd8cb21ac5134ca48edaad666c7cc05,.geojson,reference_data
reference_data/experiment_benchmark/oa_mae_revision/annotation/geoms/changes/CHG_clear_regular_0104.geojson,685,7bf55ce177bac58be35d1c1da1edb3cab8718b7c20a422cdd09f1601c0f18824,.geojson,reference_data
reference_data/experiment_benchmark/oa_mae_revision/annotation/geoms/changes/CHG_clear_regular_0105.geojson,678,43f112bb42c369fd4e3fa82d52e71c0f32a84005e0915ce250ee58c69d5836e1,.geojson,reference_data
reference_data/experiment_benchmark/oa_mae_revision/annotation/geoms/changes/CHG_clear_regular_0106.geojson,681,438234b17f766f8e8ebc269cb9d895d620d5d2e8df46dda6b22ec93b84cf60fd,.geojson,reference_data
reference_data/experiment_benchmark/oa_mae_revision/annotation/geoms/changes/CHG_clear_regular_0107.geojson,679,dc960f6c3009ed5343141810f0e885c466a4fea9b4e0ee26511a7d40904d4786,.geojson,reference_data
reference_data/experiment_benchmark/oa_mae_revision/annotation/geoms/changes/CHG_clear_regular_0108.geojson,678,d8e4d3015798f8fb0a04a2534302a351c9dbc190a2553233b33c1ed1d2513e6d,.geojson,reference_data
reference_data/experiment_benchmark/oa_mae_revision/annotation/geoms/changes/CHG_clear_regular_0109.geojson,680,874ce9c1193912573fe72039f7a3a5f6730df49890112a3a6776c8f177f5a49c,.geojson,reference_data
reference_data/experiment_benchmark/oa_mae_revision/annotation/geoms/changes/CHG_clear_regular_0110.geojson,685,4c0aeb3d35feef4df7b1422068a07cbb9078dc6fa5c13a9734c6c4a588b34455,.geojson,reference_data
reference_data/experiment_benchmark/oa_mae_revision/annotation/geoms/changes/CHG_clear_regular_0111.geojson,680,6d8e58146b0e678c7ddeb40686c0dade6b09fbd193115d398383e97e4c1d4e92,.geojson,reference_data
reference_data/experiment_benchmark/oa_mae_revision/annotation/geoms/changes/CHG_clear_regular_0112.geojson,678,9e57f87e8b85f332a4c3ba94b8e510286b278275f805325bb654a4c73a858faf,.geojson,reference_data
reference_data/experiment_benchmark/oa_mae_revision/annotation/geoms/changes/CHG_clear_regular_0113.geojson,675,01c2bcff72919622a45fb62a6fbba032a861eb97bc582b2257aaa2b993857863,.geojson,reference_data
reference_data/experiment_benchmark/oa_mae_revision/annotation/geoms/changes/CHG_clear_regular_0114.geojson,680,f3145d7d5cef385c02dd1b902cc628110bcb583d8b8f55ca05ec1d1de0d9d9f1,.geojson,reference_data
reference_data/experiment_benchmark/oa_mae_revision/annotation/geoms/changes/CHG_clear_regular_0115.geojson,683,11ddceed90c9bbab7e7fa3317941e92e02178e9019cb716b853a4855c6c4822c,.geojson,reference_data
reference_data/experiment_benchmark/oa_mae_revision/annotation/geoms/changes/CHG_clear_regular_0116.geojson,681,3d754ca5a75a17f80eaec48b3e0425e8a0a4aab9d3c20a696ef7edfd970edd40,.geojson,reference_data
reference_data/experiment_benchmark/oa_mae_revision/annotation/geoms/changes/CHG_clear_regular_0117.geojson,680,c04e36a90d2dad899bb91c974b800459cf43428daaa5ce32d08f248602a285e3,.geojson,reference_data
reference_data/experiment_benchmark/oa_mae_revision/annotation/geoms/changes/CHG_clear_regular_0118.geojson,676,45ac1b3cb46559363fef85721e6867f1dec5e399536c420ea5819e1e5eb1bc9d,.geojson,reference_data
reference_data/experiment_benchmark/oa_mae_revision/annotation/geoms/changes/CHG_clear_regular_0119.geojson,679,3ac69b4a1ce7d75224ee58409d811cefc634183117a3d21565fa1d52b73d4550,.geojson,reference_data
reference_data/experiment_benchmark/oa_mae_revision/annotation/geoms/changes/CHG_clear_regular_0120.geojson,678,671a1319a260aa893fb6ed1dd725a72a97d769c97a0784057ec3d8080da82028,.geojson,reference_data
reference_data/experiment_benchmark/oa_mae_revision/annotation/geoms/changes/CHG_clear_regular_0121.geojson,683,24c219e2dff86568019b6cec8ac5583e8a55d7defc418abbbf3c90d84905bae2,.geojson,reference_data
reference_data/experiment_benchmark/oa_mae_revision/annotation/geoms/changes/CHG_clear_regular_0122.geojson,681,419af0a470ea5e752fd49674754699c44e138e68cd865bc7f1ef25c748f6f9f8,.geojson,reference_data
reference_data/experiment_benchmark/oa_mae_revision/annotation/geoms/changes/CHG_clear_regular_0123.geojson,673,8aea35698e4688dd819f6f88d87f19a5cf803352cd74950034cba25c7143599d,.geojson,reference_data
reference_data/experiment_benchmark/oa_mae_revision/annotation/geoms/changes/CHG_clear_regular_0124.geojson,678,afa3ed304384ee54580b291c244349f7facaf6f2708354d89a4d58752f8818ba,.geojson,reference_data
reference_data/experiment_benchmark/oa_mae_revision/annotation/geoms/changes/CHG_clear_regular_0125.geojson,685,dc3f75e458078a94876e94e735eb8d47b539a74977095cbd9f5da95df2061836,.geojson,reference_data
reference_data/experiment_benchmark/oa_mae_revision/annotation/geoms/changes/CHG_clear_regular_0126.geojson,681,043c77a8efe0704587995aa4f7998d8b039163b8fa99a2048426a01dfd1daf50,.geojson,reference_data
reference_data/experiment_benchmark/oa_mae_revision/annotation/geoms/changes/CHG_clear_regular_0127.geojson,680,dea8f953a7e07dfdc503c93fd6ad9a41c2459430c2ce85f4726ae1cad550c4a3,.geojson,reference_data
reference_data/experiment_benchmark/oa_mae_revision/annotation/geoms/changes/CHG_clear_regular_0128.geojson,683,e03eedf8864801277fbf658abe7141a5d214791d79419ed92fcf6fb73edfec15,.geojson,reference_data
reference_data/experiment_benchmark/oa_mae_revision/annotation/geoms/changes/CHG_clear_regular_0129.geojson,678,70cb4f561962a836dee4bfa1ea9aace1bf5265f1620d25c3bce16f3d8d20ebf0,.geojson,reference_data
reference_data/experiment_benchmark/oa_mae_revision/annotation/geoms/changes/CHG_clear_regular_0130.geojson,678,9b64cc7736e57cd4b31b5f308b50f6f9804b45ec13a24f41412d434ad344a75e,.geojson,reference_data
reference_data/experiment_benchmark/oa_mae_revision/annotation/geoms/changes/CHG_clear_regular_0131.geojson,683,60bb4c78078cfc2004c6781b050e7232d65f0ac3086df9e85ebfd80ed6383652,.geojson,reference_data
reference_data/experiment_benchmark/oa_mae_revision/annotation/geoms/changes/CHG_clear_regular_0132.geojson,683,f1f118eabdd13c05859603b92e9c4697497f0925023050b7e3ccbc4f098fa789,.geojson,reference_data
reference_data/experiment_benchmark/oa_mae_revision/annotation/geoms/changes/CHG_clear_regular_0133.geojson,680,a3c4ae9f888f42b1f209e8ac1ea1ea9496d00eab0e7c75b9c024be498b920dd0,.geojson,reference_data
reference_data/experiment_benchmark/oa_mae_revision/annotation/geoms/changes/CHG_clear_regular_0134.geojson,681,fd7e61a7dd29d95c98ec558f84085fe1e43b39db4418617c1ec315b3055ff148,.geojson,reference_data
reference_data/experiment_benchmark/oa_mae_revision/annotation/geoms/changes/CHG_clear_regular_0135.geojson,683,e8cfa1582efd97303b7478a87c1078980c3a13da9fa32f7cd939a87604da6201,.geojson,reference_data
reference_data/experiment_benchmark/oa_mae_revision/annotation/geoms/changes/CHG_clear_regular_0136.geojson,683,b1fba515ee374427fbcd222ee93a88cff362c17c110690ee386a1a2a948d1f7b,.geojson,reference_data
reference_data/experiment_benchmark/oa_mae_revision/annotation/geoms/changes/CHG_clear_regular_0137.geojson,678,0812351ea7cc41be3205577be6d5ba7e29482c534713211382016e9750ec913b,.geojson,reference_data
reference_data/experiment_benchmark/oa_mae_revision/annotation/geoms/changes/CHG_clear_regular_0138.geojson,681,4e2aa9aff557a3bc757394eae8feb38ba5fd0f3490e4e44d6c6c9f3360d52905,.geojson,reference_data
reference_data/experiment_benchmark/oa_mae_revision/annotation/geoms/changes/CHG_clear_regular_0139.geojson,678,526dd1b8597c7a0aeae89013c1af9964d92702b707d928e199f43437bd727f39,.geojson,reference_data
reference_data/experiment_benchmark/oa_mae_revision/annotation/geoms/changes/CHG_clear_regular_0140.geojson,681,717b9fdeabd26c48b8bab809d32955e5826a7e8c78a4d0857eb0fef0d7685337,.geojson,reference_data
reference_data/experiment_benchmark/oa_mae_revision/annotation/geoms/changes/CHG_clear_regular_0141.geojson,683,2d28534281be051acfe1f97d761b8c6f8319fbdfdcc93d8777cc1f1409ac1b7d,.geojson,reference_data
reference_data/experiment_benchmark/oa_mae_revision/annotation/geoms/changes/CHG_clear_regular_0142.geojson,676,76991d792dfb4abc2f33d94cf3916f2c6ea9342920e8c3aa46ef004d370eb4eb,.geojson,reference_data
reference_data/experiment_benchmark/oa_mae_revision/annotation/geoms/changes/CHG_clear_regular_0143.geojson,680,88a0f8d40a1b9001c35ad713d976219e2566982025e352472ad5d4df64411a72,.geojson,reference_data
reference_data/experiment_benchmark/oa_mae_revision/annotation/geoms/changes/CHG_clear_regular_0144.geojson,686,36d50fcef03dcef3dc3113a247ebfe82e8f369eb0a3c9d52f3d59457f82f2bdd,.geojson,reference_data
reference_data/experiment_benchmark/oa_mae_revision/annotation/geoms/changes/CHG_clear_regular_0145.geojson,679,25594b6017216ce8dcf32eefaeff58ddd45741ca2faa1745258d6ffa5fe10a6b,.geojson,reference_data
reference_data/experiment_benchmark/oa_mae_revision/annotation/geoms/changes/CHG_clear_regular_0146.geojson,681,e6baccd398a62f3671aec0e8c1edd627504d7a914b5853f6a175b87b11c4569c,.geojson,reference_data
reference_data/experiment_benchmark/oa_mae_revision/annotation/geoms/changes/CHG_clear_regular_0147.geojson,683,0ad5f70673aabbb9ad324463c554f303b38a74f68bec60928729178adab7b256,.geojson,reference_data
reference_data/experiment_benchmark/oa_mae_revision/annotation/geoms/changes/CHG_clear_regular_0148.geojson,678,437358c63ec05722143172d6eb073f7a875f6b43c67804556afdd6db7eed010e,.geojson,reference_data
reference_data/experiment_benchmark/oa_mae_revision/annotation/geoms/changes/CHG_clear_regular_0149.geojson,678,1a5a7317824620e92670d6043529905aa81d6785c1a407b492653c8f5821ee4e,.geojson,reference_data
reference_data/experiment_benchmark/oa_mae_revision/annotation/geoms/changes/CHG_clear_regular_0150.geojson,681,5e23a42cd87a07909fa8595626a7c5cd0c1c2265f10f580f872d1976bc568306,.geojson,reference_data
reference_data/experiment_benchmark/oa_mae_revision/annotation/geoms/changes/CHG_clear_regular_0151.geojson,678,b5db95b2ebeb88e358624f0721d2406de3c948b5ce1730af7f5baed48321d950,.geojson,reference_data
reference_data/experiment_benchmark/oa_mae_revision/annotation/geoms/changes/CHG_clear_regular_0152.geojson,680,929ff783ce270a300c0bfa98080eb189ec61619251c871bd4f559bf8cb4a1290,.geojson,reference_data
reference_data/experiment_benchmark/oa_mae_revision/annotation/geoms/changes/CHG_clear_regular_0153.geojson,678,b403f8e389407270c13978f647bf682206e62a686e107ba418313c05e0f9c745,.geojson,reference_data
reference_data/experiment_benchmark/oa_mae_revision/annotation/geoms/changes/CHG_clear_regular_0154.geojson,683,f9b6ddcc0006c324d6cc1920e5c6c7eabfb1b2bc78cd758b232c467c2d8b2b24,.geojson,reference_data
reference_data/experiment_benchmark/oa_mae_revision/annotation/geoms/changes/CHG_clear_regular_0155.geojson,670,4c108b4d6f24a6eb98cf74266be03fd124a408c7800b5d3eb494a9db2b454497,.geojson,reference_data
reference_data/experiment_benchmark/oa_mae_revision/annotation/geoms/changes/CHG_clear_regular_0156.geojson,678,4020aca0bcf1a7681ee2f93b800f5149bd5652cc21154fdcf2b0e6bae811e4f9,.geojson,reference_data
reference_data/experiment_benchmark/oa_mae_revision/annotation/geoms/changes/CHG_clear_regular_0157.geojson,682,212549bcae6bedaabef80291f19a0e307fd881afc2e115f27d9dafc009ee32c1,.geojson,reference_data
reference_data/experiment_benchmark/oa_mae_revision/annotation/geoms/changes/CHG_clear_regular_0158.geojson,683,8b3a99754784fdbff18e618288f072d7c5d00d9e7307836ac73a3ebf17dd6308,.geojson,reference_data
reference_data/experiment_benchmark/oa_mae_revision/annotation/geoms/changes/CHG_heavy_cloud_0000.geojson,666,369e915fc2b726dd322165c54ac99bf891593fb911254a3d9fe80b9bc4a101ac,.geojson,reference_data
reference_data/experiment_benchmark/oa_mae_revision/annotation/geoms/changes/CHG_heavy_cloud_0001.geojson,674,51f0483868fc182866266e2a4f0d7f7ed4bba70bec627e388f7d5e0d050bf81d,.geojson,reference_data
reference_data/experiment_benchmark/oa_mae_revision/annotation/geoms/changes/CHG_heavy_cloud_0002.geojson,677,29d523bbba345ecb2a8dbeddca8b705fc56baeca1afc7d5067edc0a308e86a6c,.geojson,reference_data
reference_data/experiment_benchmark/oa_mae_revision/annotation/geoms/changes/CHG_heavy_cloud_0003.geojson,672,b01bd73f89e99304976f97a95c49d71a1d36f104c91ab6e3c03e160685138f0e,.geojson,reference_data
reference_data/experiment_benchmark/oa_mae_revision/annotation/geoms/changes/CHG_heavy_cloud_0004.geojson,673,99510b3a014dc8066f18ff4275bfb34f46cd80cebeb5d4759a8a9ff3ae82aa88,.geojson,reference_data
reference_data/experiment_benchmark/oa_mae_revision/annotation/geoms/changes/CHG_heavy_cloud_0005.geojson,668,ada213b3fbc12ba4184354f41354b58860486ef632c0fc8d0dcc99d97d02acae,.geojson,reference_data
reference_data/experiment_benchmark/oa_mae_revision/annotation/geoms/changes/CHG_heavy_cloud_0006.geojson,672,06e010149c8bc795b9385e1c506ff4ae906000c685fe1d6ee7fc13c0965af0b3,.geojson,reference_data
reference_data/experiment_benchmark/oa_mae_revision/annotation/geoms/changes/CHG_heavy_cloud_0007.geojson,674,1867778db9690d2d4bfb95b7c4073e21a2a7e9abd0e8232098837a5710505fcf,.geojson,reference_data
reference_data/experiment_benchmark/oa_mae_revision/annotation/geoms/changes/CHG_heavy_cloud_0008.geojson,680,89a25ccb8ef32752ec6cd64cd091553b612e5e890cce318eadda9bad28388d32,.geojson,reference_data
reference_data/experiment_benchmark/oa_mae_revision/annotation/geoms/changes/CHG_heavy_cloud_0009.geojson,672,f125d58e0ba921b82547e84d51e085cf7acc9404e97cbd67398a611c31396b58,.geojson,reference_data
reference_data/experiment_benchmark/oa_mae_revision/annotation/geoms/changes/CHG_heavy_cloud_0010.geojson,669,40a5ceecaad44fc76a65d660c886671fbbc38ec6c51c8a84bd5d880a0c18989c,.geojson,reference_data
reference_data/experiment_benchmark/oa_mae_revision/annotation/geoms/changes/CHG_heavy_cloud_0011.geojson,672,906233ec401e563a479dce30567690a02a58ca5893c862b64a5ddad638420119,.geojson,reference_data
reference_data/experiment_benchmark/oa_mae_revision/annotation/geoms/changes/CHG_heavy_cloud_0012.geojson,677,f2b63bb546244d6104d777f9f9f84ac713e38e3ab09fdf12a6c1e475a8619e78,.geojson,reference_data
reference_data/experiment_benchmark/oa_mae_revision/annotation/geoms/changes/CHG_heavy_cloud_0013.geojson,674,2d3aed1a6e5ac74ce689a8a3e84c1cf25b8a5b0df1e3f4f22a8dff5562ef4c46,.geojson,reference_data
reference_data/experiment_benchmark/oa_mae_revision/annotation/geoms/changes/CHG_heavy_cloud_0014.geojson,672,93e4330fbf4f3002ec1f72100b76c661401e648790fe683938a2487e6518df2c,.geojson,reference_data
reference_data/experiment_benchmark/oa_mae_revision/annotation/geoms/changes/CHG_heavy_cloud_0015.geojson,674,577303b45be7bc3c921f5b111a2396e4d1ae67695d34afd5dc603939ce01f229,.geojson,reference_data
reference_data/experiment_benchmark/oa_mae_revision/annotation/geoms/changes/CHG_heavy_cloud_0016.geojson,677,abcaecf5ff4b3f55461792d478c0fdbaf4f55477f81998085377c61d22cf9890,.geojson,reference_data
reference_data/experiment_benchmark/oa_mae_revision/annotation/geoms/changes/CHG_heavy_cloud_0017.geojson,677,18283b43a67e0f6d7e66959d89aa86822f8003603e683c40f11f790fbe55e1d1,.geojson,reference_data
reference_data/experiment_benchmark/oa_mae_revision/annotation/geoms/changes/CHG_heavy_cloud_0018.geojson,677,1e7ab21fe0cd4023989b3d61906a88ce9af29c648e0f5adf957504771de3eee1,.geojson,reference_data
reference_data/experiment_benchmark/oa_mae_revision/annotation/geoms/changes/CHG_heavy_cloud_0019.geojson,672,d6b02aeda9d7c42d30445cc5e60c4e74e98072f677bbb3480567432c79db1722,.geojson,reference_data
reference_data/experiment_benchmark/oa_mae_revision/annotation/geoms/changes/CHG_heavy_cloud_0020.geojson,674,c6066036553c8e7137043e2a65eafc607ec30bc9c88187863cb7fd64daeddbda,.geojson,reference_data
reference_data/experiment_benchmark/oa_mae_revision/annotation/geoms/changes/CHG_heavy_cloud_0021.geojson,674,23f1b8b2f16b7102825c1618670c0cdd47c81ef8079b3c875140abc3db0af152,.geojson,reference_data
reference_data/experiment_benchmark/oa_mae_revision/annotation/geoms/changes/CHG_heavy_cloud_0022.geojson,669,a89e69e5e25c6e3249769325be9a187769ce8ab7fc616ab5bf5f32ecf23509fe,.geojson,reference_data
reference_data/experiment_benchmark/oa_mae_revision/annotation/geoms/changes/CHG_heavy_cloud_0023.geojson,677,74831493f7c86cea54649feac6399153085de28ae0259b766f37fce69a421561,.geojson,reference_data
reference_data/experiment_benchmark/oa_mae_revision/annotation/geoms/changes/CHG_heavy_cloud_0024.geojson,672,0fc9e0d99d1ffca75f2e3e89466dbedf0d12b00e452facf789a8bc5df123ed0d,.geojson,reference_data
reference_data/experiment_benchmark/oa_mae_revision/annotation/geoms/changes/CHG_heavy_cloud_0025.geojson,670,d6ea93c5d3eeab1e4f8f6bc87b085141fa7b7dcedef25dba7478229d036787f8,.geojson,reference_data
reference_data/experiment_benchmark/oa_mae_revision/annotation/geoms/changes/CHG_heavy_cloud_0026.geojson,672,4c1a97b99875cfad1982b2760bec3ba4c232be785f351ed9e160da13c88f76a7,.geojson,reference_data
reference_data/experiment_benchmark/oa_mae_revision/annotation/geoms/changes/CHG_heavy_cloud_0027.geojson,677,bc288cfc4c51441ae24ce87bd0466f0ea05791e5d575375ae194bb665ee5497e,.geojson,reference_data
reference_data/experiment_benchmark/oa_mae_revision/annotation/geoms/changes/CHG_heavy_cloud_0028.geojson,672,00d4a3d62a1436af52700d7827a75221931227b25798702ce93de04c051f880d,.geojson,reference_data
reference_data/experiment_benchmark/oa_mae_revision/annotation/geoms/changes/CHG_heavy_cloud_0029.geojson,677,909148e495c136cd5ed632d59465c9cdcdd26a008068c2aeb092f6c520eb652e,.geojson,reference_data
reference_data/experiment_benchmark/oa_mae_revision/annotation/geoms/changes/CHG_heavy_cloud_0030.geojson,676,c1cb56ab5fa3bc5d0a0970e8a699f301f4ee32e1686d2ae67ae7e185aaa584ea,.geojson,reference_data
reference_data/experiment_benchmark/oa_mae_revision/annotation/geoms/changes/CHG_heavy_cloud_0031.geojson,680,ac54061b4ba6977878bf0739e1528b1772816de3d2d4390d9fe3148c69286e95,.geojson,reference_data
reference_data/experiment_benchmark/oa_mae_revision/annotation/geoms/changes/CHG_heavy_cloud_0032.geojson,672,de0233b994f5e91fe58d93085277f37f194ee433ea71f2ccce19006b77a508f4,.geojson,reference_data
reference_data/experiment_benchmark/oa_mae_revision/annotation/geoms/changes/CHG_heavy_cloud_0033.geojson,680,2192ffea98afc10947203099b519e7ffd9d8bf913180cadccd6306a55495e633,.geojson,reference_data
reference_data/experiment_benchmark/oa_mae_revision/annotation/geoms/changes/CHG_heavy_cloud_0034.geojson,672,6a4d1b1d525b0253fd40dc7fc2c21f93c87042fde96ae81ddebdf01fcdb92ff4,.geojson,reference_data
reference_data/experiment_benchmark/oa_mae_revision/annotation/geoms/changes/CHG_heavy_cloud_0035.geojson,672,7cbc760c7af9e5fd9ffe14e5227551ed381eb5921177da90ce7a665d561c197b,.geojson,reference_data
reference_data/experiment_benchmark/oa_mae_revision/annotation/geoms/changes/CHG_heavy_cloud_0036.geojson,675,015b8bf5f25b5b7bcba59ce586ca1ffb40694e5de3a05f0627253cfc920b0677,.geojson,reference_data
reference_data/experiment_benchmark/oa_mae_revision/annotation/geoms/changes/CHG_heavy_cloud_0037.geojson,677,5c40eb1a94694e9b18fd2a8db7b4f00ef21ad0103ef27f85cc8d2b4ae8dd88b0,.geojson,reference_data
reference_data/experiment_benchmark/oa_mae_revision/annotation/geoms/changes/CHG_heavy_cloud_0038.geojson,677,ecba836e9330bbded934f1511f31b2a4bb13c8c2237a7936a721569436b3c78c,.geojson,reference_data
reference_data/experiment_benchmark/oa_mae_revision/annotation/geoms/changes/CHG_heavy_cloud_0039.geojson,682,89e7a00671da7bbcab2a954909e7ddfd9f10f881ee3bdadfbce41225057c8d3b,.geojson,reference_data
reference_data/experiment_benchmark/oa_mae_revision/annotation/geoms/changes/CHG_heavy_cloud_0040.geojson,675,2e8b2493ff656a4aa0df7230c4212b67e23b47e50e0f27ca7a5c30673e4f3aa9,.geojson,reference_data
reference_data/experiment_benchmark/oa_mae_revision/annotation/geoms/changes/CHG_heavy_cloud_0041.geojson,675,75c2ef00d34c74ae6ced7f312fb4cb56e0b49f3c608a449456976987dcb4c5c7,.geojson,reference_data
reference_data/experiment_benchmark/oa_mae_revision/annotation/geoms/changes/CHG_heavy_cloud_0042.geojson,673,c780d6c1e140f6e432acb095b563c32047cf19efd9f4acf12547eb90587e8816,.geojson,reference_data
reference_data/experiment_benchmark/oa_mae_revision/annotation/geoms/changes/CHG_heavy_cloud_0043.geojson,671,0c855124007bc1556ab0bc96a8c1586891a8168813bb1fe7af69fb5bf1894dc7,.geojson,reference_data
reference_data/experiment_benchmark/oa_mae_revision/annotation/geoms/changes/CHG_heavy_cloud_0044.geojson,672,973890e1e9fcae3e609141802c7d8bdc563e43ceee64101ca759b5b97a6ac8a6,.geojson,reference_data
reference_data/experiment_benchmark/oa_mae_revision/annotation/geoms/changes/CHG_heavy_cloud_0045.geojson,674,6b87f12d9738336407ba536bc6d5b7c5e3bc4e5676002d9b948c0ad8854365b3,.geojson,reference_data
reference_data/experiment_benchmark/oa_mae_revision/annotation/geoms/changes/CHG_heavy_cloud_0046.geojson,682,fefb54704be17c403c17d70c177e65c092771b36943090b2fde112e12d7d700a,.geojson,reference_data
reference_data/experiment_benchmark/oa_mae_revision/annotation/geoms/changes/CHG_heavy_cloud_0047.geojson,679,b5fb695713a5c62e80aac79bb4e0eef298cae752ce41f888d1046ea7659e3709,.geojson,reference_data
reference_data/experiment_benchmark/oa_mae_revision/annotation/geoms/changes/CHG_heavy_cloud_0048.geojson,670,936a3b2d7e04027b0cb13ba12ec11833c1cbb6f625d7d1a0954d5f53bd1cd999,.geojson,reference_data
reference_data/experiment_benchmark/oa_mae_revision/annotation/geoms/changes/CHG_heavy_cloud_0049.geojson,680,7851ab73629f714c567ead18f0f83693cf817e26d23e39bb8295e8e8e89a73e6,.geojson,reference_data
reference_data/experiment_benchmark/oa_mae_revision/annotation/geoms/changes/CHG_heavy_cloud_0050.geojson,678,c5cc0435ea2f812eaea9a47d4597829e4905f99d5732659679843315f4f58b2e,.geojson,reference_data
reference_data/experiment_benchmark/oa_mae_revision/annotation/geoms/changes/CHG_heavy_cloud_0051.geojson,666,cc5a4fb2737fadf5874fd2070a571999355c16f427f0056b90424fa2681cb6b6,.geojson,reference_data
reference_data/experiment_benchmark/oa_mae_revision/annotation/geoms/changes/CHG_heavy_cloud_0052.geojson,677,c72a3e003236220e8509b0d96912fc9ef8ec021c3e7ecb61a78c6c0eb19ba309,.geojson,reference_data
reference_data/experiment_benchmark/oa_mae_revision/annotation/geoms/changes/CHG_heavy_cloud_0053.geojson,680,bc027c98ffc149848c6630584399575f32f60a833094f2710d66446724ed5a24,.geojson,reference_data
reference_data/experiment_benchmark/oa_mae_revision/annotation/geoms/changes/CHG_heavy_cloud_0054.geojson,674,fea59d746f384ccde0be57b54a7d49ab53bd1b197c9fd5aa0de76ac7eadf066b,.geojson,reference_data
reference_data/experiment_benchmark/oa_mae_revision/annotation/geoms/changes/CHG_heavy_cloud_0055.geojson,672,df613df2898c2215bd7ed5c68229a3d8b8e9cd0fd196b6328f08c66989cec340,.geojson,reference_data
reference_data/experiment_benchmark/oa_mae_revision/annotation/geoms/changes/CHG_heavy_cloud_0056.geojson,682,39b3e048f7e9a1e7220e5a7fe3218b665307da34785aeb46c2abcf305af5ff03,.geojson,reference_data
reference_data/experiment_benchmark/oa_mae_revision/annotation/geoms/changes/CHG_heavy_cloud_0057.geojson,669,b7834058a724132bd50910a497f8935b94d81598a694421ae9e444ec6c0cc4ff,.geojson,reference_data
reference_data/experiment_benchmark/oa_mae_revision/annotation/geoms/changes/CHG_heavy_cloud_0058.geojson,678,fa4cadf894490712dd9ac1f84f3216dd1f5e90c21da6e874fd7f4740a6829e45,.geojson,reference_data
reference_data/experiment_benchmark/oa_mae_revision/annotation/geoms/changes/CHG_heavy_cloud_0059.geojson,677,4f4172654cb1cf3cd009701bfe7b2413ee7fdcfc9769fff6bb83df49adeeb470,.geojson,reference_data
reference_data/experiment_benchmark/oa_mae_revision/annotation/geoms/changes/CHG_heavy_cloud_0060.geojson,670,568e64dbb36429396d5a2390bb878c6cda4b7b932e8b5aaa4d048c1c2539795f,.geojson,reference_data
reference_data/experiment_benchmark/oa_mae_revision/annotation/geoms/changes/CHG_heavy_cloud_0061.geojson,674,88a9c48839e79e18d174199a3040fe324a36e3eedbef80819eddd28560aa8b39,.geojson,reference_data
reference_data/experiment_benchmark/oa_mae_revision/annotation/geoms/changes/CHG_heavy_cloud_0062.geojson,674,335f23fcdcea01c8d0422c42fad279311279d4f79b62e120b3ddf1911bb630f3,.geojson,reference_data
reference_data/experiment_benchmark/oa_mae_revision/annotation/geoms/changes/CHG_heavy_cloud_0063.geojson,674,7b3cb2e8991949330528a02191a83f43be74f5047c9c63ee6be5b522828e15a6,.geojson,reference_data
reference_data/experiment_benchmark/oa_mae_revision/annotation/geoms/changes/CHG_heavy_cloud_0064.geojson,682,f448ceace78ead3f1b989306b0763d4e833bc680a702d8523b8a5cacb2c727ee,.geojson,reference_data
reference_data/experiment_benchmark/oa_mae_revision/annotation/geoms/changes/CHG_heavy_cloud_0065.geojson,677,e294d05b53f95f95f7994e6d28d9094a06b0864a35ebce920f6f69ee7f5fe8e1,.geojson,reference_data
reference_data/experiment_benchmark/oa_mae_revision/annotation/geoms/changes/CHG_heavy_cloud_0066.geojson,672,a2f6cb2ea62b4c194c4740a19c08e1eb2dbd98a366bd479fc9da869f7b9c62ef,.geojson,reference_data
reference_data/experiment_benchmark/oa_mae_revision/annotation/geoms/changes/CHG_heavy_cloud_0067.geojson,682,c71341b7734810e2e7ea82f897e90d62950d9e3def97b08b07f60b742d584e9d,.geojson,reference_data
reference_data/experiment_benchmark/oa_mae_revision/annotation/geoms/changes/CHG_heavy_cloud_0068.geojson,669,59608cf99215f14dc57e9f0163ecfdc99c260dcdd7f156037fc5717efded3251,.geojson,reference_data
reference_data/experiment_benchmark/oa_mae_revision/annotation/geoms/changes/CHG_heavy_cloud_0069.geojson,672,deada4a239488e44bfe3f7946011788b3aefd308bf95a8d8214bd39b92735a92,.geojson,reference_data
reference_data/experiment_benchmark/oa_mae_revision/annotation/geoms/changes/CHG_heavy_cloud_0070.geojson,672,2a0bce0c11ba0bf73df01757121a22204e527dd987e55d025b77f06cf88c050a,.geojson,reference_data
reference_data/experiment_benchmark/oa_mae_revision/annotation/geoms/changes/CHG_heavy_cloud_0071.geojson,674,ae9ea1e3695edb16ce1c9de0a6c703ad53d4325b63abc538c8c5ebeea9f0d55d,.geojson,reference_data
reference_data/experiment_benchmark/oa_mae_revision/annotation/geoms/changes/CHG_heavy_cloud_0072.geojson,672,3db49cbe4611893f6d2d1b8c3ebd27f220f1b8124bc27b0e3ff38046c2945206,.geojson,reference_data
reference_data/experiment_benchmark/oa_mae_revision/annotation/geoms/changes/CHG_heavy_cloud_0073.geojson,675,2aae0d377b61918f3860df95fb375d13dc88636c48f509480ece8d2eb846484c,.geojson,reference_data
reference_data/experiment_benchmark/oa_mae_revision/annotation/geoms/changes/CHG_heavy_cloud_0074.geojson,672,9511fba3769e2bef1a92402fe79afc4b5fd849692e5c3435a7d9a9b93a471e1f,.geojson,reference_data
reference_data/experiment_benchmark/oa_mae_revision/annotation/geoms/changes/CHG_heavy_cloud_0075.geojson,675,5edcba0a92d6abe3ccd9c03eaa2d364fd4ff1f22157c73dca83ecc215385134c,.geojson,reference_data
reference_data/experiment_benchmark/oa_mae_revision/annotation/geoms/changes/CHG_heavy_cloud_0076.geojson,674,aa3f77d9eb5d9ba984123420098873924063fe439682c4f185ce199e3d7bcdf8,.geojson,reference_data
reference_data/experiment_benchmark/oa_mae_revision/annotation/geoms/changes/CHG_heavy_cloud_0077.geojson,677,75a1d715bb4d0a0dafcb47f41ac4d05cbb3838a3f4ae945e0abe0003c5b88fa7,.geojson,reference_data
reference_data/experiment_benchmark/oa_mae_revision/annotation/geoms/changes/CHG_heavy_cloud_0078.geojson,672,a8cdc25c4ba345697d08aed2fe92ff48c2fe6fea6e0cfe1b69e9bc01282e1eb7,.geojson,reference_data
reference_data/experiment_benchmark/oa_mae_revision/annotation/geoms/changes/CHG_heavy_cloud_0079.geojson,674,1c0cc6982987a497d971a71c2888ca62aedded0fa5b14ce09bdcc5dd2e39bda8,.geojson,reference_data
reference_data/experiment_benchmark/oa_mae_revision/annotation/geoms/changes/CHG_heavy_cloud_0080.geojson,679,012868af656cc8b66a1aa719da2070c9487e330f50df6554205b9041413bd9af,.geojson,reference_data
reference_data/experiment_benchmark/oa_mae_revision/annotation/geoms/changes/CHG_heavy_cloud_0081.geojson,673,93137848f3624fbd59506bf08a759ca50b01abdd36ae5d0bab947363e3e5aad2,.geojson,reference_data
reference_data/experiment_benchmark/oa_mae_revision/annotation/geoms/changes/CHG_heavy_cloud_0082.geojson,677,7d31e9a876c03de40e9ec967f29919c6dc4cd00dcb009c586df6eec7706c1c6e,.geojson,reference_data
reference_data/experiment_benchmark/oa_mae_revision/annotation/geoms/changes/CHG_heavy_cloud_0083.geojson,674,bbbeca40b8e374078fff992e38c2a99e276d2cb364458a25d6f276aa7760ccfc,.geojson,reference_data
reference_data/experiment_benchmark/oa_mae_revision/annotation/geoms/changes/CHG_heavy_cloud_0084.geojson,675,4d8eba069c34d5035691d9dc28789248afc867aa4b64138d8872bee3b60cec07,.geojson,reference_data
reference_data/experiment_benchmark/oa_mae_revision/annotation/geoms/changes/CHG_heavy_cloud_0085.geojson,677,306694761575cd04143a522ef60880ceb1455783a68b974b11367b5d6e56f0de,.geojson,reference_data
reference_data/experiment_benchmark/oa_mae_revision/annotation/geoms/changes/CHG_heavy_cloud_0086.geojson,674,81df196eb7c181bb02a02e08e53e651b95a71997d13a2ae9df5ba2a0f37ac52e,.geojson,reference_data
reference_data/experiment_benchmark/oa_mae_revision/annotation/geoms/changes/CHG_heavy_cloud_0087.geojson,672,886fd10375d1320f59c70664508e31ac5e1ef7b04e118cc4332cda909c6dbbb1,.geojson,reference_data
reference_data/experiment_benchmark/oa_mae_revision/annotation/geoms/changes/CHG_heavy_cloud_0088.geojson,672,e95708ba012f69e35b928a6569e0a123e6fd4790c29b507bc2329cf2919db5c9,.geojson,reference_data
reference_data/experiment_benchmark/oa_mae_revision/annotation/geoms/changes/CHG_heavy_cloud_0089.geojson,682,cc29d40a5116ae2fb08a7400c41119489939fbf60fa204131cff312a7f7587ed,.geojson,reference_data
reference_data/experiment_benchmark/oa_mae_revision/annotation/geoms/changes/CHG_heavy_cloud_0090.geojson,674,e9ee53ca41f2cec9bf3bc845898ea44dc69532443cb1af5f02b0ef74446f1b57,.geojson,reference_data
reference_data/experiment_benchmark/oa_mae_revision/annotation/geoms/changes/CHG_heavy_cloud_0091.geojson,672,2cf4da17922556357b782becbf93f82fa596582257b4da8fb99f79166555b9a5,.geojson,reference_data
reference_data/experiment_benchmark/oa_mae_revision/annotation/geoms/changes/CHG_heavy_cloud_0092.geojson,669,9916c962933289a43a91e6f61a0402659982b753762a4d5a858b9e44263aa079,.geojson,reference_data
reference_data/experiment_benchmark/oa_mae_revision/annotation/geoms/changes/CHG_heavy_cloud_0093.geojson,674,8be7185a58dd6f56c5796c3b35352ba91c9baf2d94d79f307d262ab6ede7b867,.geojson,reference_data
reference_data/experiment_benchmark/oa_mae_revision/annotation/geoms/changes/CHG_heavy_cloud_0094.geojson,672,29cfb0660803504339862b7b6c3eae2a1390d23a1765767fdf0f242369f368c0,.geojson,reference_data
reference_data/experiment_benchmark/oa_mae_revision/annotation/geoms/changes/CHG_heavy_cloud_0095.geojson,673,50938af6d6d63d638275f65dcb5d9f7a460795c426883f7607ed9a4541a765dc,.geojson,reference_data
reference_data/experiment_benchmark/oa_mae_revision/annotation/geoms/changes/CHG_heavy_cloud_0096.geojson,675,1f6245166b8a9747c85677a5ea897d52379eba9aae127943c36d26a423fe4995,.geojson,reference_data
reference_data/experiment_benchmark/oa_mae_revision/annotation/geoms/changes/CHG_heavy_cloud_0097.geojson,670,7a6e148f7451a4f273d19e961fdcbb29436b26433ca9dfa584d89e9eb832583d,.geojson,reference_data
reference_data/experiment_benchmark/oa_mae_revision/annotation/geoms/changes/CHG_heavy_cloud_0098.geojson,675,8d1fdc2df359ddbb488a46b54d19749d54e290e021aef05a7d013a6155998867,.geojson,reference_data
reference_data/experiment_benchmark/oa_mae_revision/annotation/geoms/changes/CHG_heavy_cloud_0099.geojson,674,48fe771ea0c11de1bc943bd137cac7fd0af9ee8b3b30b8ee2ac615691196935d,.geojson,reference_data
reference_data/experiment_benchmark/oa_mae_revision/annotation/geoms/changes/CHG_heavy_cloud_0100.geojson,672,71aa3eb030289a93a0a4e7a194e55ede3909bb7a4972921e3590b56e624be4f0,.geojson,reference_data
reference_data/experiment_benchmark/oa_mae_revision/annotation/geoms/changes/CHG_heavy_cloud_0101.geojson,672,dcceed6cce7cc23499626ad11b062255e90a660c80ee6256d5c869864ad0d5c6,.geojson,reference_data
reference_data/experiment_benchmark/oa_mae_revision/annotation/geoms/changes/CHG_heavy_cloud_0102.geojson,674,3783ebdf7741013272c70f85f1ae2ff409b2daecea87899be476983223e9fc52,.geojson,reference_data
reference_data/experiment_benchmark/oa_mae_revision/annotation/geoms/changes/CHG_heavy_cloud_0103.geojson,672,73dee4801a7043e28f08fbcc21be0d0841baede5c66f3e7322bf331f363bee84,.geojson,reference_data
reference_data/experiment_benchmark/oa_mae_revision/annotation/geoms/changes/CHG_heavy_cloud_0104.geojson,677,b8394f2ab8c00ee0342fdf4afb2f3e990b0d202c447bc7ff9a962682ff1e5242,.geojson,reference_data
reference_data/experiment_benchmark/oa_mae_revision/annotation/geoms/changes/CHG_heavy_cloud_0105.geojson,677,4dd457aff3efe4566e3f78f3b5ff6f219d7d51384c96aa92bd47c0b11e699ea3,.geojson,reference_data
reference_data/experiment_benchmark/oa_mae_revision/annotation/geoms/changes/CHG_heavy_cloud_0106.geojson,678,b30ddfc5e1991cbb04963c0b18447fbee9dd655b3044785434427eeb1770554c,.geojson,reference_data
reference_data/experiment_benchmark/oa_mae_revision/annotation/geoms/changes/CHG_heavy_cloud_0107.geojson,660,9ad3d08fa215e071160d41d3877894e1465dd1f8c3eb88597d030d5ce5241242,.geojson,reference_data
reference_data/experiment_benchmark/oa_mae_revision/annotation/geoms/changes/CHG_heavy_cloud_0108.geojson,675,474412513c716a8700568d13ab1befe4c8022799547ee18707f7534e0f18eeb6,.geojson,reference_data
reference_data/experiment_benchmark/oa_mae_revision/annotation/geoms/changes/CHG_heavy_cloud_0109.geojson,672,c936f44998d76d3e4fe642115a7081ff24ba9dfef398f8ec7c0e82bf8cb56ff2,.geojson,reference_data
reference_data/experiment_benchmark/oa_mae_revision/annotation/geoms/changes/CHG_heavy_cloud_0110.geojson,676,6633094b295934aeb3ff1681b41c1ffdef305c045163710930d9c970b7d9ac47,.geojson,reference_data
reference_data/experiment_benchmark/oa_mae_revision/annotation/geoms/changes/CHG_heavy_cloud_0111.geojson,671,ed530f5d2254879a94e5b67c76c0bf789dbd51eaf124bbb09593fefe69561fc8,.geojson,reference_data
reference_data/experiment_benchmark/oa_mae_revision/annotation/geoms/changes/CHG_heavy_cloud_0112.geojson,677,fa047314683fc6d1194c697e915976743b6dd81abfa64c8ea67865a4bf49bb65,.geojson,reference_data
reference_data/experiment_benchmark/oa_mae_revision/annotation/geoms/changes/CHG_heavy_cloud_0113.geojson,671,525028c5ab5eb63b4b06a916f524d9decc81445ea1bef38ee13902043cfa164f,.geojson,reference_data
reference_data/experiment_benchmark/oa_mae_revision/annotation/geoms/changes/CHG_heavy_cloud_0114.geojson,677,20b55ff5a5d863528c556490c04eb0189fb524d268a544eacab00c8be650c6bf,.geojson,reference_data
reference_data/experiment_benchmark/oa_mae_revision/annotation/geoms/changes/CHG_heavy_cloud_0115.geojson,668,57921c9f28d48c182e39e77ba578fb2b88939d63dde83e78d467389ff0f8ddc8,.geojson,reference_data
reference_data/experiment_benchmark/oa_mae_revision/annotation/geoms/changes/CHG_heavy_cloud_0116.geojson,675,c5c73f4206151db0adfd6b8aa2f9efde16cb710ccf9a22c14f40da15b1c675bc,.geojson,reference_data
reference_data/experiment_benchmark/oa_mae_revision/annotation/geoms/changes/CHG_heavy_cloud_0117.geojson,675,e662cb8fc1143cd57346c1159e049c6bf7b0a6b6916fd39ba66ddede1fda5300,.geojson,reference_data
reference_data/experiment_benchmark/oa_mae_revision/annotation/geoms/changes/CHG_heavy_cloud_0118.geojson,680,ad0f57c3dce0e8537a560a323790be181f7d0fa5be6dcd952b3e38c4af8661c6,.geojson,reference_data
reference_data/experiment_benchmark/oa_mae_revision/annotation/geoms/changes/CHG_heavy_cloud_0119.geojson,677,f4ed20fe4266198614fa7fba8446b46a487036811d4ef64c90ed10a4143f2d30,.geojson,reference_data
reference_data/experiment_benchmark/oa_mae_revision/annotation/geoms/changes/CHG_heavy_cloud_0120.geojson,672,638028b46713b202d8c03efd1a7444665f9f77ea912f8a4e4c0f8028a1606c56,.geojson,reference_data
reference_data/experiment_benchmark/oa_mae_revision/annotation/geoms/changes/CHG_heavy_cloud_0121.geojson,677,5486d4e7219d8e215f2830bb80f49c60a02e41afc9b60d240cd46026f7db562a,.geojson,reference_data
reference_data/experiment_benchmark/oa_mae_revision/annotation/geoms/changes/CHG_heavy_cloud_0122.geojson,672,be240e36ddaef6e115844de6b672ba5e9beb9a24ec03c8234100fa0af8fb973e,.geojson,reference_data
reference_data/experiment_benchmark/oa_mae_revision/annotation/geoms/changes/CHG_heavy_cloud_0123.geojson,672,198fc2eb403324549d861e517e397beddd576335c0751f49f8a90f4d9a4768ef,.geojson,reference_data
reference_data/experiment_benchmark/oa_mae_revision/annotation/geoms/changes/CHG_heavy_cloud_0124.geojson,672,91133c09bb101fde805ef91248bafa6eed66937cbe85608d14a3f43cb6df37df,.geojson,reference_data
reference_data/experiment_benchmark/oa_mae_revision/annotation/geoms/changes/CHG_heavy_cloud_0125.geojson,673,99648ad5513863ee1645d5882ce5d8a56f52a5b31b53859345d03cd8f100ff34,.geojson,reference_data
reference_data/experiment_benchmark/oa_mae_revision/annotation/geoms/changes/CHG_heavy_cloud_0126.geojson,672,95ad95e2dbbd71ea8683958e9d31a0c4e4797dac8cac846ba72013dc30913e1a,.geojson,reference_data
reference_data/experiment_benchmark/oa_mae_revision/annotation/geoms/changes/CHG_heavy_cloud_0127.geojson,678,9a3fa6c44796bbf8210261f786d663e048bc4fe3878961b65454718f45bdf423,.geojson,reference_data
reference_data/experiment_benchmark/oa_mae_revision/annotation/geoms/changes/CHG_heavy_cloud_0128.geojson,672,486773afeab014726d24abcf1c3f6709b6612b34e974eb3a20a59d73bc125ce1,.geojson,reference_data
reference_data/experiment_benchmark/oa_mae_revision/annotation/geoms/changes/CHG_heavy_cloud_0129.geojson,677,751b61c92466db179f90ea2fd7b891260504e43d26a775519e94643093a983ac,.geojson,reference_data
reference_data/experiment_benchmark/oa_mae_revision/annotation/geoms/changes/CHG_heavy_cloud_0130.geojson,678,b0e491e49720e4eb125153779fb26a6b2462d9e1e1581c744f63e9e4779ac1b9,.geojson,reference_data
reference_data/experiment_benchmark/oa_mae_revision/annotation/geoms/changes/CHG_heavy_cloud_0131.geojson,672,1d067cf2cdbcb8a4cd0ff4925396c0ecb516d9bd74ee0c4e5d45a040b92f73b1,.geojson,reference_data
reference_data/experiment_benchmark/oa_mae_revision/annotation/geoms/changes/CHG_heavy_cloud_0132.geojson,677,340f3f5928004644cbe9fbc5f779bd832c97cfbac399d75b1bab80b770eb7596,.geojson,reference_data
reference_data/experiment_benchmark/oa_mae_revision/annotation/geoms/changes/CHG_heavy_cloud_0133.geojson,671,cb333c7b71ccf79e69809d85b424cbf480a57b44732559f9869a754528e09745,.geojson,reference_data
reference_data/experiment_benchmark/oa_mae_revision/annotation/geoms/changes/CHG_heavy_cloud_0134.geojson,677,d0dc6be43ee3c43477dbcf67392299c0265ecce64f01e2e280cf332047aa074f,.geojson,reference_data
reference_data/experiment_benchmark/oa_mae_revision/annotation/geoms/changes/CHG_heavy_cloud_0135.geojson,680,53ab70951288cce70be4136e0321be021501161e1bdc1343b00025ba77b991e0,.geojson,reference_data
reference_data/experiment_benchmark/oa_mae_revision/annotation/geoms/changes/CHG_heavy_cloud_0136.geojson,676,c61fc5e8ad10f4ec18eb8abd5b00d868e3af97a8068bd96ea137611a22a8458c,.geojson,reference_data
reference_data/experiment_benchmark/oa_mae_revision/annotation/geoms/changes/CHG_heavy_cloud_0137.geojson,673,9d6e8400936cfb0819e3615ea60d1cc58fd3c88ac8918f93350ba1566d3eb896,.geojson,reference_data
reference_data/experiment_benchmark/oa_mae_revision/annotation/geoms/changes/CHG_heavy_cloud_0138.geojson,680,5f64861656ee969e3fba2a28c160aacedf9965be569ae6f7c5cdc4bf9dcaf40c,.geojson,reference_data
reference_data/experiment_benchmark/oa_mae_revision/annotation/geoms/changes/CHG_heavy_cloud_0139.geojson,680,38992aac39b2cdf48475b5564e9c9487f9e22261249745288ad3e0df38436bd1,.geojson,reference_data
reference_data/experiment_benchmark/oa_mae_revision/annotation/geoms/changes/CHG_heavy_cloud_0140.geojson,672,2240a7b220b27b427e4a5c899e37ef9cbff837e7de1d44db55dd61f61e192ba5,.geojson,reference_data
reference_data/experiment_benchmark/oa_mae_revision/annotation/geoms/changes/CHG_heavy_cloud_0141.geojson,677,58c30b21e6c240eba5fa8aecde887243e82b8265a3995de062bf5be7aaf09dd2,.geojson,reference_data
reference_data/experiment_benchmark/oa_mae_revision/annotation/geoms/changes/CHG_heavy_cloud_0142.geojson,680,a8f93663f783792e415299ff450231661b4e6f07f9ec48f99cdcf452c5da2722,.geojson,reference_data
reference_data/experiment_benchmark/oa_mae_revision/annotation/geoms/changes/CHG_heavy_cloud_0143.geojson,673,5410a3b0591ec65e0c19e76174a715fd0b2ee2352751c0a1f170581c118f46fc,.geojson,reference_data
reference_data/experiment_benchmark/oa_mae_revision/annotation/geoms/changes/CHG_heavy_cloud_0144.geojson,674,4fa3978f0ca5fa92961a50e8b2cba5b066fe3ce3dc6c17573a0da4f64b85b1d9,.geojson,reference_data
reference_data/experiment_benchmark/oa_mae_revision/annotation/geoms/changes/CHG_heavy_cloud_0145.geojson,674,fe27020ef95c6f6b2f6b412897b7575f465f5596d300d8253fa748e04610694f,.geojson,reference_data
reference_data/experiment_benchmark/oa_mae_revision/annotation/geoms/changes/CHG_heavy_cloud_0146.geojson,675,48cd14e1ee12a6e3456c50f7d539714b4613752b5923affe77cc03bbacfaf67b,.geojson,reference_data
reference_data/experiment_benchmark/oa_mae_revision/annotation/geoms/changes/CHG_heavy_cloud_0147.geojson,672,4a0cd73b08afe3df619e3598fb0e65967531679318e384df3b6b549d2b7ff688,.geojson,reference_data
reference_data/experiment_benchmark/oa_mae_revision/annotation/geoms/changes/CHG_heavy_cloud_0148.geojson,672,7bd10f59197ff9f67dab4211c659d9bc1ef7bcd039e49a131130c578164afefc,.geojson,reference_data
reference_data/experiment_benchmark/oa_mae_revision/annotation/geoms/changes/CHG_heavy_cloud_0149.geojson,677,2c25bcf1248e3663cd48c6aaf3c3ff5dc1bdc6635a1e0c692072b1905ac83a91,.geojson,reference_data
reference_data/experiment_benchmark/oa_mae_revision/annotation/geoms/changes/CHG_heavy_cloud_0150.geojson,680,66f8c1cb89879d90222a3adb511a665e7f7194b3b17a755c5b227941e48881d9,.geojson,reference_data
reference_data/experiment_benchmark/oa_mae_revision/annotation/geoms/changes/CHG_heavy_cloud_0151.geojson,677,95a744fadbc654acf25d447c3f448b55755e575bd100b9bc23d1d8571082746e,.geojson,reference_data
reference_data/experiment_benchmark/oa_mae_revision/annotation/geoms/changes/CHG_heavy_cloud_0152.geojson,674,e783ade0dafd2f5950485e5b879503ad48ebdb1b67fb8b1942109db8416ad021,.geojson,reference_data
reference_data/experiment_benchmark/oa_mae_revision/annotation/geoms/changes/CHG_heavy_cloud_0153.geojson,672,b1fd617692158c1d015f58b71c9cd5dafde604f3dbeb533be1c3f3e0dbab88a4,.geojson,reference_data
reference_data/experiment_benchmark/oa_mae_revision/annotation/geoms/changes/CHG_heavy_cloud_0154.geojson,674,22864bdd337275dd2271c98ebb327e985425680a30428fb078056e985db99c50,.geojson,reference_data
reference_data/experiment_benchmark/oa_mae_revision/annotation/geoms/changes/CHG_heavy_cloud_0155.geojson,677,2db5a1826ffcb8afb673bdd8f6cceb9e38d56c84bbcec71a4cd52079a1c35af3,.geojson,reference_data
reference_data/experiment_benchmark/oa_mae_revision/annotation/geoms/changes/CHG_heavy_cloud_0156.geojson,673,ea8c3ed515dc36e0062d77489f20737f47a67ee1f714bf0c0b0cc3f89f0a4ad4,.geojson,reference_data
reference_data/experiment_benchmark/oa_mae_revision/annotation/geoms/changes/CHG_heavy_cloud_0157.geojson,672,8803462d021789b4cafd48db90b9e433db6acef2c742303a96cdb9e7f97d6fa7,.geojson,reference_data
reference_data/experiment_benchmark/oa_mae_revision/annotation/geoms/changes/CHG_heavy_cloud_0158.geojson,672,ed9d24cf1a7d5883e6d8cf5b76901ef9918921a38106fd8cece858e5c200f582,.geojson,reference_data
reference_data/experiment_benchmark/oa_mae_revision/annotation/geoms/changes/CHG_heavy_cloud_0159.geojson,672,f5afa28070f949e31a773522d731fac4848eff91db5104ef6f0daaac0cbbd53d,.geojson,reference_data
reference_data/experiment_benchmark/oa_mae_revision/annotation/geoms/changes/CHG_heavy_cloud_0160.geojson,677,aed6927cccd07b4c9c846e438c423f5fd579d7aba5010d47f16dec842a00b1f6,.geojson,reference_data
reference_data/experiment_benchmark/oa_mae_revision/annotation/geoms/changes/CHG_heavy_cloud_0161.geojson,670,1bd28cc1a17a639a6db07b6f1f0b19a7babe0bd6c15ac6c70951a0e1c47d25e6,.geojson,reference_data
reference_data/experiment_benchmark/oa_mae_revision/annotation/geoms/changes/CHG_heavy_cloud_0162.geojson,675,f3ea06aa64bb80849d86c1a2ac9ad29904dd21e0bd3b60d51b6e44b87d3f005a,.geojson,reference_data
reference_data/experiment_benchmark/oa_mae_revision/annotation/geoms/changes/CHG_heavy_cloud_0163.geojson,668,5ad8e5a0cc6e5e39542b095ae91169384d2588d8047c190db8a3e2f3ad7b067b,.geojson,reference_data
reference_data/experiment_benchmark/oa_mae_revision/annotation/geoms/changes/CHG_heavy_cloud_0164.geojson,679,2a5aa210456749f73e3ab599115997ae3b753d6c72262d6bd780ce81c513c2dd,.geojson,reference_data
reference_data/experiment_benchmark/oa_mae_revision/annotation/geoms/changes/CHG_heavy_cloud_0165.geojson,678,316c3852bb3afd28be37aa2fda8a224c7dc02bf8a97893a6f2b5352f11193f36,.geojson,reference_data
reference_data/experiment_benchmark/oa_mae_revision/annotation/geoms/changes/CHG_heavy_cloud_0166.geojson,677,bc186d61e2b04205aed8030bb3d9aa767e492b3fcd60456e6920da333cce0fd0,.geojson,reference_data
reference_data/experiment_benchmark/oa_mae_revision/annotation/geoms/changes/CHG_heavy_cloud_0167.geojson,675,e715784b5a73fd59a3aff94039761126135afd3510d6322a3f700f572a40c167,.geojson,reference_data
reference_data/experiment_benchmark/oa_mae_revision/annotation/geoms/changes/CHG_heavy_cloud_0168.geojson,672,d108976a44314bbf17329165659d358e0924e54dc9130c3c5f26271f5318da2f,.geojson,reference_data
reference_data/experiment_benchmark/oa_mae_revision/annotation/geoms/changes/CHG_heavy_cloud_0169.geojson,677,b12509a2e373cd3505b7ae2c41e55bd85e2bda605d9a434774a9f7db641817d2,.geojson,reference_data
reference_data/experiment_benchmark/oa_mae_revision/annotation/geoms/changes/CHG_heavy_cloud_0170.geojson,673,ff2cbfbd36e88e18e2f36f740eda8dd39a1bd16821624273eb0bc2f507578f21,.geojson,reference_data
reference_data/experiment_benchmark/oa_mae_revision/annotation/geoms/changes/CHG_heavy_cloud_0171.geojson,677,ff9ae71b1f120d27706e007cd4846e1d7b0983602c821fa2dab6842840cfa2df,.geojson,reference_data
reference_data/experiment_benchmark/oa_mae_revision/annotation/geoms/changes/CHG_heavy_cloud_0172.geojson,666,b5d5659bf9cd9960664f662f3099b1aec9f88ca983daf5b440b6347236fc0ab3,.geojson,reference_data
reference_data/experiment_benchmark/oa_mae_revision/annotation/geoms/changes/CHG_heavy_cloud_0173.geojson,677,42011877dfdb34b2a74332f598f81f26e15dfe03282232814d49c7411a44c0a2,.geojson,reference_data
reference_data/experiment_benchmark/oa_mae_revision/annotation/geoms/changes/CHG_heavy_cloud_0174.geojson,672,69c97d44e365ca4f894a0e13715969f949786e357995298b9e868209eb0019d9,.geojson,reference_data
reference_data/experiment_benchmark/oa_mae_revision/annotation/geoms/changes/CHG_heavy_cloud_0175.geojson,677,b1b737ca0c7a4451e8b6ab7361d17fd9bf77da06357cfcff5f456abf635bec80,.geojson,reference_data
reference_data/experiment_benchmark/oa_mae_revision/annotation/geoms/changes/CHG_heavy_cloud_0176.geojson,673,6832491fee7dfad06fff7414ff0f95a7ad5162f69334ee2c1941b87423b78669,.geojson,reference_data
reference_data/experiment_benchmark/oa_mae_revision/annotation/geoms/changes/CHG_heavy_cloud_0177.geojson,672,a3618d6b2e0cc864dc872250893e63825b9451013aeec2d0979f52f35aa769ec,.geojson,reference_data
reference_data/experiment_benchmark/oa_mae_revision/annotation/geoms/changes/CHG_heavy_cloud_0178.geojson,670,1d2d549a1eaed0bf5e15e8770ec03e9fee46377626a2889c8b10d599c2479bd0,.geojson,reference_data
reference_data/experiment_benchmark/oa_mae_revision/annotation/geoms/changes/CHG_heavy_cloud_0179.geojson,677,61ffdac101cba8c1598f1d2909e874b42877108935a57872aa11770d9c775c5e,.geojson,reference_data
reference_data/experiment_benchmark/oa_mae_revision/annotation/geoms/changes/CHG_heavy_cloud_0180.geojson,677,d1f9c1ecc53d48e3710ff24afe537bb738a99049a0e152569e91c6e09bfe8354,.geojson,reference_data
reference_data/experiment_benchmark/oa_mae_revision/annotation/geoms/changes/CHG_heavy_cloud_0181.geojson,672,50c9e0524a58881b9533f24535bb31f3a05d218985154e6bf6b2c18e6ed5ba9f,.geojson,reference_data
reference_data/experiment_benchmark/oa_mae_revision/annotation/geoms/changes/CHG_heavy_cloud_0182.geojson,680,2cecb6cd78cd554738651ae0edacbd12fe78848eb92b6c19faf6c57ddbcef45d,.geojson,reference_data
reference_data/experiment_benchmark/oa_mae_revision/annotation/geoms/changes/CHG_heavy_cloud_0183.geojson,675,3915e6785ab682a9263655ba9c8ccb669dc6847314e92bab070f6dfed542a415,.geojson,reference_data
reference_data/experiment_benchmark/oa_mae_revision/annotation/geoms/changes/CHG_heavy_cloud_0184.geojson,677,817f08028c87164896f0e2bd424da40ef4dfffbd76d418a313c34ba990fe88f7,.geojson,reference_data
reference_data/experiment_benchmark/oa_mae_revision/annotation/geoms/changes/CHG_heavy_cloud_0185.geojson,675,158924194e3d8400fd3ba6286aa11eda57af38385ced10bdbf9c04877654f960,.geojson,reference_data
reference_data/experiment_benchmark/oa_mae_revision/annotation/geoms/changes/CHG_heavy_cloud_0186.geojson,675,36e76cf6ee388959ff973c8fb4cfac08828f49defe4f24222711f963ca1a76c9,.geojson,reference_data
reference_data/experiment_benchmark/oa_mae_revision/annotation/geoms/changes/CHG_heavy_cloud_0187.geojson,669,ac73888d92a62652516733bce78aa47c505bf761e1819a554b28a4a13a9c7ca0,.geojson,reference_data
reference_data/experiment_benchmark/oa_mae_revision/annotation/geoms/changes/CHG_heavy_cloud_0188.geojson,674,e51d65ebc052982e41a6c8bb797bc59db29b711b27e32a227ca6ba87681b9142,.geojson,reference_data
reference_data/experiment_benchmark/oa_mae_revision/annotation/geoms/changes/CHG_heavy_cloud_0189.geojson,680,2a09a8a5f27061cec4de95093b6081faea4b9bfb29bdcf1b055e9f905be2d76d,.geojson,reference_data
reference_data/experiment_benchmark/oa_mae_revision/annotation/geoms/changes/CHG_heavy_cloud_0190.geojson,672,c44e2cddc58d7e4fe1ca0278f00f31dfb0672b9afdef92c186afcb0cb3951dfe,.geojson,reference_data
reference_data/experiment_benchmark/oa_mae_revision/annotation/geoms/changes/CHG_heavy_cloud_0191.geojson,672,2bbf020e1e097f1dc359f2f3b79a60c0949f450155bc0fe2259b47460d9522e2,.geojson,reference_data
reference_data/experiment_benchmark/oa_mae_revision/annotation/geoms/changes/CHG_heavy_cloud_0192.geojson,677,d1ab26e8a86b1ad4ead140900d05add3e1a70e3517b3c0ba285651bb341c4381,.geojson,reference_data
reference_data/experiment_benchmark/oa_mae_revision/annotation/geoms/changes/CHG_heavy_cloud_0193.geojson,679,8709fcbf7cbdbad6a839cd8088afce11bd4ad6355f41348237f99e101e303c74,.geojson,reference_data
reference_data/experiment_benchmark/oa_mae_revision/annotation/geoms/changes/CHG_heavy_cloud_0194.geojson,674,b372a58f233e03374e778c404a790e59db688b6421a4c484bb4ebfef39997973,.geojson,reference_data
reference_data/experiment_benchmark/oa_mae_revision/annotation/geoms/changes/CHG_heavy_cloud_0195.geojson,675,a628d42419930052c724a725b43beed3d6a32383d90279657cd013175c9f8222,.geojson,reference_data
reference_data/experiment_benchmark/oa_mae_revision/annotation/geoms/changes/CHG_heavy_cloud_0196.geojson,669,a62df0fb0c7ef71a568843f18ea5d7332bb8e59d3adbbc7518c4d144c709ec4d,.geojson,reference_data
reference_data/experiment_benchmark/oa_mae_revision/annotation/geoms/changes/CHG_heavy_cloud_0197.geojson,673,426e83070cb07d460aaccf19660285be9b15c3083610e0dbc7cd7480b247e17f,.geojson,reference_data
reference_data/experiment_benchmark/oa_mae_revision/annotation/geoms/changes/CHG_informal_small_roofs_0000.geojson,704,c4c7f9a250ab1dee7a46f15a12dbc622d4c14fda6e9eb18c947f897c8b886754,.geojson,reference_data
reference_data/experiment_benchmark/oa_mae_revision/annotation/geoms/changes/CHG_informal_small_roofs_0001.geojson,701,b2f7a9f4ba1d35b9cbc6e9d46509513be05edb750786d552e2f2fa90274f39af,.geojson,reference_data
reference_data/experiment_benchmark/oa_mae_revision/annotation/geoms/changes/CHG_informal_small_roofs_0002.geojson,698,63c991cb789f58cbb5be306ce37e0569fff6419c90e0cdcb167d89fadc58a3a4,.geojson,reference_data
reference_data/experiment_benchmark/oa_mae_revision/annotation/geoms/changes/CHG_informal_small_roofs_0003.geojson,704,62b6d4c41fb00cee354389072514d8fad69d639d5e64e842bdcde4c7bec722f9,.geojson,reference_data
reference_data/experiment_benchmark/oa_mae_revision/annotation/geoms/changes/CHG_informal_small_roofs_0004.geojson,701,307bcec16da513a14c59e4988eaa3a6d44f380ec9a4da3126965e28ac724561c,.geojson,reference_data
reference_data/experiment_benchmark/oa_mae_revision/annotation/geoms/changes/CHG_informal_small_roofs_0005.geojson,699,f518a57ea3253205f575ef682e10a58545c8d3220e7674f7bc25d40e1bf47186,.geojson,reference_data
reference_data/experiment_benchmark/oa_mae_revision/annotation/geoms/changes/CHG_informal_small_roofs_0006.geojson,699,00bcfdb40a32f586f660e947483648853f5156d5b27f6ac02e5beff11db097b5,.geojson,reference_data
reference_data/experiment_benchmark/oa_mae_revision/annotation/geoms/changes/CHG_informal_small_roofs_0007.geojson,696,6aa1e20db05b5d073f61b6838508d52a116b8576fc2d0bb2a202a4c6b1096ecb,.geojson,reference_data
reference_data/experiment_benchmark/oa_mae_revision/annotation/geoms/changes/CHG_informal_small_roofs_0008.geojson,701,9370aecd3874a28ed2a84e494a6534369b14e3bf169cd5ced8650c278942bd41,.geojson,reference_data
reference_data/experiment_benchmark/oa_mae_revision/annotation/geoms/changes/CHG_informal_small_roofs_0009.geojson,704,98f5992d64af6821a1990b25d698137890e76754b5ff5f35511f3ccf090b5e3e,.geojson,reference_data
reference_data/experiment_benchmark/oa_mae_revision/annotation/geoms/changes/CHG_informal_small_roofs_0010.geojson,705,017872d5f2b35fe31cced4f934f25ad4eba36b4cbfb7c82d3c4f746e63540ae7,.geojson,reference_data
reference_data/experiment_benchmark/oa_mae_revision/annotation/geoms/changes/CHG_informal_small_roofs_0011.geojson,702,01e14e825b4efbcf2fd032e78622bd7a68ab1566f78e8e412cee2ce87ebdfde3,.geojson,reference_data
reference_data/experiment_benchmark/oa_mae_revision/annotation/geoms/changes/CHG_informal_small_roofs_0012.geojson,699,bb7599088bb72bf405ff0713fb4871a467a42199b3ccf37dc9e14a7c21bf8b95,.geojson,reference_data
reference_data/experiment_benchmark/oa_mae_revision/annotation/geoms/changes/CHG_informal_small_roofs_0013.geojson,704,9469c6299561e9f88fe65117056cb936d333d37d9c11f281d29e6561baeca7b5,.geojson,reference_data
reference_data/experiment_benchmark/oa_mae_revision/annotation/geoms/changes/CHG_informal_small_roofs_0014.geojson,704,252a90e5cef609d26ab1bbd8c23042764f64b40dc19c90a95aff2133947167db,.geojson,reference_data
reference_data/experiment_benchmark/oa_mae_revision/annotation/geoms/changes/CHG_informal_small_roofs_0015.geojson,696,5d964711c6f3ef106279be243f49d06828737a47a2944fbf2cdbf55efde3a17e,.geojson,reference_data
reference_data/experiment_benchmark/oa_mae_revision/annotation/geoms/changes/CHG_informal_small_roofs_0016.geojson,704,aeabdb092cbf9258d3855fd392c601afd246619e523d2dbe354be49d3ea03fd4,.geojson,reference_data
reference_data/experiment_benchmark/oa_mae_revision/annotation/geoms/changes/CHG_informal_small_roofs_0017.geojson,697,6c2a0a01afc547ffde4ea210fe34d58f8448110d38c4756ee5150f552d2eee91,.geojson,reference_data
reference_data/experiment_benchmark/oa_mae_revision/annotation/geoms/changes/CHG_informal_small_roofs_0018.geojson,702,539b2cd7e7bda023a305f616252e5ff8da0bbc25fd28fe21c9c02fad69a942bc,.geojson,reference_data
reference_data/experiment_benchmark/oa_mae_revision/annotation/geoms/changes/CHG_informal_small_roofs_0019.geojson,704,45c2fd5e51a37e3fec1f44295e6448d8f16bdc4b362123ea86aa90b37f047dfc,.geojson,reference_data
reference_data/experiment_benchmark/oa_mae_revision/annotation/geoms/changes/CHG_informal_small_roofs_0020.geojson,703,0f77cc92064a585f83d932e971b0dbb0d2873857ba5d4b0b4ba678ad112bc08d,.geojson,reference_data
reference_data/experiment_benchmark/oa_mae_revision/annotation/geoms/changes/CHG_informal_small_roofs_0021.geojson,700,f4cea0e84147f2144d8d80703fd886067469d976159e9e1afa55d26d2156a0cb,.geojson,reference_data
reference_data/experiment_benchmark/oa_mae_revision/annotation/geoms/changes/CHG_informal_small_roofs_0022.geojson,696,cb06f23b9b1c8c44cb72f4e1ab6cf12ab83d04f2ad17a4263efe3eed749062f3,.geojson,reference_data
reference_data/experiment_benchmark/oa_mae_revision/annotation/geoms/changes/CHG_informal_small_roofs_0023.geojson,707,9042d3fd32dac1ecf76812cde7698f3a83df44af507f8da1b1b0c2e83004c64e,.geojson,reference_data
reference_data/experiment_benchmark/oa_mae_revision/annotation/geoms/changes/CHG_informal_small_roofs_0024.geojson,699,a1b054a9b16052fd7f859bf61f61a6b2cf7a58124a18ce22c32c37a6cc5a2e34,.geojson,reference_data
reference_data/experiment_benchmark/oa_mae_revision/annotation/geoms/changes/CHG_informal_small_roofs_0025.geojson,699,e3419ecef701d6b7f4b0125e37944f1c93c7102e6ae6d81b58a869131060f8e3,.geojson,reference_data
reference_data/experiment_benchmark/oa_mae_revision/annotation/geoms/changes/CHG_informal_small_roofs_0026.geojson,706,9731f5d1d67fced4a0485d01ca9a710aa56980bf57c0743aae362361281da562,.geojson,reference_data
reference_data/experiment_benchmark/oa_mae_revision/annotation/geoms/changes/CHG_informal_small_roofs_0027.geojson,704,49fdff7bebd3106e324aa1a1a3d1d0fe04711d3b3ed8243c2b7e56d39c4ddffe,.geojson,reference_data
reference_data/experiment_benchmark/oa_mae_revision/annotation/geoms/changes/CHG_informal_small_roofs_0028.geojson,709,b426874f2b47b6aab01de7d6f0e3b3fb318ff35ca0a1e7b842af4c0ac0b86299,.geojson,reference_data
reference_data/experiment_benchmark/oa_mae_revision/annotation/geoms/changes/CHG_informal_small_roofs_0029.geojson,699,baf66ba40f579a63a0df54b17c58c061af73a868f6425f6f8cded3c27ece8894,.geojson,reference_data
reference_data/experiment_benchmark/oa_mae_revision/annotation/geoms/changes/CHG_informal_small_roofs_0030.geojson,701,5ce56246286b9b049b53d74d80eeafe78ab93246b748146a0acbb6f1ab7c954f,.geojson,reference_data
reference_data/experiment_benchmark/oa_mae_revision/annotation/geoms/changes/CHG_informal_small_roofs_0031.geojson,694,4c1817ac2a096ffd1bb72d914c5368f16e7222a87a223be5f88f0abb42e3fa98,.geojson,reference_data
reference_data/experiment_benchmark/oa_mae_revision/annotation/geoms/changes/CHG_informal_small_roofs_0032.geojson,695,5ea8b9f93c6422761812589911d5e623a4c93525f6b1835421554538fdbf7faf,.geojson,reference_data
reference_data/experiment_benchmark/oa_mae_revision/annotation/geoms/changes/CHG_informal_small_roofs_0033.geojson,704,fbd874b491cdb525268a7a4da030b822a1d1e3bbae73ef45f05ecffecf460336,.geojson,reference_data
reference_data/experiment_benchmark/oa_mae_revision/annotation/geoms/changes/CHG_informal_small_roofs_0034.geojson,702,0cd9ce46aa71131b348e98b15d795cccdfd1462b007b833886b9ee658506f077,.geojson,reference_data
reference_data/experiment_benchmark/oa_mae_revision/annotation/geoms/changes/CHG_informal_small_roofs_0035.geojson,697,2e6e897b35ab859397e854ada934f4970018d2d00323b47e4b68b619734ca9ec,.geojson,reference_data
reference_data/experiment_benchmark/oa_mae_revision/annotation/geoms/changes/CHG_informal_small_roofs_0036.geojson,704,c3e8c5a668e7d364ec4daa8b55710835a76236e24a6319c8b7136bca7038c889,.geojson,reference_data
reference_data/experiment_benchmark/oa_mae_revision/annotation/geoms/changes/CHG_informal_small_roofs_0037.geojson,697,8b103a0ea9a6ca4b6d82a1db714abb970bfe52c754e9a538a81246381d361562,.geojson,reference_data
reference_data/experiment_benchmark/oa_mae_revision/annotation/geoms/changes/CHG_informal_small_roofs_0038.geojson,702,7bdf4a66d1c3eccaf920f0fc8622d95a818077b7726e7a0f2ec57a120a41c1c9,.geojson,reference_data
reference_data/experiment_benchmark/oa_mae_revision/annotation/geoms/changes/CHG_informal_small_roofs_0039.geojson,699,31ef4edbf6a338d9301f85f1520a6a2d29e28c68965d79199ff68b924aaad082,.geojson,reference_data
reference_data/experiment_benchmark/oa_mae_revision/annotation/geoms/changes/CHG_informal_small_roofs_0040.geojson,697,518abad6c5b570755bee0077687f0d623e088a18c0b8614e881b1333f38cb1f9,.geojson,reference_data
reference_data/experiment_benchmark/oa_mae_revision/annotation/geoms/changes/CHG_informal_small_roofs_0041.geojson,694,d8dc849b3b42b4620e3f484edd9aad0873bfb8a948228dc303c92e8e59b3c629,.geojson,reference_data
reference_data/experiment_benchmark/oa_mae_revision/annotation/geoms/changes/CHG_informal_small_roofs_0042.geojson,699,ff027e89b00d6fda469e8786c4c7e74eb10ca4a2b4559371407735d80b716550,.geojson,reference_data
reference_data/experiment_benchmark/oa_mae_revision/annotation/geoms/changes/CHG_informal_small_roofs_0043.geojson,701,5d8c2a1eb445197ca94c56a87a95b1d86d0ee9759c18add252b053a2752b4827,.geojson,reference_data
reference_data/experiment_benchmark/oa_mae_revision/annotation/geoms/changes/CHG_informal_small_roofs_0044.geojson,709,5488c292a831a58fb8fbb772ffc6df051f4756f020dd57e8c3fa8ed19ab650fc,.geojson,reference_data
reference_data/experiment_benchmark/oa_mae_revision/annotation/geoms/changes/CHG_informal_small_roofs_0045.geojson,704,fa0f52df4d4324e6ca147bae43b2d9d80f585694e7ca02c9525a7fc93848ecb0,.geojson,reference_data
reference_data/experiment_benchmark/oa_mae_revision/annotation/geoms/changes/CHG_informal_small_roofs_0046.geojson,697,79e11485f7a3b7983801f8dc25f98934701ef7d372378b7ab70ccdb3fac6f4f1,.geojson,reference_data
reference_data/experiment_benchmark/oa_mae_revision/annotation/geoms/changes/CHG_informal_small_roofs_0047.geojson,701,b46b8f9f7e2b987f9227df71ee2e086ceac914a396495dbff360976b72632a0b,.geojson,reference_data
reference_data/experiment_benchmark/oa_mae_revision/annotation/geoms/changes/CHG_informal_small_roofs_0048.geojson,702,17becd7a58865b3aacae928e54f335a74efd970760fba579bcfb5aebcc4c91c3,.geojson,reference_data
reference_data/experiment_benchmark/oa_mae_revision/annotation/geoms/changes/CHG_informal_small_roofs_0049.geojson,704,efa98e10d2bff356c0af3144b56f17e7484d1a4dc9018838df0a909949ebfb47,.geojson,reference_data
reference_data/experiment_benchmark/oa_mae_revision/annotation/geoms/changes/CHG_informal_small_roofs_0050.geojson,701,53ad94b35783371c05285baf9428f05087151f8f0647beaefd92c9156b95d486,.geojson,reference_data
reference_data/experiment_benchmark/oa_mae_revision/annotation/geoms/changes/CHG_informal_small_roofs_0051.geojson,699,53751be3c8efd2e4270f74132f64c960dc26e6ce88d7bcce6dd5aaab0d1d072e,.geojson,reference_data
reference_data/experiment_benchmark/oa_mae_revision/annotation/geoms/changes/CHG_informal_small_roofs_0052.geojson,706,d8b657447381af162e39130ac3ebba148b2991c0d7fb1016489c215404e52bd9,.geojson,reference_data
reference_data/experiment_benchmark/oa_mae_revision/annotation/geoms/changes/CHG_informal_small_roofs_0053.geojson,704,2d25c1f180485380f4277b034cd4d16d77411ec638df33d603983766e3b63529,.geojson,reference_data
reference_data/experiment_benchmark/oa_mae_revision/annotation/geoms/changes/CHG_informal_small_roofs_0054.geojson,702,17e022a2e7fdc4eebd62fb6ad4f69af839b7d9d2c8a5e149c853562f621616c2,.geojson,reference_data
reference_data/experiment_benchmark/oa_mae_revision/annotation/geoms/changes/CHG_informal_small_roofs_0055.geojson,699,1d7f84a2062f1d9979af8c48b6e55333517737a5c004ec9ea701e7f9e4653ffc,.geojson,reference_data
reference_data/experiment_benchmark/oa_mae_revision/annotation/geoms/changes/CHG_informal_small_roofs_0056.geojson,699,0334633f939afac2586565d612ba9e0df7c7d72bee236d116b071cc944fb07ec,.geojson,reference_data
reference_data/experiment_benchmark/oa_mae_revision/annotation/geoms/changes/CHG_informal_small_roofs_0057.geojson,705,708c6bb02ad368f8fa2bb44e177fc0d12314a21d3d68d75ef7a9d44db3d3d47f,.geojson,reference_data
reference_data/experiment_benchmark/oa_mae_revision/annotation/geoms/changes/CHG_informal_small_roofs_0058.geojson,704,aea54ac076fbdf63af3358e91c90a1269099f894e66de9104250008d0fdad5ba,.geojson,reference_data
reference_data/experiment_benchmark/oa_mae_revision/annotation/geoms/changes/CHG_informal_small_roofs_0059.geojson,698,b1ac23948c6f7aa493fd6f93bf7b49db08178536cb8ea32a21b30dd5b5b04242,.geojson,reference_data
reference_data/experiment_benchmark/oa_mae_revision/annotation/geoms/changes/CHG_informal_small_roofs_0060.geojson,703,90ec818053fc59b700f3f0ae562516d9bf20b0a0bfcaba67533a2c18631c1828,.geojson,reference_data
reference_data/experiment_benchmark/oa_mae_revision/annotation/geoms/changes/CHG_informal_small_roofs_0061.geojson,702,65686398ecfd7f07bc2494f2a3b2947f58acbcdceda7209af13979d15119f10d,.geojson,reference_data
reference_data/experiment_benchmark/oa_mae_revision/annotation/geoms/changes/CHG_informal_small_roofs_0062.geojson,702,948537be4781d070377a419998f8f26464bc272d035e286a4a1c5fa477cc7f2f,.geojson,reference_data
reference_data/experiment_benchmark/oa_mae_revision/annotation/geoms/changes/CHG_informal_small_roofs_0063.geojson,699,d0baae4a84a4dd111910897b22f503ae9cab39516955cfd2ba09d13ac386655c,.geojson,reference_data
reference_data/experiment_benchmark/oa_mae_revision/annotation/geoms/changes/CHG_informal_small_roofs_0064.geojson,699,33e85f0f1b4ff0c634b883d9dde1400c9bde39d9be1ff09e1b4abf65338cdc43,.geojson,reference_data
reference_data/experiment_benchmark/oa_mae_revision/annotation/geoms/changes/CHG_informal_small_roofs_0065.geojson,704,9c0156f0401baed10b2f3514412e9d69d822121541d528b7528499ecc44a2369,.geojson,reference_data
reference_data/experiment_benchmark/oa_mae_revision/annotation/geoms/changes/CHG_informal_small_roofs_0066.geojson,709,dda68c42508e2b8eec4c1e50e221b8bc9967ea0139dc57a18d03883953e13a40,.geojson,reference_data
reference_data/experiment_benchmark/oa_mae_revision/annotation/geoms/changes/CHG_informal_small_roofs_0067.geojson,706,01d867f50886ee66dcac4e32dbbc1c5b08f945ac57234da2a073f187cdd64879,.geojson,reference_data
reference_data/experiment_benchmark/oa_mae_revision/annotation/geoms/changes/CHG_informal_small_roofs_0068.geojson,696,4af870b0cd486797ec1c149eac5fed102612e005e41a3110bed10df02b4d3c60,.geojson,reference_data
reference_data/experiment_benchmark/oa_mae_revision/annotation/geoms/changes/CHG_informal_small_roofs_0069.geojson,701,9e02d77c206cfa8753118e2b149244bab6b9c8e2b689191f170f89f42e5d5fd8,.geojson,reference_data
reference_data/experiment_benchmark/oa_mae_revision/annotation/geoms/changes/CHG_informal_small_roofs_0070.geojson,699,ab887bc3e1efd2fcea9a90f47f14038f49345597011ffc66844f5d9110d665f4,.geojson,reference_data
reference_data/experiment_benchmark/oa_mae_revision/annotation/geoms/changes/CHG_informal_small_roofs_0071.geojson,699,737799ecf12cd813d5dd1fd297a5ce0d0c4ce7e129e70be1810b579ce983a5a5,.geojson,reference_data
reference_data/experiment_benchmark/oa_mae_revision/annotation/geoms/changes/CHG_informal_small_roofs_0072.geojson,695,89603fc1acadeb2136f5cd505d02c387ef5b3dc10dbbe6aabe02e809b71c7452,.geojson,reference_data
reference_data/experiment_benchmark/oa_mae_revision/annotation/geoms/changes/CHG_informal_small_roofs_0073.geojson,704,8a376d1fea6e9886b4bbeebf99d1f35a3b843bfee8be26d8689b547a9516a165,.geojson,reference_data
reference_data/experiment_benchmark/oa_mae_revision/annotation/geoms/changes/CHG_informal_small_roofs_0074.geojson,704,1936b6a9a49210d753dccdda95cbdd5e28ed3466acd4d1f54a8f8bdcc484fff7,.geojson,reference_data
reference_data/experiment_benchmark/oa_mae_revision/annotation/geoms/changes/CHG_informal_small_roofs_0075.geojson,704,4dae27a498b39e5a43e2c33333d5fd464d0f27f9cef82f18b642efff27720d45,.geojson,reference_data
reference_data/experiment_benchmark/oa_mae_revision/annotation/geoms/changes/CHG_informal_small_roofs_0076.geojson,707,5385dc91273be024a7a225f6f0d731bceb80c5638a84ea780918c888de15f222,.geojson,reference_data
reference_data/experiment_benchmark/oa_mae_revision/annotation/geoms/changes/CHG_informal_small_roofs_0077.geojson,705,391b922d198f86c0ddf83ecbb498e0dedf9c628a9e6bf9abe2263583302b4456,.geojson,reference_data
reference_data/experiment_benchmark/oa_mae_revision/annotation/geoms/changes/CHG_informal_small_roofs_0078.geojson,706,04a2e6caf3c2244310c8996b29b4600295af3d1ea9e22e0d00f2dc3d15a26e52,.geojson,reference_data
reference_data/experiment_benchmark/oa_mae_revision/annotation/geoms/changes/CHG_informal_small_roofs_0079.geojson,699,054a62977062d931f7c497960f05939066ee7a9c99352a00a00c2bfc446b7864,.geojson,reference_data
reference_data/experiment_benchmark/oa_mae_revision/annotation/geoms/changes/CHG_informal_small_roofs_0080.geojson,699,6e240dc00e7a51ea5083756f7957b46d31ed2a79bd6540a55085df0c40033596,.geojson,reference_data
reference_data/experiment_benchmark/oa_mae_revision/annotation/geoms/changes/CHG_informal_small_roofs_0081.geojson,698,ed12a0160db20bbefc8df92fd63e667cf6d7ea2ccd1a5dad32cf7c20ce2c5536,.geojson,reference_data
reference_data/experiment_benchmark/oa_mae_revision/annotation/geoms/changes/CHG_informal_small_roofs_0082.geojson,701,8774a5c8d99df455267681731314e2b0089a23847d81fdfb802dfc78525742a3,.geojson,reference_data
reference_data/experiment_benchmark/oa_mae_revision/annotation/geoms/changes/CHG_informal_small_roofs_0083.geojson,701,3ef972c5ee55f3d48e62619b534e6ecf487e8f63701f14b073b2e2594c0e6024,.geojson,reference_data
reference_data/experiment_benchmark/oa_mae_revision/annotation/geoms/changes/CHG_informal_small_roofs_0084.geojson,694,f6e126e49b9b0188b1b696b806c0dee88a638f9a189a7b45717684cf028704db,.geojson,reference_data
reference_data/experiment_benchmark/oa_mae_revision/annotation/geoms/changes/CHG_informal_small_roofs_0085.geojson,704,807d74fbc4508ceeaf9f5837158c295fa34f180b0158aa99fa4ad05dcde4b72a,.geojson,reference_data
reference_data/experiment_benchmark/oa_mae_revision/annotation/geoms/changes/CHG_informal_small_roofs_0086.geojson,702,13cfd2bb4c21a49c661562f2b98d5ecdbb6d26dae521fbb64ab055edd8dbbbdd,.geojson,reference_data
reference_data/experiment_benchmark/oa_mae_revision/annotation/geoms/changes/CHG_informal_small_roofs_0087.geojson,704,5daedb53b0461fb6c9e12e702576e5bbe348e82ae111ed161ce09dd04a9efff7,.geojson,reference_data
reference_data/experiment_benchmark/oa_mae_revision/annotation/geoms/changes/CHG_informal_small_roofs_0088.geojson,702,470ccb968976f4070439666b0ad09b722e844f1c94fcd6c1d833c5944995d31c,.geojson,reference_data
reference_data/experiment_benchmark/oa_mae_revision/annotation/geoms/changes/CHG_informal_small_roofs_0089.geojson,696,674906178bfeb404bb649ab0488a20cdd0e759436021fdce6cd7df24ca7e0654,.geojson,reference_data
reference_data/experiment_benchmark/oa_mae_revision/annotation/geoms/changes/CHG_informal_small_roofs_0090.geojson,701,00b446aea31fa8f21f84dfd39867c473f0a968069660f534912c9ad6c6438d1d,.geojson,reference_data
reference_data/experiment_benchmark/oa_mae_revision/annotation/geoms/changes/CHG_informal_small_roofs_0091.geojson,707,9ab3c9aadb8dbd935f8e7b31107f169f31adab578bcd8eb5591484285712937a,.geojson,reference_data
reference_data/experiment_benchmark/oa_mae_revision/annotation/geoms/changes/CHG_informal_small_roofs_0092.geojson,701,9e1631cdded4bbc1b9bb07ab7241eb6c6a6e300bf85aef27c8a7d95e99016598,.geojson,reference_data
reference_data/experiment_benchmark/oa_mae_revision/annotation/geoms/changes/CHG_informal_small_roofs_0093.geojson,704,293cb9b98d575779a0e00f96e8e38a7199684607e1b180d2df78409278431abe,.geojson,reference_data
reference_data/experiment_benchmark/oa_mae_revision/annotation/geoms/changes/CHG_informal_small_roofs_0094.geojson,702,634d8e5e13895f693a3f8c31dfd44fb477ee9c95253e14f6583b9e213a933df7,.geojson,reference_data
reference_data/experiment_benchmark/oa_mae_revision/annotation/geoms/changes/CHG_informal_small_roofs_0095.geojson,704,0c38ad3d3a8aecb353c2aad1df16e6ff30c261d477f3bfbece325c2e30781826,.geojson,reference_data
reference_data/experiment_benchmark/oa_mae_revision/annotation/geoms/changes/CHG_informal_small_roofs_0096.geojson,702,95899bb64858069c1e831b9f4339e1b16314950d27d727fac712c60cbc0300f5,.geojson,reference_data
reference_data/experiment_benchmark/oa_mae_revision/annotation/geoms/changes/CHG_informal_small_roofs_0097.geojson,704,bc66616072cab70355fd72479c196561b9489a2be323786feaf7b21ef5948354,.geojson,reference_data
reference_data/experiment_benchmark/oa_mae_revision/annotation/geoms/changes/CHG_informal_small_roofs_0098.geojson,699,6fd42215d82d0203c645fefc83ee906cf51bd88659a879bf14611ceba35101cd,.geojson,reference_data
reference_data/experiment_benchmark/oa_mae_revision/annotation/geoms/changes/CHG_informal_small_roofs_0099.geojson,705,7df143d421b82f8f9460d1c291c60aa4c97c30062216b675783b24dffc66d673,.geojson,reference_data
reference_data/experiment_benchmark/oa_mae_revision/annotation/geoms/changes/CHG_informal_small_roofs_0100.geojson,699,0fc06237077d934e0ad181761e64a43c535106f4a918d28207f2b24c83b8fae2,.geojson,reference_data
reference_data/experiment_benchmark/oa_mae_revision/annotation/geoms/changes/CHG_informal_small_roofs_0101.geojson,699,f4eaf5d2f081918ef6882bdee4d7c784b5977786e520a6c258d3c3432780d4cb,.geojson,reference_data
reference_data/experiment_benchmark/oa_mae_revision/annotation/geoms/changes/CHG_informal_small_roofs_0102.geojson,699,ccb6f4ba76d7862aec7e9204f9ae9e7bbb81c2c1a39de4ce4d70bb125f33849f,.geojson,reference_data
reference_data/experiment_benchmark/oa_mae_revision/annotation/geoms/changes/CHG_informal_small_roofs_0103.geojson,701,48655bb0b59559563838987408cde37b82c7a2116f77d7000efd0c8822b4b932,.geojson,reference_data
reference_data/experiment_benchmark/oa_mae_revision/annotation/geoms/changes/CHG_informal_small_roofs_0104.geojson,704,ce7fafa26deb49e0677f7fca7f5e048a37c2b2801302c41406f8a45a9a20e929,.geojson,reference_data
reference_data/experiment_benchmark/oa_mae_revision/annotation/geoms/changes/CHG_informal_small_roofs_0105.geojson,705,726acb62000374499a6553d20b6f0f336f95db41c079571d169c18100c427f7d,.geojson,reference_data
reference_data/experiment_benchmark/oa_mae_revision/annotation/geoms/changes/CHG_informal_small_roofs_0106.geojson,699,732f6504e2426fb287005a69ef1ff87d3816b4bc30244881b87a4504c5aa6d00,.geojson,reference_data
reference_data/experiment_benchmark/oa_mae_revision/annotation/geoms/changes/CHG_informal_small_roofs_0107.geojson,703,b09f7b3c5893aa0cfab437903e4c9953a9e4426e455565af7a607a7b4a237b59,.geojson,reference_data
reference_data/experiment_benchmark/oa_mae_revision/annotation/geoms/changes/CHG_informal_small_roofs_0108.geojson,704,af2a6629e7ed08208861200d2afe99aa026eaf3f45c1dfd4acc24d66e823344a,.geojson,reference_data
reference_data/experiment_benchmark/oa_mae_revision/annotation/geoms/changes/CHG_informal_small_roofs_0109.geojson,701,733e387cf4467f09ea53b766c8b11d974e70bbb425f79db0070e4716fefe85e0,.geojson,reference_data
reference_data/experiment_benchmark/oa_mae_revision/annotation/geoms/changes/CHG_informal_small_roofs_0110.geojson,704,5fb8972f22f05f6eafa1e6504a6003dd90e57d5d71dd4776cc6d0cc88f15d7f0,.geojson,reference_data
reference_data/experiment_benchmark/oa_mae_revision/annotation/geoms/changes/CHG_informal_small_roofs_0111.geojson,709,c9bd72b450ad1775766fd40ada29a241737d410c39bf340f13b6e5eb74ff3f53,.geojson,reference_data
reference_data/experiment_benchmark/oa_mae_revision/annotation/geoms/changes/CHG_informal_small_roofs_0112.geojson,704,7f88b0522046e911b180a1679bacd87aec4ebda2b7fe1d9c7162ebecc6bcd268,.geojson,reference_data
reference_data/experiment_benchmark/oa_mae_revision/annotation/geoms/changes/CHG_informal_small_roofs_0113.geojson,704,3d106a82ff0efaead13ca5e4acc308a599a2ecc20f523f935ea1dc649b604eaa,.geojson,reference_data
reference_data/experiment_benchmark/oa_mae_revision/annotation/geoms/changes/CHG_informal_small_roofs_0114.geojson,701,6136c91994646f7aff2e3ade01b9ceb7f58fed5e949da1f0bcdbc469806471d5,.geojson,reference_data
reference_data/experiment_benchmark/oa_mae_revision/annotation/geoms/changes/CHG_informal_small_roofs_0115.geojson,702,65df44d762f09a8af21eaa183a676914127f2a51fb877774f5611bb1685269a1,.geojson,reference_data
reference_data/experiment_benchmark/oa_mae_revision/annotation/geoms/changes/CHG_informal_small_roofs_0116.geojson,699,fcde3f3946c2ff447578a1779bfae127cbba313a77b8e80903df57a460b4292c,.geojson,reference_data
reference_data/experiment_benchmark/oa_mae_revision/annotation/geoms/changes/CHG_informal_small_roofs_0117.geojson,704,9e0db14dbe5842c4bc4ecbc9687837c9036172c37cafac8e5c810cd66bbbf6b2,.geojson,reference_data
reference_data/experiment_benchmark/oa_mae_revision/annotation/geoms/changes/CHG_informal_small_roofs_0118.geojson,696,00584c4042b6d1156b9adab1a2d81ef695125cf7d573e034617627b68feaeed1,.geojson,reference_data
reference_data/experiment_benchmark/oa_mae_revision/annotation/geoms/changes/CHG_informal_small_roofs_0119.geojson,701,a9428563184f0c491a676a51c2b2828581791dc21fbb5e666ad7d051b8d1e4cf,.geojson,reference_data
reference_data/experiment_benchmark/oa_mae_revision/annotation/geoms/changes/CHG_informal_small_roofs_0120.geojson,699,72c2b4862a637831e750c5c627fc3910d172c2da1cc11fffe27a69683f746e44,.geojson,reference_data
reference_data/experiment_benchmark/oa_mae_revision/annotation/geoms/changes/CHG_informal_small_roofs_0121.geojson,696,5bfdb81452cedf8a6b58e39f82fd80077f8f7445a3d75443a28e7342b76faa2b,.geojson,reference_data
reference_data/experiment_benchmark/oa_mae_revision/annotation/geoms/changes/CHG_informal_small_roofs_0122.geojson,702,6fb098796d28f44675f434da0bbe525bc085a05c6be5cfdf8351d74953f88088,.geojson,reference_data
reference_data/experiment_benchmark/oa_mae_revision/annotation/geoms/changes/CHG_informal_small_roofs_0123.geojson,701,837da2c85dd7ade8679ad3689fd24a1173055c6853e5c6cef1341cde221a1f10,.geojson,reference_data
reference_data/experiment_benchmark/oa_mae_revision/annotation/geoms/changes/CHG_informal_small_roofs_0124.geojson,704,96c8ac2fb6ca7cacd6c34daaa07deb20c07c092d72ece864665b42b7d2f7d821,.geojson,reference_data
reference_data/experiment_benchmark/oa_mae_revision/annotation/geoms/changes/CHG_informal_small_roofs_0125.geojson,696,ac3960493171bf14e0f8d070585765d935112f88ef31bfbd765c244d28b42f4a,.geojson,reference_data
reference_data/experiment_benchmark/oa_mae_revision/annotation/geoms/changes/CHG_informal_small_roofs_0126.geojson,700,452ca385ff39782e82fcbb438b00bbc1f7c8fa1b9aabf904570402b66c0ef471,.geojson,reference_data
reference_data/experiment_benchmark/oa_mae_revision/annotation/geoms/changes/CHG_informal_small_roofs_0127.geojson,696,b002f638e79c39f6643265b52bf7a71384044b7e7f87ff382a24d37452ce68fe,.geojson,reference_data
reference_data/experiment_benchmark/oa_mae_revision/annotation/geoms/changes/CHG_informal_small_roofs_0128.geojson,702,5c414f1a9c80dea57b4b00c86cdf134bd1870923fd320a6678132da0da8b4b7d,.geojson,reference_data
reference_data/experiment_benchmark/oa_mae_revision/annotation/geoms/changes/CHG_informal_small_roofs_0129.geojson,705,200f7498f55dfe5de648e8725a66c6d61a15bf814078a7f27ddfa14a2dde9c21,.geojson,reference_data
reference_data/experiment_benchmark/oa_mae_revision/annotation/geoms/changes/CHG_informal_small_roofs_0130.geojson,699,a694f0d01184ff595a1970cfeaca5c5015a8dd4edbedcb752918482705328dc4,.geojson,reference_data
reference_data/experiment_benchmark/oa_mae_revision/annotation/geoms/changes/CHG_informal_small_roofs_0131.geojson,704,8c806ab574adfeeca1373d908f5315f024ccdeaa275c32ef44fc0f415978731b,.geojson,reference_data
reference_data/experiment_benchmark/oa_mae_revision/annotation/geoms/changes/CHG_informal_small_roofs_0132.geojson,709,620c676ac0e7265c1720c767b9c817e2a8b67d712ae95b9a69d00087c41647a7,.geojson,reference_data
reference_data/experiment_benchmark/oa_mae_revision/annotation/geoms/changes/CHG_informal_small_roofs_0133.geojson,699,413d33928ca61ff76b6015732ad485683180e9c39737c4c270253335bd1ce565,.geojson,reference_data
reference_data/experiment_benchmark/oa_mae_revision/annotation/geoms/changes/CHG_informal_small_roofs_0134.geojson,704,2ccf05f58f749ae356e67e568d115319083aa7772175fc813be3df3c17a96198,.geojson,reference_data
reference_data/experiment_benchmark/oa_mae_revision/annotation/geoms/changes/CHG_informal_small_roofs_0135.geojson,699,fd47905465cd35f2a0d9e082a46360fab92cfb6f2b57beea0c39c897e5e81461,.geojson,reference_data
reference_data/experiment_benchmark/oa_mae_revision/annotation/geoms/changes/CHG_informal_small_roofs_0136.geojson,696,d72810e1d27049e1ae82048c5d42a1b0c6ff38e11f2c696630c33e6131ebbe9b,.geojson,reference_data
reference_data/experiment_benchmark/oa_mae_revision/annotation/geoms/changes/CHG_informal_small_roofs_0137.geojson,701,74e13015b74b89a79467c03f389c0715256d21e32f1223a0e6aa29b3ac4bd2c6,.geojson,reference_data
reference_data/experiment_benchmark/oa_mae_revision/annotation/geoms/changes/CHG_informal_small_roofs_0138.geojson,704,d3855b87957139eb6e7e7f698f6e5b12ec307aced9c15dcec610fac56f8cc81c,.geojson,reference_data
reference_data/experiment_benchmark/oa_mae_revision/annotation/geoms/changes/CHG_informal_small_roofs_0139.geojson,699,5a4dea2cf0f583981c36022833cdea57e8247b922936cede4d48c81d9ac9ac7c,.geojson,reference_data
reference_data/experiment_benchmark/oa_mae_revision/annotation/geoms/changes/CHG_informal_small_roofs_0140.geojson,704,5dd206f5a03a4477babf25a47a83b120bc91a589a9859003ce45f9e702c30f89,.geojson,reference_data
reference_data/experiment_benchmark/oa_mae_revision/annotation/geoms/changes/CHG_informal_small_roofs_0141.geojson,707,d34dbefeeaf6ecc94200d9be330d016bd7acc1624b9ca11db4b6a14fb9461df1,.geojson,reference_data
reference_data/experiment_benchmark/oa_mae_revision/annotation/geoms/changes/CHG_informal_small_roofs_0142.geojson,702,49fd55710409765dc4af241ab910d9aa1d8c075af4f2587d42a0aace03cad6ff,.geojson,reference_data
reference_data/experiment_benchmark/oa_mae_revision/annotation/geoms/changes/CHG_informal_small_roofs_0143.geojson,703,db2faded51e1ab60e81bad5bf7e6b0a4e002e85d053839bc7db88ca9012faba4,.geojson,reference_data
reference_data/experiment_benchmark/oa_mae_revision/annotation/geoms/changes/CHG_informal_small_roofs_0144.geojson,699,84ab6ac0a43ee45759fb8574f658ecfd89055ce8e76a005c568cbf2690693722,.geojson,reference_data
reference_data/experiment_benchmark/oa_mae_revision/annotation/geoms/changes/CHG_informal_small_roofs_0145.geojson,696,d8ec1aec3bd97937bebaa079822f7e33cdd846e90a6bbe9e095ce6640e8d78ad,.geojson,reference_data
reference_data/experiment_benchmark/oa_mae_revision/annotation/geoms/changes/CHG_informal_small_roofs_0146.geojson,698,12bb944ea249965a1602af03a18d792545c3e9aad0c503cd530733573e902b98,.geojson,reference_data
reference_data/experiment_benchmark/oa_mae_revision/annotation/geoms/changes/CHG_informal_small_roofs_0147.geojson,704,df8ba28a8ee50911a0bcec42bc14aa69e459e7ae35b388ed79f6bd78abe5ed66,.geojson,reference_data
reference_data/experiment_benchmark/oa_mae_revision/annotation/geoms/changes/CHG_informal_small_roofs_0148.geojson,699,ce9a86139dd051ff18eb77eb26cdac5e3be64248fb9c973fdcfc54454480b28d,.geojson,reference_data
reference_data/experiment_benchmark/oa_mae_revision/annotation/geoms/changes/CHG_informal_small_roofs_0149.geojson,702,a7d532fb4f90a9f179da5a5ae181fe7d2358f063b597d7185e8d8d6e6f6e665e,.geojson,reference_data
reference_data/experiment_benchmark/oa_mae_revision/annotation/geoms/changes/CHG_informal_small_roofs_0150.geojson,696,8253d9259e78ff7895645117fe598f6db1063fca43e3a1e5c4f2d1fb23bf2302,.geojson,reference_data
reference_data/experiment_benchmark/oa_mae_revision/annotation/geoms/changes/CHG_informal_small_roofs_0151.geojson,699,ed6420d7867cc82c912fbbfe5eb0e1e93e286d06ede8550680ab1c9542057f35,.geojson,reference_data
reference_data/experiment_benchmark/oa_mae_revision/annotation/geoms/changes/CHG_informal_small_roofs_0152.geojson,704,76d1430c4337a90c52338a833c531fa666dc368480e3263d8e5168f4e8fe60a4,.geojson,reference_data
reference_data/experiment_benchmark/oa_mae_revision/annotation/geoms/changes/CHG_informal_small_roofs_0153.geojson,699,0ad339626010d54b25661359751f9e66e297304b734a0a085342385c08e5f4f8,.geojson,reference_data
reference_data/experiment_benchmark/oa_mae_revision/annotation/geoms/changes/CHG_informal_small_roofs_0154.geojson,704,f98682e5fc26bdc06933daeccf67b111088d6693e6d7355b1c900bb315bf2c24,.geojson,reference_data
reference_data/experiment_benchmark/oa_mae_revision/annotation/geoms/changes/CHG_informal_small_roofs_0155.geojson,699,05c784d6c0cb5e1f0b0da564e67a7c78b831d8c9e10c8b3d401aeb1661afe832,.geojson,reference_data
reference_data/experiment_benchmark/oa_mae_revision/annotation/geoms/changes/CHG_informal_small_roofs_0156.geojson,701,8c543f68550f0caff9a6ad6d3a2fd9f6bfff3ab43d3f44f1598ecf981e38a1d2,.geojson,reference_data
reference_data/experiment_benchmark/oa_mae_revision/annotation/geoms/changes/CHG_informal_small_roofs_0157.geojson,709,9e5e9f657548139e22cbf82791aee56e3943b4ac8cb554e1893c01641393f72b,.geojson,reference_data
reference_data/experiment_benchmark/oa_mae_revision/annotation/geoms/changes/CHG_informal_small_roofs_0158.geojson,701,6944e7efbff544b341358b03d37759b1d44651bd3735f5cf8fa10e8dc3f3bc58,.geojson,reference_data
reference_data/experiment_benchmark/oa_mae_revision/annotation/geoms/changes/CHG_informal_small_roofs_0159.geojson,699,08cbd88f1ad8bce32cc54dde31e94f55cba0d7a5bb4d450c9accbf9c02bc5e42,.geojson,reference_data
reference_data/experiment_benchmark/oa_mae_revision/annotation/geoms/changes/CHG_informal_small_roofs_0160.geojson,702,1d6fd116ada9e81ad271aece55574fd4f1233a913dc87aab0c0ddec4b1c0225e,.geojson,reference_data
reference_data/experiment_benchmark/oa_mae_revision/annotation/geoms/changes/CHG_informal_small_roofs_0161.geojson,701,da176083c721b5e21efe9a6f38710e27630ca4728424eaf64eb03ab8c9b3bb51,.geojson,reference_data
reference_data/experiment_benchmark/oa_mae_revision/annotation/geoms/changes/CHG_informal_small_roofs_0162.geojson,701,8fdcbd5d376e15cfa2b571bcd9cc7e616fb310f85fb6eaa79d1c36be4012a495,.geojson,reference_data
reference_data/experiment_benchmark/oa_mae_revision/annotation/geoms/changes/CHG_informal_small_roofs_0163.geojson,701,2959f5d6528c2e3e80ea14581429359c867fffe3bc42037e8cf50f6309951635,.geojson,reference_data
reference_data/experiment_benchmark/oa_mae_revision/annotation/geoms/changes/CHG_informal_small_roofs_0164.geojson,699,680642d6901fe7e516406ac41d9a939154e0b8f9f1974a2e6be65cdd19fc3ed3,.geojson,reference_data
reference_data/experiment_benchmark/oa_mae_revision/annotation/geoms/changes/CHG_informal_small_roofs_0165.geojson,704,30b1ba5edb94c62d069d8e2fccde3a998bb579a5b50ae569a8cc65e468b0c9e6,.geojson,reference_data
reference_data/experiment_benchmark/oa_mae_revision/annotation/geoms/changes/CHG_informal_small_roofs_0166.geojson,701,fa2cc6c274e787110463852ba22752b9608e248ca68542823cd9a28758206b8c,.geojson,reference_data
reference_data/experiment_benchmark/oa_mae_revision/annotation/geoms/changes/CHG_informal_small_roofs_0167.geojson,709,c293bf5e935e4692362469965cff3675698ac1fd624fbcb13f8fd27bfe24b38a,.geojson,reference_data
reference_data/experiment_benchmark/oa_mae_revision/annotation/geoms/changes/CHG_informal_small_roofs_0168.geojson,697,e09703bed50bdae61e795b84319184bc1fbd33f1a1e7bfaeb1c2ec0454419def,.geojson,reference_data
reference_data/experiment_benchmark/oa_mae_revision/annotation/geoms/changes/CHG_informal_small_roofs_0169.geojson,704,489a831045c7df016a58063301d389316fc416641c805fc81fb67b373b1fcb2d,.geojson,reference_data
reference_data/experiment_benchmark/oa_mae_revision/annotation/geoms/changes/CHG_texture_complex_0000.geojson,682,72de6ef72f43f6623010d71e1b5ce3f5fd415493849e0432e50f012ff6969c58,.geojson,reference_data
reference_data/experiment_benchmark/oa_mae_revision/annotation/geoms/changes/CHG_texture_complex_0001.geojson,683,93b1582da567aa93fbf1d07cea9b00b2cc890fca3d5f61687e502fb2bcfe4c5f,.geojson,reference_data
reference_data/experiment_benchmark/oa_mae_revision/annotation/geoms/changes/CHG_texture_complex_0002.geojson,689,2535afcf85338659aeeb9ca15f985498c9611a2bff3f66d803829cd699fa3741,.geojson,reference_data
reference_data/experiment_benchmark/oa_mae_revision/annotation/geoms/changes/CHG_texture_complex_0003.geojson,681,585adbac5a8ca511bd2ff7aecb4128ae05598eb20873807e875a142608a04c1c,.geojson,reference_data
reference_data/experiment_benchmark/oa_mae_revision/annotation/geoms/changes/CHG_texture_complex_0004.geojson,688,be58334d8b47dfac8ef988f9509a6864780c8b8f18648f42af0a3bd98f4cc773,.geojson,reference_data
reference_data/experiment_benchmark/oa_mae_revision/annotation/geoms/changes/CHG_texture_complex_0005.geojson,686,6a2a23918dd2f83cf73d37ff9c299b9b54855141afaea65db3a958b3b41c94f1,.geojson,reference_data
reference_data/experiment_benchmark/oa_mae_revision/annotation/geoms/changes/CHG_texture_complex_0006.geojson,686,f5fe5800a7402a2ea096814bf82070272414280fd8cfeaf160921ad3348b8a83,.geojson,reference_data
reference_data/experiment_benchmark/oa_mae_revision/annotation/geoms/changes/CHG_texture_complex_0007.geojson,682,ab2e95aec0f391d0566b40295375a5d21b6ac812ee652e65562a8e96b51b797b,.geojson,reference_data
reference_data/experiment_benchmark/oa_mae_revision/annotation/geoms/changes/CHG_texture_complex_0008.geojson,690,d4bc576b27a3a67c421911b7328322330a67b3295ed632691dcb7db05364484e,.geojson,reference_data
reference_data/experiment_benchmark/oa_mae_revision/annotation/geoms/changes/CHG_texture_complex_0009.geojson,684,fb6fcd07e72a6abea760050b1ada32f12acc1737c2a5576ba57dcb9944e6bebf,.geojson,reference_data
reference_data/experiment_benchmark/oa_mae_revision/annotation/geoms/changes/CHG_texture_complex_0010.geojson,689,42f0c28e2f44ecff91eb9916d918e63100016d3bbc8e53ad28151a2ccfed0180,.geojson,reference_data
reference_data/experiment_benchmark/oa_mae_revision/annotation/geoms/changes/CHG_texture_complex_0011.geojson,681,f4cd6b0f58d0e5f417875f6e77b0368e21c56ab836da70d7ea24e849fcb2dbda,.geojson,reference_data
reference_data/experiment_benchmark/oa_mae_revision/annotation/geoms/changes/CHG_texture_complex_0012.geojson,686,5a00bb1ccc6aa052d7112a8aa1a1da1a8b6281a519f02e3bca64e826e588f91a,.geojson,reference_data
reference_data/experiment_benchmark/oa_mae_revision/annotation/geoms/changes/CHG_texture_complex_0013.geojson,689,b96e7e861bffef1dac6d7defb95d215ce5e99f5f366616e22f51ef7582c83f6d,.geojson,reference_data
reference_data/experiment_benchmark/oa_mae_revision/annotation/geoms/changes/CHG_texture_complex_0014.geojson,684,e5434a016e2ab4cc4e7f7ff013d2c50ac1404ac96be66f9f9dbab3f67980e1c0,.geojson,reference_data
reference_data/experiment_benchmark/oa_mae_revision/annotation/geoms/changes/CHG_texture_complex_0015.geojson,680,5060f149f76b60aadf95da91ec3ab6b26e7b51a48729b06b0c8b74fd64d1612a,.geojson,reference_data
reference_data/experiment_benchmark/oa_mae_revision/annotation/geoms/changes/CHG_texture_complex_0016.geojson,684,44046018bce86d77567052249ec85ea5eb94f9036c56346ca77a47c68d21aa91,.geojson,reference_data
reference_data/experiment_benchmark/oa_mae_revision/annotation/geoms/changes/CHG_texture_complex_0017.geojson,689,66bf9109e535c8c16e95bf918bc6b2ed834c69d19b7d3409b05ed6f66ac5c411,.geojson,reference_data
reference_data/experiment_benchmark/oa_mae_revision/annotation/geoms/changes/CHG_texture_complex_0018.geojson,687,fa002806f41d21bd3962d4b4367c3834dcb43bb7693e0d9a5882f80b51f27ba4,.geojson,reference_data
reference_data/experiment_benchmark/oa_mae_revision/annotation/geoms/changes/CHG_texture_complex_0019.geojson,687,b55626aab7738e2ba41a538ac17f02b41a05a8a5a26252aa245d1ace171aaae2,.geojson,reference_data
reference_data/experiment_benchmark/oa_mae_revision/annotation/geoms/changes/CHG_texture_complex_0020.geojson,684,a737522c2740f69cc6fa7d42a3692fbc0ed543bed7e77671fefe13dfbeea09ac,.geojson,reference_data
reference_data/experiment_benchmark/oa_mae_revision/annotation/geoms/changes/CHG_texture_complex_0021.geojson,679,aa29ffd87f50a0cad72610c61a8f337a71159be4c40fec5445ef5e1750cb1be5,.geojson,reference_data
reference_data/experiment_benchmark/oa_mae_revision/annotation/geoms/changes/CHG_texture_complex_0022.geojson,689,a8a4d56db00e064544e930424ff5926585be8e42c37c27da89d3f486f0b7ce06,.geojson,reference_data
reference_data/experiment_benchmark/oa_mae_revision/annotation/geoms/changes/CHG_texture_complex_0023.geojson,687,3bae098a5d2c7a4e2488c078ff2e0055c08150883eb4cca447aa94ddb573632a,.geojson,reference_data
reference_data/experiment_benchmark/oa_mae_revision/annotation/geoms/changes/CHG_texture_complex_0024.geojson,684,6bb7e7664634e38fa58ecda0e7f9dddcdcdad3417158980c6d6db966f7ed33b3,.geojson,reference_data
reference_data/experiment_benchmark/oa_mae_revision/annotation/geoms/changes/CHG_texture_complex_0025.geojson,684,942b5e9150ac43a1ea99aade1a93d6cf21f5e478120acbfcd78bb58b16111dd1,.geojson,reference_data
reference_data/experiment_benchmark/oa_mae_revision/annotation/geoms/changes/CHG_texture_complex_0026.geojson,684,cd0026add99d430061c7d7afb5e54c4f8dce207cc208a6e20a9de1e3e892acea,.geojson,reference_data
reference_data/experiment_benchmark/oa_mae_revision/annotation/geoms/changes/CHG_texture_complex_0027.geojson,684,66d9cfe2145c44823e53ce20ea1d026c930f8735f917ec81716fda9878db3a99,.geojson,reference_data
reference_data/experiment_benchmark/oa_mae_revision/annotation/geoms/changes/CHG_texture_complex_0028.geojson,679,8024de786feb1585c7f54813bf633f4f18baa50954890cf79b8362366790c404,.geojson,reference_data
reference_data/experiment_benchmark/oa_mae_revision/annotation/geoms/changes/CHG_texture_complex_0029.geojson,689,efca541e6a31469a0da6ffe177c4c1a645db971cf52ab9ef02a95d73e4f53d6e,.geojson,reference_data
reference_data/experiment_benchmark/oa_mae_revision/annotation/geoms/changes/CHG_texture_complex_0030.geojson,684,182f7e331d27136b624c76be6c0ae3ebc7c8ba56dbdec600bcc019380c0d4d7b,.geojson,reference_data
reference_data/experiment_benchmark/oa_mae_revision/annotation/geoms/changes/CHG_texture_complex_0031.geojson,687,16a94a89627164b0b2cc2e489c9b202bfceaca2a2c50a40a769a078a38d7b892,.geojson,reference_data
reference_data/experiment_benchmark/oa_mae_revision/annotation/geoms/changes/CHG_texture_complex_0032.geojson,689,06d6cb171a193ebcec75cce13f9b975104d9d7a3fa8fd937c5c7deef93b4295e,.geojson,reference_data
reference_data/experiment_benchmark/oa_mae_revision/annotation/geoms/changes/CHG_texture_complex_0033.geojson,689,e37a8f18ac9800d1066f03012ff0ac09c912a9f3772a9dc8b9ad89fe7256416b,.geojson,reference_data
reference_data/experiment_benchmark/oa_mae_revision/annotation/geoms/changes/CHG_texture_complex_0034.geojson,684,6ad14184de5ca7e678b9121fb21655b1e0ac1a3f3e7d08189da5bb45d8d4c1b7,.geojson,reference_data
reference_data/experiment_benchmark/oa_mae_revision/annotation/geoms/changes/CHG_texture_complex_0035.geojson,694,819384f16d890f13c34d8977380b4f5dc75ccc40db3cc9de46ea155111e66ebe,.geojson,reference_data
reference_data/experiment_benchmark/oa_mae_revision/annotation/geoms/changes/CHG_texture_complex_0036.geojson,684,e6a3baece6eb50917f718b4ba0a68d2efac337b1bf88e5d045ce6c9cbc130cab,.geojson,reference_data
reference_data/experiment_benchmark/oa_mae_revision/annotation/geoms/changes/CHG_texture_complex_0037.geojson,691,37e304c1c8e3968f92a178dd3e378d65db7bb4bcfc19ed7c65e4f321469430f4,.geojson,reference_data
reference_data/experiment_benchmark/oa_mae_revision/annotation/geoms/changes/CHG_texture_complex_0038.geojson,684,6910f1fd34357686194a93dd137e68d725909be7bc04606aa40c9ba041ce14b8,.geojson,reference_data
reference_data/experiment_benchmark/oa_mae_revision/annotation/geoms/changes/CHG_texture_complex_0039.geojson,689,c008f7ac7d86dd83824e916c68fd9412d9c389c4d7602408c1153fc27964a518,.geojson,reference_data
reference_data/experiment_benchmark/oa_mae_revision/annotation/geoms/changes/CHG_texture_complex_0040.geojson,689,9ef5492dbc64a28e92b6e5754f56dca13b520cdc300bbf5ca0e89b2443f63e8d,.geojson,reference_data
reference_data/experiment_benchmark/oa_mae_revision/annotation/geoms/changes/CHG_texture_complex_0041.geojson,689,b4d4352f093e67216e61db72e91015903593cfb58595ed7a6b65f99ca21417c3,.geojson,reference_data
reference_data/experiment_benchmark/oa_mae_revision/annotation/geoms/changes/CHG_texture_complex_0042.geojson,689,6499e891681245a10eae9e9428ba198ae711b296323b9f57ab9ac4f6ff0288bf,.geojson,reference_data
reference_data/experiment_benchmark/oa_mae_revision/annotation/geoms/changes/CHG_texture_complex_0043.geojson,681,33d1545cbd78f1fea947d6f6d7b89d552176e1df9dd3b8d187196b78de9ef5c9,.geojson,reference_data
reference_data/experiment_benchmark/oa_mae_revision/annotation/geoms/changes/CHG_texture_complex_0044.geojson,687,c316550496d906a3a8e8ee0177fe62a6f2330a12240be8830da055c2860e5c6d,.geojson,reference_data
reference_data/experiment_benchmark/oa_mae_revision/annotation/geoms/changes/CHG_texture_complex_0045.geojson,694,584b60ecd93805d369a4e036c90ef1b391ac4b3b1efb093effbd44612cb31f20,.geojson,reference_data
reference_data/experiment_benchmark/oa_mae_revision/annotation/geoms/changes/CHG_texture_complex_0046.geojson,686,fa41ba3f9f9af5d3879a873636478366c57be1590f682cda5c1a5874c9158f45,.geojson,reference_data
reference_data/experiment_benchmark/oa_mae_revision/annotation/geoms/changes/CHG_texture_complex_0047.geojson,685,504a8bed30a85881019d801ee1d1dd9eb43ba5c3eebd017bd5b6133765343830,.geojson,reference_data
reference_data/experiment_benchmark/oa_mae_revision/annotation/geoms/changes/CHG_texture_complex_0048.geojson,681,609f65a1e8491667225cd27bdb4e7ee78a7d192a939c9a26e198c770e11d7195,.geojson,reference_data
reference_data/experiment_benchmark/oa_mae_revision/annotation/geoms/changes/CHG_texture_complex_0049.geojson,685,d0a92b347e1e1b0bf8e8214872740bb288f4442dd0401c341cfe6c940505a343,.geojson,reference_data
reference_data/experiment_benchmark/oa_mae_revision/annotation/geoms/changes/CHG_texture_complex_0050.geojson,689,148ceb043cdf1c62050570578cb5dd027a992daefd829ec2686100c1937902cf,.geojson,reference_data
reference_data/experiment_benchmark/oa_mae_revision/annotation/geoms/changes/CHG_texture_complex_0051.geojson,689,b6df73351f147c7d5256a11bc857d1e5d6cda86c6576fc0e8f92d27b499ffd0a,.geojson,reference_data
reference_data/experiment_benchmark/oa_mae_revision/annotation/geoms/changes/CHG_texture_complex_0052.geojson,682,882437d6ae8eb76e8fc5e0219f9ff28eea1a476be31ffc0b40a6415c4403bd12,.geojson,reference_data
reference_data/experiment_benchmark/oa_mae_revision/annotation/geoms/changes/CHG_texture_complex_0053.geojson,684,c0ab9cedb6f1c7f89bbbbb9a9ed9f9908fb79157fc553e468756d5da3b6ed833,.geojson,reference_data
reference_data/experiment_benchmark/oa_mae_revision/annotation/geoms/changes/CHG_texture_complex_0054.geojson,681,6c13a3246fc8014fd27e1d70187007fbfb871d69a6a4b6f8d1f86044ea2034f8,.geojson,reference_data
reference_data/experiment_benchmark/oa_mae_revision/annotation/geoms/changes/CHG_texture_complex_0055.geojson,688,ad7d03ffe79580ad0473d974fbf8bcbc9a9e53c35a6a1f82ae5fb7c38e846ed2,.geojson,reference_data
reference_data/experiment_benchmark/oa_mae_revision/annotation/geoms/changes/CHG_texture_complex_0056.geojson,684,4adf067d7ea788136d9a0892cb933f0f2098fe296620d9bc1fc006e066460ab1,.geojson,reference_data
reference_data/experiment_benchmark/oa_mae_revision/annotation/geoms/changes/CHG_texture_complex_0057.geojson,690,3bf8e59c0f78acdcde12880a45853421fded9d558bffef4708c86a878a56ceeb,.geojson,reference_data
reference_data/experiment_benchmark/oa_mae_revision/annotation/geoms/changes/CHG_texture_complex_0058.geojson,686,7d6cad3e7b5a737301b6ebb9dd88efd973734bdf67fff607ac3c39ae009809e3,.geojson,reference_data
reference_data/experiment_benchmark/oa_mae_revision/annotation/geoms/changes/CHG_texture_complex_0059.geojson,692,71783a88c51080b8286dd657401f6552a46a14a60f5a7db73139e3eb76823a66,.geojson,reference_data
reference_data/experiment_benchmark/oa_mae_revision/annotation/geoms/changes/CHG_texture_complex_0060.geojson,689,2986e09a52358c9a94422a623eb6f642fbd7f0562b07be475ace70ae62c3044a,.geojson,reference_data
reference_data/experiment_benchmark/oa_mae_revision/annotation/geoms/changes/CHG_texture_complex_0061.geojson,687,cb17b391bbdc8be3f264364af8a33c753c93c92b08cd8dcb894ba2189b03055a,.geojson,reference_data
reference_data/experiment_benchmark/oa_mae_revision/annotation/geoms/changes/CHG_texture_complex_0062.geojson,689,0f3163dc9e9f48d12cb0fcb4740547bd008be53896d790c7ca07732dd9600fd4,.geojson,reference_data
reference_data/experiment_benchmark/oa_mae_revision/annotation/geoms/changes/CHG_texture_complex_0063.geojson,684,39bc5f640694f38eaf4722628a7a79c74c7b5cf11ef77459138d5351a1f000fc,.geojson,reference_data
reference_data/experiment_benchmark/oa_mae_revision/annotation/geoms/changes/CHG_texture_complex_0064.geojson,684,f6b962da04969d8d5661fc137f11de105d86262f7032e88216c00b79b731a60c,.geojson,reference_data
reference_data/experiment_benchmark/oa_mae_revision/annotation/geoms/changes/CHG_texture_complex_0065.geojson,681,7f763af705b7fb4692f1a92e8b56edc7b6f03fd0f56af1a9a1af71872ec2e004,.geojson,reference_data
reference_data/experiment_benchmark/oa_mae_revision/annotation/geoms/changes/CHG_texture_complex_0066.geojson,681,a00b14c2ead6f595ccea2ccb2823b45ef47691aabc357793998a6d4d4b52efab,.geojson,reference_data
reference_data/experiment_benchmark/oa_mae_revision/annotation/geoms/changes/CHG_texture_complex_0067.geojson,681,7c3d24702d243ed1707ab3950b2d8e0c739b3b81f0609afeda58d6ec0d784f9a,.geojson,reference_data
reference_data/experiment_benchmark/oa_mae_revision/annotation/geoms/changes/CHG_texture_complex_0068.geojson,689,67ace147503d55fc5f3c9feb16d3c881213ac263f47d878e5c7ec18ffa0049c2,.geojson,reference_data
reference_data/experiment_benchmark/oa_mae_revision/annotation/geoms/changes/CHG_texture_complex_0069.geojson,686,53e299f3c4e94e667875698021a5ccc7f89e98da32a8845c2d4026a62fea080a,.geojson,reference_data
reference_data/experiment_benchmark/oa_mae_revision/annotation/geoms/changes/CHG_texture_complex_0070.geojson,692,eaa90d7f02e7cd6286ca4b75294672c729fa011567b5c86aec98ef0df1af6467,.geojson,reference_data
reference_data/experiment_benchmark/oa_mae_revision/annotation/geoms/changes/CHG_texture_complex_0071.geojson,682,c356d832646f4a579298489274d880863b022a5f698cd35a02ac368269254891,.geojson,reference_data
reference_data/experiment_benchmark/oa_mae_revision/annotation/geoms/changes/CHG_texture_complex_0072.geojson,687,80ee211bc639e30fc61f4c5c74caa31e2f0c52c814b55e8e9799950ce69da175,.geojson,reference_data
reference_data/experiment_benchmark/oa_mae_revision/annotation/geoms/changes/CHG_texture_complex_0073.geojson,691,6ae135002e4b0911d940afb14ffb881489ba289ec6ce0135367dbe2a974f807a,.geojson,reference_data
reference_data/experiment_benchmark/oa_mae_revision/annotation/geoms/changes/CHG_texture_complex_0074.geojson,689,57e030ea2dcc700847d9c852ee71a34327f384f0209e14b51e380c4579610969,.geojson,reference_data
reference_data/experiment_benchmark/oa_mae_revision/annotation/geoms/changes/CHG_texture_complex_0075.geojson,694,22c959bcefd5e35dfcd1720243150d383ce27fde0945ada455049380eea1788f,.geojson,reference_data
reference_data/experiment_benchmark/oa_mae_revision/annotation/geoms/changes/CHG_texture_complex_0076.geojson,687,ba3295f5552a2bf86d19dc91fbc9f9980cb430ff83d669a036367b57447e92bd,.geojson,reference_data
reference_data/experiment_benchmark/oa_mae_revision/annotation/geoms/changes/CHG_texture_complex_0077.geojson,686,79a5310540b364be1d6b62dd6c4373baf70045da9ec1fd83a1b5a5d194ac5e85,.geojson,reference_data
reference_data/experiment_benchmark/oa_mae_revision/annotation/geoms/changes/CHG_texture_complex_0078.geojson,686,09e16c0a4461ccafec8db1ce2fe1db2038b53a9069461d7aff8b28de6fc18e3d,.geojson,reference_data
reference_data/experiment_benchmark/oa_mae_revision/annotation/geoms/changes/CHG_texture_complex_0079.geojson,689,09aed949cfa1900cbe3e3bc05cd4c8df6f0a064e4ad7d8288db28b6584831660,.geojson,reference_data
reference_data/experiment_benchmark/oa_mae_revision/annotation/geoms/changes/CHG_texture_complex_0080.geojson,681,f1ed84916fc99f4e89fcb07b1425050d2ae61c2ad6b1e9457c523356a0577787,.geojson,reference_data
reference_data/experiment_benchmark/oa_mae_revision/annotation/geoms/changes/CHG_texture_complex_0081.geojson,689,4b1ba30d04c800790e81fb92525035b7ea642149f538958809a1515971cf528c,.geojson,reference_data
reference_data/experiment_benchmark/oa_mae_revision/annotation/geoms/changes/CHG_texture_complex_0082.geojson,692,dad770ea1574e4a34cf4b158ec4499e7cd3b51c54113a8873a1955d0fb48dfdd,.geojson,reference_data
reference_data/experiment_benchmark/oa_mae_revision/annotation/geoms/changes/CHG_texture_complex_0083.geojson,684,00fd813264895552db83fee7dba60f7b8fba61867e8a641d4903339b0acba375,.geojson,reference_data
reference_data/experiment_benchmark/oa_mae_revision/annotation/geoms/changes/CHG_texture_complex_0084.geojson,681,4b770232813faf352fed70be9d0551dbe76c2b149ef3e06208ec438aa1f73754,.geojson,reference_data
reference_data/experiment_benchmark/oa_mae_revision/annotation/geoms/changes/CHG_texture_complex_0085.geojson,685,34f3b0393cb43df4e40f9877bfdf9d8e5a4e977cda4a5973cd3ffb8ba320be29,.geojson,reference_data
reference_data/experiment_benchmark/oa_mae_revision/annotation/geoms/changes/CHG_texture_complex_0086.geojson,682,5f24498371ec660ed3f3912fb5dffb705f16acd72a995fa50802c58d167f1002,.geojson,reference_data
reference_data/experiment_benchmark/oa_mae_revision/annotation/geoms/changes/CHG_texture_complex_0087.geojson,684,bc8c0e2bf9e7538fbbdcab21608d95557c4c5519be62b8c4a95d2257a072bcb5,.geojson,reference_data
reference_data/experiment_benchmark/oa_mae_revision/annotation/geoms/changes/CHG_texture_complex_0088.geojson,694,1c37a35d44b2647272a97a35ab6b444e118e027ca7c61b846ea3790db9f23ef5,.geojson,reference_data
reference_data/experiment_benchmark/oa_mae_revision/annotation/geoms/changes/CHG_texture_complex_0089.geojson,684,6c7ba0bf6a12a3d858253817e639adeb01fa597abece8119c8e01ed5f009e87b,.geojson,reference_data
reference_data/experiment_benchmark/oa_mae_revision/annotation/geoms/changes/CHG_texture_complex_0090.geojson,689,a837e5cb82982709d75a443b68f6c138c488443e28287cd39b2ccf1c91e233e4,.geojson,reference_data
reference_data/experiment_benchmark/oa_mae_revision/annotation/geoms/changes/CHG_texture_complex_0091.geojson,694,5835c99aa971968acca11384a12215857f619e29caaba33a93136251f0c90d20,.geojson,reference_data
reference_data/experiment_benchmark/oa_mae_revision/annotation/geoms/changes/CHG_texture_complex_0092.geojson,690,de9fe0caa0ddd7b33cc076c5be3f388128263e159aac1258a49ec05032b3b7fc,.geojson,reference_data
reference_data/experiment_benchmark/oa_mae_revision/annotation/geoms/changes/CHG_texture_complex_0093.geojson,692,5ae56d6b82a4aeec871b4227d6eaa06a5361ad149faf745d4093359e510c2ffa,.geojson,reference_data
reference_data/experiment_benchmark/oa_mae_revision/annotation/geoms/changes/CHG_texture_complex_0094.geojson,688,d42b0000b12bdc87d34d968c3382a92e1aa5b1c70ce0946d3ab7ff18a4502e10,.geojson,reference_data
reference_data/experiment_benchmark/oa_mae_revision/annotation/geoms/changes/CHG_texture_complex_0095.geojson,687,a2df1e1673f82868180d02fff13aa36daa2821320bfdb4ab4ccbd46d6b3b5bc6,.geojson,reference_data
reference_data/experiment_benchmark/oa_mae_revision/annotation/geoms/changes/CHG_texture_complex_0096.geojson,683,4f89a98b7cb1d8228f8f691abd5dcdac4d347b50d4d52d85335d2cb6395fb33c,.geojson,reference_data
reference_data/experiment_benchmark/oa_mae_revision/annotation/geoms/changes/CHG_texture_complex_0097.geojson,684,833bad85326de8a6702ca815f4d38db2e43035f95558ad8fb4c108345d0fa830,.geojson,reference_data
reference_data/experiment_benchmark/oa_mae_revision/annotation/geoms/changes/CHG_texture_complex_0098.geojson,684,4fe2d6a64f7bfdca97aa508cae4bea88c1c068e58ba2213759f93f13781faaeb,.geojson,reference_data
reference_data/experiment_benchmark/oa_mae_revision/annotation/geoms/changes/CHG_texture_complex_0099.geojson,689,84542f7c1d4a2f124e1e17096c7a91c9af9d1f051da4f56e9c91a8a01795ef72,.geojson,reference_data
reference_data/experiment_benchmark/oa_mae_revision/annotation/geoms/changes/CHG_texture_complex_0100.geojson,681,53f6c859345f16b868e51bf85c864fafdc500f37c01d2e7f3088b7d28eaa0721,.geojson,reference_data
reference_data/experiment_benchmark/oa_mae_revision/annotation/geoms/changes/CHG_texture_complex_0101.geojson,692,613713e0a5fd3c6ea910c5629ecb366b6eb1949ef5d01ca94cd6cd06a92d7c4b,.geojson,reference_data
reference_data/experiment_benchmark/oa_mae_revision/annotation/geoms/changes/CHG_texture_complex_0102.geojson,681,8da4540ec74a7ec1f221bdd79970c4503b66199a1f9a4e57e50dfcebdc0818dc,.geojson,reference_data
reference_data/experiment_benchmark/oa_mae_revision/annotation/geoms/changes/CHG_texture_complex_0103.geojson,684,276935b552da68b6cd2a0dcfb62389e02ba4868bcc5863574131d1f448df5713,.geojson,reference_data
reference_data/experiment_benchmark/oa_mae_revision/annotation/geoms/changes/CHG_texture_complex_0104.geojson,689,6896dcd2ad20337a94a974e5d546f0cfcceb3f811445ae1c8fc612f2ba71a6ca,.geojson,reference_data
reference_data/experiment_benchmark/oa_mae_revision/annotation/geoms/changes/CHG_texture_complex_0105.geojson,686,1083133b20c336566653252727eb35c4bf147d15fde075044cf5da94e4c91eaf,.geojson,reference_data
reference_data/experiment_benchmark/oa_mae_revision/annotation/geoms/changes/CHG_texture_complex_0106.geojson,684,fcbe1bf177666ded31fb45a20c88cd89667701587b2136da7d0bbbe0c2617124,.geojson,reference_data
reference_data/experiment_benchmark/oa_mae_revision/annotation/geoms/changes/CHG_texture_complex_0107.geojson,687,e990bf19d1f744f825999ac44a00145ff959ecf3feca501d3928dc2f4a4db5b0,.geojson,reference_data
reference_data/experiment_benchmark/oa_mae_revision/annotation/geoms/changes/CHG_texture_complex_0108.geojson,689,d91ddc5730d1948b19db2efe593a59c78476c37dd460847e41c08948f960ae57,.geojson,reference_data
reference_data/experiment_benchmark/oa_mae_revision/annotation/geoms/changes/CHG_texture_complex_0109.geojson,692,7b2090ce12da001f11764be0e18dbe33d8efc66ca30a5f93aa1ea1cbbd2747eb,.geojson,reference_data
reference_data/experiment_benchmark/oa_mae_revision/annotation/geoms/changes/CHG_texture_complex_0110.geojson,682,2dbfd5a4f8cf0c658db53fc9e44d0d1771b1b9d693475a5032f71653de13e5c7,.geojson,reference_data
reference_data/experiment_benchmark/oa_mae_revision/annotation/geoms/changes/CHG_texture_complex_0111.geojson,689,6b3f6003fc66d5370c0129a4b0e802723f53030e8a23fb2f380e7f1d8237125b,.geojson,reference_data
reference_data/experiment_benchmark/oa_mae_revision/annotation/geoms/changes/CHG_texture_complex_0112.geojson,691,4cc58b8e1f2be79fb7b7b1abbb4693ac1d108009ae0ea637dfa36152f70debb5,.geojson,reference_data
reference_data/experiment_benchmark/oa_mae_revision/annotation/geoms/changes/CHG_texture_complex_0113.geojson,684,5d26c0fa88f62e7aa1596c655feb4590e079f43af56f367012b38dcd25f249aa,.geojson,reference_data
reference_data/experiment_benchmark/oa_mae_revision/annotation/geoms/changes/CHG_texture_complex_0114.geojson,679,c759c161e6cb4dee6f405dc0d73b609faa16c6a689a693c3fee6318714390e68,.geojson,reference_data
reference_data/experiment_benchmark/oa_mae_revision/annotation/geoms/changes/CHG_texture_complex_0115.geojson,684,038aff298dfc01ca2b0f9e47d0a6a26b5c2b2a457d10819c566b1434524d6a41,.geojson,reference_data
reference_data/experiment_benchmark/oa_mae_revision/annotation/geoms/changes/CHG_texture_complex_0116.geojson,689,8b99ae7bfa951d7e689d0f42ac04147f03c4bc40eb2877f4c44023041934b790,.geojson,reference_data
reference_data/experiment_benchmark/oa_mae_revision/annotation/geoms/changes/CHG_texture_complex_0117.geojson,694,c6e1f41b1067f68ad8e19a45c5ae5f92b57af841adae98f45402315868da6285,.geojson,reference_data
reference_data/experiment_benchmark/oa_mae_revision/annotation/geoms/changes/CHG_texture_complex_0118.geojson,686,921331c6060d98cc8968fd191a67cf55655a799512ee1ec6a30a33ada6877b8f,.geojson,reference_data
reference_data/experiment_benchmark/oa_mae_revision/annotation/geoms/changes/CHG_texture_complex_0119.geojson,689,8f9be4b91cfb7531d77040606beb1e1fc0c5e83b630185b339711ac294971669,.geojson,reference_data
reference_data/experiment_benchmark/oa_mae_revision/annotation/geoms/changes/CHG_texture_complex_0120.geojson,689,60f646372a016c12794d6e36a2a5af6ba680d9788c51a3a850137fbf95cbf99e,.geojson,reference_data
reference_data/experiment_benchmark/oa_mae_revision/annotation/geoms/changes/CHG_texture_complex_0121.geojson,687,70006102fa3ae8361d0717e21d1b2dbfa6dd6c03eff859db5bce7dde743bb735,.geojson,reference_data
reference_data/experiment_benchmark/oa_mae_revision/annotation/geoms/changes/CHG_texture_complex_0122.geojson,684,edeb038aacdb385f5fd731e8dcbd8d3d08471d4bcae513205e40c85a9986d761,.geojson,reference_data
reference_data/experiment_benchmark/oa_mae_revision/annotation/geoms/changes/CHG_texture_complex_0123.geojson,686,25245dc494a1cf1cbde62945af49b4d77f69124256573e2455350dbbc6347443,.geojson,reference_data
reference_data/experiment_benchmark/oa_mae_revision/annotation/geoms/changes/CHG_texture_complex_0124.geojson,679,768b3fa20c1e123928eebc28f75b985247d6bd9ae9a898620390b7b940b32391,.geojson,reference_data
reference_data/experiment_benchmark/oa_mae_revision/annotation/geoms/changes/CHG_texture_complex_0125.geojson,686,2e7e58b03d793018f555ba9942058343e811cc4e08358099b5b27d1c3cbb0e6a,.geojson,reference_data
reference_data/experiment_benchmark/oa_mae_revision/annotation/geoms/changes/CHG_texture_complex_0126.geojson,689,68d34191cf27101147d7ebeb38be79267cbfe06940962774216f7d1d2096af13,.geojson,reference_data
reference_data/experiment_benchmark/oa_mae_revision/annotation/geoms/changes/CHG_texture_complex_0127.geojson,689,3dc337cfaebf1f04e93669ee9ba1eae212bf27a9ab55d915f81b76ae18628a80,.geojson,reference_data
reference_data/experiment_benchmark/oa_mae_revision/annotation/geoms/changes/CHG_texture_complex_0128.geojson,689,a2769512674b22b199f42e3b5c32a8d08aa41cc9776c57caed33cba8885bd321,.geojson,reference_data
reference_data/experiment_benchmark/oa_mae_revision/annotation/geoms/changes/CHG_texture_complex_0129.geojson,691,1ba2b68f8bae34eea6ce1a5e1bf9396b66ac13f0fee4efb29ccf9d5475c954b6,.geojson,reference_data
reference_data/experiment_benchmark/oa_mae_revision/annotation/geoms/changes/CHG_texture_complex_0130.geojson,689,54984b08df6d5f2b8866c9d15a20c2d4b670943b1198323d1b83a8630074fb56,.geojson,reference_data
reference_data/experiment_benchmark/oa_mae_revision/annotation/geoms/changes/CHG_texture_complex_0131.geojson,686,2cf5cc0777bb36b84bc493f0da3c5c0762c17672d75809c8226d9100b1dfb34b,.geojson,reference_data
reference_data/experiment_benchmark/oa_mae_revision/annotation/geoms/changes/CHG_texture_complex_0132.geojson,684,b0deb1929b338d90a8535c4b47d7bdaf5f9bdb55a5da6c35890fb76f57905338,.geojson,reference_data
reference_data/experiment_benchmark/oa_mae_revision/annotation/geoms/changes/CHG_texture_complex_0133.geojson,689,9f60b21e820fb3da77cc754330d228137784b96b21809a76e34d39b4b8058639,.geojson,reference_data
reference_data/experiment_benchmark/oa_mae_revision/annotation/geoms/changes/CHG_texture_complex_0134.geojson,685,1a49b8a6d3207083e3231a99a48869b0626f76470b791a57dd8bc0e045eeef0d,.geojson,reference_data
reference_data/experiment_benchmark/oa_mae_revision/annotation/geoms/changes/CHG_texture_complex_0135.geojson,689,c2d73f658eb793c8a23d3863ad5595838a148b7ddb355373ee6afefbc0f59c4c,.geojson,reference_data
reference_data/experiment_benchmark/oa_mae_revision/annotation/geoms/changes/CHG_texture_complex_0136.geojson,686,03f4020bf11350aecf49e884f79133c6a32a221568e3f2983d3db5164cda7abe,.geojson,reference_data
reference_data/experiment_benchmark/oa_mae_revision/annotation/geoms/changes/CHG_texture_complex_0137.geojson,689,e9fbd42aa81f9621bb5ae553d12e0996983d31a4a0e019b0227f0122ff9ca607,.geojson,reference_data
reference_data/experiment_benchmark/oa_mae_revision/annotation/geoms/changes/CHG_texture_complex_0138.geojson,681,eb3c0ad1f5e2f928a502574c8c77e42550fb84716905ce200a25660097098c95,.geojson,reference_data
reference_data/experiment_benchmark/oa_mae_revision/annotation/geoms/changes/CHG_texture_complex_0139.geojson,684,086247a89805c8bccb49021404a6c3ce35b7c60b7386e7ad32d492e507405314,.geojson,reference_data
reference_data/experiment_benchmark/oa_mae_revision/annotation/geoms/changes/CHG_texture_complex_0140.geojson,689,adb5335779b99997f8595e8ee3083b33905e1adf9fb01e83783ea74e08d50173,.geojson,reference_data
reference_data/experiment_benchmark/oa_mae_revision/annotation/geoms/changes/CHG_texture_complex_0141.geojson,684,b9fb2565c18acd0b2fc9cd41b776c442ef237588c6b31fbf7a7bdbb8293bf98d,.geojson,reference_data
reference_data/experiment_benchmark/oa_mae_revision/annotation/geoms/changes/CHG_texture_complex_0142.geojson,689,a8217be4a192199418ee8b7d1693d5463ac5050e443160f85af517759eb31b3c,.geojson,reference_data
reference_data/experiment_benchmark/oa_mae_revision/annotation/geoms/changes/CHG_texture_complex_0143.geojson,691,31ce3d543b97fdb6eb27638c0b1a291967ea656a7c3f51b3cf7dce265ac5d7d2,.geojson,reference_data
reference_data/experiment_benchmark/oa_mae_revision/annotation/geoms/changes/CHG_texture_complex_0144.geojson,684,ec4f73a55c99d9887e6f4fcea3d9a0a356d8a9ebc6a53b6fe6ffb8ba834220a9,.geojson,reference_data
reference_data/experiment_benchmark/oa_mae_revision/annotation/geoms/changes/CHG_texture_complex_0145.geojson,692,83a45dff4cf506cca9c78db7146b01389576995c910833748293b6f2341cebb9,.geojson,reference_data
reference_data/experiment_benchmark/oa_mae_revision/annotation/geoms/changes/CHG_texture_complex_0146.geojson,684,a343f5cb055246a35c0a2c2ff4d145d02f1f5712a99833c64a991e464a684fe7,.geojson,reference_data
reference_data/experiment_benchmark/oa_mae_revision/annotation/geoms/changes/CHG_texture_complex_0147.geojson,684,4610b2d292d38851e2bc7c26ec7a2e38e7ee3aeb35dae86213824b0bd8088e49,.geojson,reference_data
reference_data/experiment_benchmark/oa_mae_revision/annotation/geoms/changes/CHG_texture_complex_0148.geojson,688,ef8efc819e314ca06ea265742ad6316072f605786b1b8645aa531eba13e8c874,.geojson,reference_data
reference_data/experiment_benchmark/oa_mae_revision/annotation/geoms/changes/CHG_texture_complex_0149.geojson,689,526859db3acaf5785cbbfc0253e230cd0b1d17585f6c632bc272f8c90e9b3303,.geojson,reference_data
reference_data/experiment_benchmark/oa_mae_revision/annotation/geoms/changes/CHG_texture_complex_0150.geojson,686,adc2cf8a7ed523676a0a3706818cfdf0714a484618b21a2acb44e5312f5d6f90,.geojson,reference_data
reference_data/experiment_benchmark/oa_mae_revision/annotation/geoms/changes/CHG_texture_complex_0151.geojson,687,3a42c206dd5ab22cfa71928b628867628d6d4fc429b6f36c2c4ead5a36b90593,.geojson,reference_data
reference_data/experiment_benchmark/oa_mae_revision/annotation/geoms/changes/CHG_texture_complex_0152.geojson,686,5544831b4ce6fe54645933c214f8d5b7b1fdc179266a361e686948fae8bc4b58,.geojson,reference_data
reference_data/experiment_benchmark/oa_mae_revision/annotation/geoms/changes/CHG_texture_complex_0153.geojson,684,4fc6fe1fda1f55ae51d764e3c9789615891596baa796f53c6d565792ee024883,.geojson,reference_data
reference_data/experiment_benchmark/oa_mae_revision/annotation/geoms/changes/CHG_texture_complex_0154.geojson,685,943a5173550901ee2438d446dec2b6ead8bdf7afabdde3df165f2e65c9b80263,.geojson,reference_data
reference_data/experiment_benchmark/oa_mae_revision/annotation/geoms/changes/CHG_texture_complex_0155.geojson,690,b87239847e1f655c0046165a0bdced624329bb270814864d0b8233c5f96e7be4,.geojson,reference_data
reference_data/experiment_benchmark/oa_mae_revision/annotation/geoms/changes/CHG_texture_complex_0156.geojson,686,aeb9dbf81659e4729e45d96516e5f56f3df9b176ba3fedf3df74be60fc75163d,.geojson,reference_data
reference_data/experiment_benchmark/oa_mae_revision/annotation/geoms/changes/CHG_texture_complex_0157.geojson,692,017199051476c0abe0851042e6dc699587921b0aec5e7ac6f3c8c29bd72a75b9,.geojson,reference_data
reference_data/experiment_benchmark/oa_mae_revision/annotation/geoms/changes/CHG_texture_complex_0158.geojson,686,fc9485945a6f217dc24f503f4d747f3986d8ae235a5da51ccfa6c4ea8d219546,.geojson,reference_data
reference_data/experiment_benchmark/oa_mae_revision/annotation/geoms/changes/CHG_texture_complex_0159.geojson,687,5333ef7e4aa55d35b3aaea91d0cc1db43761a664e53058d9058caea8b07d6149,.geojson,reference_data
reference_data/experiment_benchmark/oa_mae_revision/annotation/geoms/changes/CHG_texture_complex_0160.geojson,684,933c127418cbe7b838fcc01fc0b0add04e269a5b88db3cfe0a868c4e867cc162,.geojson,reference_data
reference_data/experiment_benchmark/oa_mae_revision/annotation/geoms/changes/CHG_texture_complex_0161.geojson,680,62a6743c755230e99e43f477fd8646ee470aaf195f5602774e8758c9964c3747,.geojson,reference_data
reference_data/experiment_benchmark/oa_mae_revision/annotation/geoms/changes/CHG_texture_complex_0162.geojson,682,b66553d16aee80de164ba5a115e6a6bb81ba84970e81c052a52ad4207d7989e1,.geojson,reference_data
reference_data/experiment_benchmark/oa_mae_revision/annotation/geoms/changes/CHG_texture_complex_0163.geojson,691,bc41448c827e0a2afd5b6e35e3657bcfb7b1b74bd4e4e318a496025505c1a384,.geojson,reference_data
reference_data/experiment_benchmark/oa_mae_revision/annotation/geoms/changes/CHG_texture_complex_0164.geojson,687,e1ceeb92de4306085dde54148dbc9c91bc49f3c04b8ac142113f8b1fc8bd794b,.geojson,reference_data
reference_data/experiment_benchmark/oa_mae_revision/annotation/geoms/changes/CHG_texture_complex_0165.geojson,683,1f4dc7fa97e2221197711ef1abe6bfee743f28f73974862b278f62ca3b40c7bb,.geojson,reference_data
reference_data/experiment_benchmark/oa_mae_revision/annotation/geoms/changes/CHG_texture_complex_0166.geojson,690,6c827f803473fc8937bd9f16c241ef81fb1b04c5df9d95b643c4351e225d8350,.geojson,reference_data
reference_data/experiment_benchmark/oa_mae_revision/annotation/geoms/changes/CHG_texture_complex_0167.geojson,684,14885e7d4ead2c728804cc228c6ef1228738bfe54620fc4369242136d35e6cb2,.geojson,reference_data
reference_data/experiment_benchmark/oa_mae_revision/annotation/geoms/changes/CHG_texture_complex_0168.geojson,687,46282324f418af29db9f44ab6eeb92af7ed360cfeefb32271d7bb5dc00034cd8,.geojson,reference_data
reference_data/experiment_benchmark/oa_mae_revision/annotation/geoms/changes/CHG_texture_complex_0169.geojson,689,d4e7794010f7f771f724e0209f367cc5121c3933407054762366ae21c81097ba,.geojson,reference_data
reference_data/experiment_benchmark/oa_mae_revision/annotation/geoms/changes/CHG_texture_complex_0170.geojson,688,cd1d78f772193a31cd3a50b6076aea86460378c13435f03cd76d86814d97c0a0,.geojson,reference_data
reference_data/experiment_benchmark/oa_mae_revision/annotation/geoms/changes/CHG_texture_complex_0171.geojson,684,4e5edce02768a8b707868163db98f0e5d27b89f1ff278dffe70478eacbace546,.geojson,reference_data
reference_data/experiment_benchmark/oa_mae_revision/annotation/geoms/changes/CHG_texture_complex_0172.geojson,687,807a56a90d811f6961acb37617c0845c6ae7262f2debb612d4c8670ca3e7141d,.geojson,reference_data
reference_data/experiment_benchmark/oa_mae_revision/annotation/geoms/changes/CHG_texture_complex_0173.geojson,683,237dea6d36f7e05cbae1b2f34ec451c8a653ab7c612f346f2d85e6b1689495f7,.geojson,reference_data
reference_data/experiment_benchmark/oa_mae_revision/annotation/geoms/proposals/PRP_clear_regular_0000.geojson,726,fb5e9a24236132954fb13f8721c5411222604af48e8e042bf34495708139f34d,.geojson,reference_data
reference_data/experiment_benchmark/oa_mae_revision/annotation/geoms/proposals/PRP_clear_regular_0001.geojson,724,bbd7d7121232db091c940439bcd5546bf8dc1f72bb33e08860dd41639b3b26a1,.geojson,reference_data
reference_data/experiment_benchmark/oa_mae_revision/annotation/geoms/proposals/PRP_clear_regular_0002.geojson,722,233beff165151b9d78c07fbb883e1b5573460e0d639999277900c2f82f5509e5,.geojson,reference_data
reference_data/experiment_benchmark/oa_mae_revision/annotation/geoms/proposals/PRP_clear_regular_0003.geojson,715,affe7d7be7f283f8876d66c17fc14a02dd55fdc734c92ac31e800f47e1afd3ae,.geojson,reference_data
reference_data/experiment_benchmark/oa_mae_revision/annotation/geoms/proposals/PRP_clear_regular_0004.geojson,718,ef811460a085e445da0d6db599a1600143565340b79aec2fcbbe9c4aa98ae057,.geojson,reference_data
reference_data/experiment_benchmark/oa_mae_revision/annotation/geoms/proposals/PRP_clear_regular_0005.geojson,720,efc794cd80664fc737aede6d1fd06c20538ce57dc39353e505cd158eeac90c43,.geojson,reference_data
reference_data/experiment_benchmark/oa_mae_revision/annotation/geoms/proposals/PRP_clear_regular_0006.geojson,721,1fe2ca9284f69d2cd392485721b4b6f5bf0aa6849607ff21c2c0f33708d03918,.geojson,reference_data
reference_data/experiment_benchmark/oa_mae_revision/annotation/geoms/proposals/PRP_clear_regular_0007.geojson,716,2ce9a36f490e2a0f7ca97a3d2ed519b5f2059579215f6f555dc4c669c068e60a,.geojson,reference_data
reference_data/experiment_benchmark/oa_mae_revision/annotation/geoms/proposals/PRP_clear_regular_0008.geojson,729,9fd40a3965761adb7d88010d67d90e34c5de6d59e811f81bee8bf2a64168fbe5,.geojson,reference_data
reference_data/experiment_benchmark/oa_mae_revision/annotation/geoms/proposals/PRP_clear_regular_0009.geojson,727,8676916b60b0a1ed148b434bf86f6167bd40892f792dda6c2e07f9e28e6b4aa0,.geojson,reference_data
reference_data/experiment_benchmark/oa_mae_revision/annotation/geoms/proposals/PRP_clear_regular_0010.geojson,729,ea8f4253244bb6ab6c7986f417bfc4a7f6d338150a515fbf09c2f214fa10ce34,.geojson,reference_data
reference_data/experiment_benchmark/oa_mae_revision/annotation/geoms/proposals/PRP_clear_regular_0011.geojson,721,d5781b7ec16ce073301235020445538e0468fd5142ecfd2b39a7f89c7b79dbb7,.geojson,reference_data
reference_data/experiment_benchmark/oa_mae_revision/annotation/geoms/proposals/PRP_clear_regular_0012.geojson,719,488572c2ffc3617b487ac12b19e549c2cc8ab769114403eb6d0b586d64d442c1,.geojson,reference_data
reference_data/experiment_benchmark/oa_mae_revision/annotation/geoms/proposals/PRP_clear_regular_0013.geojson,716,4d4fe754505502a8d64e11c3cfc095c90c426b0ff25a96f3afe62873e6e79365,.geojson,reference_data
reference_data/experiment_benchmark/oa_mae_revision/annotation/geoms/proposals/PRP_clear_regular_0014.geojson,719,17ad0399ed854628815b975b702852a24f282d7e0d057e4416cf00a51acc1e7a,.geojson,reference_data
reference_data/experiment_benchmark/oa_mae_revision/annotation/geoms/proposals/PRP_clear_regular_0015.geojson,721,1b2a37f961b7d07e1f632c108bfb7b1e2c4148a6a1615dcec952e4a36b30c87b,.geojson,reference_data
reference_data/experiment_benchmark/oa_mae_revision/annotation/geoms/proposals/PRP_clear_regular_0016.geojson,721,fda45d28a3d3e55d6732a79d784311a1bb8136a2ec99e98e407292a4f5c59c45,.geojson,reference_data
reference_data/experiment_benchmark/oa_mae_revision/annotation/geoms/proposals/PRP_clear_regular_0017.geojson,718,a1d075c143a835554767d1e6cf2941625772ef7c3b916c6bff2bfc3d7f502157,.geojson,reference_data
reference_data/experiment_benchmark/oa_mae_revision/annotation/geoms/proposals/PRP_clear_regular_0018.geojson,723,b6b70d3b3586e75dfc1cdc4e692c4b9002de7ce6d87ccfd39492f897d5811c7a,.geojson,reference_data
reference_data/experiment_benchmark/oa_mae_revision/annotation/geoms/proposals/PRP_clear_regular_0019.geojson,718,7c06ad05e15b3b5ba626e032976ee11ab318407645a41393f84173b7e67c400b,.geojson,reference_data
reference_data/experiment_benchmark/oa_mae_revision/annotation/geoms/proposals/PRP_clear_regular_0020.geojson,723,ab6c8c2e47387da31a5122f7d30ece146ca61a6b3ca3aa77371f4d20740060f2,.geojson,reference_data
reference_data/experiment_benchmark/oa_mae_revision/annotation/geoms/proposals/PRP_clear_regular_0021.geojson,726,1b7e4b82b4d8e9568c13c407618351b2484221307abb378c47a698d2b8989304,.geojson,reference_data
reference_data/experiment_benchmark/oa_mae_revision/annotation/geoms/proposals/PRP_clear_regular_0022.geojson,719,1ed02ebdf45e8c114df7e089b28625da4a0ac0322c986d3bb4ff97712cdddd09,.geojson,reference_data
reference_data/experiment_benchmark/oa_mae_revision/annotation/geoms/proposals/PRP_clear_regular_0023.geojson,722,090af178de4558d020a62743f90c6ffcb3866c61dcfa5693bfbb1fa0c9481e46,.geojson,reference_data
reference_data/experiment_benchmark/oa_mae_revision/annotation/geoms/proposals/PRP_clear_regular_0024.geojson,723,076b919d54317a71275796f5739301483125b2d72e0b3fbb444f5fdff0e75683,.geojson,reference_data
reference_data/experiment_benchmark/oa_mae_revision/annotation/geoms/proposals/PRP_clear_regular_0025.geojson,723,876f89d61215df5da005efb5fc2177d1a91cf6c334c130d96172ab8658134d65,.geojson,reference_data
reference_data/experiment_benchmark/oa_mae_revision/annotation/geoms/proposals/PRP_clear_regular_0026.geojson,726,b220e7b6a1f847e44525981c50cb261e3c99c2f8e2412b03cebf020eb31ab583,.geojson,reference_data
reference_data/experiment_benchmark/oa_mae_revision/annotation/geoms/proposals/PRP_clear_regular_0027.geojson,729,a0f6833f391fe416d0e2e12147aef624b2379bcb6ffa59db270604b73eea40cd,.geojson,reference_data
reference_data/experiment_benchmark/oa_mae_revision/annotation/geoms/proposals/PRP_clear_regular_0028.geojson,726,a6b7c3368ebd0b2ca7a5f5766574006800da313e8330d2cc4fc159d3add2d73f,.geojson,reference_data
reference_data/experiment_benchmark/oa_mae_revision/annotation/geoms/proposals/PRP_clear_regular_0029.geojson,728,eaa17600988d3da81d6ab6c794253181d36db8a8cc879d208d80f4e5a770eb7c,.geojson,reference_data
reference_data/experiment_benchmark/oa_mae_revision/annotation/geoms/proposals/PRP_clear_regular_0030.geojson,721,00cb296e888f057236587f405c12cd8b97c5d50c09c672aec84a186c9d749bd7,.geojson,reference_data
reference_data/experiment_benchmark/oa_mae_revision/annotation/geoms/proposals/PRP_clear_regular_0031.geojson,726,6d29fe338a7564b1d707a76208cdbbd0d3c4c50f3ba04b932facde97608e6789,.geojson,reference_data
reference_data/experiment_benchmark/oa_mae_revision/annotation/geoms/proposals/PRP_clear_regular_0032.geojson,726,6df5a2668061fd012088b54ce64ea5bccf61e6c003e372ef3a086347cef83a95,.geojson,reference_data
reference_data/experiment_benchmark/oa_mae_revision/annotation/geoms/proposals/PRP_clear_regular_0033.geojson,731,6832731287a726b5048875a9df99d06494714a52ed2e9fdfd706bd7395361f1a,.geojson,reference_data
reference_data/experiment_benchmark/oa_mae_revision/annotation/geoms/proposals/PRP_clear_regular_0034.geojson,731,c9a24cf30a1a2de08849ee4c7c708ada55adf8b36428585403c278b5c26f8ccc,.geojson,reference_data
reference_data/experiment_benchmark/oa_mae_revision/annotation/geoms/proposals/PRP_clear_regular_0035.geojson,726,9c9347665b8b298bdfea99ac1cce8b7c7f32a838db3f0677ed7755edf0bb1b14,.geojson,reference_data
reference_data/experiment_benchmark/oa_mae_revision/annotation/geoms/proposals/PRP_clear_regular_0036.geojson,724,fbdd6fea6e96870ca55b297749e64cc6c3594d4627740fdeb737c20ef28fc48f,.geojson,reference_data
reference_data/experiment_benchmark/oa_mae_revision/annotation/geoms/proposals/PRP_clear_regular_0037.geojson,724,67281343d7d220245b7e30d84a5535c5362276caf495e40a7a94efe0af058bd1,.geojson,reference_data
reference_data/experiment_benchmark/oa_mae_revision/annotation/geoms/proposals/PRP_clear_regular_0038.geojson,726,93aa7f8f84d9d042eb1b6a2d3cecf5b7832d5a0d24baaf6ac6336ca8f13b2345,.geojson,reference_data
reference_data/experiment_benchmark/oa_mae_revision/annotation/geoms/proposals/PRP_clear_regular_0039.geojson,718,bc05d34b846d326c52f42587b8f534b9632c7f2212c52e58377bfb3415a6c0d7,.geojson,reference_data
reference_data/experiment_benchmark/oa_mae_revision/annotation/geoms/proposals/PRP_clear_regular_0040.geojson,724,2aecce55bebeb29d6a0cd9109d1c24fa448f2dc2a0414b0e1e5c38d3506b05c8,.geojson,reference_data
reference_data/experiment_benchmark/oa_mae_revision/annotation/geoms/proposals/PRP_clear_regular_0041.geojson,728,43b9fb82a46dea60ffeb5c41e628f74aa1b64746d48a25a90efe56bf9daeaa4d,.geojson,reference_data
reference_data/experiment_benchmark/oa_mae_revision/annotation/geoms/proposals/PRP_clear_regular_0042.geojson,726,64dd17814dd7ed2bfe94c5dd29777faf514641fe89878cde17e579155de0759a,.geojson,reference_data
reference_data/experiment_benchmark/oa_mae_revision/annotation/geoms/proposals/PRP_clear_regular_0043.geojson,721,614a91d79f9bf5b5f924e11bc24a9daf103aeb679474797a4af9d4f47f17fbfb,.geojson,reference_data
reference_data/experiment_benchmark/oa_mae_revision/annotation/geoms/proposals/PRP_clear_regular_0044.geojson,729,1fbdb5bb3730b8ece7e1dd685dd4498ab61d827f7646c16150415e4cc3c00075,.geojson,reference_data
reference_data/experiment_benchmark/oa_mae_revision/annotation/geoms/proposals/PRP_clear_regular_0045.geojson,721,eaa8efe5df4b10ba63153fccd82724c86457662f0818e66a123d52e7a2d79cdf,.geojson,reference_data
reference_data/experiment_benchmark/oa_mae_revision/annotation/geoms/proposals/PRP_clear_regular_0046.geojson,718,a862d17ece35de238ede3bc0f48efe634b7303247fe114f84c1062460a184014,.geojson,reference_data
reference_data/experiment_benchmark/oa_mae_revision/annotation/geoms/proposals/PRP_clear_regular_0047.geojson,723,8063b27ae8c188266b1449cda45f1c99ad6de3f3eee16d0dc4e1e30254fed823,.geojson,reference_data
reference_data/experiment_benchmark/oa_mae_revision/annotation/geoms/proposals/PRP_clear_regular_0048.geojson,726,307e08e38a09b5b3cfa67583e64acde407e85fbabb5223b25d78da13c8a36a51,.geojson,reference_data
reference_data/experiment_benchmark/oa_mae_revision/annotation/geoms/proposals/PRP_clear_regular_0049.geojson,724,e076c7dac483faf7dcc19c902de1be8075482813926ba58f1e024815d96f1f01,.geojson,reference_data
reference_data/experiment_benchmark/oa_mae_revision/annotation/geoms/proposals/PRP_clear_regular_0050.geojson,724,1e647b358e7daa7b4e5a0132aa17fbfa2edda3ea85b1e4dd2c3b9d55b841f393,.geojson,reference_data
reference_data/experiment_benchmark/oa_mae_revision/annotation/geoms/proposals/PRP_clear_regular_0051.geojson,721,384f987507a6bffb770e66c206d839ac6103e33cd91c76f40996e6c3d821052b,.geojson,reference_data
reference_data/experiment_benchmark/oa_mae_revision/annotation/geoms/proposals/PRP_clear_regular_0052.geojson,724,8612f2c1315f1614538b0317b401ea2eecf551502f47788e679df0155ca91cf5,.geojson,reference_data
reference_data/experiment_benchmark/oa_mae_revision/annotation/geoms/proposals/PRP_clear_regular_0053.geojson,721,672fb1dadff0053334beb97b4fe0b532879816d5ab04f50125f6308df5a56a94,.geojson,reference_data
reference_data/experiment_benchmark/oa_mae_revision/annotation/geoms/proposals/PRP_clear_regular_0054.geojson,721,d86ac579ad635f9505eaf476983bcf0e881ad99474a3c8bf2efc41b412c1fa2c,.geojson,reference_data
reference_data/experiment_benchmark/oa_mae_revision/annotation/geoms/proposals/PRP_clear_regular_0055.geojson,718,881ff3efa091a372cedc55aa43303501dcacdc11621ae136ab1ab15b54d7493e,.geojson,reference_data
reference_data/experiment_benchmark/oa_mae_revision/annotation/geoms/proposals/PRP_clear_regular_0056.geojson,725,6f03da876ef3fa6b38b0e56652be7aaca0f3d8c241e9b03cb3996d1db9232550,.geojson,reference_data
reference_data/experiment_benchmark/oa_mae_revision/annotation/geoms/proposals/PRP_clear_regular_0057.geojson,720,b43b4d4375cd32be0e4e7e6d531784018396dfd4f230fd85a74948224f0ebcce,.geojson,reference_data
reference_data/experiment_benchmark/oa_mae_revision/annotation/geoms/proposals/PRP_clear_regular_0058.geojson,726,3b146cf5309061bb7549628f0d3d5a0923b3b39ec3ac6348dcc829bbf2a793de,.geojson,reference_data
reference_data/experiment_benchmark/oa_mae_revision/annotation/geoms/proposals/PRP_clear_regular_0059.geojson,719,1259ce078aaadfa53436f26de88d7d6bff86d69faa859eae5f3ee6826af6677c,.geojson,reference_data
reference_data/experiment_benchmark/oa_mae_revision/annotation/geoms/proposals/PRP_clear_regular_0060.geojson,724,0b28d9b725a4f0e4ecb1209fb7e3c21fea8343c698f1b9f44fdbf32436e502ea,.geojson,reference_data
reference_data/experiment_benchmark/oa_mae_revision/annotation/geoms/proposals/PRP_clear_regular_0061.geojson,721,e03078bb763cee69643b591f0fdd2d9392cf824ac654dccf27e2bfe866b83e70,.geojson,reference_data
reference_data/experiment_benchmark/oa_mae_revision/annotation/geoms/proposals/PRP_clear_regular_0062.geojson,721,498f48df006caef74c2ef8f5dd730654fe7c83c1b60a91efe94d1fce112500ea,.geojson,reference_data
reference_data/experiment_benchmark/oa_mae_revision/annotation/geoms/proposals/PRP_clear_regular_0063.geojson,724,ab7d9bace8f20cfef1b28d95de3016fb8c113662435836a54616e4d65f162cb2,.geojson,reference_data
reference_data/experiment_benchmark/oa_mae_revision/annotation/geoms/proposals/PRP_clear_regular_0064.geojson,726,207efd4a8ed84e633ae37aa631642b8fce8f5eb5380902a1ab72d31932427083,.geojson,reference_data
reference_data/experiment_benchmark/oa_mae_revision/annotation/geoms/proposals/PRP_clear_regular_0065.geojson,724,7a56f361c5b5c7a769856585169d2676af4df380a65e71e1cd5b6339c2f8be5a,.geojson,reference_data
reference_data/experiment_benchmark/oa_mae_revision/annotation/geoms/proposals/PRP_clear_regular_0066.geojson,731,2e3980ccb2988281936f47fbc5ca691aecfc17cd5209fc1c8592453d2429adfe,.geojson,reference_data
reference_data/experiment_benchmark/oa_mae_revision/annotation/geoms/proposals/PRP_clear_regular_0067.geojson,724,3469dc8d998961bce3feb77574f2935f42887de7ec7da2dd591f156c5e071831,.geojson,reference_data
reference_data/experiment_benchmark/oa_mae_revision/annotation/geoms/proposals/PRP_clear_regular_0068.geojson,721,dcdda047ca7083b85d5445a8c2132841b128262a713e1329d28232a65bdda61c,.geojson,reference_data
reference_data/experiment_benchmark/oa_mae_revision/annotation/geoms/proposals/PRP_clear_regular_0069.geojson,727,fa3c4d6ca5f443a8493dc0440d18a46fdabd1110b82ee3980e6fed60ab917b60,.geojson,reference_data
reference_data/experiment_benchmark/oa_mae_revision/annotation/geoms/proposals/PRP_clear_regular_0070.geojson,724,e16c0a2c64c5bd62bbd62716c28c26e0d3099c3b967acbb396e3112997babc46,.geojson,reference_data
reference_data/experiment_benchmark/oa_mae_revision/annotation/geoms/proposals/PRP_clear_regular_0071.geojson,723,f2d5ed0126e015d29f2325e75b71e846e4dccc5ed417949d57aac71451348484,.geojson,reference_data
reference_data/experiment_benchmark/oa_mae_revision/annotation/geoms/proposals/PRP_clear_regular_0072.geojson,721,bdae2d999c64604e2fb8a8764d4da3006ef70eb078969cd2fc28127f699c4df9,.geojson,reference_data
reference_data/experiment_benchmark/oa_mae_revision/annotation/geoms/proposals/PRP_clear_regular_0073.geojson,724,a695be9e54c0d688eec33e9321420af6dbb84317af5aea918e48ed5f6fdbfca0,.geojson,reference_data
reference_data/experiment_benchmark/oa_mae_revision/annotation/geoms/proposals/PRP_clear_regular_0074.geojson,724,146d1f74c143b523c3a0655a602cf2cd5c5646ad4523ad74bac501d35e879563,.geojson,reference_data
reference_data/experiment_benchmark/oa_mae_revision/annotation/geoms/proposals/PRP_clear_regular_0075.geojson,726,9ba5f1cb4aa97de4ae6cd0738c5f89cf2ce4384dbaabebe55207b6189762318d,.geojson,reference_data
reference_data/experiment_benchmark/oa_mae_revision/annotation/geoms/proposals/PRP_clear_regular_0076.geojson,721,e8ed5536e991ec8485d986672993a963504c562c201f40f9746393d523f369ef,.geojson,reference_data
reference_data/experiment_benchmark/oa_mae_revision/annotation/geoms/proposals/PRP_clear_regular_0077.geojson,724,579bb4580df256cfa38832347eec3f16670826939fcabd74c722eb3164a94509,.geojson,reference_data
reference_data/experiment_benchmark/oa_mae_revision/annotation/geoms/proposals/PRP_clear_regular_0078.geojson,726,a6f76d4f1f62289158616d30fd69927d34a2c05cacb570dc8cc0156e44c7de7a,.geojson,reference_data
reference_data/experiment_benchmark/oa_mae_revision/annotation/geoms/proposals/PRP_clear_regular_0079.geojson,721,05364dc9fe9edf33dedc276ac81abb6a23d4223781ca0e908b66599b61193d66,.geojson,reference_data
reference_data/experiment_benchmark/oa_mae_revision/annotation/geoms/proposals/PRP_clear_regular_0080.geojson,718,675497920ad2487354d7f59aa3913139a92b3c6c96f9af4625b379d44e1b5c3a,.geojson,reference_data
reference_data/experiment_benchmark/oa_mae_revision/annotation/geoms/proposals/PRP_clear_regular_0081.geojson,718,b317c430c0e085ccbdbec9e84ebafde7a550099047a1572b6917f4e882aacb32,.geojson,reference_data
reference_data/experiment_benchmark/oa_mae_revision/annotation/geoms/proposals/PRP_clear_regular_0082.geojson,721,73916d7a0eedd946876c2cc22c385c9d23143a16eee8cbd215885f46a03aceab,.geojson,reference_data
reference_data/experiment_benchmark/oa_mae_revision/annotation/geoms/proposals/PRP_clear_regular_0083.geojson,718,453dd47acbd77e04dc8218a0b5e6ef256ab0a7f35ae895447c2414b7abebeb48,.geojson,reference_data
reference_data/experiment_benchmark/oa_mae_revision/annotation/geoms/proposals/PRP_clear_regular_0084.geojson,721,1817f2f58d43c100e662beebfcc4e6b85a9c97b2a0969933dda6aeaa2f6606e8,.geojson,reference_data
reference_data/experiment_benchmark/oa_mae_revision/annotation/geoms/proposals/PRP_clear_regular_0085.geojson,729,08dd2535fba549125c53d6b8edfc4fd5a69447ca830a6768c7ad1647f6a7597d,.geojson,reference_data
reference_data/experiment_benchmark/oa_mae_revision/annotation/geoms/proposals/PRP_clear_regular_0086.geojson,723,0f456ec9a9c318efab8902759061cf13ba8ad0b0436018cd803dbc87af30af7e,.geojson,reference_data
reference_data/experiment_benchmark/oa_mae_revision/annotation/geoms/proposals/PRP_clear_regular_0087.geojson,726,b8d2f9319a27145c6b449521fb2eb2b9cf43f0cb49267ce93683c06a73224423,.geojson,reference_data
reference_data/experiment_benchmark/oa_mae_revision/annotation/geoms/proposals/PRP_clear_regular_0088.geojson,723,58494cfa9b7abda3005549473349f0966b27f368dedc8663e4d5847db0ed22da,.geojson,reference_data
reference_data/experiment_benchmark/oa_mae_revision/annotation/geoms/proposals/PRP_clear_regular_0089.geojson,719,80bb4215c9e2f05c9ad40eb541d7a232d9215ec4e8cdbe0901919d7132b7a8e5,.geojson,reference_data
reference_data/experiment_benchmark/oa_mae_revision/annotation/geoms/proposals/PRP_clear_regular_0090.geojson,724,9602ad3402bcb8dcd1288df4bbe6e5c5836675030e0acb3999c45513e7ec28e4,.geojson,reference_data
reference_data/experiment_benchmark/oa_mae_revision/annotation/geoms/proposals/PRP_clear_regular_0091.geojson,731,6eba9262a1f8ce6070160549f6c3de8acd477a0483d9f04bac0cbec7a261e0b1,.geojson,reference_data
reference_data/experiment_benchmark/oa_mae_revision/annotation/geoms/proposals/PRP_clear_regular_0092.geojson,724,b4ed14a4e2ac21f867c6538acc0b31a0b397f2d9e97ac65a4dd0f10915638a3f,.geojson,reference_data
reference_data/experiment_benchmark/oa_mae_revision/annotation/geoms/proposals/PRP_clear_regular_0093.geojson,719,730630e3e7174484de88c4a6c4286473ba6ba8dcac4d3cc7995fb8cd3b389957,.geojson,reference_data
reference_data/experiment_benchmark/oa_mae_revision/annotation/geoms/proposals/PRP_clear_regular_0094.geojson,726,9bce8aa584c1be84bf6e135dc211cb9b6fd9bb2ac0834486233f328fbad5069c,.geojson,reference_data
reference_data/experiment_benchmark/oa_mae_revision/annotation/geoms/proposals/PRP_clear_regular_0095.geojson,721,ff7c032150ac798139e7b69030c3be223141bc1a53690bfb0821689c17a3191e,.geojson,reference_data
reference_data/experiment_benchmark/oa_mae_revision/annotation/geoms/proposals/PRP_clear_regular_0096.geojson,718,c096d75bf0c1f0e4bec334fb24585f8b5fe5c551c7d6cfe8460f498754ed84da,.geojson,reference_data
reference_data/experiment_benchmark/oa_mae_revision/annotation/geoms/proposals/PRP_clear_regular_0097.geojson,719,90081a2ca49a76b9609c41baee70ef4e3dbb8e9aa6a770905cfd980e3bfcc5a7,.geojson,reference_data
reference_data/experiment_benchmark/oa_mae_revision/annotation/geoms/proposals/PRP_clear_regular_0098.geojson,723,6653fa49e0006d4e5915f024ca6aa4664a5a1c1f609a42d880c4cd763a079774,.geojson,reference_data
reference_data/experiment_benchmark/oa_mae_revision/annotation/geoms/proposals/PRP_clear_regular_0099.geojson,721,1f330698f315aa92a3d5ed88c84b897321d104da57ab699733d13350d7c5eb5f,.geojson,reference_data
reference_data/experiment_benchmark/oa_mae_revision/annotation/geoms/proposals/PRP_clear_regular_0100.geojson,724,594ae99926c5435a9e034e395c3fba367e5bc3b72bb5411e01cedff22aa2e66b,.geojson,reference_data
reference_data/experiment_benchmark/oa_mae_revision/annotation/geoms/proposals/PRP_clear_regular_0101.geojson,721,8e0aa0cb0d910bdb86a2075f1ea0ef95327597f2902eb93effa2e2f0530f2949,.geojson,reference_data
reference_data/experiment_benchmark/oa_mae_revision/annotation/geoms/proposals/PRP_clear_regular_0102.geojson,726,2423ed31b65e7563f997f7ada233a27d949a2130f0a3ac22b4e9a946a9e4ae9a,.geojson,reference_data
reference_data/experiment_benchmark/oa_mae_revision/annotation/geoms/proposals/PRP_clear_regular_0103.geojson,715,a8ce6ecb179e6abaad6a8a83fd27eb4d37184e381f261db018cc5fe1ecaa9f7a,.geojson,reference_data
reference_data/experiment_benchmark/oa_mae_revision/annotation/geoms/proposals/PRP_clear_regular_0104.geojson,719,e38b5938e3d06a4c2788ad68deeb8704da85d9bf681dc8e0f19db848efbe03b5,.geojson,reference_data
reference_data/experiment_benchmark/oa_mae_revision/annotation/geoms/proposals/PRP_clear_regular_0105.geojson,720,8e3db0a4dedfca40bb862f8a135d18a414dbdacf024eb954ad99efcc0a3e13a8,.geojson,reference_data
reference_data/experiment_benchmark/oa_mae_revision/annotation/geoms/proposals/PRP_clear_regular_0106.geojson,728,6e9f92c3d450bc439069d1d146fc2fb5b97283a9d6a07e503de08d14d7dd315b,.geojson,reference_data
reference_data/experiment_benchmark/oa_mae_revision/annotation/geoms/proposals/PRP_clear_regular_0107.geojson,723,477d42cd08e9aee647009dea51fa907d48ec693463a8da0bdca917ade300581f,.geojson,reference_data
reference_data/experiment_benchmark/oa_mae_revision/annotation/geoms/proposals/PRP_clear_regular_0108.geojson,724,d734db47aea9945eb3001146e04a14fba30a125aa86df94f1d0905bd30e2ef27,.geojson,reference_data
reference_data/experiment_benchmark/oa_mae_revision/annotation/geoms/proposals/PRP_clear_regular_0109.geojson,726,853305cdee93a4d09c5c214762b297a6ba8fefe9c50d22a327cfe10fa65861b3,.geojson,reference_data
reference_data/experiment_benchmark/oa_mae_revision/annotation/geoms/proposals/PRP_clear_regular_0110.geojson,715,7de48bf39b1050d7cfa13d8b6ccbbffb31293ae52209cd100b1dbae646d080b4,.geojson,reference_data
reference_data/experiment_benchmark/oa_mae_revision/annotation/geoms/proposals/PRP_clear_regular_0111.geojson,721,0dc2037d5f5f594275bacb39cdb3a8f58ee83c8e43dd76b0910bd630610ffc99,.geojson,reference_data
reference_data/experiment_benchmark/oa_mae_revision/annotation/geoms/proposals/PRP_clear_regular_0112.geojson,724,20fd8626f9b1bfa61387db67ecfefbb41218f07ea5528a374d776932b9813a98,.geojson,reference_data
reference_data/experiment_benchmark/oa_mae_revision/annotation/geoms/proposals/PRP_clear_regular_0113.geojson,721,134b99f77496d12a6572e71ba1815610b161db15887c5b106ed82ff599a9abac,.geojson,reference_data
reference_data/experiment_benchmark/oa_mae_revision/annotation/geoms/proposals/PRP_clear_regular_0114.geojson,722,99e11293cc2e1489446e43383b77ad6cf4de89231a26db5593d588bd17ce757c,.geojson,reference_data
reference_data/experiment_benchmark/oa_mae_revision/annotation/geoms/proposals/PRP_clear_regular_0115.geojson,726,5785c9a289ccc9d00c153ab4145668f09c067cf90bb145e5b77364c04d114f56,.geojson,reference_data
reference_data/experiment_benchmark/oa_mae_revision/annotation/geoms/proposals/PRP_clear_regular_0116.geojson,723,7f3dce445ce0a6b566b88743dc9167db69ec9d7843f58b5a1ca0b7b9b3fb2bc7,.geojson,reference_data
reference_data/experiment_benchmark/oa_mae_revision/annotation/geoms/proposals/PRP_clear_regular_0117.geojson,724,0ffd3f5b87764b4d17e7dcfc98266976ecf0c3faacdbd0971a5a6e9c0661f7f9,.geojson,reference_data
reference_data/experiment_benchmark/oa_mae_revision/annotation/geoms/proposals/PRP_clear_regular_0118.geojson,721,a7ac0d716c21921b177fd74cf6baccad95a96a9200435035b3c68f17c5bf54ca,.geojson,reference_data
reference_data/experiment_benchmark/oa_mae_revision/annotation/geoms/proposals/PRP_clear_regular_0119.geojson,718,007daf3a112dfdc5c330302ef56e58fd17bea270bac4a29b56a17d01298e4ae8,.geojson,reference_data
reference_data/experiment_benchmark/oa_mae_revision/annotation/geoms/proposals/PRP_clear_regular_0120.geojson,723,eb075ec806a60594461bb02ba4df4b5aaa4fb60b49d7edaff90fbf7f42e81314,.geojson,reference_data
reference_data/experiment_benchmark/oa_mae_revision/annotation/geoms/proposals/PRP_clear_regular_0121.geojson,728,8f7c77caa6841ed3069fe20629f16490b6dbccba94243f2b8735f7ab778190a7,.geojson,reference_data
reference_data/experiment_benchmark/oa_mae_revision/annotation/geoms/proposals/PRP_clear_regular_0122.geojson,726,6dff49a57daddb2515db48f558df5a4318671bbddca5c4914c57ff7761fd5c7f,.geojson,reference_data
reference_data/experiment_benchmark/oa_mae_revision/annotation/geoms/proposals/PRP_clear_regular_0123.geojson,720,aad968dc00f383d98ff917399748f62e875fe5621eaee0fb8a1bdd018a5bc94a,.geojson,reference_data
reference_data/experiment_benchmark/oa_mae_revision/annotation/geoms/proposals/PRP_clear_regular_0124.geojson,726,9e0f0ac97bb68616359fd8ea24881dbd38197b27ffaf49620cbae9ee724c4b18,.geojson,reference_data
reference_data/experiment_benchmark/oa_mae_revision/annotation/geoms/proposals/PRP_clear_regular_0125.geojson,726,1a71e069a59d85cded0bc71a00cec964bec6b07e811a19e6301bcb1a727db08f,.geojson,reference_data
reference_data/experiment_benchmark/oa_mae_revision/annotation/geoms/proposals/PRP_clear_regular_0126.geojson,724,34b36ce02b6f0b14f9e8257094b55e2aa11ea0032fafa0c634864e455bc4c679,.geojson,reference_data
reference_data/experiment_benchmark/oa_mae_revision/annotation/geoms/proposals/PRP_clear_regular_0127.geojson,724,c9390d70ee1d27d81ab92c21d858822164a1f3a3df544b1f8a5740108c4bc5a9,.geojson,reference_data
reference_data/experiment_benchmark/oa_mae_revision/annotation/geoms/proposals/PRP_clear_regular_0128.geojson,726,4cf47620cccb5a7c516fa4ddb3de13f27050e9dd1a92672d7f55977e58caf84a,.geojson,reference_data
reference_data/experiment_benchmark/oa_mae_revision/annotation/geoms/proposals/PRP_clear_regular_0129.geojson,721,9d0bf4dd4cd2bbae6ee8688a699f28530df9b144b064a111aabd4a8728efd216,.geojson,reference_data
reference_data/experiment_benchmark/oa_mae_revision/annotation/geoms/proposals/PRP_clear_regular_0130.geojson,731,719b3c1336a815b8e9bbc3508d1af08b54853bb973f7e145b91b28767e1d87b2,.geojson,reference_data
reference_data/experiment_benchmark/oa_mae_revision/annotation/geoms/proposals/PRP_clear_regular_0131.geojson,715,d69cbc0a656db2f0c618cb5252af024172478ce67b54d7399ce9efe9859c687a,.geojson,reference_data
reference_data/experiment_benchmark/oa_mae_revision/annotation/geoms/proposals/PRP_clear_regular_0132.geojson,726,6fd94527a981989c4da252a438f3c41ecab84e6f9b70b6f548ba7ac35b613695,.geojson,reference_data
reference_data/experiment_benchmark/oa_mae_revision/annotation/geoms/proposals/PRP_clear_regular_0133.geojson,721,4987501bd4a10e4eb2a891771a6338fc51015fce6ad0ba53d737e13a2dc6a448,.geojson,reference_data
reference_data/experiment_benchmark/oa_mae_revision/annotation/geoms/proposals/PRP_clear_regular_0134.geojson,726,60917e6c97c4c36a129fd20729aef99cf855142b787978377ea2448474f3f900,.geojson,reference_data
reference_data/experiment_benchmark/oa_mae_revision/annotation/geoms/proposals/PRP_clear_regular_0135.geojson,721,a8f24d5eb823671db90bc149c4d8eeed649ea25885c1fc1eaae847350844a21b,.geojson,reference_data
reference_data/experiment_benchmark/oa_mae_revision/annotation/geoms/proposals/PRP_clear_regular_0136.geojson,718,2fcca3b87a1acb468992ff51b720f6ee9c7e487f65b52f9f7890064286482534,.geojson,reference_data
reference_data/experiment_benchmark/oa_mae_revision/annotation/geoms/proposals/PRP_clear_regular_0137.geojson,726,81d20ffb64dd47c5b623dd15454c58659dd0b3ee8bb27ecf8423d526e55b3b41,.geojson,reference_data
reference_data/experiment_benchmark/oa_mae_revision/annotation/geoms/proposals/PRP_clear_regular_0138.geojson,726,10cfcb3687d75585494ac4ab242e6abeea307d76af6be6dcba49c18a342571b1,.geojson,reference_data
reference_data/experiment_benchmark/oa_mae_revision/annotation/geoms/proposals/PRP_clear_regular_0139.geojson,690,0cad7353e2c282b2d1c124ffe37663a327206aaabc6a1e49c149b5b898d9e370,.geojson,reference_data
reference_data/experiment_benchmark/oa_mae_revision/annotation/geoms/proposals/PRP_clear_regular_0140.geojson,692,00385c5cd909563392ee6ab8438234b24f777d3a8a4d9dae9356aa574078f43c,.geojson,reference_data
reference_data/experiment_benchmark/oa_mae_revision/annotation/geoms/proposals/PRP_clear_regular_0141.geojson,687,ec5f3f52d06c141d1a8255f2d532549e4bfc7018ad40d88a124854353c1f6fe3,.geojson,reference_data
reference_data/experiment_benchmark/oa_mae_revision/annotation/geoms/proposals/PRP_clear_regular_0142.geojson,688,910bb8773da06f5216b3971bcd19693ba5d33e1488bc0d5e352c4fcc3bbcf6ad,.geojson,reference_data
reference_data/experiment_benchmark/oa_mae_revision/annotation/geoms/proposals/PRP_clear_regular_0143.geojson,688,2aac76957d9e94b3fa9141f39099ee254784fca3bcfc4be40b4102916c36b8b5,.geojson,reference_data
reference_data/experiment_benchmark/oa_mae_revision/annotation/geoms/proposals/PRP_clear_regular_0144.geojson,685,2951198440010e42ef2fc880ae53c4d43d3d292a573f0a4ec16f597591e9ba69,.geojson,reference_data
reference_data/experiment_benchmark/oa_mae_revision/annotation/geoms/proposals/PRP_clear_regular_0145.geojson,685,61088ed7db83f8850acff9354b33ca8e119a710f0c7dbff012239307547f421e,.geojson,reference_data
reference_data/experiment_benchmark/oa_mae_revision/annotation/geoms/proposals/PRP_clear_regular_0146.geojson,687,4316f3569f0e9b2725ff970fcef31bb4968b1d5a256ed25b7fee73790658e9c6,.geojson,reference_data
reference_data/experiment_benchmark/oa_mae_revision/annotation/geoms/proposals/PRP_clear_regular_0147.geojson,685,9804142511251af812256e7d7cae923b9303a793f68bbf0be10bb78cdc2c9ba5,.geojson,reference_data
reference_data/experiment_benchmark/oa_mae_revision/annotation/geoms/proposals/PRP_clear_regular_0148.geojson,685,1ed5671e9895104d618423d7a17c2fdb4c494317c736c60a7689a8eed6a7c687,.geojson,reference_data
reference_data/experiment_benchmark/oa_mae_revision/annotation/geoms/proposals/PRP_clear_regular_0149.geojson,686,ad9d1cf528e8df93696e3005c7b7d8207d6b4cd27d2a42405d0570e346aca6bc,.geojson,reference_data
reference_data/experiment_benchmark/oa_mae_revision/annotation/geoms/proposals/PRP_clear_regular_0150.geojson,685,ebf1412df62bb0381c6ea37b9a598077f34ba29ca61f5425b756aab7b2889f6a,.geojson,reference_data
reference_data/experiment_benchmark/oa_mae_revision/annotation/geoms/proposals/PRP_clear_regular_0151.geojson,693,cb8608fd6ddfd470d052837afb60784676845cacf3885b3b59afcfa5001487cf,.geojson,reference_data
reference_data/experiment_benchmark/oa_mae_revision/annotation/geoms/proposals/PRP_clear_regular_0152.geojson,687,818397396788207cdce67a252b5f1119d38767170b5ea3d0e8a3fdbd14d40422,.geojson,reference_data
reference_data/experiment_benchmark/oa_mae_revision/annotation/geoms/proposals/PRP_clear_regular_0153.geojson,687,13bfa7287143aae9fd6be64b2d7515e419eb2d48af843fc445f13c8924567fb3,.geojson,reference_data
reference_data/experiment_benchmark/oa_mae_revision/annotation/geoms/proposals/PRP_clear_regular_0154.geojson,684,6d6e2f1cb944b185b63b0cca6a5de69ea674b656054c39d3753a251d7ce2b216,.geojson,reference_data
reference_data/experiment_benchmark/oa_mae_revision/annotation/geoms/proposals/PRP_clear_regular_0155.geojson,690,69efbdd1bb0d7bd68ac9534103767c2422dcde10e768b653e04a43282cc3bda7,.geojson,reference_data
reference_data/experiment_benchmark/oa_mae_revision/annotation/geoms/proposals/PRP_clear_regular_0156.geojson,685,5864d9ec30eacc37694ec0cea34efcc118bdbf41687cf971528a786ed94c6b8e,.geojson,reference_data
reference_data/experiment_benchmark/oa_mae_revision/annotation/geoms/proposals/PRP_clear_regular_0157.geojson,688,3d2026d3c71fc2deb0a934d56e2279b374117d41224510a640d678bfa94dd216,.geojson,reference_data
reference_data/experiment_benchmark/oa_mae_revision/annotation/geoms/proposals/PRP_heavy_cloud_0000.geojson,715,e3777c5d4f18887974d3d150a7b5e83cbe32a6c0afa4f11b82aba9f9dc5750db,.geojson,reference_data
reference_data/experiment_benchmark/oa_mae_revision/annotation/geoms/proposals/PRP_heavy_cloud_0001.geojson,711,94873c58b52a17ef29d7207f3b6a7ba63237569637a8ceee7c8947cfad15f684,.geojson,reference_data
reference_data/experiment_benchmark/oa_mae_revision/annotation/geoms/proposals/PRP_heavy_cloud_0002.geojson,713,b7b39e1c608ab5917f09a3b1691bcf88f4934042772e0f40e37127af91ded5e9,.geojson,reference_data
reference_data/experiment_benchmark/oa_mae_revision/annotation/geoms/proposals/PRP_heavy_cloud_0003.geojson,715,8265995e49ef4aff7f86307dc1d9421cd449a05722ebc69764099c99731061b1,.geojson,reference_data
reference_data/experiment_benchmark/oa_mae_revision/annotation/geoms/proposals/PRP_heavy_cloud_0004.geojson,721,6f2b72197671ea0b2b13b18a50165a87a13890d2185c4e1c9352865ce9849a84,.geojson,reference_data
reference_data/experiment_benchmark/oa_mae_revision/annotation/geoms/proposals/PRP_heavy_cloud_0005.geojson,713,3d88ec6418d7c67f6e26ecde946a38cf75087c2e915cd754867244bb23c677e4,.geojson,reference_data
reference_data/experiment_benchmark/oa_mae_revision/annotation/geoms/proposals/PRP_heavy_cloud_0006.geojson,713,2c03fa7b3ba2bbb1ad436ec412015ab5b82ae9a021be5f45db389d281b966609,.geojson,reference_data
reference_data/experiment_benchmark/oa_mae_revision/annotation/geoms/proposals/PRP_heavy_cloud_0007.geojson,709,f3b75e4180393f983adb71bcde78a5a72d44c0bf7e1db5805a70ba1163928d55,.geojson,reference_data
reference_data/experiment_benchmark/oa_mae_revision/annotation/geoms/proposals/PRP_heavy_cloud_0008.geojson,718,d95fd61da8403e20b204ac8337228846698535af298e766388c6b5d7b5880640,.geojson,reference_data
reference_data/experiment_benchmark/oa_mae_revision/annotation/geoms/proposals/PRP_heavy_cloud_0009.geojson,718,4bbff90268729cf51c2c8c6abde61c944d1429638d0f11900a4d56ab9c51451c,.geojson,reference_data
reference_data/experiment_benchmark/oa_mae_revision/annotation/geoms/proposals/PRP_heavy_cloud_0010.geojson,711,b5e6af2c26f5c14b8a81b600cf0a0b293699a7dd1c47390d44f64266548d2b2a,.geojson,reference_data
reference_data/experiment_benchmark/oa_mae_revision/annotation/geoms/proposals/PRP_heavy_cloud_0011.geojson,716,ae483e4246720fbb637d9c28a34c28a11dd72b514261f27fa88864567222d2ec,.geojson,reference_data
reference_data/experiment_benchmark/oa_mae_revision/annotation/geoms/proposals/PRP_heavy_cloud_0012.geojson,718,8f0ad24c3cdb37c5e7bbf2904c001bc1a5ca03984f30c01e0ca79de711cbd068,.geojson,reference_data
reference_data/experiment_benchmark/oa_mae_revision/annotation/geoms/proposals/PRP_heavy_cloud_0013.geojson,710,7d784afc67179d08e3d530402a899c6ea1585466e6979539298680ca9ba370db,.geojson,reference_data
reference_data/experiment_benchmark/oa_mae_revision/annotation/geoms/proposals/PRP_heavy_cloud_0014.geojson,713,c0b409720506d327b91ab0e5e0d4664f4df8461594088f922879c862e9be0c8d,.geojson,reference_data
reference_data/experiment_benchmark/oa_mae_revision/annotation/geoms/proposals/PRP_heavy_cloud_0015.geojson,715,ad275aa6746dee8cffe6c9d299bd92c6c5276bd7e3888ea3b1fd63b860983967,.geojson,reference_data
reference_data/experiment_benchmark/oa_mae_revision/annotation/geoms/proposals/PRP_heavy_cloud_0016.geojson,713,7eb9b3673ff5dbc276c2b61e741cfd56e32ab2ec1b9cd9ebb45f60eb47817401,.geojson,reference_data
reference_data/experiment_benchmark/oa_mae_revision/annotation/geoms/proposals/PRP_heavy_cloud_0017.geojson,713,4760c57a5ac2367ed1671eb2ef10e3d522aacd92508e0b9f57a89fa5a0b5460b,.geojson,reference_data
reference_data/experiment_benchmark/oa_mae_revision/annotation/geoms/proposals/PRP_heavy_cloud_0018.geojson,710,3cac339e0e6bfa15f5fccb50b782b3a29581f92a3d25e47e552e479658c6abe2,.geojson,reference_data
reference_data/experiment_benchmark/oa_mae_revision/annotation/geoms/proposals/PRP_heavy_cloud_0019.geojson,713,1e30e1ae4d255e0a1672628060eee4f540e33b052592a302b0fb3c07d7394c3e,.geojson,reference_data
reference_data/experiment_benchmark/oa_mae_revision/annotation/geoms/proposals/PRP_heavy_cloud_0020.geojson,712,0b9e59f3a9dccf9ada7744a543ab96aee71e5190537838f293572b71b20e2c2b,.geojson,reference_data
reference_data/experiment_benchmark/oa_mae_revision/annotation/geoms/proposals/PRP_heavy_cloud_0021.geojson,713,678d476289bbe0eaa335daf64e2ac6e664c346685df2798f4200a9c4620ff12a,.geojson,reference_data
reference_data/experiment_benchmark/oa_mae_revision/annotation/geoms/proposals/PRP_heavy_cloud_0022.geojson,718,63599fd329d3e0d518e6ddb626fd23bc985c699f9519fbda0815702570f5e349,.geojson,reference_data
reference_data/experiment_benchmark/oa_mae_revision/annotation/geoms/proposals/PRP_heavy_cloud_0023.geojson,720,ba942156ed8b109fe2d523cfafa9ef35cc03fbd5ca6824dcbdd65134a4cc8cfc,.geojson,reference_data
reference_data/experiment_benchmark/oa_mae_revision/annotation/geoms/proposals/PRP_heavy_cloud_0024.geojson,721,6eaa59d9c695afc3533e0650e67ac28c37c2c4624fcd0eff5b17084f1f7acb09,.geojson,reference_data
reference_data/experiment_benchmark/oa_mae_revision/annotation/geoms/proposals/PRP_heavy_cloud_0025.geojson,708,95573b1a7eb5b313c1697e62057a333a4a20d20faca38546d051dc08d9855d23,.geojson,reference_data
reference_data/experiment_benchmark/oa_mae_revision/annotation/geoms/proposals/PRP_heavy_cloud_0026.geojson,716,861485810b9a8d7dae0a28e4eff204658b8fb882014d47d775db009dead7186c,.geojson,reference_data
reference_data/experiment_benchmark/oa_mae_revision/annotation/geoms/proposals/PRP_heavy_cloud_0027.geojson,713,9921f4fba6c3b1faf6c213edd9f860832f428faa8b3a37e19b50046d052d45ec,.geojson,reference_data
reference_data/experiment_benchmark/oa_mae_revision/annotation/geoms/proposals/PRP_heavy_cloud_0028.geojson,718,6a0315fd2f86704287bd23b985a19865db52791c71af8aa8a38793959b432e95,.geojson,reference_data
reference_data/experiment_benchmark/oa_mae_revision/annotation/geoms/proposals/PRP_heavy_cloud_0029.geojson,715,c83f40c092717a4d7c9626bafe845319b9ba786c4420663dbcdd0deec145248d,.geojson,reference_data
reference_data/experiment_benchmark/oa_mae_revision/annotation/geoms/proposals/PRP_heavy_cloud_0030.geojson,713,c2be23d9b7c448b2daa5e2b60ec314871a7a46a17c05338c3783cf4073c9076d,.geojson,reference_data
reference_data/experiment_benchmark/oa_mae_revision/annotation/geoms/proposals/PRP_heavy_cloud_0031.geojson,723,3ba2304c5727a80a747497e32a54532ad91d9d72809e26756073af0f1d4d51e0,.geojson,reference_data
reference_data/experiment_benchmark/oa_mae_revision/annotation/geoms/proposals/PRP_heavy_cloud_0032.geojson,710,95b4199abdd1ecb4e1f8e8d4aa0a8da957505e95c1c84bb8865daeca2cda9818,.geojson,reference_data
reference_data/experiment_benchmark/oa_mae_revision/annotation/geoms/proposals/PRP_heavy_cloud_0033.geojson,718,b3294290c1fc69d8be2b199bb8a8e3917164f63f2d265ae60aa295e67a9bce89,.geojson,reference_data
reference_data/experiment_benchmark/oa_mae_revision/annotation/geoms/proposals/PRP_heavy_cloud_0034.geojson,716,cb3b4d563ea9c8f0e547cbf5d86199dcf7869b9568fbef7f30b3d8c145a1d5bd,.geojson,reference_data
reference_data/experiment_benchmark/oa_mae_revision/annotation/geoms/proposals/PRP_heavy_cloud_0035.geojson,713,72b8e6f437bc6449787f65596f2298d5baa18a662dcba11eb61579e413b300ae,.geojson,reference_data
reference_data/experiment_benchmark/oa_mae_revision/annotation/geoms/proposals/PRP_heavy_cloud_0036.geojson,723,2e3a0fafbc7fa35a575d350f475ff363b65023e54ca94ed3d5cfb285b2f9466e,.geojson,reference_data
reference_data/experiment_benchmark/oa_mae_revision/annotation/geoms/proposals/PRP_heavy_cloud_0037.geojson,719,89eb7fd8b5286f3efdc21be2c1c18379f42f9e80bcbe5ccf045ce7a1211473d6,.geojson,reference_data
reference_data/experiment_benchmark/oa_mae_revision/annotation/geoms/proposals/PRP_heavy_cloud_0038.geojson,713,c68219e8a3641b2d052f15bc4051aa2f3034e8cab0031d4627342fbb0818b0eb,.geojson,reference_data
reference_data/experiment_benchmark/oa_mae_revision/annotation/geoms/proposals/PRP_heavy_cloud_0039.geojson,717,8261b060990310d69c9fe59b8abc48f8b1ab35c6c811593bb8dacb330b2c0bb3,.geojson,reference_data
reference_data/experiment_benchmark/oa_mae_revision/annotation/geoms/proposals/PRP_heavy_cloud_0040.geojson,716,e2497debea1b1b403c968674de28116eeb6a81ede88eeea517fb5671ae9c461f,.geojson,reference_data
reference_data/experiment_benchmark/oa_mae_revision/annotation/geoms/proposals/PRP_heavy_cloud_0041.geojson,713,aa51d0a2f536eaa508bd00836b7d9b791c1560e38fb3459d6ae6e7e5dc901c3a,.geojson,reference_data
reference_data/experiment_benchmark/oa_mae_revision/annotation/geoms/proposals/PRP_heavy_cloud_0042.geojson,719,123b9797d8da44227b143cde7e4a5ea9607f42a7fb766289729aa386896cb9a1,.geojson,reference_data
reference_data/experiment_benchmark/oa_mae_revision/annotation/geoms/proposals/PRP_heavy_cloud_0043.geojson,723,a1d67f75c9c77e469cb14d80680f616dbc4c5b3ccfe4b7cb3494fc5b4ccab76a,.geojson,reference_data
reference_data/experiment_benchmark/oa_mae_revision/annotation/geoms/proposals/PRP_heavy_cloud_0044.geojson,711,530675dec72806a219bf18f32c93fa8c2919567a59f54d99a4ecba4afd5679e7,.geojson,reference_data
reference_data/experiment_benchmark/oa_mae_revision/annotation/geoms/proposals/PRP_heavy_cloud_0045.geojson,718,cbef342e37d240813b5b3db3a0b43ec5555f6c28697fcdb9a7bc3a9a09d78058,.geojson,reference_data
reference_data/experiment_benchmark/oa_mae_revision/annotation/geoms/proposals/PRP_heavy_cloud_0046.geojson,710,16008b42fca9fc38c3826f978e5881e49b2ddb0363d089022a2a13062bcf5052,.geojson,reference_data
reference_data/experiment_benchmark/oa_mae_revision/annotation/geoms/proposals/PRP_heavy_cloud_0047.geojson,713,d9b0800cef0a328502c753675070aadf18379f3f30f9f4929fa25f4c184182b2,.geojson,reference_data
reference_data/experiment_benchmark/oa_mae_revision/annotation/geoms/proposals/PRP_heavy_cloud_0048.geojson,715,414cf93cbc5fba246c43fad82289795e0ff0701540f725fe4cdf2dcdfaffb5bd,.geojson,reference_data
reference_data/experiment_benchmark/oa_mae_revision/annotation/geoms/proposals/PRP_heavy_cloud_0049.geojson,710,7cf22692836f353046534cce2f802689fdc7c9d9c7145aa9f08529c0a67596f1,.geojson,reference_data
reference_data/experiment_benchmark/oa_mae_revision/annotation/geoms/proposals/PRP_heavy_cloud_0050.geojson,718,a4859dfa16c98ce7250d37224d238c7c0c9d3485bef85654df2ab3965bbe595b,.geojson,reference_data
reference_data/experiment_benchmark/oa_mae_revision/annotation/geoms/proposals/PRP_heavy_cloud_0051.geojson,718,029aa74a2e7d4993fe8142e8a392b478e878ecf134dbad9caccc759817aea3b2,.geojson,reference_data
reference_data/experiment_benchmark/oa_mae_revision/annotation/geoms/proposals/PRP_heavy_cloud_0052.geojson,716,b2e737405e683ac9349a9dbcba878fd4a9f199b3512d4d6db643702bce354ed6,.geojson,reference_data
reference_data/experiment_benchmark/oa_mae_revision/annotation/geoms/proposals/PRP_heavy_cloud_0053.geojson,713,9ff4a7ac54553972466eaa1dd419848a0e70ff690ae45ddd9f2c1c883210b4ad,.geojson,reference_data
reference_data/experiment_benchmark/oa_mae_revision/annotation/geoms/proposals/PRP_heavy_cloud_0054.geojson,713,29a7ef37481c09892a5772b62fd49abbb1b2b972d80bb767aaf06a22cac2b3b8,.geojson,reference_data
reference_data/experiment_benchmark/oa_mae_revision/annotation/geoms/proposals/PRP_heavy_cloud_0055.geojson,713,060c82077874111e8b04468abfec11027e0410e269c9fe9e03c6605c857a0a57,.geojson,reference_data
reference_data/experiment_benchmark/oa_mae_revision/annotation/geoms/proposals/PRP_heavy_cloud_0056.geojson,709,35b2e1e008862935eb8cb9d9c72c7f2780db571920f2887da935fd21d3d0d26e,.geojson,reference_data
reference_data/experiment_benchmark/oa_mae_revision/annotation/geoms/proposals/PRP_heavy_cloud_0057.geojson,715,1a4a0794985e4a18f81be263a273173a055f56b8ef4c2869f8763f1b565c8ad6,.geojson,reference_data
reference_data/experiment_benchmark/oa_mae_revision/annotation/geoms/proposals/PRP_heavy_cloud_0058.geojson,713,64e873aef0eb9ce9fc65c1e982af8a146dae099330de279698722171d5cf2b48,.geojson,reference_data
reference_data/experiment_benchmark/oa_mae_revision/annotation/geoms/proposals/PRP_heavy_cloud_0059.geojson,713,20012cfb5b22c0d78cf7ddec5b4fed0a2ec220536eb815de1354ab0dc16d0641,.geojson,reference_data
reference_data/experiment_benchmark/oa_mae_revision/annotation/geoms/proposals/PRP_heavy_cloud_0060.geojson,711,d8181da67291fb20b5d79f672d271df0912073d52cdbe7a589d3c0f0ae0803bc,.geojson,reference_data
reference_data/experiment_benchmark/oa_mae_revision/annotation/geoms/proposals/PRP_heavy_cloud_0061.geojson,718,3dd50c4fe8cbe568e2385eacf00074b57b156f8bcd2f4b216237606910b40310,.geojson,reference_data
reference_data/experiment_benchmark/oa_mae_revision/annotation/geoms/proposals/PRP_heavy_cloud_0062.geojson,711,e12405185a8e0dcf04d0298d61376403915d09cd750d3f8d54c3e43bfa7655ba,.geojson,reference_data
reference_data/experiment_benchmark/oa_mae_revision/annotation/geoms/proposals/PRP_heavy_cloud_0063.geojson,711,5c0d3a7018c0491651fcd487d8d4ed4f1bf86c185d47ff00df71256aa4bf8721,.geojson,reference_data
reference_data/experiment_benchmark/oa_mae_revision/annotation/geoms/proposals/PRP_heavy_cloud_0064.geojson,711,04e77f46f790907ef0636749e58f4e84c01ab72e2da7af845749ea92d5d33349,.geojson,reference_data
reference_data/experiment_benchmark/oa_mae_revision/annotation/geoms/proposals/PRP_heavy_cloud_0065.geojson,720,bde31b1f6b257b7c40c8667316efbcc94033fb7d108fd4645770a1d42e293356,.geojson,reference_data
reference_data/experiment_benchmark/oa_mae_revision/annotation/geoms/proposals/PRP_heavy_cloud_0066.geojson,717,96a1b9c43c116f60fb8cd3bf8a5ab752758991ea7b5731ea723554c35ead49cf,.geojson,reference_data
reference_data/experiment_benchmark/oa_mae_revision/annotation/geoms/proposals/PRP_heavy_cloud_0067.geojson,716,ab74075a500f27dbb8145f7726ed03c22de84fe9fe4fe4fc8122f689b4725795,.geojson,reference_data
reference_data/experiment_benchmark/oa_mae_revision/annotation/geoms/proposals/PRP_heavy_cloud_0068.geojson,715,5bb3ce69f9df49338ed1593e34868ddb4d3daecb062b4676415b1ae6df0fe36b,.geojson,reference_data
reference_data/experiment_benchmark/oa_mae_revision/annotation/geoms/proposals/PRP_heavy_cloud_0069.geojson,716,c46d82837d8900584190d9d1bd7c97c0537bc2317dcd622cb9bfafecb63d3eda,.geojson,reference_data
reference_data/experiment_benchmark/oa_mae_revision/annotation/geoms/proposals/PRP_heavy_cloud_0070.geojson,712,4477f1e112b919c36305b6d79336c36c29a9fc415a72de48fd6933a7016d07b0,.geojson,reference_data
reference_data/experiment_benchmark/oa_mae_revision/annotation/geoms/proposals/PRP_heavy_cloud_0071.geojson,713,daa9b8d8beefb7fc0ad5a56c6e9a7b0a9e5aa03da57c4375a59592bad0892372,.geojson,reference_data
reference_data/experiment_benchmark/oa_mae_revision/annotation/geoms/proposals/PRP_heavy_cloud_0072.geojson,721,833993a162d68fdcf2fbad131c03f58d764dbd723e8e4a137810f033b2887f2b,.geojson,reference_data
reference_data/experiment_benchmark/oa_mae_revision/annotation/geoms/proposals/PRP_heavy_cloud_0073.geojson,716,d61cad501464363303c0936f77b7dd9628e6623cd0b1980e4395bc3db25e6262,.geojson,reference_data
reference_data/experiment_benchmark/oa_mae_revision/annotation/geoms/proposals/PRP_heavy_cloud_0074.geojson,716,f1ca24d3124871e2be35c0504ea896d2ddd3c4e6127a0c26a09d57abc1e601f0,.geojson,reference_data
reference_data/experiment_benchmark/oa_mae_revision/annotation/geoms/proposals/PRP_heavy_cloud_0075.geojson,709,9636fc959cc07e3967080b9c45411140955e6f56a9c65fa0ff3111418d227775,.geojson,reference_data
reference_data/experiment_benchmark/oa_mae_revision/annotation/geoms/proposals/PRP_heavy_cloud_0076.geojson,716,62ba1fa3234b5f22f894023c31735b65ae03150799c4909629f4ee69361501d0,.geojson,reference_data
reference_data/experiment_benchmark/oa_mae_revision/annotation/geoms/proposals/PRP_heavy_cloud_0077.geojson,713,7505ea775f5d251d004feb34c37c931d112e1271ee210036b8858cb63f8f3ba1,.geojson,reference_data
reference_data/experiment_benchmark/oa_mae_revision/annotation/geoms/proposals/PRP_heavy_cloud_0078.geojson,716,1506c55f26094a428125cb199992b9848f889055b1a9c300d1c3e8dbb89e5860,.geojson,reference_data
reference_data/experiment_benchmark/oa_mae_revision/annotation/geoms/proposals/PRP_heavy_cloud_0079.geojson,713,0e2c03f14fff697b46135aac62f1b70324b6a2acd78711622a5eea915820583e,.geojson,reference_data
reference_data/experiment_benchmark/oa_mae_revision/annotation/geoms/proposals/PRP_heavy_cloud_0080.geojson,711,c8ad6ed0a5a2719f119ec1985217f42eaf563aaca7cf1331b337079207b72746,.geojson,reference_data
reference_data/experiment_benchmark/oa_mae_revision/annotation/geoms/proposals/PRP_heavy_cloud_0081.geojson,711,d01b5f3c9400b51743966ff62590959ee8c2397e0ebefa2c63c91c9aaaf64751,.geojson,reference_data
reference_data/experiment_benchmark/oa_mae_revision/annotation/geoms/proposals/PRP_heavy_cloud_0082.geojson,715,09a7ac860bf83cd77d07e32eaf73c1f2920037551efbd679bf62f41fd6e4b496,.geojson,reference_data
reference_data/experiment_benchmark/oa_mae_revision/annotation/geoms/proposals/PRP_heavy_cloud_0083.geojson,718,5059a7edfac989e42198f585303817e59a0bbf40d8d42c93b14a8b554b94dde6,.geojson,reference_data
reference_data/experiment_benchmark/oa_mae_revision/annotation/geoms/proposals/PRP_heavy_cloud_0084.geojson,717,34866445a95e7fc13bfd028ff7087961b521bc90f10006f9156ce5d72012e2c2,.geojson,reference_data
reference_data/experiment_benchmark/oa_mae_revision/annotation/geoms/proposals/PRP_heavy_cloud_0085.geojson,716,71a34e0f271297951abd191ba92eb806bac4217112ffb177561d794d70462e97,.geojson,reference_data
reference_data/experiment_benchmark/oa_mae_revision/annotation/geoms/proposals/PRP_heavy_cloud_0086.geojson,716,dbf95517bec8b3c2e42b4396c770ef463dcd03d0c686257eaf733cd573fe5a6f,.geojson,reference_data
reference_data/experiment_benchmark/oa_mae_revision/annotation/geoms/proposals/PRP_heavy_cloud_0087.geojson,715,5c6631b7c20794d9aea952d385e6b141947b13f83f5e4e871f8ea3ac084dc5d8,.geojson,reference_data
reference_data/experiment_benchmark/oa_mae_revision/annotation/geoms/proposals/PRP_heavy_cloud_0088.geojson,720,76a340fc76a38f165ffe223f98a8715f202da65480d4b4aef14015507f4129ff,.geojson,reference_data
reference_data/experiment_benchmark/oa_mae_revision/annotation/geoms/proposals/PRP_heavy_cloud_0089.geojson,715,0885f431fa9df11eb403e2a01934fb26485f49e13dc4b3853256828c2f86dcd3,.geojson,reference_data
reference_data/experiment_benchmark/oa_mae_revision/annotation/geoms/proposals/PRP_heavy_cloud_0090.geojson,713,14919b56a06e31d97f438176ef08d5611202659bc26ed977c16251e6f36cc596,.geojson,reference_data
reference_data/experiment_benchmark/oa_mae_revision/annotation/geoms/proposals/PRP_heavy_cloud_0091.geojson,712,316366b8e2db6d92894e784f6d5b54b70f0e1248bcf3e0fb745eb7dd2ab234c5,.geojson,reference_data
reference_data/experiment_benchmark/oa_mae_revision/annotation/geoms/proposals/PRP_heavy_cloud_0092.geojson,715,06fd1577e35b5710f89d2ee2c4958633ac4a2fbc84d97c75c3dfca2d2997c554,.geojson,reference_data
reference_data/experiment_benchmark/oa_mae_revision/annotation/geoms/proposals/PRP_heavy_cloud_0093.geojson,713,b69bb9964f4b8fd834fa2ccd2ec1e9ba7b403cce9ff3b943cff573845e393ef9,.geojson,reference_data
reference_data/experiment_benchmark/oa_mae_revision/annotation/geoms/proposals/PRP_heavy_cloud_0094.geojson,713,d89468e9cf7ec57361c45393db9bd8fda18c26c6131adbe031f60f8abdb03792,.geojson,reference_data
reference_data/experiment_benchmark/oa_mae_revision/annotation/geoms/proposals/PRP_heavy_cloud_0095.geojson,710,5d47caddae006343b4d51d010e68c774a62f68fb2eaeae34629da7169880a8c1,.geojson,reference_data
reference_data/experiment_benchmark/oa_mae_revision/annotation/geoms/proposals/PRP_heavy_cloud_0096.geojson,713,dfab5e45df4e45ec965be58ae85429290824b00b0b8b2a6c99cdcdf1f4dfa9e6,.geojson,reference_data
reference_data/experiment_benchmark/oa_mae_revision/annotation/geoms/proposals/PRP_heavy_cloud_0097.geojson,717,4a5f094affd9e38890c0a07a52ecfcfde0f99b343e5ab025bb0f2f6c3830521a,.geojson,reference_data
reference_data/experiment_benchmark/oa_mae_revision/annotation/geoms/proposals/PRP_heavy_cloud_0098.geojson,713,f3c5c4a35f5aa820e7bb2b859b901e41edee2ed4e371cd7dfc17700b8c0862d4,.geojson,reference_data
reference_data/experiment_benchmark/oa_mae_revision/annotation/geoms/proposals/PRP_heavy_cloud_0099.geojson,718,406bd8b85942fa28e539af95ab65d2d67c1c311e9278a317978b79db55019313,.geojson,reference_data
reference_data/experiment_benchmark/oa_mae_revision/annotation/geoms/proposals/PRP_heavy_cloud_0100.geojson,718,31cdded4831a49baf42864eecdc1d5b64edee1a8ce25f633a9d47efed3340fca,.geojson,reference_data
reference_data/experiment_benchmark/oa_mae_revision/annotation/geoms/proposals/PRP_heavy_cloud_0101.geojson,720,e0ff9698ae8c5c47431c363d5b1c5bb5ca58fe3293e30e64c00d7b8cb8d67a54,.geojson,reference_data
reference_data/experiment_benchmark/oa_mae_revision/annotation/geoms/proposals/PRP_heavy_cloud_0102.geojson,711,611074a6f30bc8b9d8fa586e8e3eaa1a1a3057da5efa419da38adeefdc2628e5,.geojson,reference_data
reference_data/experiment_benchmark/oa_mae_revision/annotation/geoms/proposals/PRP_heavy_cloud_0103.geojson,713,4ffd4e774fabd8527d7e14d05d42a9325a3b7621c08513ec4189bfe432984c53,.geojson,reference_data
reference_data/experiment_benchmark/oa_mae_revision/annotation/geoms/proposals/PRP_heavy_cloud_0104.geojson,718,64675ddc56e783f90ae53bb61b7cbf5a496f77dd647ba656636b8adfa2a572d8,.geojson,reference_data
reference_data/experiment_benchmark/oa_mae_revision/annotation/geoms/proposals/PRP_heavy_cloud_0105.geojson,718,0564547ca2d14a91ee1c1df0825e999cb4f019a9bf62504f570567ccdaba9733,.geojson,reference_data
reference_data/experiment_benchmark/oa_mae_revision/annotation/geoms/proposals/PRP_heavy_cloud_0106.geojson,723,1771df4ddd7bd6142518c08cbf323bb25f652150f77ba12963d89d0a8476b99d,.geojson,reference_data
reference_data/experiment_benchmark/oa_mae_revision/annotation/geoms/proposals/PRP_heavy_cloud_0107.geojson,721,8ae8c94b1797864a1c17a786658c962e9bdeaee83afe18ee9a7d6aff43959f30,.geojson,reference_data
reference_data/experiment_benchmark/oa_mae_revision/annotation/geoms/proposals/PRP_heavy_cloud_0108.geojson,718,b535bee8009a29b150e1eac7f468b1a6b562c8fe040cec6e427d7a9e3e223820,.geojson,reference_data
reference_data/experiment_benchmark/oa_mae_revision/annotation/geoms/proposals/PRP_heavy_cloud_0109.geojson,723,730d9b0b155ca5630dd6d098e618c25a1badf165d7852fb8aee31885d51b9daa,.geojson,reference_data
reference_data/experiment_benchmark/oa_mae_revision/annotation/geoms/proposals/PRP_heavy_cloud_0110.geojson,717,26540e499d175e90c5dbd200a998ceecf9bc693a565421e9a20ce75a20440f67,.geojson,reference_data
reference_data/experiment_benchmark/oa_mae_revision/annotation/geoms/proposals/PRP_heavy_cloud_0111.geojson,718,cf87b12593068b3feac49b7c26839bcb7cba9470ebdb7ec2c50ed20534464c9d,.geojson,reference_data
reference_data/experiment_benchmark/oa_mae_revision/annotation/geoms/proposals/PRP_heavy_cloud_0112.geojson,721,017a15d0f92020f1704bd3c5fc326bb583eefec551e78bff1ed25e7f5caf78e6,.geojson,reference_data
reference_data/experiment_benchmark/oa_mae_revision/annotation/geoms/proposals/PRP_heavy_cloud_0113.geojson,723,880c9a7608059df0bd514ee7421c354c06e995099765e55c8beda00c5f7ad1c3,.geojson,reference_data
reference_data/experiment_benchmark/oa_mae_revision/annotation/geoms/proposals/PRP_heavy_cloud_0114.geojson,708,323245eb91178dbdfd952ec737bb51a105933c08956202ab81a1acd60f308d01,.geojson,reference_data
reference_data/experiment_benchmark/oa_mae_revision/annotation/geoms/proposals/PRP_heavy_cloud_0115.geojson,716,e684d020b4e4a603e8d481d879ee8abf39cb984a9d3671d82ef1daa5d6cf484a,.geojson,reference_data
reference_data/experiment_benchmark/oa_mae_revision/annotation/geoms/proposals/PRP_heavy_cloud_0116.geojson,723,c2cdb5ee11c7b9e9324245cb962974a7c520171867114c9383398c416eeb142a,.geojson,reference_data
reference_data/experiment_benchmark/oa_mae_revision/annotation/geoms/proposals/PRP_heavy_cloud_0117.geojson,718,8110796b79ddee3d4949adb08e51ffc6921db7217231b46de96635e0df0dff17,.geojson,reference_data
reference_data/experiment_benchmark/oa_mae_revision/annotation/geoms/proposals/PRP_heavy_cloud_0118.geojson,713,69238be34ad29b5ee4dfe84eb7ebe5649d2722b2eab78e927945063fe8c29835,.geojson,reference_data
reference_data/experiment_benchmark/oa_mae_revision/annotation/geoms/proposals/PRP_heavy_cloud_0119.geojson,715,272dc936111484bf68322b1e20e562dfd279522a1999742e22af4cb4e4800884,.geojson,reference_data
reference_data/experiment_benchmark/oa_mae_revision/annotation/geoms/proposals/PRP_heavy_cloud_0120.geojson,710,2d1c7dda83a190e8e2d3140459ec5286bbd4c3f9e23863ed4574dc1f164ca5ce,.geojson,reference_data
reference_data/experiment_benchmark/oa_mae_revision/annotation/geoms/proposals/PRP_heavy_cloud_0121.geojson,713,7c9efdad77b908583791230eccc198290b0da1fe18566b7cbcc4e9279fc38d40,.geojson,reference_data
reference_data/experiment_benchmark/oa_mae_revision/annotation/geoms/proposals/PRP_heavy_cloud_0122.geojson,715,22df3d75f7cb2efdacd02681eafa7e7910f7bf4fa20eb3b0648e64ec73aeb973,.geojson,reference_data
reference_data/experiment_benchmark/oa_mae_revision/annotation/geoms/proposals/PRP_heavy_cloud_0123.geojson,713,505815b22c73c0e04d23541b002525e0d93e225fdf66cdd3e9daafc19accfa15,.geojson,reference_data
reference_data/experiment_benchmark/oa_mae_revision/annotation/geoms/proposals/PRP_heavy_cloud_0124.geojson,711,b4a6ee804ea137a2cfebca74dadecdadc5f75ef04062e9126ca4cd2b782b41c6,.geojson,reference_data
reference_data/experiment_benchmark/oa_mae_revision/annotation/geoms/proposals/PRP_heavy_cloud_0125.geojson,713,a78c4ed86c9c9a708dd5a68f0ab911dbdd4181efec208d641d7cc83281857360,.geojson,reference_data
reference_data/experiment_benchmark/oa_mae_revision/annotation/geoms/proposals/PRP_heavy_cloud_0126.geojson,715,14a35fbf9584fc058a66cac5dfb26129b1885f47f3b067eb1def706812a075d9,.geojson,reference_data
reference_data/experiment_benchmark/oa_mae_revision/annotation/geoms/proposals/PRP_heavy_cloud_0127.geojson,713,6b356f156b4f379e44791fcc61021bd1571e869c40b1fb1c699a178edc205e63,.geojson,reference_data
reference_data/experiment_benchmark/oa_mae_revision/annotation/geoms/proposals/PRP_heavy_cloud_0128.geojson,713,6d1f4aee16fb071e6f2fb4750c01e40b897bfbe50b2920ef1b739028ec94c702,.geojson,reference_data
reference_data/experiment_benchmark/oa_mae_revision/annotation/geoms/proposals/PRP_heavy_cloud_0129.geojson,718,c11f6dd9fae5da9fb50e69b59b4ead189e49496b5f58f3d2a1351bad6753005b,.geojson,reference_data
reference_data/experiment_benchmark/oa_mae_revision/annotation/geoms/proposals/PRP_heavy_cloud_0130.geojson,711,78923a5d9f1fcc1b9a3af17857fbba4b6ce46f7218cf3f79ca8efe238e793e3c,.geojson,reference_data
reference_data/experiment_benchmark/oa_mae_revision/annotation/geoms/proposals/PRP_heavy_cloud_0131.geojson,708,f5531710bb43e8dcb8b5acae5c2285d5d28301dd9010cb145d401f95412379a2,.geojson,reference_data
reference_data/experiment_benchmark/oa_mae_revision/annotation/geoms/proposals/PRP_heavy_cloud_0132.geojson,713,3af06b21db2573adcc0b654b43691a3c0aa4899cc64eb5397a52ab8e6cdea3de,.geojson,reference_data
reference_data/experiment_benchmark/oa_mae_revision/annotation/geoms/proposals/PRP_heavy_cloud_0133.geojson,716,5f1d92da4c8be26770ac539b4520c202c8542f5c9db3d2fa273247bace83e080,.geojson,reference_data
reference_data/experiment_benchmark/oa_mae_revision/annotation/geoms/proposals/PRP_heavy_cloud_0134.geojson,713,7a57349154b5febf01ec604a41e59b3b82dd563a307051a053353f46afb4f55d,.geojson,reference_data
reference_data/experiment_benchmark/oa_mae_revision/annotation/geoms/proposals/PRP_heavy_cloud_0135.geojson,716,5377d42fbb75082ecbe590db4f6921348ace63fe52bf9271ba7115950d896b31,.geojson,reference_data
reference_data/experiment_benchmark/oa_mae_revision/annotation/geoms/proposals/PRP_heavy_cloud_0136.geojson,718,78e699430e31356fc2a00b58c56de27b759833704c2a52f5ba64fbd8ca9b1767,.geojson,reference_data
reference_data/experiment_benchmark/oa_mae_revision/annotation/geoms/proposals/PRP_heavy_cloud_0137.geojson,713,b1fd140da17deb7fc75b0fe7cc0b9eaaffdc1401dbc85d5d125e5b942a4f33cb,.geojson,reference_data
reference_data/experiment_benchmark/oa_mae_revision/annotation/geoms/proposals/PRP_heavy_cloud_0138.geojson,719,4432254ffbc42f3698789ededa8f3de4ab4daa336e4ab8f3e232852355636c4d,.geojson,reference_data
reference_data/experiment_benchmark/oa_mae_revision/annotation/geoms/proposals/PRP_heavy_cloud_0139.geojson,718,e530584a278d5ffc200c745de8f970903c4e6bbfe45b36729015faf2718a1715,.geojson,reference_data
reference_data/experiment_benchmark/oa_mae_revision/annotation/geoms/proposals/PRP_heavy_cloud_0140.geojson,713,2f080042afb163ec77acc2594b421da187313b7be309f5b4927c2f694d7b03a2,.geojson,reference_data
reference_data/experiment_benchmark/oa_mae_revision/annotation/geoms/proposals/PRP_heavy_cloud_0141.geojson,723,99873ec14126c5cb5402df065e66176ced2ef94681fb46472c6d619af7172942,.geojson,reference_data
reference_data/experiment_benchmark/oa_mae_revision/annotation/geoms/proposals/PRP_heavy_cloud_0142.geojson,713,069e5ce4ca6bdf8981567373b1abe140b2d1a5e0b3c657cb3fe26c48482ad1f3,.geojson,reference_data
reference_data/experiment_benchmark/oa_mae_revision/annotation/geoms/proposals/PRP_heavy_cloud_0143.geojson,718,7bd51293ffe0fff0d1d2b57f5bb2c377f7b03f7ad41ce8d5e192d21dc6987db2,.geojson,reference_data
reference_data/experiment_benchmark/oa_mae_revision/annotation/geoms/proposals/PRP_heavy_cloud_0144.geojson,718,14d15580d119cb720d0bc86350a42628bdc52f6beb11da179c0ef16932708f97,.geojson,reference_data
reference_data/experiment_benchmark/oa_mae_revision/annotation/geoms/proposals/PRP_heavy_cloud_0145.geojson,715,2e8e084f4ebe564992efa4b14704f18cc1f7c28efd8f9cf71b07e397e5cec578,.geojson,reference_data
reference_data/experiment_benchmark/oa_mae_revision/annotation/geoms/proposals/PRP_heavy_cloud_0146.geojson,718,d9e507ab43e6e5a2dbfa191723f1601565e2df4c8cb7ff9139a205c2a6960a79,.geojson,reference_data
reference_data/experiment_benchmark/oa_mae_revision/annotation/geoms/proposals/PRP_heavy_cloud_0147.geojson,684,2143cc95bae586dfd56482781f01fbdbb919d58d7e823818f5e7b1a46777a12f,.geojson,reference_data
reference_data/experiment_benchmark/oa_mae_revision/annotation/geoms/proposals/PRP_heavy_cloud_0148.geojson,684,2129b050f11a6a78288c18b2474d6b80589640a50fda5ee08b652941c7f7584d,.geojson,reference_data
reference_data/experiment_benchmark/oa_mae_revision/annotation/geoms/proposals/PRP_heavy_cloud_0149.geojson,676,055c0ed3f0e6ef75b95ffc9db3f500009ad88812d8b59e415935810b6843d224,.geojson,reference_data
reference_data/experiment_benchmark/oa_mae_revision/annotation/geoms/proposals/PRP_heavy_cloud_0150.geojson,684,7c302bd26ffc3918c7289223fa251c608cbf5237279a60178dd8c7c66529f7e2,.geojson,reference_data
reference_data/experiment_benchmark/oa_mae_revision/annotation/geoms/proposals/PRP_heavy_cloud_0151.geojson,676,dd65b2bb6bfd79db9338c6fd35bf08effcda5cc5fdd5fd4502d157dac339c232,.geojson,reference_data
reference_data/experiment_benchmark/oa_mae_revision/annotation/geoms/proposals/PRP_heavy_cloud_0152.geojson,684,614da8ceea484287b9f0bcca1cf9f51f3724d7e415e6b2ef5a81a02e7a15b15b,.geojson,reference_data
reference_data/experiment_benchmark/oa_mae_revision/annotation/geoms/proposals/PRP_heavy_cloud_0153.geojson,685,4aaab08cc2f617ec5369ab75d7517bebf6ee9f08879f3f30fa2f6be70abdfa94,.geojson,reference_data
reference_data/experiment_benchmark/oa_mae_revision/annotation/geoms/proposals/PRP_heavy_cloud_0154.geojson,676,5753d6fc5f5bd74678ea5312154b0d7256638134a0f5e073e59f10a67a50e6e9,.geojson,reference_data
reference_data/experiment_benchmark/oa_mae_revision/annotation/geoms/proposals/PRP_heavy_cloud_0155.geojson,679,5dff36422e9ad25faa3ee60ff7aef4ec6dc39a6118ec6d969e35a0778e4bcf06,.geojson,reference_data
reference_data/experiment_benchmark/oa_mae_revision/annotation/geoms/proposals/PRP_heavy_cloud_0156.geojson,683,40262569e30b302b31fb1b565f7ea7f36d9d8101d026e945eb68360ab5b6f247,.geojson,reference_data
reference_data/experiment_benchmark/oa_mae_revision/annotation/geoms/proposals/PRP_heavy_cloud_0157.geojson,682,40bb82da5deec3da94337706634e3a7820f3fd02189a8ae5f72a7068b0e96b30,.geojson,reference_data
reference_data/experiment_benchmark/oa_mae_revision/annotation/geoms/proposals/PRP_heavy_cloud_0158.geojson,678,e3cdbcfb1d8106e11d03810b18548e4d92993f258f7bf903e252aae29f7c3bac,.geojson,reference_data
reference_data/experiment_benchmark/oa_mae_revision/annotation/geoms/proposals/PRP_heavy_cloud_0159.geojson,686,b6fe940d5a9b1f3ae07b4e3978f9994f2403001c0047c2cc8ab49c2ab7edcfed,.geojson,reference_data
reference_data/experiment_benchmark/oa_mae_revision/annotation/geoms/proposals/PRP_heavy_cloud_0160.geojson,682,f3e998182ba5570642daf7ed0a5df89f30388a686b8e65d2fe3e23394a7609af,.geojson,reference_data
reference_data/experiment_benchmark/oa_mae_revision/annotation/geoms/proposals/PRP_heavy_cloud_0161.geojson,681,236c8f648767bb53c77a3c6e3a96f082d5591ad183471d62acb91c243f27fb68,.geojson,reference_data
reference_data/experiment_benchmark/oa_mae_revision/annotation/geoms/proposals/PRP_heavy_cloud_0162.geojson,689,7dafab39b063c3dd0ad939583294a0b5b3895ca1cfc83e978ba63b84b915794a,.geojson,reference_data
reference_data/experiment_benchmark/oa_mae_revision/annotation/geoms/proposals/PRP_heavy_cloud_0163.geojson,681,de4c43cccc5c439e5632e129d3ba9a3ced9545f660f8196564390938751941d3,.geojson,reference_data
reference_data/experiment_benchmark/oa_mae_revision/annotation/geoms/proposals/PRP_heavy_cloud_0164.geojson,684,c445791a339996e21102816b0e6346b07c361299b688d0fedd1116fbb891ea2a,.geojson,reference_data
reference_data/experiment_benchmark/oa_mae_revision/annotation/geoms/proposals/PRP_heavy_cloud_0165.geojson,679,cf8280a12793ab166cd56337381e15b18494cc102eeceff53c4f087627985912,.geojson,reference_data
reference_data/experiment_benchmark/oa_mae_revision/annotation/geoms/proposals/PRP_heavy_cloud_0166.geojson,679,4ac1ec80ecc5278708fc551b39c525fbe071fc9dfb226c865dc51c8b75964750,.geojson,reference_data
reference_data/experiment_benchmark/oa_mae_revision/annotation/geoms/proposals/PRP_heavy_cloud_0167.geojson,684,9abe4bc630158f863707dfd59401601d4879bd32915439685bcdc72e33467c88,.geojson,reference_data
reference_data/experiment_benchmark/oa_mae_revision/annotation/geoms/proposals/PRP_heavy_cloud_0168.geojson,677,6158424af4f5f46ff1e580415c250b54b0e5f0ac0ac9666ae62472e705bea280,.geojson,reference_data
reference_data/experiment_benchmark/oa_mae_revision/annotation/geoms/proposals/PRP_heavy_cloud_0169.geojson,684,edcbb529d0bc29d1d6286f282fe9017f69dcb6259fc65e0d08ffb9f7d61c8365,.geojson,reference_data
reference_data/experiment_benchmark/oa_mae_revision/annotation/geoms/proposals/PRP_heavy_cloud_0170.geojson,686,cc7a665f31354d51320cd6a5d155b6afd3516186ee26d8f528be4bdabc8774ef,.geojson,reference_data
reference_data/experiment_benchmark/oa_mae_revision/annotation/geoms/proposals/PRP_informal_small_roofs_0000.geojson,754,533b9110b14aa3163ef84b0a8f42fd30f2277bb822de139ac3378843cf0dfeea,.geojson,reference_data
reference_data/experiment_benchmark/oa_mae_revision/annotation/geoms/proposals/PRP_informal_small_roofs_0001.geojson,751,f7ecfd1791a1e6f7e256135ee5b2f1be8975c6e79591f0b357ad8c3649c4f1f7,.geojson,reference_data
reference_data/experiment_benchmark/oa_mae_revision/annotation/geoms/proposals/PRP_informal_small_roofs_0002.geojson,757,46fde7c41cc20b8fc2342699077b11d95357d22355c62565b6a41a2e650502d9,.geojson,reference_data
reference_data/experiment_benchmark/oa_mae_revision/annotation/geoms/proposals/PRP_informal_small_roofs_0003.geojson,755,26b8c72b0c21edeebd8e98595cc6289493e15365608c6ae4bef6c07294e73dc0,.geojson,reference_data
reference_data/experiment_benchmark/oa_mae_revision/annotation/geoms/proposals/PRP_informal_small_roofs_0004.geojson,751,13752bf3764fee2a26f46d21ee7600974f9e42b85be57660bcc50433e5ebb047,.geojson,reference_data
reference_data/experiment_benchmark/oa_mae_revision/annotation/geoms/proposals/PRP_informal_small_roofs_0005.geojson,749,4a2cecd8b067903af6ffe8fd54d96cfe3b0203e894ea967b5ff0b7f671d9d8f5,.geojson,reference_data
reference_data/experiment_benchmark/oa_mae_revision/annotation/geoms/proposals/PRP_informal_small_roofs_0006.geojson,751,637b06033ee09b8f93ec061298cb23d641ae07889d9b314420b660cb77d4f370,.geojson,reference_data
reference_data/experiment_benchmark/oa_mae_revision/annotation/geoms/proposals/PRP_informal_small_roofs_0007.geojson,755,4ccfc5e7e52ab3ed4fa12e8f3f1d2bfe0aaea500b5f67edc41bf34cd358baba1,.geojson,reference_data
reference_data/experiment_benchmark/oa_mae_revision/annotation/geoms/proposals/PRP_informal_small_roofs_0008.geojson,749,259d66105511a49da575e97bf61b45c72cc5d483ee54ed664451be9acea841e4,.geojson,reference_data
reference_data/experiment_benchmark/oa_mae_revision/annotation/geoms/proposals/PRP_informal_small_roofs_0009.geojson,751,3cdf95d8d77db02eaf0f10a9b9038ca760d63da5e0bfcb60e5c99bb3400a194c,.geojson,reference_data
reference_data/experiment_benchmark/oa_mae_revision/annotation/geoms/proposals/PRP_informal_small_roofs_0010.geojson,747,f3fba3dabbe15b4900fb085da9816275fe17b30fed18d4aae04303a330b99226,.geojson,reference_data
reference_data/experiment_benchmark/oa_mae_revision/annotation/geoms/proposals/PRP_informal_small_roofs_0011.geojson,759,1646ddc7ab7b86cdb61571e2973ac0e3fa9e8bfdb338d8ecadce71f92123fa23,.geojson,reference_data
reference_data/experiment_benchmark/oa_mae_revision/annotation/geoms/proposals/PRP_informal_small_roofs_0012.geojson,748,8e5b0cddb18f523f93476c7a1818d43adaf39858257340675edc54dc185e5fae,.geojson,reference_data
reference_data/experiment_benchmark/oa_mae_revision/annotation/geoms/proposals/PRP_informal_small_roofs_0013.geojson,752,95c5e157206b85d98047293103f312c462e31ae6fcc90a8071e5a0beeb13f60c,.geojson,reference_data
reference_data/experiment_benchmark/oa_mae_revision/annotation/geoms/proposals/PRP_informal_small_roofs_0014.geojson,746,9eab611207c8a4cbc6bf58f493ce3d53bd17593084177c59e9b96eeb44566b96,.geojson,reference_data
reference_data/experiment_benchmark/oa_mae_revision/annotation/geoms/proposals/PRP_informal_small_roofs_0015.geojson,747,cca04dcdf185d0901e1176a68fe00760e4603f2ef4da279d2b020e159225d77c,.geojson,reference_data
reference_data/experiment_benchmark/oa_mae_revision/annotation/geoms/proposals/PRP_informal_small_roofs_0016.geojson,754,fda34685b89de75f7f4faf1b96053f098ba26f43ae5702f35b78a49109ebfa53,.geojson,reference_data
reference_data/experiment_benchmark/oa_mae_revision/annotation/geoms/proposals/PRP_informal_small_roofs_0017.geojson,750,3957ee8cb1d52dda3a092de2dc86e3d393e045b36ee0f0d0885569658eeda751,.geojson,reference_data
reference_data/experiment_benchmark/oa_mae_revision/annotation/geoms/proposals/PRP_informal_small_roofs_0018.geojson,756,8bee7bd78f2e291edffaf7835853dc9d993adf8797c690456fc38ded2411fbea,.geojson,reference_data
reference_data/experiment_benchmark/oa_mae_revision/annotation/geoms/proposals/PRP_informal_small_roofs_0019.geojson,754,87be34564b76f3e4549e021c795e291b2038de80462e37fbfa7afa9fc880cb44,.geojson,reference_data
reference_data/experiment_benchmark/oa_mae_revision/annotation/geoms/proposals/PRP_informal_small_roofs_0020.geojson,753,8b3e91f69f19b3259716416ecc296a419d452d00d730ae01ae92a39768fcaa76,.geojson,reference_data
reference_data/experiment_benchmark/oa_mae_revision/annotation/geoms/proposals/PRP_informal_small_roofs_0021.geojson,752,cff99ad1ff251fc87e7b9df9cbf089644eb27e726fc08bdff57543a11e9ecebc,.geojson,reference_data
reference_data/experiment_benchmark/oa_mae_revision/annotation/geoms/proposals/PRP_informal_small_roofs_0022.geojson,748,857a5a459ea94e6089173d9f49b70b74ca1450dcbf57213c6868f73143d96524,.geojson,reference_data
reference_data/experiment_benchmark/oa_mae_revision/annotation/geoms/proposals/PRP_informal_small_roofs_0023.geojson,749,d7fa25c17ba88b3270cf6988cfef48d8d5e6d81347f14d5e900a278ee4903434,.geojson,reference_data
reference_data/experiment_benchmark/oa_mae_revision/annotation/geoms/proposals/PRP_informal_small_roofs_0024.geojson,749,2322b6e693b3d6447a1e9de0971f1b2cb3bd5553f7e398886c7eda33173bebfe,.geojson,reference_data
reference_data/experiment_benchmark/oa_mae_revision/annotation/geoms/proposals/PRP_informal_small_roofs_0025.geojson,752,5c69b959bc61246e4c31319c8cb8a755469d0f145f37eeb40e6394ed7e9c0939,.geojson,reference_data
reference_data/experiment_benchmark/oa_mae_revision/annotation/geoms/proposals/PRP_informal_small_roofs_0026.geojson,749,81d46a426c8df10f7f5315f49345c84eeec64fa30dac6ce202073537b6195a3b,.geojson,reference_data
reference_data/experiment_benchmark/oa_mae_revision/annotation/geoms/proposals/PRP_informal_small_roofs_0027.geojson,749,0bcae3423e902c364366c1563af449b4dc4a95c30e7c4f4901df65e5c2c6469e,.geojson,reference_data
reference_data/experiment_benchmark/oa_mae_revision/annotation/geoms/proposals/PRP_informal_small_roofs_0028.geojson,754,cd07cd41a70d9cb56077f3ab6858594b2734e590c96f9f8b40af509e3bc5d920,.geojson,reference_data
reference_data/experiment_benchmark/oa_mae_revision/annotation/geoms/proposals/PRP_informal_small_roofs_0029.geojson,752,25022274025a1059d281aa22e9753145e0644795f41a09ba7938f3dfa9080713,.geojson,reference_data
reference_data/experiment_benchmark/oa_mae_revision/annotation/geoms/proposals/PRP_informal_small_roofs_0030.geojson,746,9531b492712fc40ed2a6e226358b0b5360b00e0ab6374e0546fa30360bcf4e2f,.geojson,reference_data
reference_data/experiment_benchmark/oa_mae_revision/annotation/geoms/proposals/PRP_informal_small_roofs_0031.geojson,747,a5623eee26bdf691809605837e1fe35916b26cc76a219d0a55d9c1db8142438d,.geojson,reference_data
reference_data/experiment_benchmark/oa_mae_revision/annotation/geoms/proposals/PRP_informal_small_roofs_0032.geojson,754,9812dd91cf07abf6a5c0ce2f449823f8de884f65e15d74e7b4c28c2062dfc18f,.geojson,reference_data
reference_data/experiment_benchmark/oa_mae_revision/annotation/geoms/proposals/PRP_informal_small_roofs_0033.geojson,751,2ff6746a6d729af271b51875d6b6ea89cea834588de551a9d46b93398d23e153,.geojson,reference_data
reference_data/experiment_benchmark/oa_mae_revision/annotation/geoms/proposals/PRP_informal_small_roofs_0034.geojson,749,dd2fae9fd692520d077ca98beeb6ca8d0d761e61f449d6c4505c335ac8e1843a,.geojson,reference_data
reference_data/experiment_benchmark/oa_mae_revision/annotation/geoms/proposals/PRP_informal_small_roofs_0035.geojson,752,342531138b90b05a671a5060e074ef3f2f528733edc5f1aff10bba3bcc2bc380,.geojson,reference_data
reference_data/experiment_benchmark/oa_mae_revision/annotation/geoms/proposals/PRP_informal_small_roofs_0036.geojson,752,52e642da5dcb8e1d0a034324ce85c6dc872ed08efc8084ba7c25f5900888298f,.geojson,reference_data
reference_data/experiment_benchmark/oa_mae_revision/annotation/geoms/proposals/PRP_informal_small_roofs_0037.geojson,751,5dd007dcb97034ba8874729092d92f44eb6bf1d40938458e70b8450e1ac6ed96,.geojson,reference_data
reference_data/experiment_benchmark/oa_mae_revision/annotation/geoms/proposals/PRP_informal_small_roofs_0038.geojson,740,503b22fdd9dca16f7267148cc4cb8b27e25533581259734951963a9fb375c523,.geojson,reference_data
reference_data/experiment_benchmark/oa_mae_revision/annotation/geoms/proposals/PRP_informal_small_roofs_0039.geojson,754,85e34af3ae899367b2e08ba0f1a8972512aed433c71dc727a98c147e28d81ddd,.geojson,reference_data
reference_data/experiment_benchmark/oa_mae_revision/annotation/geoms/proposals/PRP_informal_small_roofs_0040.geojson,751,6afc64a40d5cce6ddbdbbcdacf31368d3c4738c3f01d3c86b2bb6417a7835a6b,.geojson,reference_data
reference_data/experiment_benchmark/oa_mae_revision/annotation/geoms/proposals/PRP_informal_small_roofs_0041.geojson,759,3ff2841905cec1c9773f9a349bf19cdf1b0685748cbea461d4cd29d76c7bccb8,.geojson,reference_data
reference_data/experiment_benchmark/oa_mae_revision/annotation/geoms/proposals/PRP_informal_small_roofs_0042.geojson,749,5625fc06b65e47244f216528636fa436e8457140cc0b41de12d8cd855614feb3,.geojson,reference_data
reference_data/experiment_benchmark/oa_mae_revision/annotation/geoms/proposals/PRP_informal_small_roofs_0043.geojson,749,3138666309e307bb3013f9ea14bacfb11951c9255bb0d2432438cff6bacfcdc6,.geojson,reference_data
reference_data/experiment_benchmark/oa_mae_revision/annotation/geoms/proposals/PRP_informal_small_roofs_0044.geojson,754,0532b0826b2fe980c5fa3d937afd00b01a0e42c439bd5347b325867d2d98715c,.geojson,reference_data
reference_data/experiment_benchmark/oa_mae_revision/annotation/geoms/proposals/PRP_informal_small_roofs_0045.geojson,751,30055aa8a3580d2b35035179b78f99f88681bf8f1d47753ec2f92738957949ab,.geojson,reference_data
reference_data/experiment_benchmark/oa_mae_revision/annotation/geoms/proposals/PRP_informal_small_roofs_0046.geojson,754,b4fefc6c5ae1fb606e82751594e6023c4313d2e670f3778b920262ee913c0d8e,.geojson,reference_data
reference_data/experiment_benchmark/oa_mae_revision/annotation/geoms/proposals/PRP_informal_small_roofs_0047.geojson,751,a799886907e519252a66d4e54e63f6529a5c8ac464276cf40dd9ae1b0df54398,.geojson,reference_data
reference_data/experiment_benchmark/oa_mae_revision/annotation/geoms/proposals/PRP_informal_small_roofs_0048.geojson,752,c0c7c7a6b402c7e477018993ab130f3a0d202a229af1b1c1794299a7da97c80f,.geojson,reference_data
reference_data/experiment_benchmark/oa_mae_revision/annotation/geoms/proposals/PRP_informal_small_roofs_0049.geojson,749,7636556a2f9016a44ecfe630cf1793e9648d152ec93aa2a626d9531cd2fbb6d7,.geojson,reference_data
reference_data/experiment_benchmark/oa_mae_revision/annotation/geoms/proposals/PRP_informal_small_roofs_0050.geojson,751,bf1ebd9f928f8f908b68e82aae299eaa24d6d058aed76d9ac1fd49ea6485af98,.geojson,reference_data
reference_data/experiment_benchmark/oa_mae_revision/annotation/geoms/proposals/PRP_informal_small_roofs_0051.geojson,746,e055d14e9883e1496e65b99429c26f420da9146bbb643ed8d6dfaeef9f99db4e,.geojson,reference_data
reference_data/experiment_benchmark/oa_mae_revision/annotation/geoms/proposals/PRP_informal_small_roofs_0052.geojson,754,473c5737fd8e23312af1da72761f7f8fee6fa908c15b8d862b04fc16cc48c446,.geojson,reference_data
reference_data/experiment_benchmark/oa_mae_revision/annotation/geoms/proposals/PRP_informal_small_roofs_0053.geojson,751,35a159d6678b6d7e4797a97e8ead470350d3041a521dde01626845e39d413e27,.geojson,reference_data
reference_data/experiment_benchmark/oa_mae_revision/annotation/geoms/proposals/PRP_informal_small_roofs_0054.geojson,749,e9e808dc642c746ad171f2173dc5295643ea0ab30e859f71ee974b34d8a661b8,.geojson,reference_data
reference_data/experiment_benchmark/oa_mae_revision/annotation/geoms/proposals/PRP_informal_small_roofs_0055.geojson,754,8af3452021cd5af19a86bdb38cce1bca3fb3b51b5d9a272901627ec4ac7c3894,.geojson,reference_data
reference_data/experiment_benchmark/oa_mae_revision/annotation/geoms/proposals/PRP_informal_small_roofs_0056.geojson,756,b9855e24df0afade4d7f6a856cafbf8611dd618b48e8c23b67a45d9e0ca99e28,.geojson,reference_data
reference_data/experiment_benchmark/oa_mae_revision/annotation/geoms/proposals/PRP_informal_small_roofs_0057.geojson,749,a3a2627132f374e79dbf7c7035d4e53fbd5eb6d87ae1ede819cdbedb4f826b89,.geojson,reference_data
reference_data/experiment_benchmark/oa_mae_revision/annotation/geoms/proposals/PRP_informal_small_roofs_0058.geojson,754,e2a8cd178bfcffa6a5cd7072ffbc53385187a19107bd6d62ade6d4eb049c673d,.geojson,reference_data
reference_data/experiment_benchmark/oa_mae_revision/annotation/geoms/proposals/PRP_informal_small_roofs_0059.geojson,756,e9f9288c43e97b2931e253fa30b643fe5c44b5a6ea26d33145cf69ca7f4f1390,.geojson,reference_data
reference_data/experiment_benchmark/oa_mae_revision/annotation/geoms/proposals/PRP_informal_small_roofs_0060.geojson,754,e9dda223726183b94e0f0beb90d7c29ecdc14db9dd240f75dd194311513434d4,.geojson,reference_data
reference_data/experiment_benchmark/oa_mae_revision/annotation/geoms/proposals/PRP_informal_small_roofs_0061.geojson,749,f6cdfe6f08f8e941eab309b801857f6a7ade0874e8d1a07922c547fd47d21343,.geojson,reference_data
reference_data/experiment_benchmark/oa_mae_revision/annotation/geoms/proposals/PRP_informal_small_roofs_0062.geojson,749,1c7c6519500e41180b1a1ce29146f43d6033e0e0ef1bbeb393784a556025baf2,.geojson,reference_data
reference_data/experiment_benchmark/oa_mae_revision/annotation/geoms/proposals/PRP_informal_small_roofs_0063.geojson,749,e73f805928f9657f71acfae1c6bc51f917f2ef7f3bf7ce41a17f83ff1d0c8fe8,.geojson,reference_data
reference_data/experiment_benchmark/oa_mae_revision/annotation/geoms/proposals/PRP_informal_small_roofs_0064.geojson,752,30dcdce0f511a586fd434a5bcdd117d2a29c71d064626db073252ca110a2ac3a,.geojson,reference_data
reference_data/experiment_benchmark/oa_mae_revision/annotation/geoms/proposals/PRP_informal_small_roofs_0065.geojson,755,d4463bc2d4b44cfdfe3a78aa2e3fb622fccf9d904764aeddf55ba42239933025,.geojson,reference_data
reference_data/experiment_benchmark/oa_mae_revision/annotation/geoms/proposals/PRP_informal_small_roofs_0066.geojson,752,497be6306b955ca2193671665cd690ef87eaf681f382e8d30f0f2fec16e0b27b,.geojson,reference_data
reference_data/experiment_benchmark/oa_mae_revision/annotation/geoms/proposals/PRP_informal_small_roofs_0067.geojson,757,bd1722df532c26743e2728e49cd2508c8b616f90aee20b1586a3b9137a7b34f2,.geojson,reference_data
reference_data/experiment_benchmark/oa_mae_revision/annotation/geoms/proposals/PRP_informal_small_roofs_0068.geojson,755,1cbf39a3784bb484818ec4c121b0537c2ee792267ee8b09069e42d77f1ff9366,.geojson,reference_data
reference_data/experiment_benchmark/oa_mae_revision/annotation/geoms/proposals/PRP_informal_small_roofs_0069.geojson,749,8c7fe203102f4292a4df6eaebc391b7d201c7f98b11ca1cf8d20427bfa76ce0e,.geojson,reference_data
reference_data/experiment_benchmark/oa_mae_revision/annotation/geoms/proposals/PRP_informal_small_roofs_0070.geojson,752,1a8452783c3982ff6028f0e96cfbef186cc400033b1b57fcd1682d1bcf5e094d,.geojson,reference_data
reference_data/experiment_benchmark/oa_mae_revision/annotation/geoms/proposals/PRP_informal_small_roofs_0071.geojson,749,b395f8e66283f65514850f5c4da247be719e03ce3bd2003ba2c7848c97103fe5,.geojson,reference_data
reference_data/experiment_benchmark/oa_mae_revision/annotation/geoms/proposals/PRP_informal_small_roofs_0072.geojson,749,6ba7b90f9a53b48e838a899884d8cecc3264d19fb9e72a808a66f9e9c2793a8a,.geojson,reference_data
reference_data/experiment_benchmark/oa_mae_revision/annotation/geoms/proposals/PRP_informal_small_roofs_0073.geojson,749,95ad2d886f9421c5b7da5a96c4ce8a48d6caeca6f11100477cc72d272017060a,.geojson,reference_data
reference_data/experiment_benchmark/oa_mae_revision/annotation/geoms/proposals/PRP_informal_small_roofs_0074.geojson,749,6168c312e7d3fb35c9057daca421fff1a558eccb2af32079b1b5a28c31bc93a4,.geojson,reference_data
reference_data/experiment_benchmark/oa_mae_revision/annotation/geoms/proposals/PRP_informal_small_roofs_0075.geojson,749,e19a60ccdceb65b0e7f5f9790f6c22573b8fa85e5fa9274ebbffa52b34e57191,.geojson,reference_data
reference_data/experiment_benchmark/oa_mae_revision/annotation/geoms/proposals/PRP_informal_small_roofs_0076.geojson,746,55cc62759e0e63e1e2e3537ba996a5e783d99cf9db3aac0f30420cfab145d9ce,.geojson,reference_data
reference_data/experiment_benchmark/oa_mae_revision/annotation/geoms/proposals/PRP_informal_small_roofs_0077.geojson,749,efc6d6418e8c240efd090a25d51e696cb4c1eeb3d6966bb774869b82e6367489,.geojson,reference_data
reference_data/experiment_benchmark/oa_mae_revision/annotation/geoms/proposals/PRP_informal_small_roofs_0078.geojson,748,6fd672ca9ab85d2d1c50aa5004b05229d86dd4703f2c76df7ee4d961e190535a,.geojson,reference_data
reference_data/experiment_benchmark/oa_mae_revision/annotation/geoms/proposals/PRP_informal_small_roofs_0079.geojson,749,4cefbc0da1855a32faba89fb680a5d6a74ca29959d643c35148c0116424c24fd,.geojson,reference_data
reference_data/experiment_benchmark/oa_mae_revision/annotation/geoms/proposals/PRP_informal_small_roofs_0080.geojson,751,d9bc6de41abb473606b0dcbfb8647be3d6c22ec3553732a09c29fd866d4320ba,.geojson,reference_data
reference_data/experiment_benchmark/oa_mae_revision/annotation/geoms/proposals/PRP_informal_small_roofs_0081.geojson,749,a01686efd59c586018d64b8c7a400c315358c88bba12a87afec9aff60ea7ed09,.geojson,reference_data
reference_data/experiment_benchmark/oa_mae_revision/annotation/geoms/proposals/PRP_informal_small_roofs_0082.geojson,751,75c8b2645629eda44c5db11fdd736e319f2574e78e65841b6d39170e428e923e,.geojson,reference_data
reference_data/experiment_benchmark/oa_mae_revision/annotation/geoms/proposals/PRP_informal_small_roofs_0083.geojson,749,621960b9b18a95021a06215e48b9b77392af38654cf6614b7962f461cbd75ddf,.geojson,reference_data
reference_data/experiment_benchmark/oa_mae_revision/annotation/geoms/proposals/PRP_informal_small_roofs_0084.geojson,754,1e3c530bc2929c48222a034737980e186db3fc7ecf82361eececb93c9c99f9c0,.geojson,reference_data
reference_data/experiment_benchmark/oa_mae_revision/annotation/geoms/proposals/PRP_informal_small_roofs_0085.geojson,757,d97cc04dee2bcd7d628454a1c2c4795497305271a1445f1a804508694844737a,.geojson,reference_data
reference_data/experiment_benchmark/oa_mae_revision/annotation/geoms/proposals/PRP_informal_small_roofs_0086.geojson,752,8f58ec4d4b3a778a513eb07dbaa06ba6b5af55617b3785a9e35adeb515a44514,.geojson,reference_data
reference_data/experiment_benchmark/oa_mae_revision/annotation/geoms/proposals/PRP_informal_small_roofs_0087.geojson,757,aec278b50c23d8156602bdff5901633834462db80c2963048bc681be5f68fc41,.geojson,reference_data
reference_data/experiment_benchmark/oa_mae_revision/annotation/geoms/proposals/PRP_informal_small_roofs_0088.geojson,754,d658f061a0e9604e4c3d3b515b94acef61decf14a220012dd60adcdf9a2ca376,.geojson,reference_data
reference_data/experiment_benchmark/oa_mae_revision/annotation/geoms/proposals/PRP_informal_small_roofs_0089.geojson,754,40d7d0c2fdee8c612fd60d4dde4d7d64c676c3927402af94a5769ca71f26d4ce,.geojson,reference_data
reference_data/experiment_benchmark/oa_mae_revision/annotation/geoms/proposals/PRP_informal_small_roofs_0090.geojson,754,eb8dc842188617b115b8b246a4a85ea003834731c9407b9b39208f37f7c9f22e,.geojson,reference_data
reference_data/experiment_benchmark/oa_mae_revision/annotation/geoms/proposals/PRP_informal_small_roofs_0091.geojson,754,149ce407a06cfd98b5420547e18ff78c3be7dcf5496f411ee1b3a36573833b59,.geojson,reference_data
reference_data/experiment_benchmark/oa_mae_revision/annotation/geoms/proposals/PRP_informal_small_roofs_0092.geojson,746,d3cc4868cd15e2d630fc5ac31a6210193fc0bce4b1abd55da57dca55238433f0,.geojson,reference_data
reference_data/experiment_benchmark/oa_mae_revision/annotation/geoms/proposals/PRP_informal_small_roofs_0093.geojson,749,b2cfaa24a0fd758c4db024a5a5ecd28a87bdf8b7a4d700dfc49785b7226f5e40,.geojson,reference_data
reference_data/experiment_benchmark/oa_mae_revision/annotation/geoms/proposals/PRP_informal_small_roofs_0094.geojson,751,3306c26ca43ffe7e2453cbb59366155786334c62495ceab3762ef59b783dc623,.geojson,reference_data
reference_data/experiment_benchmark/oa_mae_revision/annotation/geoms/proposals/PRP_informal_small_roofs_0095.geojson,750,b872d88d4e70ef6ab66bc3115d885d9307c49d34db40866857d6fee6c3800f5e,.geojson,reference_data
reference_data/experiment_benchmark/oa_mae_revision/annotation/geoms/proposals/PRP_informal_small_roofs_0096.geojson,754,9b5daf1b8491a04562855258027053e0bc574b2c6b261b5605608c1789c20432,.geojson,reference_data
reference_data/experiment_benchmark/oa_mae_revision/annotation/geoms/proposals/PRP_informal_small_roofs_0097.geojson,759,982e4dcb2e7a1f344262784fcf0b582470c0e1855e46c914ea7b705702f0debc,.geojson,reference_data
reference_data/experiment_benchmark/oa_mae_revision/annotation/geoms/proposals/PRP_informal_small_roofs_0098.geojson,751,e0ffdeee00ac110a10ee68093cec2dad76c736c7e1952832f078b1abde7f0d49,.geojson,reference_data
reference_data/experiment_benchmark/oa_mae_revision/annotation/geoms/proposals/PRP_informal_small_roofs_0099.geojson,749,d6c69861671dc51e49c243b0ef6539553fe140ad7843f85ca0014f00be5f60f5,.geojson,reference_data
reference_data/experiment_benchmark/oa_mae_revision/annotation/geoms/proposals/PRP_informal_small_roofs_0100.geojson,754,f5391ddb001f65521eefe0744334d5ac8a59c435a16c0afd93e53051cfbfdbc5,.geojson,reference_data
reference_data/experiment_benchmark/oa_mae_revision/annotation/geoms/proposals/PRP_informal_small_roofs_0101.geojson,759,2366ed87e8607eec78539ab8f8f36791dfa24f1be84a7fb8f519f839bbbabd45,.geojson,reference_data
reference_data/experiment_benchmark/oa_mae_revision/annotation/geoms/proposals/PRP_informal_small_roofs_0102.geojson,749,ed14e5ed13348b071b5757b0bae3d959b64e4ebb4dbdf9811d20bcb6d17ee9d0,.geojson,reference_data
reference_data/experiment_benchmark/oa_mae_revision/annotation/geoms/proposals/PRP_informal_small_roofs_0103.geojson,754,abca13e8e9cc8cdd9ba85ce3337f92dfe4056c1d478b43e7711f76b770d8faf5,.geojson,reference_data
reference_data/experiment_benchmark/oa_mae_revision/annotation/geoms/proposals/PRP_informal_small_roofs_0104.geojson,711,578146c8d4bd76f77a18be89a140d5ffcc4fb8df95d1c26adea3721b6064c90b,.geojson,reference_data
reference_data/experiment_benchmark/oa_mae_revision/annotation/geoms/proposals/PRP_informal_small_roofs_0105.geojson,708,6d16f9efccf8cc32a78b4add26e9b571055bfbe499c8faaf0a6a62f585a92145,.geojson,reference_data
reference_data/experiment_benchmark/oa_mae_revision/annotation/geoms/proposals/PRP_informal_small_roofs_0106.geojson,706,a062c8b841acdd52276c94fbe3fdf91ba5d27711ac682f65324033f7d12af7f1,.geojson,reference_data
reference_data/experiment_benchmark/oa_mae_revision/annotation/geoms/proposals/PRP_informal_small_roofs_0107.geojson,709,db3348cc0efee9170e52eaf530f6dbda0a9245f8a14586c8b01e7a8b2d5ef4ed,.geojson,reference_data
reference_data/experiment_benchmark/oa_mae_revision/annotation/geoms/proposals/PRP_informal_small_roofs_0108.geojson,703,18af162024fa8bc0ec95abc0a1fecfacebf1592f6aba25a1afcf0e58223f78e1,.geojson,reference_data
reference_data/experiment_benchmark/oa_mae_revision/annotation/geoms/proposals/PRP_informal_small_roofs_0109.geojson,711,8a956acfa98980f6ccc4f034b87fc54d1017039ffe0e84178cbf7ec21cd911ca,.geojson,reference_data
reference_data/experiment_benchmark/oa_mae_revision/annotation/geoms/proposals/PRP_informal_small_roofs_0110.geojson,714,390695a1caede7ff6701965821487553b7d838893359ee7766efaa7add2b6c07,.geojson,reference_data
reference_data/experiment_benchmark/oa_mae_revision/annotation/geoms/proposals/PRP_informal_small_roofs_0111.geojson,704,5c96abfba970da41c712a09033099bd0f161e7528c0b5403921cf68f8dbd86b4,.geojson,reference_data
reference_data/experiment_benchmark/oa_mae_revision/annotation/geoms/proposals/PRP_informal_small_roofs_0112.geojson,711,d1acd4a13ac03e9ee7fbbf35a612f4ecb20a2934b8439400ac7fa66fb50872e4,.geojson,reference_data
reference_data/experiment_benchmark/oa_mae_revision/annotation/geoms/proposals/PRP_informal_small_roofs_0113.geojson,714,bbf673d2fea8f3ff51099221162b831c0d70bcf16e321638dda3fd665349d239,.geojson,reference_data
reference_data/experiment_benchmark/oa_mae_revision/annotation/geoms/proposals/PRP_informal_small_roofs_0114.geojson,708,2e0beac568675ef80c9ccf289bf9c1edb2e5851234fdd4a2e2ffc680e0ff6a9c,.geojson,reference_data
reference_data/experiment_benchmark/oa_mae_revision/annotation/geoms/proposals/PRP_informal_small_roofs_0115.geojson,706,34a999c5dd45419998cd00c557d8cea05ed74b1dd72f050941816a5ce2aa4d96,.geojson,reference_data
reference_data/experiment_benchmark/oa_mae_revision/annotation/geoms/proposals/PRP_informal_small_roofs_0116.geojson,706,d741b962dbe3ec5bfc305b9fc72dc9d1e9850541496393d028ceca39fac707b1,.geojson,reference_data
reference_data/experiment_benchmark/oa_mae_revision/annotation/geoms/proposals/PRP_informal_small_roofs_0117.geojson,707,e70214a623a8406942ba0efd8ddc2a7326be1121d1fcf0f5c717a429e7fb80a9,.geojson,reference_data
reference_data/experiment_benchmark/oa_mae_revision/annotation/geoms/proposals/PRP_informal_small_roofs_0118.geojson,714,32450e6795ad3a34c82c3eeeb41918f4fdd1e37db49cabee00b87ffe7cd4e0de,.geojson,reference_data
reference_data/experiment_benchmark/oa_mae_revision/annotation/geoms/proposals/PRP_informal_small_roofs_0119.geojson,706,3e453881aaba8ed462a702e750f1f3e012fa0bcdd30113f7378d7a678189abc2,.geojson,reference_data
reference_data/experiment_benchmark/oa_mae_revision/annotation/geoms/proposals/PRP_informal_small_roofs_0120.geojson,714,f1c626acb253f794740a42645c59e79f27c218e239525246d5b683889c70d85f,.geojson,reference_data
reference_data/experiment_benchmark/oa_mae_revision/annotation/geoms/proposals/PRP_informal_small_roofs_0121.geojson,714,a10e31dbe757f6f0104d6cf976b22bbd4975eb6290f559d081d70971fe4a76b7,.geojson,reference_data
reference_data/experiment_benchmark/oa_mae_revision/annotation/geoms/proposals/PRP_informal_small_roofs_0122.geojson,709,1dc5291f85806a3ee9a862fd26a4b003e6e27faca9c2fb81f704b57a01ad3db8,.geojson,reference_data
reference_data/experiment_benchmark/oa_mae_revision/annotation/geoms/proposals/PRP_informal_small_roofs_0123.geojson,711,b3a1365a60305bc45a0275a81c7c2b1f352df850abd2883f15e983d308ad6cf0,.geojson,reference_data
reference_data/experiment_benchmark/oa_mae_revision/annotation/geoms/proposals/PRP_informal_small_roofs_0124.geojson,708,8406ef16bac6b874b0f2518606cb71c6290fa72ca3640954d93059bc43d03520,.geojson,reference_data
reference_data/experiment_benchmark/oa_mae_revision/annotation/geoms/proposals/PRP_informal_small_roofs_0125.geojson,711,b64d6613a1e6ddf284957a6eabc7645f5ed115bf3c0e82da1dd5890a158ff674,.geojson,reference_data
reference_data/experiment_benchmark/oa_mae_revision/annotation/geoms/proposals/PRP_informal_small_roofs_0126.geojson,706,e552cc7476a1316e370d338da0e36213896dc32e91292f12a37d737f4520680c,.geojson,reference_data
reference_data/experiment_benchmark/oa_mae_revision/annotation/geoms/proposals/PRP_informal_small_roofs_0127.geojson,706,9dc55194c83d2fa0f857153e34a54a8a01b968cc2463f6154f9585c9ef4e5869,.geojson,reference_data
reference_data/experiment_benchmark/oa_mae_revision/annotation/geoms/proposals/PRP_texture_complex_0000.geojson,718,b74ecf451f10e5019fc4f0f919cb70baa1754ab127f76424a956a5e78ad1167d,.geojson,reference_data
reference_data/experiment_benchmark/oa_mae_revision/annotation/geoms/proposals/PRP_texture_complex_0001.geojson,734,fe40d83cfcc99fbe6b297770ad27ffd1cff790327338977841aadaa6b0cb2b3d,.geojson,reference_data
reference_data/experiment_benchmark/oa_mae_revision/annotation/geoms/proposals/PRP_texture_complex_0002.geojson,723,2844460974e9d66064a86cdb7c29ee41a3cf6e3d81b60de89650a0f5e3d786a1,.geojson,reference_data
reference_data/experiment_benchmark/oa_mae_revision/annotation/geoms/proposals/PRP_texture_complex_0003.geojson,739,2b9a42b8f16c3e9b342df232fb3804fbef42666bbd1ccc6f1da7fc017113b10d,.geojson,reference_data
reference_data/experiment_benchmark/oa_mae_revision/annotation/geoms/proposals/PRP_texture_complex_0004.geojson,725,9286112568a87a32e63e5da9d28bae02ed754547f7085523de979494f09f4cbe,.geojson,reference_data
reference_data/experiment_benchmark/oa_mae_revision/annotation/geoms/proposals/PRP_texture_complex_0005.geojson,731,d322819949f899c7c56f511bd52a04e84af889e4a2b8b7a694c998ef9cbb71f9,.geojson,reference_data
reference_data/experiment_benchmark/oa_mae_revision/annotation/geoms/proposals/PRP_texture_complex_0006.geojson,727,7b799af02f97b00e47742c6b31f74f21e319a2ba524566e78bc47942ee403f0d,.geojson,reference_data
reference_data/experiment_benchmark/oa_mae_revision/annotation/geoms/proposals/PRP_texture_complex_0007.geojson,734,d3544fb48d048376a5595517096fa6fc31a6a5c3a36e2e7f20c95a7f50e797d6,.geojson,reference_data
reference_data/experiment_benchmark/oa_mae_revision/annotation/geoms/proposals/PRP_texture_complex_0008.geojson,729,c11947fa66a609557a4f02298e77fef96ee1fc3322d92298126b93619b2522d6,.geojson,reference_data
reference_data/experiment_benchmark/oa_mae_revision/annotation/geoms/proposals/PRP_texture_complex_0009.geojson,726,8af810220e8a4f67948a34f9b8d8cb58b82e62c5cdec1dca64cd9948d6bf4190,.geojson,reference_data
reference_data/experiment_benchmark/oa_mae_revision/annotation/geoms/proposals/PRP_texture_complex_0010.geojson,729,9826468dd552b1058b394c557e125d2e4d8d6c98138c9f747a048a590979b980,.geojson,reference_data
reference_data/experiment_benchmark/oa_mae_revision/annotation/geoms/proposals/PRP_texture_complex_0011.geojson,727,fca9a6d235fd86592e1ca25acc120f98846517e09fa6b65ec69918a4cd387aaf,.geojson,reference_data
reference_data/experiment_benchmark/oa_mae_revision/annotation/geoms/proposals/PRP_texture_complex_0012.geojson,725,57777fbbfb37930284bb7efe401ce794ec106ccdf38680d8c6ef003bf5851d29,.geojson,reference_data
reference_data/experiment_benchmark/oa_mae_revision/annotation/geoms/proposals/PRP_texture_complex_0013.geojson,734,744e36de4d4559043f70df7c89f0c379910cfac4885688cd33205d4360ad12a6,.geojson,reference_data
reference_data/experiment_benchmark/oa_mae_revision/annotation/geoms/proposals/PRP_texture_complex_0014.geojson,729,575900f3b590fde938fac60edf5e9b975689121ecff801023983936476c873ac,.geojson,reference_data
reference_data/experiment_benchmark/oa_mae_revision/annotation/geoms/proposals/PRP_texture_complex_0015.geojson,734,2e89c9a852432409ae6c62b3c1c4b099a3c4f5a352d820cb55ce1bd7b4bc17b9,.geojson,reference_data
reference_data/experiment_benchmark/oa_mae_revision/annotation/geoms/proposals/PRP_texture_complex_0016.geojson,727,73cf56e1425ac4911089a5c0b1ec84e74d84b9cf86d7d4e0d3079a9ace901758,.geojson,reference_data
reference_data/experiment_benchmark/oa_mae_revision/annotation/geoms/proposals/PRP_texture_complex_0017.geojson,734,3b27b8f26e28d317373b06a908c4a917fa1c3445f519ef0af5921c9eb6f91021,.geojson,reference_data
reference_data/experiment_benchmark/oa_mae_revision/annotation/geoms/proposals/PRP_texture_complex_0018.geojson,729,a94e448b62aeacf82d19b6173f61cf3f45d2b94f92d833d3a81c4dd02135622a,.geojson,reference_data
reference_data/experiment_benchmark/oa_mae_revision/annotation/geoms/proposals/PRP_texture_complex_0019.geojson,726,d192f4718936223560573f69b83c74dd785bbbff62ef879512573e7b20b9337a,.geojson,reference_data
reference_data/experiment_benchmark/oa_mae_revision/annotation/geoms/proposals/PRP_texture_complex_0020.geojson,724,e04a9c85a225a6accc43e2f374d7a85d75dcf70eaab19b5fe1e9785ff1afe8a3,.geojson,reference_data
reference_data/experiment_benchmark/oa_mae_revision/annotation/geoms/proposals/PRP_texture_complex_0021.geojson,730,a05fc32c1827f702d89172ac0363eb189c343b2f388a631b52439895ec77d871,.geojson,reference_data
reference_data/experiment_benchmark/oa_mae_revision/annotation/geoms/proposals/PRP_texture_complex_0022.geojson,724,1210d2ebae5d0f165dceeae7a6d173d37883503ae57fca4bb042d9a760c05e2f,.geojson,reference_data
reference_data/experiment_benchmark/oa_mae_revision/annotation/geoms/proposals/PRP_texture_complex_0023.geojson,727,f03bc108187594547b64601f16925f70cfa8f3c3e38a37a291d366b31136c6e0,.geojson,reference_data
reference_data/experiment_benchmark/oa_mae_revision/annotation/geoms/proposals/PRP_texture_complex_0024.geojson,732,cc636d43d9a242cc8327ac602d716b25722df0b833a6b03989cfbc6b3ffecffc,.geojson,reference_data
reference_data/experiment_benchmark/oa_mae_revision/annotation/geoms/proposals/PRP_texture_complex_0025.geojson,732,0de09f009166767362eb5177cf386bb18f178cf7fae836eb854bf44d343b883d,.geojson,reference_data
reference_data/experiment_benchmark/oa_mae_revision/annotation/geoms/proposals/PRP_texture_complex_0026.geojson,732,80c4310a9fedd1d0ac9a655b2c0732b984eed22b382b408e9558c25bf5ccf5f9,.geojson,reference_data
reference_data/experiment_benchmark/oa_mae_revision/annotation/geoms/proposals/PRP_texture_complex_0027.geojson,739,d0f689220cbe52f8c36279bc4e25845dad37c9089226521d12b4d837b1d52c87,.geojson,reference_data
reference_data/experiment_benchmark/oa_mae_revision/annotation/geoms/proposals/PRP_texture_complex_0028.geojson,734,c2b0d15ea711fd85fc55132dfc1ec9cfc1539851eaef9a24553c06f0b876f9f3,.geojson,reference_data
reference_data/experiment_benchmark/oa_mae_revision/annotation/geoms/proposals/PRP_texture_complex_0029.geojson,734,30762d81804fdcf748b15cd5df26a7f7d9cc9004d9229ed5c2fb6abef9ea6b22,.geojson,reference_data
reference_data/experiment_benchmark/oa_mae_revision/annotation/geoms/proposals/PRP_texture_complex_0030.geojson,731,8f9e8a717decd665ead703d6294af0f49162e56c05117ca2af28a97af6f83dd4,.geojson,reference_data
reference_data/experiment_benchmark/oa_mae_revision/annotation/geoms/proposals/PRP_texture_complex_0031.geojson,725,2a105a9c858321a57f64d82b4c534e1b87595b2faad6ed915d5787f5c893726b,.geojson,reference_data
reference_data/experiment_benchmark/oa_mae_revision/annotation/geoms/proposals/PRP_texture_complex_0032.geojson,734,e1ed26235065a0ca84beaea8bccd3a246d6ee78f0bdbbce9c9310e59aeb554ee,.geojson,reference_data
reference_data/experiment_benchmark/oa_mae_revision/annotation/geoms/proposals/PRP_texture_complex_0033.geojson,734,341b3abfdd0b6c90fb35c6cfd13224e931e1c26671c73aa7c515e561e5366f1c,.geojson,reference_data
reference_data/experiment_benchmark/oa_mae_revision/annotation/geoms/proposals/PRP_texture_complex_0034.geojson,726,8253a32841fd9c51a168ced3b061815ab3b821ff15ae9ce34a7601b471158181,.geojson,reference_data
reference_data/experiment_benchmark/oa_mae_revision/annotation/geoms/proposals/PRP_texture_complex_0035.geojson,737,f28bec83b3c7ce3e9378cbce132cbe6b8bc50abb27ab7cd7aa9200570f050aad,.geojson,reference_data
reference_data/experiment_benchmark/oa_mae_revision/annotation/geoms/proposals/PRP_texture_complex_0036.geojson,734,a29fec09325cf31d77bbcbb0b2191f09cd0e364f9f789b0461cbab3e5f9d1f6a,.geojson,reference_data
reference_data/experiment_benchmark/oa_mae_revision/annotation/geoms/proposals/PRP_texture_complex_0037.geojson,734,b9fd22b74fefdfda5f3e1c5eea1385b78bce143cff6fa3645392a306188f48a9,.geojson,reference_data
reference_data/experiment_benchmark/oa_mae_revision/annotation/geoms/proposals/PRP_texture_complex_0038.geojson,727,398ffc83e5bb2ac3f2849c2ecfef59d64c7cd62374ec5e99d5377e52b1002d5b,.geojson,reference_data
reference_data/experiment_benchmark/oa_mae_revision/annotation/geoms/proposals/PRP_texture_complex_0039.geojson,732,2a7523de61238b4044cd95e272ba388fdcee76733d3a1b11b9781ea5a7264d2f,.geojson,reference_data
reference_data/experiment_benchmark/oa_mae_revision/annotation/geoms/proposals/PRP_texture_complex_0040.geojson,727,85bae4469afd2b9b5e7f129c9ce6d3bcbd69bf53bae22a8ae681f1b827449ea9,.geojson,reference_data
reference_data/experiment_benchmark/oa_mae_revision/annotation/geoms/proposals/PRP_texture_complex_0041.geojson,729,f1a3939d493d10011b21ffa2c181b12ee0504cd2accefeaaba42f6587e73d72f,.geojson,reference_data
reference_data/experiment_benchmark/oa_mae_revision/annotation/geoms/proposals/PRP_texture_complex_0042.geojson,733,e83f7a4fa92d1fd73ba80385abb50cb95a45e04fef692fd86efb1200b11b361d,.geojson,reference_data
reference_data/experiment_benchmark/oa_mae_revision/annotation/geoms/proposals/PRP_texture_complex_0043.geojson,730,8fe3c1c057594ead78153a46e311c7e421b670bf4711cfe7b3c5143bb45d0485,.geojson,reference_data
reference_data/experiment_benchmark/oa_mae_revision/annotation/geoms/proposals/PRP_texture_complex_0044.geojson,727,1be3cb6e293aa733d75b05b2820f8b0483ed7c08c0ab25f44870a7dc58d5a337,.geojson,reference_data
reference_data/experiment_benchmark/oa_mae_revision/annotation/geoms/proposals/PRP_texture_complex_0045.geojson,732,a149f17a45c9031524566ec3e82368b18a2f144bd6489b680e1af6941159f98c,.geojson,reference_data
reference_data/experiment_benchmark/oa_mae_revision/annotation/geoms/proposals/PRP_texture_complex_0046.geojson,731,50196f3ec2a8b9c45512b06c8ba017f1cc0d5a33cb0b3776caded89f54402d17,.geojson,reference_data
reference_data/experiment_benchmark/oa_mae_revision/annotation/geoms/proposals/PRP_texture_complex_0047.geojson,734,0acbfd92bca2dbf4405b3ececd0310d589ada711f886432b7c3ac457673bf860,.geojson,reference_data
reference_data/experiment_benchmark/oa_mae_revision/annotation/geoms/proposals/PRP_texture_complex_0048.geojson,734,820ae88383f91df3d63f41b634d5cfa1a822e4939c3ca99dabf22a3fb497cd55,.geojson,reference_data
reference_data/experiment_benchmark/oa_mae_revision/annotation/geoms/proposals/PRP_texture_complex_0049.geojson,729,50786575b0d2f247d39c4aac0c84b0f253326c32629defad7a316ed7968218ed,.geojson,reference_data
reference_data/experiment_benchmark/oa_mae_revision/annotation/geoms/proposals/PRP_texture_complex_0050.geojson,729,cb42ff6eeafe3bfe54104081c2a4870cecf935cebd6bbceddf87be70937e03da,.geojson,reference_data
reference_data/experiment_benchmark/oa_mae_revision/annotation/geoms/proposals/PRP_texture_complex_0051.geojson,732,c237a49ea05fa1b33ac8f699ef37fa88c9b09ea3c3c68522d2fff21746040cb6,.geojson,reference_data
reference_data/experiment_benchmark/oa_mae_revision/annotation/geoms/proposals/PRP_texture_complex_0052.geojson,729,8fb2b2e46fc81cdf1d4eff6d218fcf3ea266c09af2694fd3e89b5b17ff54671c,.geojson,reference_data
reference_data/experiment_benchmark/oa_mae_revision/annotation/geoms/proposals/PRP_texture_complex_0053.geojson,734,68afbb18b39c5206bc664f13144835caed4c977d11066f2752e8efcbcf82ad79,.geojson,reference_data
reference_data/experiment_benchmark/oa_mae_revision/annotation/geoms/proposals/PRP_texture_complex_0054.geojson,731,f3682d48d8a9a8e841e43142b6dfd590a0aaf7944cb7374fe26d4f8676817a44,.geojson,reference_data
reference_data/experiment_benchmark/oa_mae_revision/annotation/geoms/proposals/PRP_texture_complex_0055.geojson,737,922e954b9dab1ed55bd1d7b2c6d1907954933ebefaf599053a661d8ddefe2872,.geojson,reference_data
reference_data/experiment_benchmark/oa_mae_revision/annotation/geoms/proposals/PRP_texture_complex_0056.geojson,729,6a2d01d861225d2686226746e4fc6ee911103713e77907c246d31d36e2eb64b0,.geojson,reference_data
reference_data/experiment_benchmark/oa_mae_revision/annotation/geoms/proposals/PRP_texture_complex_0057.geojson,729,da10e809326d1af6e7cab5da309dc25f03adc089a8daeae46add97853a71d52f,.geojson,reference_data
reference_data/experiment_benchmark/oa_mae_revision/annotation/geoms/proposals/PRP_texture_complex_0058.geojson,728,b932f08aad588dc8a7d8199de6846b6e4e93626ea7898d8edbdfb2bb9534dd6a,.geojson,reference_data
reference_data/experiment_benchmark/oa_mae_revision/annotation/geoms/proposals/PRP_texture_complex_0059.geojson,731,deb29be8188c902195f1447c136dd75a8634e26ad639405da964e506cf6cf662,.geojson,reference_data
reference_data/experiment_benchmark/oa_mae_revision/annotation/geoms/proposals/PRP_texture_complex_0060.geojson,734,f2a05c07da2caa806379cae26b05c223be80911d9b48fe16484639de991d5735,.geojson,reference_data
reference_data/experiment_benchmark/oa_mae_revision/annotation/geoms/proposals/PRP_texture_complex_0061.geojson,731,025753f657d070e18e394ab18f83c05600abcc84e2d1705893007330d4299ffd,.geojson,reference_data
reference_data/experiment_benchmark/oa_mae_revision/annotation/geoms/proposals/PRP_texture_complex_0062.geojson,736,5a8b3fa1d707256c38a91152198196c8d0526e08f193c21af5c4321101228605,.geojson,reference_data
reference_data/experiment_benchmark/oa_mae_revision/annotation/geoms/proposals/PRP_texture_complex_0063.geojson,730,76b8d958bacbf0cecaeb6fea7b7fb4834665982fdfe14c182d577e90dd4e14a5,.geojson,reference_data
reference_data/experiment_benchmark/oa_mae_revision/annotation/geoms/proposals/PRP_texture_complex_0064.geojson,737,0a5492cf2d2c3453638a57f6201e7a059ebb6fd3ff2d35b189bca424c89cb526,.geojson,reference_data
reference_data/experiment_benchmark/oa_mae_revision/annotation/geoms/proposals/PRP_texture_complex_0065.geojson,732,e176eabcc92cce411832e3ea6417db380369818d88400ef7bbc9cffcd0f19e90,.geojson,reference_data
reference_data/experiment_benchmark/oa_mae_revision/annotation/geoms/proposals/PRP_texture_complex_0066.geojson,735,a828999085c004e9f38c3f1d000a5956bd0a1adebe3c9c53e5dc3c3f55ea666e,.geojson,reference_data
reference_data/experiment_benchmark/oa_mae_revision/annotation/geoms/proposals/PRP_texture_complex_0067.geojson,739,cdc0ba4d77168ca1bb981c9e22a444faef1b267085fc103f8303d2b70ba01af1,.geojson,reference_data
reference_data/experiment_benchmark/oa_mae_revision/annotation/geoms/proposals/PRP_texture_complex_0068.geojson,729,f37d7f42f508f280a20db4ca748e1a4279c4743854cf7ee8e935253de33d3d3e,.geojson,reference_data
reference_data/experiment_benchmark/oa_mae_revision/annotation/geoms/proposals/PRP_texture_complex_0069.geojson,727,0001438fcda287cf6c7f0061ddcbdef49514f1681cfac04943440ebe9c3960c8,.geojson,reference_data
reference_data/experiment_benchmark/oa_mae_revision/annotation/geoms/proposals/PRP_texture_complex_0070.geojson,734,8eea9e44c55176a1e28979d5d95a259dc2f592a3956a55fab2b257d814de5657,.geojson,reference_data
reference_data/experiment_benchmark/oa_mae_revision/annotation/geoms/proposals/PRP_texture_complex_0071.geojson,729,15bfb661b44c8ef95e4df4e4e68814787bb0909b2e7de3417ac8990c5e2140cb,.geojson,reference_data
reference_data/experiment_benchmark/oa_mae_revision/annotation/geoms/proposals/PRP_texture_complex_0072.geojson,734,27706cc4c22b8b58f5468fa7306095f9af9560f56ca788d0ade822fc8b06a719,.geojson,reference_data
reference_data/experiment_benchmark/oa_mae_revision/annotation/geoms/proposals/PRP_texture_complex_0073.geojson,739,68a42db3e1cf2c8851adc86efb239f8b806d935a55a08e79322bf677fde58ba1,.geojson,reference_data
reference_data/experiment_benchmark/oa_mae_revision/annotation/geoms/proposals/PRP_texture_complex_0074.geojson,731,7c4f97e483aa13bc61c02b0e2fda8e88160154027a8c1cf152e499882c6b35ad,.geojson,reference_data
reference_data/experiment_benchmark/oa_mae_revision/annotation/geoms/proposals/PRP_texture_complex_0075.geojson,729,f94b7c26c8710b748d8c33e7a13cfcb8250feb4a0146f7bcf8485610777ce1de,.geojson,reference_data
reference_data/experiment_benchmark/oa_mae_revision/annotation/geoms/proposals/PRP_texture_complex_0076.geojson,737,cf5f7faf131b3758d5733272c524b86225c4b31cdf0c3e1d2e8995b2f28766b1,.geojson,reference_data
reference_data/experiment_benchmark/oa_mae_revision/annotation/geoms/proposals/PRP_texture_complex_0077.geojson,729,d51787acb86578b432e855a45e7083be29364224159de9358d361667d571246f,.geojson,reference_data
reference_data/experiment_benchmark/oa_mae_revision/annotation/geoms/proposals/PRP_texture_complex_0078.geojson,739,3905ca0b955b3e8668cf06b0c7211058a480e3be67c3556fb10b81cc93a4911c,.geojson,reference_data
reference_data/experiment_benchmark/oa_mae_revision/annotation/geoms/proposals/PRP_texture_complex_0079.geojson,734,c0566fd4706ea2a847646e21689e50e57bec182c68b84b5765234c7daca04e6f,.geojson,reference_data
reference_data/experiment_benchmark/oa_mae_revision/annotation/geoms/proposals/PRP_texture_complex_0080.geojson,731,b57beb6886ae42132dd2d79f7df6266ed0fed42cfa4b3bea306f25093fe3833c,.geojson,reference_data
reference_data/experiment_benchmark/oa_mae_revision/annotation/geoms/proposals/PRP_texture_complex_0081.geojson,732,6883d811dab5c6e7a9fa3249bce2cc98b5b4e474fc2f3b1066ba4c13555bc161,.geojson,reference_data
reference_data/experiment_benchmark/oa_mae_revision/annotation/geoms/proposals/PRP_texture_complex_0082.geojson,732,945c8fbd5525e0d0973228a2978fb89dcb1ad6155e9b5a5b2482b1d87f777c45,.geojson,reference_data
reference_data/experiment_benchmark/oa_mae_revision/annotation/geoms/proposals/PRP_texture_complex_0083.geojson,735,65b8ef72bb7cb6fee00ec427d594a9ab698fc704dafd4ec3c4ef35f86f8621de,.geojson,reference_data
reference_data/experiment_benchmark/oa_mae_revision/annotation/geoms/proposals/PRP_texture_complex_0084.geojson,734,1d103eb7840aaec9beabe3c5107116c095c8dff064f3613c567aab9883f2bfa3,.geojson,reference_data
reference_data/experiment_benchmark/oa_mae_revision/annotation/geoms/proposals/PRP_texture_complex_0085.geojson,732,da3e7f9cd7c5875db59dc85a8d8f09da135a3e515e88b968d32cf9df609d7d36,.geojson,reference_data
reference_data/experiment_benchmark/oa_mae_revision/annotation/geoms/proposals/PRP_texture_complex_0086.geojson,737,18cf2965e5f04f26bcf14f69c738af0090c9bb458fa52df682a8d2cfa1d0a51a,.geojson,reference_data
reference_data/experiment_benchmark/oa_mae_revision/annotation/geoms/proposals/PRP_texture_complex_0087.geojson,734,fc9e89ca42a151185aaaf29c5a42a40cc4a99fd85481271e57effd4ac6f16979,.geojson,reference_data
reference_data/experiment_benchmark/oa_mae_revision/annotation/geoms/proposals/PRP_texture_complex_0088.geojson,729,fb9f5a9a62f368b445c76d75230f733dd81e60a9fc4ee5329cf59cb6312eb80c,.geojson,reference_data
reference_data/experiment_benchmark/oa_mae_revision/annotation/geoms/proposals/PRP_texture_complex_0089.geojson,735,f53b566ff3fb63706a82b6b21af954db2a7e40586064e66597edb83432d3d2e6,.geojson,reference_data
reference_data/experiment_benchmark/oa_mae_revision/annotation/geoms/proposals/PRP_texture_complex_0090.geojson,729,0cb854763237121e9d1ec04c65a33d669029ad6585e1635115635b6ad1c91656,.geojson,reference_data
reference_data/experiment_benchmark/oa_mae_revision/annotation/geoms/proposals/PRP_texture_complex_0091.geojson,734,17cb844b010d223c0dc7c2ff6955352d30dffc9e229b79b1f4d2bf5eb06afde5,.geojson,reference_data
reference_data/experiment_benchmark/oa_mae_revision/annotation/geoms/proposals/PRP_texture_complex_0092.geojson,734,aded940f82cc21188bcd1d9028f6abf06bd691fdfa6e52966f8b05653905200f,.geojson,reference_data
reference_data/experiment_benchmark/oa_mae_revision/annotation/geoms/proposals/PRP_texture_complex_0093.geojson,739,2bd80e05433a19359d9ca425037a8cb7bb475df3274a26a8e865c7983d9dd2d7,.geojson,reference_data
reference_data/experiment_benchmark/oa_mae_revision/annotation/geoms/proposals/PRP_texture_complex_0094.geojson,729,2da0b4f49b86e5994b84a24cac3ca32015097ba07ae1a5dd32c2936e072d1acf,.geojson,reference_data
reference_data/experiment_benchmark/oa_mae_revision/annotation/geoms/proposals/PRP_texture_complex_0095.geojson,739,65f56bc9540226c37140ded37bd6ded9f9dc1a126f3708839c84d05ee8c553d8,.geojson,reference_data
reference_data/experiment_benchmark/oa_mae_revision/annotation/geoms/proposals/PRP_texture_complex_0096.geojson,734,21918c4ac171fa6ba35d23b57081dde541ed8ec7c612a3a99f8048146e77cab6,.geojson,reference_data
reference_data/experiment_benchmark/oa_mae_revision/annotation/geoms/proposals/PRP_texture_complex_0097.geojson,729,d4b97c20029e0fc63e415bbbb2f4252d96912fd3e9a4d455d6ba23a5d542bf96,.geojson,reference_data
reference_data/experiment_benchmark/oa_mae_revision/annotation/geoms/proposals/PRP_texture_complex_0098.geojson,729,0559b73f19eec49aadfe9ce90835b3be4f29150cdf683093be22964cf883f8a2,.geojson,reference_data
reference_data/experiment_benchmark/oa_mae_revision/annotation/geoms/proposals/PRP_texture_complex_0099.geojson,736,1d7b5c1260d3094283ab9ee0ac3f65118c02e50b19fd795a5b3db1f1dd310cce,.geojson,reference_data
reference_data/experiment_benchmark/oa_mae_revision/annotation/geoms/proposals/PRP_texture_complex_0100.geojson,737,d685861334be219d1280ec80385ca80288b002c91a606d7cd31060816f552045,.geojson,reference_data
reference_data/experiment_benchmark/oa_mae_revision/annotation/geoms/proposals/PRP_texture_complex_0101.geojson,729,910b19dd848b1f2e5372ec9f4bd63772fe6eb78fd669d54c7cf9082dbf801b34,.geojson,reference_data
reference_data/experiment_benchmark/oa_mae_revision/annotation/geoms/proposals/PRP_texture_complex_0102.geojson,723,d79a84b92321a4ada353a86a9df0b4e7902f40aaa46510ebf915a0426a74379b,.geojson,reference_data
reference_data/experiment_benchmark/oa_mae_revision/annotation/geoms/proposals/PRP_texture_complex_0103.geojson,730,33d0d6f930ae0409346f128fe0e78a3d585bca2187e12aa5391a97f6492fca86,.geojson,reference_data
reference_data/experiment_benchmark/oa_mae_revision/annotation/geoms/proposals/PRP_texture_complex_0104.geojson,730,e1c95175e6e8694638b72cd9b2a20b5e1eb9cc6dde4951dc0805b33348277246,.geojson,reference_data
reference_data/experiment_benchmark/oa_mae_revision/annotation/geoms/proposals/PRP_texture_complex_0105.geojson,731,391392ca7da5b96da3d0474042b0a361ea4586ddc03ce511bd9078160358cc07,.geojson,reference_data
reference_data/experiment_benchmark/oa_mae_revision/annotation/geoms/proposals/PRP_texture_complex_0106.geojson,736,cd8eedec4627c51ab246140b63471346accbebb4871a5f686f1a83cb9f4b1d35,.geojson,reference_data
reference_data/experiment_benchmark/oa_mae_revision/annotation/geoms/proposals/PRP_texture_complex_0107.geojson,731,cda8fa876a0990a27b6e861b62b015056ef33b4aa63abd6fae3335a702173470,.geojson,reference_data
reference_data/experiment_benchmark/oa_mae_revision/annotation/geoms/proposals/PRP_texture_complex_0108.geojson,726,3b877db73ff8f9ce9cfa0313fdd06d59d2e9c5de23aa32944c377df130be8b7e,.geojson,reference_data
reference_data/experiment_benchmark/oa_mae_revision/annotation/geoms/proposals/PRP_texture_complex_0109.geojson,734,b596748ecd269f3c00dddb959e8951830b491693fcc987ef86d30d8f49d5b9e3,.geojson,reference_data
reference_data/experiment_benchmark/oa_mae_revision/annotation/geoms/proposals/PRP_texture_complex_0110.geojson,734,4a75dd89114988d2351b3df3e61e406aa91c0174bb6b578d1f5b3bf20af11324,.geojson,reference_data
reference_data/experiment_benchmark/oa_mae_revision/annotation/geoms/proposals/PRP_texture_complex_0111.geojson,737,d75cde0ff341f8e77652e60fdb708d16e6c2f538d9f4ac75bcefc725f1f442e6,.geojson,reference_data
reference_data/experiment_benchmark/oa_mae_revision/annotation/geoms/proposals/PRP_texture_complex_0112.geojson,734,7db397ec92bbabb704b5add270ebd63c3d95d684239a09e66ec5fa7177707509,.geojson,reference_data
reference_data/experiment_benchmark/oa_mae_revision/annotation/geoms/proposals/PRP_texture_complex_0113.geojson,734,3237f3ff32670bc68b98652c4471a696ed9037e149c91a0641265ce555ba9cf6,.geojson,reference_data
reference_data/experiment_benchmark/oa_mae_revision/annotation/geoms/proposals/PRP_texture_complex_0114.geojson,726,23aed69653477d047eee3b2c2531fcb8eb5b23408b0126424e9e5ae694be0429,.geojson,reference_data
reference_data/experiment_benchmark/oa_mae_revision/annotation/geoms/proposals/PRP_texture_complex_0115.geojson,732,93e45b98758e661b21e0c8ad98e25019900e846d429d09bc9a5415930d12b29d,.geojson,reference_data
reference_data/experiment_benchmark/oa_mae_revision/annotation/geoms/proposals/PRP_texture_complex_0116.geojson,727,5ce487ad4474ad742522af243824a22a6815e80983cfca09eeed4ef273f97894,.geojson,reference_data
reference_data/experiment_benchmark/oa_mae_revision/annotation/geoms/proposals/PRP_texture_complex_0117.geojson,737,76b81104265ec3a9a592d1203b770c7e68a106f455c05b75ddaf5f81d7bf1036,.geojson,reference_data
reference_data/experiment_benchmark/oa_mae_revision/annotation/geoms/proposals/PRP_texture_complex_0118.geojson,729,9fec13e97fa88326a3a6bf9a8880a058531cf14a7143c4ceb5c4e03d2c8c649c,.geojson,reference_data
reference_data/experiment_benchmark/oa_mae_revision/annotation/geoms/proposals/PRP_texture_complex_0119.geojson,734,10b3a3f73f7037303e05610bd334dbf795f6ceabae7b74648ad93636fa0702cd,.geojson,reference_data
reference_data/experiment_benchmark/oa_mae_revision/annotation/geoms/proposals/PRP_texture_complex_0120.geojson,734,92836f33f3c5a98ac21417070b67af05af1cfe282395d60dbf8f2e9113b401cd,.geojson,reference_data
reference_data/experiment_benchmark/oa_mae_revision/annotation/geoms/proposals/PRP_texture_complex_0121.geojson,732,04bbb9b9e500cd413bb2c720e3fa6a5dc92db4c723386b6ff20f1bf884b84225,.geojson,reference_data
reference_data/experiment_benchmark/oa_mae_revision/annotation/geoms/proposals/PRP_texture_complex_0122.geojson,736,dda400bf40cfd91368e4103da2b53fd5e22b4e3fb7856519d14d79e6155ed4a1,.geojson,reference_data
reference_data/experiment_benchmark/oa_mae_revision/annotation/geoms/proposals/PRP_texture_complex_0123.geojson,734,493ed9c826d106b1b1429cb5d44509433994c377f465170ff3ae839470ea3622,.geojson,reference_data
reference_data/experiment_benchmark/oa_mae_revision/annotation/geoms/proposals/PRP_texture_complex_0124.geojson,736,5c4b8dd177ea12886e4ace888a96c412f2aacd4c6971082d8d7a8ff15f67037a,.geojson,reference_data
reference_data/experiment_benchmark/oa_mae_revision/annotation/geoms/proposals/PRP_texture_complex_0125.geojson,731,e3fb7d198d35b94f3d8bb6f9fe2edf00ad910ed6a5d48e14e403982843c584cc,.geojson,reference_data
reference_data/experiment_benchmark/oa_mae_revision/annotation/geoms/proposals/PRP_texture_complex_0126.geojson,734,3328a32e8f7c981370b656014b1a068058d1e3955c7c753c7886b23f0e6ad156,.geojson,reference_data
reference_data/experiment_benchmark/oa_mae_revision/annotation/geoms/proposals/PRP_texture_complex_0127.geojson,726,c41e1d0e1dc640c486d069fb24c615f8c6250eb2690e275bc549391892d81aee,.geojson,reference_data
reference_data/experiment_benchmark/oa_mae_revision/annotation/geoms/proposals/PRP_texture_complex_0128.geojson,734,fd29dc4e5fa6037e56abc9ecbefd113e45cf251c72f7e83a5f54c807ade1b453,.geojson,reference_data
reference_data/experiment_benchmark/oa_mae_revision/annotation/geoms/proposals/PRP_texture_complex_0129.geojson,736,a7dcb5b1dc49c4e827a9fa33b5db86e4157eef54a50205349157d412e6921051,.geojson,reference_data
reference_data/experiment_benchmark/oa_mae_revision/annotation/geoms/proposals/PRP_texture_complex_0130.geojson,731,223b167a62c468c83dd3c7fabf3a48278becd80e538b019e67427152cc8347c7,.geojson,reference_data
reference_data/experiment_benchmark/oa_mae_revision/annotation/geoms/proposals/PRP_texture_complex_0131.geojson,729,f6dc9eac2d462475d7ced7924960ec6b86f6ac46e0cdd597ec49821ec40d3333,.geojson,reference_data
reference_data/experiment_benchmark/oa_mae_revision/annotation/geoms/proposals/PRP_texture_complex_0132.geojson,731,6aabb11c0cfc18055d5fe9be36a22c635f3ca303e511157030e4b6c1365cc4e1,.geojson,reference_data
reference_data/experiment_benchmark/oa_mae_revision/annotation/geoms/proposals/PRP_texture_complex_0133.geojson,737,6ad8088a13e19eeaa10d99ec098af545d0e0035665652e94ffd8aeb842bacfec,.geojson,reference_data
reference_data/experiment_benchmark/oa_mae_revision/annotation/geoms/proposals/PRP_texture_complex_0134.geojson,732,94ae6707ecd0e427b2535aadbb9df93207630987f98ec72ebe9f76f215ec48e2,.geojson,reference_data
reference_data/experiment_benchmark/oa_mae_revision/annotation/geoms/proposals/PRP_texture_complex_0135.geojson,739,7159234922ca62719d093b2b094122161a1e3cb7b9cd06859fc7b2b71784cfec,.geojson,reference_data
reference_data/experiment_benchmark/oa_mae_revision/annotation/geoms/proposals/PRP_texture_complex_0136.geojson,723,b2c65fb45ef5947b1753a2b7031968682715c2cf32bc9b1a184010dc38be34c8,.geojson,reference_data
reference_data/experiment_benchmark/oa_mae_revision/annotation/geoms/proposals/PRP_texture_complex_0137.geojson,732,6ea552879878165cda053b19c0a787c6fc822ed9091d705b7a869d498ff03025,.geojson,reference_data
reference_data/experiment_benchmark/oa_mae_revision/annotation/geoms/proposals/PRP_texture_complex_0138.geojson,734,244580249dc666def76b08712dd5430a426dff11d790c6741912725ec48b97e9,.geojson,reference_data
reference_data/experiment_benchmark/oa_mae_revision/annotation/geoms/proposals/PRP_texture_complex_0139.geojson,693,46481dfedbce3dec1df5a1ec54071d7a8805401c21ab3a8fee2e2db1e047ede9,.geojson,reference_data
reference_data/experiment_benchmark/oa_mae_revision/annotation/geoms/proposals/PRP_texture_complex_0140.geojson,696,f92c9010b841cedca48e2ab38be69aebefda6cf2ec4611fa66ac575f37d03033,.geojson,reference_data
reference_data/experiment_benchmark/oa_mae_revision/annotation/geoms/proposals/PRP_texture_complex_0141.geojson,698,9c3a111e2e6070fa951a50e9078c380a04d7617588af968c565000a6778c9b9a,.geojson,reference_data
reference_data/experiment_benchmark/oa_mae_revision/annotation/geoms/proposals/PRP_texture_complex_0142.geojson,699,1b85a54a04267ed1dec6c2563a4949839a09f2e7c937a8a42e6f93fc14ad66b7,.geojson,reference_data
reference_data/experiment_benchmark/oa_mae_revision/annotation/geoms/proposals/PRP_texture_complex_0143.geojson,694,5de9e38a659811ea5cfab961ea2c75cce575225ac57fc63e761c00f2d1a573cd,.geojson,reference_data
reference_data/experiment_benchmark/oa_mae_revision/annotation/geoms/proposals/PRP_texture_complex_0144.geojson,688,19d759255f8df66b232b2e2a0a08dd7f177f0ca60a67f7a302c459436decb9db,.geojson,reference_data
reference_data/experiment_benchmark/oa_mae_revision/annotation/geoms/proposals/PRP_texture_complex_0145.geojson,694,47f1a3a3931727d25d7d2aacc4703b4ade4e8262f3def5a8468b4a18bb36d612,.geojson,reference_data
reference_data/experiment_benchmark/oa_mae_revision/annotation/geoms/proposals/PRP_texture_complex_0146.geojson,688,49dbc4bb8667b1bab6d8f08e4ac435e58a287baac53522eea0c3855b2188be7e,.geojson,reference_data
reference_data/experiment_benchmark/oa_mae_revision/annotation/geoms/proposals/PRP_texture_complex_0147.geojson,688,ed11d55336858d4e5d000479cbc2905dc40ce25c641ee569354c32a351838236,.geojson,reference_data
reference_data/experiment_benchmark/oa_mae_revision/annotation/geoms/proposals/PRP_texture_complex_0148.geojson,694,87d92bb1128e6c4333e758d54fc576ba5921043bf7f7cffa56e30bd23b41f215,.geojson,reference_data
reference_data/experiment_benchmark/oa_mae_revision/annotation/geoms/proposals/PRP_texture_complex_0149.geojson,701,3360275c6b72021d236f5949f724416ba00c3ceb6904de3cf59dbdcd25d56eaf,.geojson,reference_data
reference_data/experiment_benchmark/oa_mae_revision/annotation/geoms/proposals/PRP_texture_complex_0150.geojson,693,c15c080d3ddfc04a8edc8cb0b3670669e62cc9eb58ed1ade57fd0fbab45cca7c,.geojson,reference_data
reference_data/experiment_benchmark/oa_mae_revision/annotation/geoms/proposals/PRP_texture_complex_0151.geojson,701,de8b1b1569278345f21bc01f3bf48bbb02784ba53d722eaa1b52f47daa6fa6c5,.geojson,reference_data
reference_data/experiment_benchmark/oa_mae_revision/annotation/geoms/proposals/PRP_texture_complex_0152.geojson,691,810cb52100e034fc9c07001be4c31601a832292b8ab08ead54ca08d6c63d76b0,.geojson,reference_data
reference_data/experiment_benchmark/oa_mae_revision/annotation/geoms/proposals/PRP_texture_complex_0153.geojson,691,09ee0f2095b7a5d798342734fa6ff1222a9f848fe6976408e28b90901745b34d,.geojson,reference_data
reference_data/experiment_benchmark/oa_mae_revision/annotation/geoms/proposals/PRP_texture_complex_0154.geojson,701,7819105950eea96fbb20f4d9606b699dc504e82cbbda45d6389149c055955dc9,.geojson,reference_data
reference_data/experiment_benchmark/oa_mae_revision/annotation/geoms/proposals/PRP_texture_complex_0155.geojson,694,e04f2c171bc7b493e663be1e905daec9d3e29ff0d25696d946c1628a247f68b1,.geojson,reference_data
reference_data/experiment_benchmark/oa_mae_revision/annotation/geoms/proposals/PRP_texture_complex_0156.geojson,693,4b8029a7b674b3a60e9b21982f0e98ccf8c70271c8556360f23532bd8325a81b,.geojson,reference_data
reference_data/experiment_benchmark/oa_mae_revision/annotation/geoms/proposals/PRP_texture_complex_0157.geojson,699,b304a7abaa1f5747260d63c7141c0b25f3d01b400e35dda1176557214008abb1,.geojson,reference_data
reference_data/experiment_benchmark/oa_mae_revision/annotation/geoms/proposals/PRP_texture_complex_0158.geojson,688,225e50fbf0aed3e4c7e86f2504c59de87cc4705d5987375441aaa788751b7a0b,.geojson,reference_data
reference_data/experiment_benchmark/oa_mae_revision/annotation/geoms/proposals/PRP_texture_complex_0159.geojson,704,e57d5126dc96c0ad23ea4da5db3983a51ecc8514857851e7a6d8329b3bda0a19,.geojson,reference_data
reference_data/experiment_benchmark/oa_mae_revision/annotation/geoms/proposals/PRP_texture_complex_0160.geojson,695,eb2930286c25e56c79a74ef120aa3daf72b5a46349001db9a56712df21b64a12,.geojson,reference_data
reference_data/experiment_benchmark/oa_mae_revision/annotation/geoms/proposals/PRP_texture_complex_0161.geojson,696,cfe22034b2ecd70daee143c7d42515a18b05d9365500a2331351256ff565a379,.geojson,reference_data
reference_data/experiment_benchmark/oa_mae_revision/annotation/independent_audit_tiles.csv,24704,d160cfd5881b001b0667ea936c13a6783c03b36ea454450de0705c27968a203d,.csv,reference_data
reference_data/experiment_benchmark/oa_mae_revision/annotation/independent_changes.csv,104144,6bb2f059d2d95b04680def321a8060f4dd0f46cd2c7f126f8a87c0ce8c83600d,.csv,reference_data
reference_data/experiment_benchmark/oa_mae_revision/annotation/proposal_candidates.csv,140084,2f16562b7446f640fc1bce4b288533dbb92474278765de56becc8394e549d73a,.csv,reference_data
reference_data/experiment_benchmark/oa_mae_revision/checkpoint_metadata/checkpoint_manifest.csv,186192,f6bd19db316de7e1420942363e9cb46247a308661e265c4707cf76ca891be3f0,.csv,reference_data
reference_data/experiment_benchmark/oa_mae_revision/checkpoint_metadata/croma/SCN_CROMA_fold_Dakar_K10_s1.checkpoint_metadata.json,234,bd8e09930799a1318b9d5ed39d654cb9a0067bec3d3df313bcf865bed35ecde3,.json,reference_data
reference_data/experiment_benchmark/oa_mae_revision/checkpoint_metadata/croma/SCN_CROMA_fold_Dakar_K10_s10.checkpoint_metadata.json,236,1e721042a56d2f68fae37b9514829d94b302ed52d2e33f9a7301ee6b8b2d1e58,.json,reference_data
reference_data/experiment_benchmark/oa_mae_revision/checkpoint_metadata/croma/SCN_CROMA_fold_Dakar_K10_s2.checkpoint_metadata.json,235,774d487b920899fe92af9ecf16e90954dc0042b115288251e0664b281a008527,.json,reference_data
reference_data/experiment_benchmark/oa_mae_revision/checkpoint_metadata/croma/SCN_CROMA_fold_Dakar_K10_s3.checkpoint_metadata.json,235,b028030953a5c8ed2c625890b310a9a2e48a5ebddf81b287fce287518b7aa124,.json,reference_data
reference_data/experiment_benchmark/oa_mae_revision/checkpoint_metadata/croma/SCN_CROMA_fold_Dakar_K10_s4.checkpoint_metadata.json,235,b94b6879031d1f2a922088a554d6315080e8f03bec9c6af9b6b5af35f79db5cd,.json,reference_data
reference_data/experiment_benchmark/oa_mae_revision/checkpoint_metadata/croma/SCN_CROMA_fold_Dakar_K10_s5.checkpoint_metadata.json,235,9a7f022f53faf9c8ac4b8b49b217375ad8e38120fb34ff980ef81eb301e263b8,.json,reference_data
reference_data/experiment_benchmark/oa_mae_revision/checkpoint_metadata/croma/SCN_CROMA_fold_Dakar_K10_s6.checkpoint_metadata.json,235,2b33124294e3aa8c6f4dbeb59b17f095327e195dd3684e449e1c18fe344cd7d0,.json,reference_data
reference_data/experiment_benchmark/oa_mae_revision/checkpoint_metadata/croma/SCN_CROMA_fold_Dakar_K10_s7.checkpoint_metadata.json,235,647023e762c1ea3b95ef7b4bf4183ce7f90cd7683836f162c41c11157641580f,.json,reference_data
reference_data/experiment_benchmark/oa_mae_revision/checkpoint_metadata/croma/SCN_CROMA_fold_Dakar_K10_s8.checkpoint_metadata.json,235,ee88d722efec92c3ff53751ff7d73cb7520cb4ee4a9b12b23434ec00ecbd2b36,.json,reference_data
reference_data/experiment_benchmark/oa_mae_revision/checkpoint_metadata/croma/SCN_CROMA_fold_Dakar_K10_s9.checkpoint_metadata.json,234,2ef49b53bb26cc2ad551c0c12e504049690d75f7a21c126eac39c59e33341009,.json,reference_data
reference_data/experiment_benchmark/oa_mae_revision/checkpoint_metadata/croma/SCN_CROMA_fold_Dakar_K25_s1.checkpoint_metadata.json,235,3f6386110d249b66c731442a2f1e7e3cfc4a5a1c83df85e7edf5394aabc5991e,.json,reference_data
reference_data/experiment_benchmark/oa_mae_revision/checkpoint_metadata/croma/SCN_CROMA_fold_Dakar_K25_s10.checkpoint_metadata.json,236,54b936c6e2d22d89a5edf5c5d9c9a4a29bd11f76c8c53a0158e983bd773dbafc,.json,reference_data
reference_data/experiment_benchmark/oa_mae_revision/checkpoint_metadata/croma/SCN_CROMA_fold_Dakar_K25_s2.checkpoint_metadata.json,235,a468c9025eea3c382cf10a52dbbbb95c71581191c3b29fe47b00398bac40ba5a,.json,reference_data
reference_data/experiment_benchmark/oa_mae_revision/checkpoint_metadata/croma/SCN_CROMA_fold_Dakar_K25_s3.checkpoint_metadata.json,235,197c6b29aa4a9fc12ec7f981e6b0e3f0eb46c9c6be5149ef2436aeb5a1b63712,.json,reference_data
reference_data/experiment_benchmark/oa_mae_revision/checkpoint_metadata/croma/SCN_CROMA_fold_Dakar_K25_s4.checkpoint_metadata.json,235,995522e5c9a806cbc9704b87e215adb0b1d020743ecd4e67059ffc5de3f98611,.json,reference_data
reference_data/experiment_benchmark/oa_mae_revision/checkpoint_metadata/croma/SCN_CROMA_fold_Dakar_K25_s5.checkpoint_metadata.json,235,bd38a705bf2e5ffa85a9c0931f8763d6fc8723a074497d8f792dbb2270d284e7,.json,reference_data
reference_data/experiment_benchmark/oa_mae_revision/checkpoint_metadata/croma/SCN_CROMA_fold_Dakar_K25_s6.checkpoint_metadata.json,235,825c1fe9de73a56367bb522afdceea6e22d574eec1b6ccc81869d8c0431a8beb,.json,reference_data
reference_data/experiment_benchmark/oa_mae_revision/checkpoint_metadata/croma/SCN_CROMA_fold_Dakar_K25_s7.checkpoint_metadata.json,234,18d914b83355be62fe1baf2762610f9df9d81621c79cc5e3f7ab2b43361e8c2c,.json,reference_data
reference_data/experiment_benchmark/oa_mae_revision/checkpoint_metadata/croma/SCN_CROMA_fold_Dakar_K25_s8.checkpoint_metadata.json,235,23e31b6b71179a27e81725d8de285860f704dd5036f2aca2b088542adb3d697c,.json,reference_data
reference_data/experiment_benchmark/oa_mae_revision/checkpoint_metadata/croma/SCN_CROMA_fold_Dakar_K25_s9.checkpoint_metadata.json,234,00d86940a83c800a0f009a05aecf3535993734cbe8d034299a26d0d63e211c4b,.json,reference_data
reference_data/experiment_benchmark/oa_mae_revision/checkpoint_metadata/croma/SCN_CROMA_fold_Dakar_K50_s1.checkpoint_metadata.json,235,dd51cd4e58060556ecf3e3cadf2adb1ffe6e501c1e9e9e6248d44d1945a979cc,.json,reference_data
reference_data/experiment_benchmark/oa_mae_revision/checkpoint_metadata/croma/SCN_CROMA_fold_Dakar_K50_s10.checkpoint_metadata.json,235,36ee42281d411ff7aacc5b96b2603434ddbf06aac4de2b4bd132cb354c9deecb,.json,reference_data
reference_data/experiment_benchmark/oa_mae_revision/checkpoint_metadata/croma/SCN_CROMA_fold_Dakar_K50_s2.checkpoint_metadata.json,235,8ae645e93901c743bc51576cb6bb3ef27f5ba7f1eef177bc99428767a2d3c07b,.json,reference_data
reference_data/experiment_benchmark/oa_mae_revision/checkpoint_metadata/croma/SCN_CROMA_fold_Dakar_K50_s3.checkpoint_metadata.json,234,737233bac244b23fd9932a0f898c45ccdc481f07b298381546553b3349655da2,.json,reference_data
reference_data/experiment_benchmark/oa_mae_revision/checkpoint_metadata/croma/SCN_CROMA_fold_Dakar_K50_s4.checkpoint_metadata.json,235,d797714422842a3642f44e200cc4765c7c33e614e33b025b35564e4b4f2b12bd,.json,reference_data
reference_data/experiment_benchmark/oa_mae_revision/checkpoint_metadata/croma/SCN_CROMA_fold_Dakar_K50_s5.checkpoint_metadata.json,235,675bba6fe3cfee2513afab2a414c514894828a3f8a0f6bc0bd2aee25e5d81a90,.json,reference_data
reference_data/experiment_benchmark/oa_mae_revision/checkpoint_metadata/croma/SCN_CROMA_fold_Dakar_K50_s6.checkpoint_metadata.json,235,c166f910e5d6ba0a6cbb3347a5b38129fd1070a5f6b4b22bb63ad9a5ba465f8d,.json,reference_data
reference_data/experiment_benchmark/oa_mae_revision/checkpoint_metadata/croma/SCN_CROMA_fold_Dakar_K50_s7.checkpoint_metadata.json,234,e1bffbabe0ecc7063cfe48262a7a5b7b04d42b9bdfdd873fa2f7ebb3aa97b856,.json,reference_data
reference_data/experiment_benchmark/oa_mae_revision/checkpoint_metadata/croma/SCN_CROMA_fold_Dakar_K50_s8.checkpoint_metadata.json,235,06fdffd6909a3d8aa075ee1e84cd31779d2c78a9bdd921ef37b8234e3d07dae1,.json,reference_data
reference_data/experiment_benchmark/oa_mae_revision/checkpoint_metadata/croma/SCN_CROMA_fold_Dakar_K50_s9.checkpoint_metadata.json,235,785f093c6646e79883b2145d0c765245e72a5a9d7afe5dfbf39e968bd4d09587,.json,reference_data
reference_data/experiment_benchmark/oa_mae_revision/checkpoint_metadata/croma/SCN_CROMA_fold_DarEsSalaam_K10_s1.checkpoint_metadata.json,241,48de887d1852238d88635f6665702d4e68738969bbd4fe994640839a150bbde5,.json,reference_data
reference_data/experiment_benchmark/oa_mae_revision/checkpoint_metadata/croma/SCN_CROMA_fold_DarEsSalaam_K10_s10.checkpoint_metadata.json,242,56fda2653b591d28fe0f3bca4a0d52ff3326b9679f928b9217f2f95964762dec,.json,reference_data
reference_data/experiment_benchmark/oa_mae_revision/checkpoint_metadata/croma/SCN_CROMA_fold_DarEsSalaam_K10_s2.checkpoint_metadata.json,241,69c6e7fd366fd7daa8e2a7428cb2cc48de13d73b1a5138cf78a67b8597d3c4fe,.json,reference_data
reference_data/experiment_benchmark/oa_mae_revision/checkpoint_metadata/croma/SCN_CROMA_fold_DarEsSalaam_K10_s3.checkpoint_metadata.json,241,209b619390475b77887629d1cf5386068689e3c4093060be1a20ee24553b8f3d,.json,reference_data
reference_data/experiment_benchmark/oa_mae_revision/checkpoint_metadata/croma/SCN_CROMA_fold_DarEsSalaam_K10_s4.checkpoint_metadata.json,241,f24cc261d276f32f8f34bf31f2aa8cd1e3b4e1a552239576a3fc4a872257dc72,.json,reference_data
reference_data/experiment_benchmark/oa_mae_revision/checkpoint_metadata/croma/SCN_CROMA_fold_DarEsSalaam_K10_s5.checkpoint_metadata.json,241,1b4debeaa819b85eeabc00834f584db262700eb1f25b0cfb30383f99663b78f8,.json,reference_data
reference_data/experiment_benchmark/oa_mae_revision/checkpoint_metadata/croma/SCN_CROMA_fold_DarEsSalaam_K10_s6.checkpoint_metadata.json,241,56ad515fcb1e8de22bd5308f861ad262fa8d35be21ee69f9efbc2af310a59aa6,.json,reference_data
reference_data/experiment_benchmark/oa_mae_revision/checkpoint_metadata/croma/SCN_CROMA_fold_DarEsSalaam_K10_s7.checkpoint_metadata.json,241,bac53d8b65fa8e20e0efbf5044cae1baa7b4750997466a662eebd3bffc7389f8,.json,reference_data
reference_data/experiment_benchmark/oa_mae_revision/checkpoint_metadata/croma/SCN_CROMA_fold_DarEsSalaam_K10_s8.checkpoint_metadata.json,241,79fb2bd12d75027dcbb62c2acddfead2f7121a45088ca0ed6bbd842b8a48b1f9,.json,reference_data
reference_data/experiment_benchmark/oa_mae_revision/checkpoint_metadata/croma/SCN_CROMA_fold_DarEsSalaam_K10_s9.checkpoint_metadata.json,241,d0299154e0ae0f0961498c032204adcb50242d6b86416f4965da362f4eef9585,.json,reference_data
reference_data/experiment_benchmark/oa_mae_revision/checkpoint_metadata/croma/SCN_CROMA_fold_DarEsSalaam_K25_s1.checkpoint_metadata.json,241,8b532343bee0627e886c9bb482a03d069b785e1827bc715a8b6bfc7587c15f23,.json,reference_data
reference_data/experiment_benchmark/oa_mae_revision/checkpoint_metadata/croma/SCN_CROMA_fold_DarEsSalaam_K25_s10.checkpoint_metadata.json,242,8e2cee10912ce53ea35728e1563d48ad87244b25c1230d98c58cc70823552115,.json,reference_data
reference_data/experiment_benchmark/oa_mae_revision/checkpoint_metadata/croma/SCN_CROMA_fold_DarEsSalaam_K25_s2.checkpoint_metadata.json,239,3ee1b3090afa4610fff63b82abeacc1612744e685b27e4198ff027da68d492d0,.json,reference_data
reference_data/experiment_benchmark/oa_mae_revision/checkpoint_metadata/croma/SCN_CROMA_fold_DarEsSalaam_K25_s3.checkpoint_metadata.json,241,6ad0963d75f9f9841eecf6ba2329e20179dbff0ef33bfed7e0124eda846a65ef,.json,reference_data
reference_data/experiment_benchmark/oa_mae_revision/checkpoint_metadata/croma/SCN_CROMA_fold_DarEsSalaam_K25_s4.checkpoint_metadata.json,241,729dc76995c9d3ad802fb37d459da11833496c99c03f513bdd62c2e80ce099e6,.json,reference_data
reference_data/experiment_benchmark/oa_mae_revision/checkpoint_metadata/croma/SCN_CROMA_fold_DarEsSalaam_K25_s5.checkpoint_metadata.json,241,dc906d1c97b35e5176792c5299326a7ae01ed8f714bee1581f2612c3b9c3ed77,.json,reference_data
reference_data/experiment_benchmark/oa_mae_revision/checkpoint_metadata/croma/SCN_CROMA_fold_DarEsSalaam_K25_s6.checkpoint_metadata.json,241,195848fb5981c7375f4708903b840275f049fb2e6e270607c6cf5e58d7708c50,.json,reference_data
reference_data/experiment_benchmark/oa_mae_revision/checkpoint_metadata/croma/SCN_CROMA_fold_DarEsSalaam_K25_s7.checkpoint_metadata.json,241,a6c33926d23adf80e090b458906d463c9eb9d1c8b9e3a70a317b7b986d3ef633,.json,reference_data
reference_data/experiment_benchmark/oa_mae_revision/checkpoint_metadata/croma/SCN_CROMA_fold_DarEsSalaam_K25_s8.checkpoint_metadata.json,241,bcb76e06f8d552646e85aa8aaef5e41ba50063e3ad6ebcdf9278ef91f629ee63,.json,reference_data
reference_data/experiment_benchmark/oa_mae_revision/checkpoint_metadata/croma/SCN_CROMA_fold_DarEsSalaam_K25_s9.checkpoint_metadata.json,241,731dccbb73afce168c3951b8e25bba2ce3b26aa1a6a55c385d31cbb49f1c5dfc,.json,reference_data
reference_data/experiment_benchmark/oa_mae_revision/checkpoint_metadata/croma/SCN_CROMA_fold_DarEsSalaam_K50_s1.checkpoint_metadata.json,241,63bfdc7c890c12abc60e0e168ff2b98d9638d62f17c656418c56f45863bca551,.json,reference_data
reference_data/experiment_benchmark/oa_mae_revision/checkpoint_metadata/croma/SCN_CROMA_fold_DarEsSalaam_K50_s10.checkpoint_metadata.json,242,5b4e04f30a26605891df8a4b187ee0d11f79a23665e1415a1eb0e92306fdcfc9,.json,reference_data
reference_data/experiment_benchmark/oa_mae_revision/checkpoint_metadata/croma/SCN_CROMA_fold_DarEsSalaam_K50_s2.checkpoint_metadata.json,241,1a7f524132b74826dd25bc278e939a2ff89ff3250afa1eae32c046b9024a35f9,.json,reference_data
reference_data/experiment_benchmark/oa_mae_revision/checkpoint_metadata/croma/SCN_CROMA_fold_DarEsSalaam_K50_s3.checkpoint_metadata.json,241,410e866998f9393c7c620be2368be482cabe78cf8b5387f80a0bc94b40cbabc2,.json,reference_data
reference_data/experiment_benchmark/oa_mae_revision/checkpoint_metadata/croma/SCN_CROMA_fold_DarEsSalaam_K50_s4.checkpoint_metadata.json,241,84255a20d07afa35de8b46a550dd112eb975c0ddcaf705bc16c5ab7584204516,.json,reference_data
reference_data/experiment_benchmark/oa_mae_revision/checkpoint_metadata/croma/SCN_CROMA_fold_DarEsSalaam_K50_s5.checkpoint_metadata.json,240,f2f7db783aa53fefb310c30706d1772366c73201bea5f8e372ddf23426d781ba,.json,reference_data
reference_data/experiment_benchmark/oa_mae_revision/checkpoint_metadata/croma/SCN_CROMA_fold_DarEsSalaam_K50_s6.checkpoint_metadata.json,241,931860a52a6e247cacd3fcaa4ec57a4c9e670c2b79de383f6a1e6f37b60edd87,.json,reference_data
reference_data/experiment_benchmark/oa_mae_revision/checkpoint_metadata/croma/SCN_CROMA_fold_DarEsSalaam_K50_s7.checkpoint_metadata.json,241,9985d10bf64008078c5316b4793b40eae1cd23561871036b6f9ed5a32ff40422,.json,reference_data
reference_data/experiment_benchmark/oa_mae_revision/checkpoint_metadata/croma/SCN_CROMA_fold_DarEsSalaam_K50_s8.checkpoint_metadata.json,241,fd0499daf214f0bed1e0a43482aa2947c882eed0693c1d0b1af89e254230e996,.json,reference_data
reference_data/experiment_benchmark/oa_mae_revision/checkpoint_metadata/croma/SCN_CROMA_fold_DarEsSalaam_K50_s9.checkpoint_metadata.json,241,5a3567bb7bd94dff67978d39be22e6a1eb2681e1578fddaca3747d5667134907,.json,reference_data
reference_data/experiment_benchmark/oa_mae_revision/checkpoint_metadata/croma/SCN_CROMA_fold_Douala_K10_s1.checkpoint_metadata.json,235,5fe5058fcfc46e53cd7e47143d85191d8db4c5e68333cb6b2a14ae4d0b72f823,.json,reference_data
reference_data/experiment_benchmark/oa_mae_revision/checkpoint_metadata/croma/SCN_CROMA_fold_Douala_K10_s10.checkpoint_metadata.json,237,6306a4cb9ac706f28fcb070d28d7d98bfafc4047cc1b7b67946b2368f1e7cdc0,.json,reference_data
reference_data/experiment_benchmark/oa_mae_revision/checkpoint_metadata/croma/SCN_CROMA_fold_Douala_K10_s2.checkpoint_metadata.json,236,109f39bc1b2667d2b9f0b02e24a6b50a2ce904112cdc74f716f655725883ab18,.json,reference_data
reference_data/experiment_benchmark/oa_mae_revision/checkpoint_metadata/croma/SCN_CROMA_fold_Douala_K10_s3.checkpoint_metadata.json,236,86a966518bf00d04d0a43959cf98e6d3b68cdec40464bdad6d71962bbddaeda2,.json,reference_data
reference_data/experiment_benchmark/oa_mae_revision/checkpoint_metadata/croma/SCN_CROMA_fold_Douala_K10_s4.checkpoint_metadata.json,236,7277f4332fe07b7233968cf230d0e6828bc1b2949d547440f884f9c6e08bd0cf,.json,reference_data
reference_data/experiment_benchmark/oa_mae_revision/checkpoint_metadata/croma/SCN_CROMA_fold_Douala_K10_s5.checkpoint_metadata.json,236,f78eed6194df8b7a1bf0dbe06c2f5d4131e04acb21db9745d58e5bbcb2bee1f3,.json,reference_data
reference_data/experiment_benchmark/oa_mae_revision/checkpoint_metadata/croma/SCN_CROMA_fold_Douala_K10_s6.checkpoint_metadata.json,236,2b8ee2c3fb230c47126df9ea3c0c38fc16507a14cfff15485572581468b4b827,.json,reference_data
reference_data/experiment_benchmark/oa_mae_revision/checkpoint_metadata/croma/SCN_CROMA_fold_Douala_K10_s7.checkpoint_metadata.json,235,469ff24d65d35d9ecf1805ed6aabdb65a0c14554a57765629326b421e976ea5e,.json,reference_data
reference_data/experiment_benchmark/oa_mae_revision/checkpoint_metadata/croma/SCN_CROMA_fold_Douala_K10_s8.checkpoint_metadata.json,236,d800555f54803d83bb62765e89b7c1c79a6617590ac290630bd9114b2a5d533d,.json,reference_data
reference_data/experiment_benchmark/oa_mae_revision/checkpoint_metadata/croma/SCN_CROMA_fold_Douala_K10_s9.checkpoint_metadata.json,236,68ae8fec3ddf3a745c02bd2caeaa9e7b5f1f67cc8defd467b2ba28909929b1d9,.json,reference_data
reference_data/experiment_benchmark/oa_mae_revision/checkpoint_metadata/croma/SCN_CROMA_fold_Douala_K25_s1.checkpoint_metadata.json,236,52a72a8ade07dccfe1f70cdb235b56da6fb1a233a665a53afe32fe25d3713bea,.json,reference_data
reference_data/experiment_benchmark/oa_mae_revision/checkpoint_metadata/croma/SCN_CROMA_fold_Douala_K25_s10.checkpoint_metadata.json,237,428e4bb5153acd3abfff9e9761ac661262dbc2cef8cf210dc1c75d69d8d024ec,.json,reference_data
reference_data/experiment_benchmark/oa_mae_revision/checkpoint_metadata/croma/SCN_CROMA_fold_Douala_K25_s2.checkpoint_metadata.json,236,8b16aef0f20d34a3f4e7a3edffd280cd776a1c22b24f717ddb51583814f5f00d,.json,reference_data
reference_data/experiment_benchmark/oa_mae_revision/checkpoint_metadata/croma/SCN_CROMA_fold_Douala_K25_s3.checkpoint_metadata.json,236,0ef328653d78715c9799937818d5c6eb3691599d860e6e019932ae75d1dd7a69,.json,reference_data
reference_data/experiment_benchmark/oa_mae_revision/checkpoint_metadata/croma/SCN_CROMA_fold_Douala_K25_s4.checkpoint_metadata.json,236,64f59e3a950f1cfa55a67f7c15ac012f745c493ece980cc65020439a7be4492e,.json,reference_data
reference_data/experiment_benchmark/oa_mae_revision/checkpoint_metadata/croma/SCN_CROMA_fold_Douala_K25_s5.checkpoint_metadata.json,236,312fb486c3f03650acb7ceea7bd5ee2a649fbbdce1780cfc41ceb458efd39d07,.json,reference_data
reference_data/experiment_benchmark/oa_mae_revision/checkpoint_metadata/croma/SCN_CROMA_fold_Douala_K25_s6.checkpoint_metadata.json,236,0b4ac9067a9fd6e26ddf32975f34dbde22d0c46b3f2ba6b0cc499ad1aa3fd594,.json,reference_data
reference_data/experiment_benchmark/oa_mae_revision/checkpoint_metadata/croma/SCN_CROMA_fold_Douala_K25_s7.checkpoint_metadata.json,235,ea0f1cb14249a62bd3f5477df2fbb0ccfb33313b4a9c684260fdac884b8c8aec,.json,reference_data
reference_data/experiment_benchmark/oa_mae_revision/checkpoint_metadata/croma/SCN_CROMA_fold_Douala_K25_s8.checkpoint_metadata.json,236,af9102ec99e9141d781c7bc53f850a3f2007995a2cc83c620027a5a66509a778,.json,reference_data
reference_data/experiment_benchmark/oa_mae_revision/checkpoint_metadata/croma/SCN_CROMA_fold_Douala_K25_s9.checkpoint_metadata.json,236,d632a5dfe490fcd9134b22f5faadee46271c393d6ba0204b8293315ade0d3473,.json,reference_data
reference_data/experiment_benchmark/oa_mae_revision/checkpoint_metadata/croma/SCN_CROMA_fold_Douala_K50_s1.checkpoint_metadata.json,235,01aab7ceeb64e4f867c4dbac83bb499cf748f0f1cbb861707c07d93a538a1b26,.json,reference_data
reference_data/experiment_benchmark/oa_mae_revision/checkpoint_metadata/croma/SCN_CROMA_fold_Douala_K50_s10.checkpoint_metadata.json,236,3253a55091fc875102d602ef13014eeac2a6ba7526820886d927e809cb239902,.json,reference_data
reference_data/experiment_benchmark/oa_mae_revision/checkpoint_metadata/croma/SCN_CROMA_fold_Douala_K50_s2.checkpoint_metadata.json,236,88edc111bcd7af189f4b63c4447987469713d256459d683bc7dfe710a1d46deb,.json,reference_data
reference_data/experiment_benchmark/oa_mae_revision/checkpoint_metadata/croma/SCN_CROMA_fold_Douala_K50_s3.checkpoint_metadata.json,236,3883ca76bfdaf11d060eed7a8afff48e68caa6a193acc2f7612309c15fc30c0d,.json,reference_data
reference_data/experiment_benchmark/oa_mae_revision/checkpoint_metadata/croma/SCN_CROMA_fold_Douala_K50_s4.checkpoint_metadata.json,236,3e2b3142d34b374645a4bae306765be3dacf9ead444520e6c376d60882a8f5e0,.json,reference_data
reference_data/experiment_benchmark/oa_mae_revision/checkpoint_metadata/croma/SCN_CROMA_fold_Douala_K50_s5.checkpoint_metadata.json,236,0a4c72f6a31a3ae46214d04fe4d348961c3c974f9cad9400fba7fc2e9a6b63cd,.json,reference_data
reference_data/experiment_benchmark/oa_mae_revision/checkpoint_metadata/croma/SCN_CROMA_fold_Douala_K50_s6.checkpoint_metadata.json,236,88dce012d5cc4de38542c27454abe68e10a154b569d96c1fe17cf3d18c147034,.json,reference_data
reference_data/experiment_benchmark/oa_mae_revision/checkpoint_metadata/croma/SCN_CROMA_fold_Douala_K50_s7.checkpoint_metadata.json,236,0c883011fccfc2aa02864504e9e714a5ea36edfbc2bec3d7bc40bc5e19c0ce5f,.json,reference_data
reference_data/experiment_benchmark/oa_mae_revision/checkpoint_metadata/croma/SCN_CROMA_fold_Douala_K50_s8.checkpoint_metadata.json,236,5d76f51a5420042bec3115f7a60e81a7bb4fd2fd7758af55250ceac030e1e54d,.json,reference_data
reference_data/experiment_benchmark/oa_mae_revision/checkpoint_metadata/croma/SCN_CROMA_fold_Douala_K50_s9.checkpoint_metadata.json,236,fe3b1d6ae314e81637b59d6d1438589616fd3719a87c0991b8c1f994604bdcfb,.json,reference_data
reference_data/experiment_benchmark/oa_mae_revision/checkpoint_metadata/croma/SCN_CROMA_fold_Garoua_K10_s1.checkpoint_metadata.json,236,32a2257fb198c39d216cc00c62901fd2f6a27c8f93151e13a7a9ce1f9afe2985,.json,reference_data
reference_data/experiment_benchmark/oa_mae_revision/checkpoint_metadata/croma/SCN_CROMA_fold_Garoua_K10_s10.checkpoint_metadata.json,237,f3139de078934769abe28eb2e8fec9914d1e58cfda87c9e12be59f66db731b70,.json,reference_data
reference_data/experiment_benchmark/oa_mae_revision/checkpoint_metadata/croma/SCN_CROMA_fold_Garoua_K10_s2.checkpoint_metadata.json,236,a315b6a8aa7aa3bc956a1285fe66a44bb7b8ba8996aa7885d47dde0a8f0cf9ae,.json,reference_data
reference_data/experiment_benchmark/oa_mae_revision/checkpoint_metadata/croma/SCN_CROMA_fold_Garoua_K10_s3.checkpoint_metadata.json,236,00d0febcf5141ceebc5f84e140c68b5bea6b7d72c4a6780bb327c78817bee459,.json,reference_data
reference_data/experiment_benchmark/oa_mae_revision/checkpoint_metadata/croma/SCN_CROMA_fold_Garoua_K10_s4.checkpoint_metadata.json,236,201056160897bb1424f06f12a2ee3bdd4d617a70904ea948a9000c74b559bf62,.json,reference_data
reference_data/experiment_benchmark/oa_mae_revision/checkpoint_metadata/croma/SCN_CROMA_fold_Garoua_K10_s5.checkpoint_metadata.json,236,970f08d3e59176cceb59811ff1c17b9901283ac68023eb6a47577bb09951dbe7,.json,reference_data
reference_data/experiment_benchmark/oa_mae_revision/checkpoint_metadata/croma/SCN_CROMA_fold_Garoua_K10_s6.checkpoint_metadata.json,236,c7e637d450add92166b728347766e9e5c745c5ab97f2e5062e7439c8931a2e9b,.json,reference_data
reference_data/experiment_benchmark/oa_mae_revision/checkpoint_metadata/croma/SCN_CROMA_fold_Garoua_K10_s7.checkpoint_metadata.json,236,b36a03f555f02abc779e9c163d0d407d828fc850deb97aee75b1b3c4f5a05cde,.json,reference_data
reference_data/experiment_benchmark/oa_mae_revision/checkpoint_metadata/croma/SCN_CROMA_fold_Garoua_K10_s8.checkpoint_metadata.json,236,42cf503dfa60402d4af71dc04c674f18b89a98c49bd99d274506426c95a8247d,.json,reference_data
reference_data/experiment_benchmark/oa_mae_revision/checkpoint_metadata/croma/SCN_CROMA_fold_Garoua_K10_s9.checkpoint_metadata.json,236,0e57d503431ad9879856e6b816080953b931cceb62ad3ca1304e081a3389a7da,.json,reference_data
reference_data/experiment_benchmark/oa_mae_revision/checkpoint_metadata/croma/SCN_CROMA_fold_Garoua_K25_s1.checkpoint_metadata.json,236,18d66c08bf5d8e6b274648bc854a4e383a1200dffea66abe81d0e9a0b42ecc93,.json,reference_data
reference_data/experiment_benchmark/oa_mae_revision/checkpoint_metadata/croma/SCN_CROMA_fold_Garoua_K25_s10.checkpoint_metadata.json,237,b3e43aa529cd355944fa1d69c9df2a70f217704bc0cc06d66b799bc7f59f8d7c,.json,reference_data
reference_data/experiment_benchmark/oa_mae_revision/checkpoint_metadata/croma/SCN_CROMA_fold_Garoua_K25_s2.checkpoint_metadata.json,236,4d4eb2e8268320c5b2e2722072077760baca2555d9f1fe77d54409a4f534da4c,.json,reference_data
reference_data/experiment_benchmark/oa_mae_revision/checkpoint_metadata/croma/SCN_CROMA_fold_Garoua_K25_s3.checkpoint_metadata.json,236,1ef18b24040178d25a2b755081429c646320314646846e76c5209263fd7185f4,.json,reference_data
reference_data/experiment_benchmark/oa_mae_revision/checkpoint_metadata/croma/SCN_CROMA_fold_Garoua_K25_s4.checkpoint_metadata.json,236,2abc6ca0e9a3993fb5de6fbf23b2c9e10c591d8480122a4fbc9a907d5160b6fd,.json,reference_data
reference_data/experiment_benchmark/oa_mae_revision/checkpoint_metadata/croma/SCN_CROMA_fold_Garoua_K25_s5.checkpoint_metadata.json,236,d6e6293b95b47619fd4d178da6f2b5fd1c7b746cc1c2e4dd3be243caec339384,.json,reference_data
reference_data/experiment_benchmark/oa_mae_revision/checkpoint_metadata/croma/SCN_CROMA_fold_Garoua_K25_s6.checkpoint_metadata.json,236,202ef93cbf6838d3fc79b1beb0a83ca9975b3458081851d711c5d1643b9c340b,.json,reference_data
reference_data/experiment_benchmark/oa_mae_revision/checkpoint_metadata/croma/SCN_CROMA_fold_Garoua_K25_s7.checkpoint_metadata.json,236,eefde9538813e3441cb11e4ee18e0fabaad94d955b8b2e08dea30dcab8bf4f76,.json,reference_data
reference_data/experiment_benchmark/oa_mae_revision/checkpoint_metadata/croma/SCN_CROMA_fold_Garoua_K25_s8.checkpoint_metadata.json,236,53adafa3d106aaea4e0cf066fdc3678b666fe2afbb3dc1208ab712ecc065fc99,.json,reference_data
reference_data/experiment_benchmark/oa_mae_revision/checkpoint_metadata/croma/SCN_CROMA_fold_Garoua_K25_s9.checkpoint_metadata.json,236,dcb8cd89dd2dd2bbc43781810dfdf818277fd7b5a266897ddcc4e716b8a147e0,.json,reference_data
reference_data/experiment_benchmark/oa_mae_revision/checkpoint_metadata/croma/SCN_CROMA_fold_Garoua_K50_s1.checkpoint_metadata.json,236,db6fbe43b1326a4b92d44979306a72f3525e441b5dea143786943d408ca01808,.json,reference_data
reference_data/experiment_benchmark/oa_mae_revision/checkpoint_metadata/croma/SCN_CROMA_fold_Garoua_K50_s10.checkpoint_metadata.json,237,c165407fb7fac683cccb2340904c6ff8ead558f2c866f2481a17958c74f8fdd0,.json,reference_data
reference_data/experiment_benchmark/oa_mae_revision/checkpoint_metadata/croma/SCN_CROMA_fold_Garoua_K50_s2.checkpoint_metadata.json,236,27a850ede8d0b4177db58d0ffd903d918be88fa29a057e0301177c2312729a3b,.json,reference_data
reference_data/experiment_benchmark/oa_mae_revision/checkpoint_metadata/croma/SCN_CROMA_fold_Garoua_K50_s3.checkpoint_metadata.json,236,50be173d0b7004498b3ed04112ec0a029105567d9e825e694f938f4e97c2e5e9,.json,reference_data
reference_data/experiment_benchmark/oa_mae_revision/checkpoint_metadata/croma/SCN_CROMA_fold_Garoua_K50_s4.checkpoint_metadata.json,236,e0dd417e0f40cb184f2598698549c948b6c58ce5eb024fc9ebf85a167cec093d,.json,reference_data
reference_data/experiment_benchmark/oa_mae_revision/checkpoint_metadata/croma/SCN_CROMA_fold_Garoua_K50_s5.checkpoint_metadata.json,235,24ffe08eadd7e6aa8e9ae4d2163825770e7c1ed80489a352f7bd66d57045fe82,.json,reference_data
reference_data/experiment_benchmark/oa_mae_revision/checkpoint_metadata/croma/SCN_CROMA_fold_Garoua_K50_s6.checkpoint_metadata.json,236,89368fbe8050f836d95dc1ab9da9b7ae3a16929f7df07a9f4a7c8fd2062f98a8,.json,reference_data
reference_data/experiment_benchmark/oa_mae_revision/checkpoint_metadata/croma/SCN_CROMA_fold_Garoua_K50_s7.checkpoint_metadata.json,236,3bc73bd60fe5e967face3cb579da1c5661b05c01bc70d94d62927b03cfaf6a14,.json,reference_data
reference_data/experiment_benchmark/oa_mae_revision/checkpoint_metadata/croma/SCN_CROMA_fold_Garoua_K50_s8.checkpoint_metadata.json,236,2057ea979fde5b4edbac8a22a443bf6a76c4fb081f00128916a3435f12b0e161,.json,reference_data
reference_data/experiment_benchmark/oa_mae_revision/checkpoint_metadata/croma/SCN_CROMA_fold_Garoua_K50_s9.checkpoint_metadata.json,236,7ed9423e63f0972c3e79f8109a157a6e80622b61f9a234c6f74b720203f9be30,.json,reference_data
reference_data/experiment_benchmark/oa_mae_revision/checkpoint_metadata/croma/SCN_CROMA_fold_Kigali_K10_s1.checkpoint_metadata.json,236,a8c8f807b9e41d1e337667ff8a8579a81f9c4800711fa271c0f7b4cc08d22b46,.json,reference_data
reference_data/experiment_benchmark/oa_mae_revision/checkpoint_metadata/croma/SCN_CROMA_fold_Kigali_K10_s10.checkpoint_metadata.json,237,10bdb8320f033cb0d5dcf6011e9c328edd15dadd6290f5ef53d9377a9afc3234,.json,reference_data
reference_data/experiment_benchmark/oa_mae_revision/checkpoint_metadata/croma/SCN_CROMA_fold_Kigali_K10_s2.checkpoint_metadata.json,236,9c641209c5979702894d8fb10e86ff3ab8b00c1bd9e518f926e4a0dfa9691127,.json,reference_data
reference_data/experiment_benchmark/oa_mae_revision/checkpoint_metadata/croma/SCN_CROMA_fold_Kigali_K10_s3.checkpoint_metadata.json,236,9d7c6637c59c34a8902443f4ab202e72ce186b167d4bda8c4c410b39621ac17c,.json,reference_data
reference_data/experiment_benchmark/oa_mae_revision/checkpoint_metadata/croma/SCN_CROMA_fold_Kigali_K10_s4.checkpoint_metadata.json,236,f8c95315313031ba967110bc0521fe8ec03d57f6eadf50c4910e5533cf64cc42,.json,reference_data
reference_data/experiment_benchmark/oa_mae_revision/checkpoint_metadata/croma/SCN_CROMA_fold_Kigali_K10_s5.checkpoint_metadata.json,236,41b164d93bda279c5331378f9a9e8f4a49fa0514ce619a08d17df894d94dc5e5,.json,reference_data
reference_data/experiment_benchmark/oa_mae_revision/checkpoint_metadata/croma/SCN_CROMA_fold_Kigali_K10_s6.checkpoint_metadata.json,236,a93d9cce2a4f7e90249ed34ec69c3e5a0b23e6b0dbe0509eec790cfa904d3274,.json,reference_data
reference_data/experiment_benchmark/oa_mae_revision/checkpoint_metadata/croma/SCN_CROMA_fold_Kigali_K10_s7.checkpoint_metadata.json,235,c39244521558d20735799e3413331e7ff40512591524597d47beec7bd4c25b70,.json,reference_data
reference_data/experiment_benchmark/oa_mae_revision/checkpoint_metadata/croma/SCN_CROMA_fold_Kigali_K10_s8.checkpoint_metadata.json,236,4b10ca884167437db5a8da52b9f197476c0ff50f560e93b0725d7b7a52d10395,.json,reference_data
reference_data/experiment_benchmark/oa_mae_revision/checkpoint_metadata/croma/SCN_CROMA_fold_Kigali_K10_s9.checkpoint_metadata.json,236,80009accb6683497e2defc4f0d5c4b0e0e039f02c80c69779f2fb5a481c9f2f6,.json,reference_data
reference_data/experiment_benchmark/oa_mae_revision/checkpoint_metadata/croma/SCN_CROMA_fold_Kigali_K25_s1.checkpoint_metadata.json,236,5d3b2d2ad6fc6f23aad3a17345fa38301b40f9070a46776dc09b84bf3b102812,.json,reference_data
reference_data/experiment_benchmark/oa_mae_revision/checkpoint_metadata/croma/SCN_CROMA_fold_Kigali_K25_s10.checkpoint_metadata.json,237,e7aaba77f7ce8068e9eac0cea6a5508d42cc3963c9ac655dd0317a510342a872,.json,reference_data
reference_data/experiment_benchmark/oa_mae_revision/checkpoint_metadata/croma/SCN_CROMA_fold_Kigali_K25_s2.checkpoint_metadata.json,236,e4641f9d9093623e5fc4ebd142c35f81eba9b42b9e661ca4674cac51568b6460,.json,reference_data
reference_data/experiment_benchmark/oa_mae_revision/checkpoint_metadata/croma/SCN_CROMA_fold_Kigali_K25_s3.checkpoint_metadata.json,236,23beebb5c5551d1255d4d42309135f2f4ad082f7738f255510dafb8250b7d818,.json,reference_data
reference_data/experiment_benchmark/oa_mae_revision/checkpoint_metadata/croma/SCN_CROMA_fold_Kigali_K25_s4.checkpoint_metadata.json,236,497c06d249e35fb986d44c7e3eccfd8ad5b0c363a0a5797ec79d924c3edb4a81,.json,reference_data
reference_data/experiment_benchmark/oa_mae_revision/checkpoint_metadata/croma/SCN_CROMA_fold_Kigali_K25_s5.checkpoint_metadata.json,236,52dd7546814ec93d51fcaca94c2fb6f2d6f0843db14864126912ad9a5eda0e9d,.json,reference_data
reference_data/experiment_benchmark/oa_mae_revision/checkpoint_metadata/croma/SCN_CROMA_fold_Kigali_K25_s6.checkpoint_metadata.json,236,a30d42ee5fce46b1e0395b5d963d1aea9e51eca76826f43faa6b72779d0e4ac4,.json,reference_data
reference_data/experiment_benchmark/oa_mae_revision/checkpoint_metadata/croma/SCN_CROMA_fold_Kigali_K25_s7.checkpoint_metadata.json,236,8c84e8130989685daf5960ea9a0dfb61c18a7beeac14086f24f2f59b74fa04fc,.json,reference_data
reference_data/experiment_benchmark/oa_mae_revision/checkpoint_metadata/croma/SCN_CROMA_fold_Kigali_K25_s8.checkpoint_metadata.json,235,68e4f7a0167fbfbd0da43c47e664f73055a1359046783d05a33b34c8ec2e9e52,.json,reference_data
reference_data/experiment_benchmark/oa_mae_revision/checkpoint_metadata/croma/SCN_CROMA_fold_Kigali_K25_s9.checkpoint_metadata.json,236,8c9a9d05483caaab16c0455e6e9005c01d968b1cd32983895a5f9d1f69fd7f9b,.json,reference_data
reference_data/experiment_benchmark/oa_mae_revision/checkpoint_metadata/croma/SCN_CROMA_fold_Kigali_K50_s1.checkpoint_metadata.json,236,fa5d52c3acb36ce4cb654c0c4255d2c11a3d8ba74d556fbf04336ecb56eb1f96,.json,reference_data
reference_data/experiment_benchmark/oa_mae_revision/checkpoint_metadata/croma/SCN_CROMA_fold_Kigali_K50_s10.checkpoint_metadata.json,236,75ceecf9fea626e754acbe6655e9fb9ed24775d93634b711ed5e9f44dbefbe9b,.json,reference_data
reference_data/experiment_benchmark/oa_mae_revision/checkpoint_metadata/croma/SCN_CROMA_fold_Kigali_K50_s2.checkpoint_metadata.json,236,dc99ee029e27ceaa71e7c415f659d8cef50833be4b5279ffb199ae96e90605f8,.json,reference_data
reference_data/experiment_benchmark/oa_mae_revision/checkpoint_metadata/croma/SCN_CROMA_fold_Kigali_K50_s3.checkpoint_metadata.json,236,ce6e194a325f286fd48cf1326bf6384ac797dceca2a5ecd930a0206ce52a1eb1,.json,reference_data
reference_data/experiment_benchmark/oa_mae_revision/checkpoint_metadata/croma/SCN_CROMA_fold_Kigali_K50_s4.checkpoint_metadata.json,236,c26f0d0e613a252fa3e1efb38bfa2456afd15b68f7f1575396f1e8ebb58f598f,.json,reference_data
reference_data/experiment_benchmark/oa_mae_revision/checkpoint_metadata/croma/SCN_CROMA_fold_Kigali_K50_s5.checkpoint_metadata.json,236,6385a14ae9c4412c7e8b68fe3ac424994733a804cb7281031b92564ddde5ea52,.json,reference_data
reference_data/experiment_benchmark/oa_mae_revision/checkpoint_metadata/croma/SCN_CROMA_fold_Kigali_K50_s6.checkpoint_metadata.json,236,062f7b7afdeff36077ab018fb57a96fe80e5f7174fd653ada00c547b6161ea93,.json,reference_data
reference_data/experiment_benchmark/oa_mae_revision/checkpoint_metadata/croma/SCN_CROMA_fold_Kigali_K50_s7.checkpoint_metadata.json,236,a868e576675e6a359cab1b21262949caa0503bbbec92b33233c821b8e58a0918,.json,reference_data
reference_data/experiment_benchmark/oa_mae_revision/checkpoint_metadata/croma/SCN_CROMA_fold_Kigali_K50_s8.checkpoint_metadata.json,236,73ff8f5d2094ce8561884af49381d9fda9a25d34325ada394b4f68bce021e841,.json,reference_data
reference_data/experiment_benchmark/oa_mae_revision/checkpoint_metadata/croma/SCN_CROMA_fold_Kigali_K50_s9.checkpoint_metadata.json,236,89a81335296d905ce4a4be2363cfb0a7550a78764fb3791b0f75b140c2ee3a05,.json,reference_data
reference_data/experiment_benchmark/oa_mae_revision/checkpoint_metadata/croma/SCN_CROMA_fold_Yaounde_K10_s1.checkpoint_metadata.json,237,63bc483754f6eb71a3eaa10266b13bebc3ea5f8aa23e3a6e8e5db76185d6a06c,.json,reference_data
reference_data/experiment_benchmark/oa_mae_revision/checkpoint_metadata/croma/SCN_CROMA_fold_Yaounde_K10_s10.checkpoint_metadata.json,238,7cd03c802f26d00a15162add7bb86709df184d441415b6432df0091743c94e34,.json,reference_data
reference_data/experiment_benchmark/oa_mae_revision/checkpoint_metadata/croma/SCN_CROMA_fold_Yaounde_K10_s2.checkpoint_metadata.json,237,b6ef74efdc57a9994a3b9cadcef338e29f56d0e88f566285cb9e43085544b52b,.json,reference_data
reference_data/experiment_benchmark/oa_mae_revision/checkpoint_metadata/croma/SCN_CROMA_fold_Yaounde_K10_s3.checkpoint_metadata.json,237,8c01c553cff9b1f02c87b9dd94509edb76ec6a7c7a805cd0232d126bac1d2fe5,.json,reference_data
reference_data/experiment_benchmark/oa_mae_revision/checkpoint_metadata/croma/SCN_CROMA_fold_Yaounde_K10_s4.checkpoint_metadata.json,237,29aef14a9f1b2669de0c8db4fc1187572d763d87b8652a94e1b769af71871bae,.json,reference_data
reference_data/experiment_benchmark/oa_mae_revision/checkpoint_metadata/croma/SCN_CROMA_fold_Yaounde_K10_s5.checkpoint_metadata.json,237,3709637c72620a4e26f341f0ca77ada17ae7b028b84f5be08f6805b2581ccb08,.json,reference_data
reference_data/experiment_benchmark/oa_mae_revision/checkpoint_metadata/croma/SCN_CROMA_fold_Yaounde_K10_s6.checkpoint_metadata.json,237,2706fc4d9cb9c0c4dad4fff28c1508e25d6cbf05f9f58cce3256b2de457e27e5,.json,reference_data
reference_data/experiment_benchmark/oa_mae_revision/checkpoint_metadata/croma/SCN_CROMA_fold_Yaounde_K10_s7.checkpoint_metadata.json,237,5efa41c4d2c19e5ab1cba81346592cbaaed88420e30a23634d70d6c9f5eea45a,.json,reference_data
reference_data/experiment_benchmark/oa_mae_revision/checkpoint_metadata/croma/SCN_CROMA_fold_Yaounde_K10_s8.checkpoint_metadata.json,237,cc10b5c03dfa9d6d5add2315f480b197b4c0ac0bc963d5059e57273984eb5bf4,.json,reference_data
reference_data/experiment_benchmark/oa_mae_revision/checkpoint_metadata/croma/SCN_CROMA_fold_Yaounde_K10_s9.checkpoint_metadata.json,237,3ed984019236879fac0e138abb23acc4a76708a50cf3066d0c9d5691109bb545,.json,reference_data
reference_data/experiment_benchmark/oa_mae_revision/checkpoint_metadata/croma/SCN_CROMA_fold_Yaounde_K25_s1.checkpoint_metadata.json,237,660758b89b6eae42bb988178f9dd39a2d436d45f871f6ae2040639d2f0d5f6f7,.json,reference_data
reference_data/experiment_benchmark/oa_mae_revision/checkpoint_metadata/croma/SCN_CROMA_fold_Yaounde_K25_s10.checkpoint_metadata.json,238,454db8a7e02560c4cbc1565fbe207c782de9eda108a87fbfefea4127005c8f90,.json,reference_data
reference_data/experiment_benchmark/oa_mae_revision/checkpoint_metadata/croma/SCN_CROMA_fold_Yaounde_K25_s2.checkpoint_metadata.json,237,e1cc37da865b15dd156c94e8c77002297f00902d0c7d1a37cc4736334b8de4f0,.json,reference_data
reference_data/experiment_benchmark/oa_mae_revision/checkpoint_metadata/croma/SCN_CROMA_fold_Yaounde_K25_s3.checkpoint_metadata.json,237,44197efceacbd0444612637f8fc184537cb115fc232be4bb1d83a351162f1460,.json,reference_data
reference_data/experiment_benchmark/oa_mae_revision/checkpoint_metadata/croma/SCN_CROMA_fold_Yaounde_K25_s4.checkpoint_metadata.json,237,5e2c47d2803823dc7e2dce58575fa9a94ec70a1ddf38bf4587936d55c7252149,.json,reference_data
reference_data/experiment_benchmark/oa_mae_revision/checkpoint_metadata/croma/SCN_CROMA_fold_Yaounde_K25_s5.checkpoint_metadata.json,237,531a7026644ffe3aeaa73febb9a0f41eb22b840b49192b4e86b2e894322aa107,.json,reference_data
reference_data/experiment_benchmark/oa_mae_revision/checkpoint_metadata/croma/SCN_CROMA_fold_Yaounde_K25_s6.checkpoint_metadata.json,236,5b881df809a507a67fb8402d087ed0ea3bf9877e2fbb52935c4a7da41b7365d2,.json,reference_data
reference_data/experiment_benchmark/oa_mae_revision/checkpoint_metadata/croma/SCN_CROMA_fold_Yaounde_K25_s7.checkpoint_metadata.json,237,658350e7d564bd2e6724499c65b86218a205c752cd3ed074bd4b7f09876113b2,.json,reference_data
reference_data/experiment_benchmark/oa_mae_revision/checkpoint_metadata/croma/SCN_CROMA_fold_Yaounde_K25_s8.checkpoint_metadata.json,236,b581d38a0de2b2ec212e9172191013d2de3a11dbdf57221debd190e71a8137b4,.json,reference_data
reference_data/experiment_benchmark/oa_mae_revision/checkpoint_metadata/croma/SCN_CROMA_fold_Yaounde_K25_s9.checkpoint_metadata.json,237,628ffaccae0a4a1853aef4317dcafb8250e2ed97ef0471fd9a018bbf90027daf,.json,reference_data
reference_data/experiment_benchmark/oa_mae_revision/checkpoint_metadata/croma/SCN_CROMA_fold_Yaounde_K50_s1.checkpoint_metadata.json,236,3f2e0a15ec09966e06428b3449ea938ab9480e4d7ac26028212c18d760be308c,.json,reference_data
reference_data/experiment_benchmark/oa_mae_revision/checkpoint_metadata/croma/SCN_CROMA_fold_Yaounde_K50_s10.checkpoint_metadata.json,238,9b2bd9b15f1dba8a9382d7415ee57cb4e4611f4b2eae9f63937d35befbb77b4a,.json,reference_data
reference_data/experiment_benchmark/oa_mae_revision/checkpoint_metadata/croma/SCN_CROMA_fold_Yaounde_K50_s2.checkpoint_metadata.json,237,f66d756de1029a4cf45f27ce9af1105edc8a55eacd308d9c4c8ab7ffec195a00,.json,reference_data
reference_data/experiment_benchmark/oa_mae_revision/checkpoint_metadata/croma/SCN_CROMA_fold_Yaounde_K50_s3.checkpoint_metadata.json,237,99298d5cbceb6b3031f4b451a9eb70bed02e528a55d9da25df8bad01669a5ef9,.json,reference_data
reference_data/experiment_benchmark/oa_mae_revision/checkpoint_metadata/croma/SCN_CROMA_fold_Yaounde_K50_s4.checkpoint_metadata.json,237,2004e81555097f3d5f8884946ccc64286a75378972ae69cde6f3fbef6efed031,.json,reference_data
reference_data/experiment_benchmark/oa_mae_revision/checkpoint_metadata/croma/SCN_CROMA_fold_Yaounde_K50_s5.checkpoint_metadata.json,237,422eb0e17757fb41be2bb37d20442087d430399cc85487321c2496e171b7a685,.json,reference_data
reference_data/experiment_benchmark/oa_mae_revision/checkpoint_metadata/croma/SCN_CROMA_fold_Yaounde_K50_s6.checkpoint_metadata.json,237,2fa6cb40811aaac3787e04ca505e78c9f746a6bec7482de3cedb2b48459c3100,.json,reference_data
reference_data/experiment_benchmark/oa_mae_revision/checkpoint_metadata/croma/SCN_CROMA_fold_Yaounde_K50_s7.checkpoint_metadata.json,236,431960c3c8171281ab174f06b8114481bc1d379a58406a9781159940207f8c25,.json,reference_data
reference_data/experiment_benchmark/oa_mae_revision/checkpoint_metadata/croma/SCN_CROMA_fold_Yaounde_K50_s8.checkpoint_metadata.json,236,94f74be02a8e42560d39f774f05d4c3b014576e2963b5170c8eaba6b1c7094d1,.json,reference_data
reference_data/experiment_benchmark/oa_mae_revision/checkpoint_metadata/croma/SCN_CROMA_fold_Yaounde_K50_s9.checkpoint_metadata.json,237,cd79ef1eaedf49a3274a4a5825114d5fb66bc7654b497d19f0f7da6f0bfb58d8,.json,reference_data
reference_data/experiment_benchmark/oa_mae_revision/checkpoint_metadata/oamae/SCN_OA_MAE_fold_Dakar_K10_s1.checkpoint_metadata.json,236,0cb3c87c2f5d8726e806394b68dcf392cde39a07911ef9a6b2cfbd48616e489f,.json,reference_data
reference_data/experiment_benchmark/oa_mae_revision/checkpoint_metadata/oamae/SCN_OA_MAE_fold_Dakar_K10_s10.checkpoint_metadata.json,237,bc6806e54865be9a8500837954cdd154b71eb73b4e8e306412bc912f96124b66,.json,reference_data
reference_data/experiment_benchmark/oa_mae_revision/checkpoint_metadata/oamae/SCN_OA_MAE_fold_Dakar_K10_s2.checkpoint_metadata.json,236,b9e267083c89b1dc079b9b27f96c87425e58254bdbba086fdacf1ea9cc20c19b,.json,reference_data
reference_data/experiment_benchmark/oa_mae_revision/checkpoint_metadata/oamae/SCN_OA_MAE_fold_Dakar_K10_s3.checkpoint_metadata.json,236,d482d7cd074f29be45d8ae6fb76fe714fbc3a57c95d4fa72ed890f7a5962ff2a,.json,reference_data
reference_data/experiment_benchmark/oa_mae_revision/checkpoint_metadata/oamae/SCN_OA_MAE_fold_Dakar_K10_s4.checkpoint_metadata.json,236,2a5af8fe5d93081b7a60fb643d2da4729dfc2971679137da19a22bebda9e37a1,.json,reference_data
reference_data/experiment_benchmark/oa_mae_revision/checkpoint_metadata/oamae/SCN_OA_MAE_fold_Dakar_K10_s5.checkpoint_metadata.json,236,05f37524fbaa32417d59f041792487bfc531919245158cefeb7d0841ea9a45f6,.json,reference_data
reference_data/experiment_benchmark/oa_mae_revision/checkpoint_metadata/oamae/SCN_OA_MAE_fold_Dakar_K10_s6.checkpoint_metadata.json,236,b657354735913b49c0b40565ee20e0142122d4dc7f3ffd0bb961823eaab1c23b,.json,reference_data
reference_data/experiment_benchmark/oa_mae_revision/checkpoint_metadata/oamae/SCN_OA_MAE_fold_Dakar_K10_s7.checkpoint_metadata.json,236,9782437c81c28c8018cedfb493299565e6fbd402cda0f2b68c2b1a435f71407f,.json,reference_data
reference_data/experiment_benchmark/oa_mae_revision/checkpoint_metadata/oamae/SCN_OA_MAE_fold_Dakar_K10_s8.checkpoint_metadata.json,235,bd5d87e36d40d0802bd06dc1e340c479e9649b5f4b3a770b909acaf446d6dd90,.json,reference_data
reference_data/experiment_benchmark/oa_mae_revision/checkpoint_metadata/oamae/SCN_OA_MAE_fold_Dakar_K10_s9.checkpoint_metadata.json,236,223449a1dd1aaf999c29ed55821900f434c1f64b300c91a91a17b0141aa7c89b,.json,reference_data
reference_data/experiment_benchmark/oa_mae_revision/checkpoint_metadata/oamae/SCN_OA_MAE_fold_Dakar_K25_s1.checkpoint_metadata.json,236,5a6585129153f3be839c7d0780f3e6ccaad6fdfe588c26cd562c156e9c2ece4b,.json,reference_data
reference_data/experiment_benchmark/oa_mae_revision/checkpoint_metadata/oamae/SCN_OA_MAE_fold_Dakar_K25_s10.checkpoint_metadata.json,237,a159a5f236d3b00984e1155532309fa99809c07e2e6f0e938488b51d25a43120,.json,reference_data
reference_data/experiment_benchmark/oa_mae_revision/checkpoint_metadata/oamae/SCN_OA_MAE_fold_Dakar_K25_s2.checkpoint_metadata.json,236,e5fafbbe8c815a3132d019ea467af20d44619623b54a0b1157e955745f2c412a,.json,reference_data
reference_data/experiment_benchmark/oa_mae_revision/checkpoint_metadata/oamae/SCN_OA_MAE_fold_Dakar_K25_s3.checkpoint_metadata.json,236,2ee70a393572c3eafe62363f8529ca695a87e256a58d058dc829a6696d0b3d9b,.json,reference_data
reference_data/experiment_benchmark/oa_mae_revision/checkpoint_metadata/oamae/SCN_OA_MAE_fold_Dakar_K25_s4.checkpoint_metadata.json,236,c0284774f5b83e801e4264c31a3e260fabf8bb69383933d1b4a37eb9cbe70f9b,.json,reference_data
reference_data/experiment_benchmark/oa_mae_revision/checkpoint_metadata/oamae/SCN_OA_MAE_fold_Dakar_K25_s5.checkpoint_metadata.json,236,5f7eb921dccd804b053f750696038bb1a5be8648e43bc4eed956f4762119e9c5,.json,reference_data
reference_data/experiment_benchmark/oa_mae_revision/checkpoint_metadata/oamae/SCN_OA_MAE_fold_Dakar_K25_s6.checkpoint_metadata.json,236,50f3ea894a32c7b99035ba3fc10aa97673fa8d84b41a6873f27b1f39426d65ad,.json,reference_data
reference_data/experiment_benchmark/oa_mae_revision/checkpoint_metadata/oamae/SCN_OA_MAE_fold_Dakar_K25_s7.checkpoint_metadata.json,236,40e8b0f24f2ef5ebac8b5b6413fc4dc90a9f9587d3907d3dc7aa989161332d22,.json,reference_data
reference_data/experiment_benchmark/oa_mae_revision/checkpoint_metadata/oamae/SCN_OA_MAE_fold_Dakar_K25_s8.checkpoint_metadata.json,236,7498852fad8b4f6574830f48fbb4f2b054305f26a9f51dca239e887f7fe82dd4,.json,reference_data
reference_data/experiment_benchmark/oa_mae_revision/checkpoint_metadata/oamae/SCN_OA_MAE_fold_Dakar_K25_s9.checkpoint_metadata.json,236,c5b132f361ef9625c364afb264791c9f26e4f98717dc8f7e2cbc820cb1402c57,.json,reference_data
reference_data/experiment_benchmark/oa_mae_revision/checkpoint_metadata/oamae/SCN_OA_MAE_fold_Dakar_K50_s1.checkpoint_metadata.json,234,26a11c218e60ab1ba7b9c9dcee2f54ee188b3034e26df7591d24f9659800f432,.json,reference_data
reference_data/experiment_benchmark/oa_mae_revision/checkpoint_metadata/oamae/SCN_OA_MAE_fold_Dakar_K50_s10.checkpoint_metadata.json,237,f78d6b916d934371f7bea4072503de986cecc6c629530a0ed050779702969c73,.json,reference_data
reference_data/experiment_benchmark/oa_mae_revision/checkpoint_metadata/oamae/SCN_OA_MAE_fold_Dakar_K50_s2.checkpoint_metadata.json,236,c6910f7c383d255527dc18ebd9ed3ac8bd20469d2d5e794f4a7d33db1d3fc3d6,.json,reference_data
reference_data/experiment_benchmark/oa_mae_revision/checkpoint_metadata/oamae/SCN_OA_MAE_fold_Dakar_K50_s3.checkpoint_metadata.json,236,7b4708313a0c65984d6eab1e1f0ea91e9eb2e74b0491a4aedb3c6b8b9f1f50b9,.json,reference_data
reference_data/experiment_benchmark/oa_mae_revision/checkpoint_metadata/oamae/SCN_OA_MAE_fold_Dakar_K50_s4.checkpoint_metadata.json,236,803cd3b115e6fe5c192c8da2ebf069693061c196dff4c6f11b1c0400695cdcbd,.json,reference_data
reference_data/experiment_benchmark/oa_mae_revision/checkpoint_metadata/oamae/SCN_OA_MAE_fold_Dakar_K50_s5.checkpoint_metadata.json,235,5e0ca6c6926b3dcc4da5834e11cd8e643c437dce42ac14c4a861e4d86e407fcb,.json,reference_data
reference_data/experiment_benchmark/oa_mae_revision/checkpoint_metadata/oamae/SCN_OA_MAE_fold_Dakar_K50_s6.checkpoint_metadata.json,236,ea677d0b9985431e85859b9e7710dc43e6c6cee1fa6a857193bf76477c493d70,.json,reference_data
reference_data/experiment_benchmark/oa_mae_revision/checkpoint_metadata/oamae/SCN_OA_MAE_fold_Dakar_K50_s7.checkpoint_metadata.json,235,baea9aeee57cb1a8d9ca2c9c35161cf5daca8c86c1185b01126954d88d0cd27d,.json,reference_data
reference_data/experiment_benchmark/oa_mae_revision/checkpoint_metadata/oamae/SCN_OA_MAE_fold_Dakar_K50_s8.checkpoint_metadata.json,236,96af802460ce71fb1bacb8835d01eea359fdb4c5d735c9b45786de550c4d31f6,.json,reference_data
reference_data/experiment_benchmark/oa_mae_revision/checkpoint_metadata/oamae/SCN_OA_MAE_fold_Dakar_K50_s9.checkpoint_metadata.json,236,9cd58345fd0cc3b11d8441ceddd211683eba6208b40183df36c3be9ee1ce6c08,.json,reference_data
reference_data/experiment_benchmark/oa_mae_revision/checkpoint_metadata/oamae/SCN_OA_MAE_fold_DarEsSalaam_K10_s1.checkpoint_metadata.json,241,439909a53572abe7ebe84c3262079e43817ce93ab36e782cb353253274447131,.json,reference_data
reference_data/experiment_benchmark/oa_mae_revision/checkpoint_metadata/oamae/SCN_OA_MAE_fold_DarEsSalaam_K10_s10.checkpoint_metadata.json,243,7d20c3f3723b82b6b5b7d0775195739c930af44b744e6a7b3b2b79220602d9d5,.json,reference_data
reference_data/experiment_benchmark/oa_mae_revision/checkpoint_metadata/oamae/SCN_OA_MAE_fold_DarEsSalaam_K10_s2.checkpoint_metadata.json,242,a5594e121257779edcea2785cc9d90b0f2400caa303ca7ae0421cb45567c7485,.json,reference_data
reference_data/experiment_benchmark/oa_mae_revision/checkpoint_metadata/oamae/SCN_OA_MAE_fold_DarEsSalaam_K10_s3.checkpoint_metadata.json,242,74fa562b5ad3e7409bd117db2fa2753b1e155e0af125b16cb0030624180ca69c,.json,reference_data
reference_data/experiment_benchmark/oa_mae_revision/checkpoint_metadata/oamae/SCN_OA_MAE_fold_DarEsSalaam_K10_s4.checkpoint_metadata.json,242,fb8863431598cdf1b3389020ffa029e6da103b83d8861f1e56c3b7c063c419b3,.json,reference_data
reference_data/experiment_benchmark/oa_mae_revision/checkpoint_metadata/oamae/SCN_OA_MAE_fold_DarEsSalaam_K10_s5.checkpoint_metadata.json,242,25df1168f83afe3b2a242d4696eb55889c61288a1ea5c80835ecbc754013e90c,.json,reference_data
reference_data/experiment_benchmark/oa_mae_revision/checkpoint_metadata/oamae/SCN_OA_MAE_fold_DarEsSalaam_K10_s6.checkpoint_metadata.json,242,5b315ef9c00c89b0ba8a70491eae3ae7e5d52c0cb522477de058351ddadde7a6,.json,reference_data
reference_data/experiment_benchmark/oa_mae_revision/checkpoint_metadata/oamae/SCN_OA_MAE_fold_DarEsSalaam_K10_s7.checkpoint_metadata.json,242,5481ee0001f88bbeb6a10c4696fc50c9b913ddf6e47ad0a7195066f48015ac85,.json,reference_data
reference_data/experiment_benchmark/oa_mae_revision/checkpoint_metadata/oamae/SCN_OA_MAE_fold_DarEsSalaam_K10_s8.checkpoint_metadata.json,242,68191785f343a3578ef964c6fb9429ccd44de2f244e3b413be4e1ee8f8c9df77,.json,reference_data
reference_data/experiment_benchmark/oa_mae_revision/checkpoint_metadata/oamae/SCN_OA_MAE_fold_DarEsSalaam_K10_s9.checkpoint_metadata.json,242,444b47851260a4224ac07943429008488416b51dd39d026a4dd0be627f5c0b3a,.json,reference_data
reference_data/experiment_benchmark/oa_mae_revision/checkpoint_metadata/oamae/SCN_OA_MAE_fold_DarEsSalaam_K25_s1.checkpoint_metadata.json,242,e501dde2977aed34f35cbbddfd71050f034387f358f2d1378b03730bd0ad1940,.json,reference_data
reference_data/experiment_benchmark/oa_mae_revision/checkpoint_metadata/oamae/SCN_OA_MAE_fold_DarEsSalaam_K25_s10.checkpoint_metadata.json,243,74d9a9cf88b5487f28287342781320c68b8ec206414f7b7b9383c8e16ef4b9b1,.json,reference_data
reference_data/experiment_benchmark/oa_mae_revision/checkpoint_metadata/oamae/SCN_OA_MAE_fold_DarEsSalaam_K25_s2.checkpoint_metadata.json,242,dff0e984c80160b86493eaac81168f8ef0be22133026c861e5b2230ac214cffc,.json,reference_data
reference_data/experiment_benchmark/oa_mae_revision/checkpoint_metadata/oamae/SCN_OA_MAE_fold_DarEsSalaam_K25_s3.checkpoint_metadata.json,242,6e2fe66110456e7081dec8e52e00670b9f2ab1f8027d586002bbc02b2f1f7f2a,.json,reference_data
reference_data/experiment_benchmark/oa_mae_revision/checkpoint_metadata/oamae/SCN_OA_MAE_fold_DarEsSalaam_K25_s4.checkpoint_metadata.json,242,2cf257ebf938c2b989248bafccdcbc33e9f3dac518ba5111985b4838be5914fd,.json,reference_data
reference_data/experiment_benchmark/oa_mae_revision/checkpoint_metadata/oamae/SCN_OA_MAE_fold_DarEsSalaam_K25_s5.checkpoint_metadata.json,242,031c8f1fa6d740aa2498e93e7205d0b6704912a88001f583bb7ecc1e2cd4e7b0,.json,reference_data
reference_data/experiment_benchmark/oa_mae_revision/checkpoint_metadata/oamae/SCN_OA_MAE_fold_DarEsSalaam_K25_s6.checkpoint_metadata.json,242,e23a4acba747046a13d4e264f6dde0567b1f2716cf285f395aaceade6ca439de,.json,reference_data
reference_data/experiment_benchmark/oa_mae_revision/checkpoint_metadata/oamae/SCN_OA_MAE_fold_DarEsSalaam_K25_s7.checkpoint_metadata.json,242,5e422b50e78e6961b9d6106de3e10fcb1a76ae64607764973120631c661fcb5f,.json,reference_data
reference_data/experiment_benchmark/oa_mae_revision/checkpoint_metadata/oamae/SCN_OA_MAE_fold_DarEsSalaam_K25_s8.checkpoint_metadata.json,242,8d20063ebde931c023bd130678aade00c73a203c34b59f615a977c8afc0b5365,.json,reference_data
reference_data/experiment_benchmark/oa_mae_revision/checkpoint_metadata/oamae/SCN_OA_MAE_fold_DarEsSalaam_K25_s9.checkpoint_metadata.json,242,2b6f365d1b3e3dd1f4f5123928ab382638db9bde93d00921f4890d62cd38eb31,.json,reference_data
reference_data/experiment_benchmark/oa_mae_revision/checkpoint_metadata/oamae/SCN_OA_MAE_fold_DarEsSalaam_K50_s1.checkpoint_metadata.json,242,a71138910795dafb2d4bc7ca9a834353fb4967daf36d1881c0789fa92938956d,.json,reference_data
reference_data/experiment_benchmark/oa_mae_revision/checkpoint_metadata/oamae/SCN_OA_MAE_fold_DarEsSalaam_K50_s10.checkpoint_metadata.json,242,4bf1cc63711065cc65b47a2ba72b2b6afe2ffb78569236a3d9cc1f274d6f4acb,.json,reference_data
reference_data/experiment_benchmark/oa_mae_revision/checkpoint_metadata/oamae/SCN_OA_MAE_fold_DarEsSalaam_K50_s2.checkpoint_metadata.json,242,565188d4117dcc32f6459254c70771a908edba0863580e7d3180da99ac72c530,.json,reference_data
reference_data/experiment_benchmark/oa_mae_revision/checkpoint_metadata/oamae/SCN_OA_MAE_fold_DarEsSalaam_K50_s3.checkpoint_metadata.json,242,658ead228c68478b0507f66da7defd07f4bd757eb065415f4374fce0805d887f,.json,reference_data
reference_data/experiment_benchmark/oa_mae_revision/checkpoint_metadata/oamae/SCN_OA_MAE_fold_DarEsSalaam_K50_s4.checkpoint_metadata.json,242,5df3b9fbf44496f52eade992663932b1c69ef879fde7b0f31d740f9146462cb4,.json,reference_data
reference_data/experiment_benchmark/oa_mae_revision/checkpoint_metadata/oamae/SCN_OA_MAE_fold_DarEsSalaam_K50_s5.checkpoint_metadata.json,242,d3a8fb89219d9c4008ab78446b8b4fdba52c14dfecb7b8fb6ac5a328691a83f5,.json,reference_data
reference_data/experiment_benchmark/oa_mae_revision/checkpoint_metadata/oamae/SCN_OA_MAE_fold_DarEsSalaam_K50_s6.checkpoint_metadata.json,241,7dd97f9336ae9f62f24f8c581caa364fc97c9fbb09ee00b941c404869ebe0990,.json,reference_data
reference_data/experiment_benchmark/oa_mae_revision/checkpoint_metadata/oamae/SCN_OA_MAE_fold_DarEsSalaam_K50_s7.checkpoint_metadata.json,241,f0681b9ca8df4e2d6d8786ce805d47dc01b2874bb0dd527611ab0cbed759fba9,.json,reference_data
reference_data/experiment_benchmark/oa_mae_revision/checkpoint_metadata/oamae/SCN_OA_MAE_fold_DarEsSalaam_K50_s8.checkpoint_metadata.json,241,b13845c289fa33b0c78c8e0060c4f66d371e2d10556ffe7e813d8ed40265db54,.json,reference_data
reference_data/experiment_benchmark/oa_mae_revision/checkpoint_metadata/oamae/SCN_OA_MAE_fold_DarEsSalaam_K50_s9.checkpoint_metadata.json,242,b622129e165c6d06b07245afb808d32b7ab935add203f290e8ae3d871a0bbff7,.json,reference_data
reference_data/experiment_benchmark/oa_mae_revision/checkpoint_metadata/oamae/SCN_OA_MAE_fold_Douala_K10_s1.checkpoint_metadata.json,237,53ed08c2e90ed37d69c6dcfed67e924cf93e438d69935831861ea21439481ccd,.json,reference_data
reference_data/experiment_benchmark/oa_mae_revision/checkpoint_metadata/oamae/SCN_OA_MAE_fold_Douala_K10_s10.checkpoint_metadata.json,237,897b6ad7f5ceff83db1913728f45e3d34bafcf002af8d52e2f7fd974279fe6a8,.json,reference_data
reference_data/experiment_benchmark/oa_mae_revision/checkpoint_metadata/oamae/SCN_OA_MAE_fold_Douala_K10_s2.checkpoint_metadata.json,237,a1909e13e99a0a4c2b68fd5088f139e99288df4503a60b5bbf8688072c99e329,.json,reference_data
reference_data/experiment_benchmark/oa_mae_revision/checkpoint_metadata/oamae/SCN_OA_MAE_fold_Douala_K10_s3.checkpoint_metadata.json,236,e6053310d537cfbf69a89d32928ab3744b6babe5374dd97bed5edf2226a4cb85,.json,reference_data
reference_data/experiment_benchmark/oa_mae_revision/checkpoint_metadata/oamae/SCN_OA_MAE_fold_Douala_K10_s4.checkpoint_metadata.json,237,a729ca9cfd2593d91470981657df7558632db8dce7d29053d453dcd16063304a,.json,reference_data
reference_data/experiment_benchmark/oa_mae_revision/checkpoint_metadata/oamae/SCN_OA_MAE_fold_Douala_K10_s5.checkpoint_metadata.json,237,0c96e87de60e64d643b9a3e0fc5c57a6999a6e023c66100c75d7d594e9fd4fbe,.json,reference_data
reference_data/experiment_benchmark/oa_mae_revision/checkpoint_metadata/oamae/SCN_OA_MAE_fold_Douala_K10_s6.checkpoint_metadata.json,237,9ae2c056e60d4e739584d94832cf3e8eeedb82313d92375d5b170f4ef1c345e9,.json,reference_data
reference_data/experiment_benchmark/oa_mae_revision/checkpoint_metadata/oamae/SCN_OA_MAE_fold_Douala_K10_s7.checkpoint_metadata.json,237,d523c826c6a4b91cb4cafe1f9ca85033b509db736c8e314b3860f9a4ae2bdf1e,.json,reference_data
reference_data/experiment_benchmark/oa_mae_revision/checkpoint_metadata/oamae/SCN_OA_MAE_fold_Douala_K10_s8.checkpoint_metadata.json,237,3581ed9a835cf2031394128bcff19ad0c724b9264298bd2d0922c38a8b2e6729,.json,reference_data
reference_data/experiment_benchmark/oa_mae_revision/checkpoint_metadata/oamae/SCN_OA_MAE_fold_Douala_K10_s9.checkpoint_metadata.json,237,18ea1c169cd0881b1e0e2a08c305728697a1592f2a67cc180c7be094cb4e5550,.json,reference_data
reference_data/experiment_benchmark/oa_mae_revision/checkpoint_metadata/oamae/SCN_OA_MAE_fold_Douala_K25_s1.checkpoint_metadata.json,237,57b851e899427a863ea84b4a936cc6196d3f7b22265389c2a7168813eeb7b63d,.json,reference_data
reference_data/experiment_benchmark/oa_mae_revision/checkpoint_metadata/oamae/SCN_OA_MAE_fold_Douala_K25_s10.checkpoint_metadata.json,238,c3c23b9874716b376ab17ed30c2e7db8719b390b3692c8afef92949b28a01b05,.json,reference_data
reference_data/experiment_benchmark/oa_mae_revision/checkpoint_metadata/oamae/SCN_OA_MAE_fold_Douala_K25_s2.checkpoint_metadata.json,236,10b222b4b717dbf5e28f5e16264ae90ada15504abf84d2a0987eec635b0e330e,.json,reference_data
reference_data/experiment_benchmark/oa_mae_revision/checkpoint_metadata/oamae/SCN_OA_MAE_fold_Douala_K25_s3.checkpoint_metadata.json,237,f81b4f30491606d70e7285ea9c68b832d9dede72b7a12d4fd404a530a7d0fd5a,.json,reference_data
reference_data/experiment_benchmark/oa_mae_revision/checkpoint_metadata/oamae/SCN_OA_MAE_fold_Douala_K25_s4.checkpoint_metadata.json,236,03b9d15d498eeeac4341674344b7a52b9cdfac73a4913dbc913e1d577caf19f8,.json,reference_data
reference_data/experiment_benchmark/oa_mae_revision/checkpoint_metadata/oamae/SCN_OA_MAE_fold_Douala_K25_s5.checkpoint_metadata.json,237,0c4fd158709ad9a225ab14d26df203c3c974fa86e5d4b46899da9dc8c7cbaeab,.json,reference_data
reference_data/experiment_benchmark/oa_mae_revision/checkpoint_metadata/oamae/SCN_OA_MAE_fold_Douala_K25_s6.checkpoint_metadata.json,236,12cdbcf2a572fb7b807014605426e7fce28d2b5ae1889f1446c69e929f168894,.json,reference_data
reference_data/experiment_benchmark/oa_mae_revision/checkpoint_metadata/oamae/SCN_OA_MAE_fold_Douala_K25_s7.checkpoint_metadata.json,237,af4aa8715ca59e079e6ff26e3120294b8ec40bb6d876ed2520b9228087acff1d,.json,reference_data
reference_data/experiment_benchmark/oa_mae_revision/checkpoint_metadata/oamae/SCN_OA_MAE_fold_Douala_K25_s8.checkpoint_metadata.json,237,e7c80f571bafb775bce5f19683ec1d4cb2eb61793ae822207f143249339b3aab,.json,reference_data
reference_data/experiment_benchmark/oa_mae_revision/checkpoint_metadata/oamae/SCN_OA_MAE_fold_Douala_K25_s9.checkpoint_metadata.json,236,f42f68efef5b2e2322aa64296df432de9d523a97f76d0e6f40ec76a39e171087,.json,reference_data
reference_data/experiment_benchmark/oa_mae_revision/checkpoint_metadata/oamae/SCN_OA_MAE_fold_Douala_K50_s1.checkpoint_metadata.json,236,ffd908364e2ffc5cf855ccd119607c04593614cf20cedd9da7e4a0bf90d81709,.json,reference_data
reference_data/experiment_benchmark/oa_mae_revision/checkpoint_metadata/oamae/SCN_OA_MAE_fold_Douala_K50_s10.checkpoint_metadata.json,238,e463e7ddee0c027a51ab2c89c9ebf2737d5dd0633130d3ab66ac2d141b5f68e4,.json,reference_data
reference_data/experiment_benchmark/oa_mae_revision/checkpoint_metadata/oamae/SCN_OA_MAE_fold_Douala_K50_s2.checkpoint_metadata.json,237,0caccb565e3eb22c080bb17b731fa49b14d2f18878262726996386ce63197e14,.json,reference_data
reference_data/experiment_benchmark/oa_mae_revision/checkpoint_metadata/oamae/SCN_OA_MAE_fold_Douala_K50_s3.checkpoint_metadata.json,237,f2d4ab86568417d328d03dd01c8fef4f19f8d9fd3beb216fcc1bb2442b9cdc55,.json,reference_data
reference_data/experiment_benchmark/oa_mae_revision/checkpoint_metadata/oamae/SCN_OA_MAE_fold_Douala_K50_s4.checkpoint_metadata.json,237,ea7a7f06562546361eb1fa895bf94ab4ac12088171f8342cfe18e40654f02897,.json,reference_data
reference_data/experiment_benchmark/oa_mae_revision/checkpoint_metadata/oamae/SCN_OA_MAE_fold_Douala_K50_s5.checkpoint_metadata.json,236,8c1366b7a181e416f86cf8ff55d570534e0f71f29cc7fe1fd9cf55942dc6e432,.json,reference_data
reference_data/experiment_benchmark/oa_mae_revision/checkpoint_metadata/oamae/SCN_OA_MAE_fold_Douala_K50_s6.checkpoint_metadata.json,237,5e9eb1b8ab93ac379dbaeabd591f062c4f055156e63bb561227773cafde71082,.json,reference_data
reference_data/experiment_benchmark/oa_mae_revision/checkpoint_metadata/oamae/SCN_OA_MAE_fold_Douala_K50_s7.checkpoint_metadata.json,236,de9ebc1bc64f29f4a1a0812ca4b519be76c07f3140d5c85afb1fab79af1ecc73,.json,reference_data
reference_data/experiment_benchmark/oa_mae_revision/checkpoint_metadata/oamae/SCN_OA_MAE_fold_Douala_K50_s8.checkpoint_metadata.json,237,894bdc36b555331cc4c8863a54c8959cff94caaa1a9cbfeae71aa507c9c71265,.json,reference_data
reference_data/experiment_benchmark/oa_mae_revision/checkpoint_metadata/oamae/SCN_OA_MAE_fold_Douala_K50_s9.checkpoint_metadata.json,237,59089c858b3909b09bdeb816fe4e0b5c8434ff2cac10fceab2322588b0c34e07,.json,reference_data
reference_data/experiment_benchmark/oa_mae_revision/checkpoint_metadata/oamae/SCN_OA_MAE_fold_Garoua_K10_s1.checkpoint_metadata.json,237,20deeb8ff2cdf4f769e3862806b21d8728c2a322a026fed16bfa3298afe52736,.json,reference_data
reference_data/experiment_benchmark/oa_mae_revision/checkpoint_metadata/oamae/SCN_OA_MAE_fold_Garoua_K10_s10.checkpoint_metadata.json,238,673c8f33a27fc2621c1de7bde33eb14c7dadc46fb236fbf45f9c287d1d94e9a1,.json,reference_data
reference_data/experiment_benchmark/oa_mae_revision/checkpoint_metadata/oamae/SCN_OA_MAE_fold_Garoua_K10_s2.checkpoint_metadata.json,237,59d8da4d5c47676f65745d627f078ce4cda9fb5a0740d63895d7ffa1b0e72401,.json,reference_data
reference_data/experiment_benchmark/oa_mae_revision/checkpoint_metadata/oamae/SCN_OA_MAE_fold_Garoua_K10_s3.checkpoint_metadata.json,237,de1758a28f61b5b98515d3df5e15e0100f25f577bdcd3faac54bb1eadfba43f5,.json,reference_data
reference_data/experiment_benchmark/oa_mae_revision/checkpoint_metadata/oamae/SCN_OA_MAE_fold_Garoua_K10_s4.checkpoint_metadata.json,237,2318aeea5364b0c9fa5df001fe4e25c7aa80d4db900df8e019ad125430009440,.json,reference_data
reference_data/experiment_benchmark/oa_mae_revision/checkpoint_metadata/oamae/SCN_OA_MAE_fold_Garoua_K10_s5.checkpoint_metadata.json,237,fff7c3a8ca29363194252f3476b3136ce7c560680a768e78ad9336845799cb3a,.json,reference_data
reference_data/experiment_benchmark/oa_mae_revision/checkpoint_metadata/oamae/SCN_OA_MAE_fold_Garoua_K10_s6.checkpoint_metadata.json,237,9b1531d9ae56f2720328df1cb86e3961eede249415971e5d3715a889ff9242b8,.json,reference_data
reference_data/experiment_benchmark/oa_mae_revision/checkpoint_metadata/oamae/SCN_OA_MAE_fold_Garoua_K10_s7.checkpoint_metadata.json,237,f48ad50558241cc4ab3d67c5c7839f4911152aba8a8190cd0e6ae9e4df20bb0f,.json,reference_data
reference_data/experiment_benchmark/oa_mae_revision/checkpoint_metadata/oamae/SCN_OA_MAE_fold_Garoua_K10_s8.checkpoint_metadata.json,237,750cab454a22619f61329b5ff4330b278c1b8a340ac69f7f1235c62ed7fa52c9,.json,reference_data
reference_data/experiment_benchmark/oa_mae_revision/checkpoint_metadata/oamae/SCN_OA_MAE_fold_Garoua_K10_s9.checkpoint_metadata.json,237,4ae764c5514e4c4aab7a1482199ea20e4a68236f1c5d696f4417176411602fd0,.json,reference_data
reference_data/experiment_benchmark/oa_mae_revision/checkpoint_metadata/oamae/SCN_OA_MAE_fold_Garoua_K25_s1.checkpoint_metadata.json,237,54627a3090dac16ddca0a882cbb433c495371287e92d714ebf5e1b3529abb432,.json,reference_data
reference_data/experiment_benchmark/oa_mae_revision/checkpoint_metadata/oamae/SCN_OA_MAE_fold_Garoua_K25_s10.checkpoint_metadata.json,238,bc29573b85c892df7384714924108f492a11062bb3225cd33d3cb9d84bbf4f84,.json,reference_data
reference_data/experiment_benchmark/oa_mae_revision/checkpoint_metadata/oamae/SCN_OA_MAE_fold_Garoua_K25_s2.checkpoint_metadata.json,237,1533c90148b6ebc8a16dcf902f71a7696eb3b2bff986f0639abee5219161969d,.json,reference_data
reference_data/experiment_benchmark/oa_mae_revision/checkpoint_metadata/oamae/SCN_OA_MAE_fold_Garoua_K25_s3.checkpoint_metadata.json,237,66c59da30dfa11ceaad0b1d774d81a6ac56908c07a0cc8f642f720a3438ec016,.json,reference_data
reference_data/experiment_benchmark/oa_mae_revision/checkpoint_metadata/oamae/SCN_OA_MAE_fold_Garoua_K25_s4.checkpoint_metadata.json,237,db9b48a60998b6dbbf6aac9d34d44d7ff050b50d1524ffb5a8a3f95b18473a31,.json,reference_data
reference_data/experiment_benchmark/oa_mae_revision/checkpoint_metadata/oamae/SCN_OA_MAE_fold_Garoua_K25_s5.checkpoint_metadata.json,237,244eac87f17113a6996a16963b792a7aba626e4a0394b99b5506fbe073cabcc4,.json,reference_data
reference_data/experiment_benchmark/oa_mae_revision/checkpoint_metadata/oamae/SCN_OA_MAE_fold_Garoua_K25_s6.checkpoint_metadata.json,237,7bfc6e7ae402ea51011e291d770350d95ab6b894c2d63c747a472bf49bcf4b9b,.json,reference_data
reference_data/experiment_benchmark/oa_mae_revision/checkpoint_metadata/oamae/SCN_OA_MAE_fold_Garoua_K25_s7.checkpoint_metadata.json,237,d343f11183d7928648713fcf6f41ee9fd29c69cd98e5dbb3cb6d41a7d5eb2193,.json,reference_data
reference_data/experiment_benchmark/oa_mae_revision/checkpoint_metadata/oamae/SCN_OA_MAE_fold_Garoua_K25_s8.checkpoint_metadata.json,237,b011672c0af0941fb09ff62f5c6d9bfb98da0ad9c188feda017961a496301581,.json,reference_data
reference_data/experiment_benchmark/oa_mae_revision/checkpoint_metadata/oamae/SCN_OA_MAE_fold_Garoua_K25_s9.checkpoint_metadata.json,237,211be4f3db0d0992c8d077a4e43b6c7538fc1751ddf1f65d27980327edd6f723,.json,reference_data
reference_data/experiment_benchmark/oa_mae_revision/checkpoint_metadata/oamae/SCN_OA_MAE_fold_Garoua_K50_s1.checkpoint_metadata.json,237,3ebfd51e8316fc9001c32eb4c0bf15b41aca3027c9be8d451732ef2ad8aace16,.json,reference_data
reference_data/experiment_benchmark/oa_mae_revision/checkpoint_metadata/oamae/SCN_OA_MAE_fold_Garoua_K50_s10.checkpoint_metadata.json,238,dbfe0420222688a8868d8bcfb192f8a41dfecb817a59360dde2e0911d08eb004,.json,reference_data
reference_data/experiment_benchmark/oa_mae_revision/checkpoint_metadata/oamae/SCN_OA_MAE_fold_Garoua_K50_s2.checkpoint_metadata.json,237,0d6af1b00c54ab800816846cc02131182661fd02b203eb5f9609927ea9a74910,.json,reference_data
reference_data/experiment_benchmark/oa_mae_revision/checkpoint_metadata/oamae/SCN_OA_MAE_fold_Garoua_K50_s3.checkpoint_metadata.json,237,b47eb99a12b991eb07115c68d2088b2b52b0b41cc22e0b15a6ad7c72ac19f984,.json,reference_data
reference_data/experiment_benchmark/oa_mae_revision/checkpoint_metadata/oamae/SCN_OA_MAE_fold_Garoua_K50_s4.checkpoint_metadata.json,237,d1a6ae05a3dbca0c5735f0664a15e9e447497e9f800b33b751256b672c31f416,.json,reference_data
reference_data/experiment_benchmark/oa_mae_revision/checkpoint_metadata/oamae/SCN_OA_MAE_fold_Garoua_K50_s5.checkpoint_metadata.json,237,ccd55a45ab6e71f4c156bb2e97631306c96223cc9eda7578f75c7df9dc0648ba,.json,reference_data
reference_data/experiment_benchmark/oa_mae_revision/checkpoint_metadata/oamae/SCN_OA_MAE_fold_Garoua_K50_s6.checkpoint_metadata.json,237,ca81e0699ddbda26c306d6f86bff9578def34626de4c55cdb5319925d0c25b17,.json,reference_data
reference_data/experiment_benchmark/oa_mae_revision/checkpoint_metadata/oamae/SCN_OA_MAE_fold_Garoua_K50_s7.checkpoint_metadata.json,237,3d8367ec5b7f2c4b012dfdd6b5d9191c5f705b6af772c4b8f827a9bb3eb703c4,.json,reference_data
reference_data/experiment_benchmark/oa_mae_revision/checkpoint_metadata/oamae/SCN_OA_MAE_fold_Garoua_K50_s8.checkpoint_metadata.json,236,827395e3a6f00c8d009d7dc84efeb4bf8bee1d4f5d2aaae38ebfd4a4e39ea744,.json,reference_data
reference_data/experiment_benchmark/oa_mae_revision/checkpoint_metadata/oamae/SCN_OA_MAE_fold_Garoua_K50_s9.checkpoint_metadata.json,237,642134b273e43957a799405e600c4c2f98e53987ada5dd94f025ca0cf14692d5,.json,reference_data
reference_data/experiment_benchmark/oa_mae_revision/checkpoint_metadata/oamae/SCN_OA_MAE_fold_Kigali_K10_s1.checkpoint_metadata.json,237,f7d709f05e86f84fa3875fde15ae8baf0d2215abb510df5bd757066743065e31,.json,reference_data
reference_data/experiment_benchmark/oa_mae_revision/checkpoint_metadata/oamae/SCN_OA_MAE_fold_Kigali_K10_s10.checkpoint_metadata.json,238,20ceb0b0dd613fb8a5e246bd7d1572dfd9e7f61b48d6a3bbc1ec28aaef0ecbb9,.json,reference_data
reference_data/experiment_benchmark/oa_mae_revision/checkpoint_metadata/oamae/SCN_OA_MAE_fold_Kigali_K10_s2.checkpoint_metadata.json,237,0bc45185b908b0a8725c5b68d54a3320089e97a5b7f83311738313bd0620f388,.json,reference_data
reference_data/experiment_benchmark/oa_mae_revision/checkpoint_metadata/oamae/SCN_OA_MAE_fold_Kigali_K10_s3.checkpoint_metadata.json,237,862cb09f0e266381998a103e526642e4ef20b8076cd5718aa1c31b892bec40e1,.json,reference_data
reference_data/experiment_benchmark/oa_mae_revision/checkpoint_metadata/oamae/SCN_OA_MAE_fold_Kigali_K10_s4.checkpoint_metadata.json,237,5aab6b9b82ad9a3b34ae2c09106a9a36d211217a578379bfa5a5eede2cb067d8,.json,reference_data
reference_data/experiment_benchmark/oa_mae_revision/checkpoint_metadata/oamae/SCN_OA_MAE_fold_Kigali_K10_s5.checkpoint_metadata.json,237,bb3aba1e60cbc5bdea2cf1c2fb9e78ad9af6622ea44ba7b79342e71f6e9a7252,.json,reference_data
reference_data/experiment_benchmark/oa_mae_revision/checkpoint_metadata/oamae/SCN_OA_MAE_fold_Kigali_K10_s6.checkpoint_metadata.json,237,d45b9d3d76477367e16f1480269bacbc8ac85d32e634cae59a7ea625f66f85a9,.json,reference_data
reference_data/experiment_benchmark/oa_mae_revision/checkpoint_metadata/oamae/SCN_OA_MAE_fold_Kigali_K10_s7.checkpoint_metadata.json,237,6228a42435407679129ae199d34c3fcb92c2e746adc21952128d3b19af3aaabb,.json,reference_data
reference_data/experiment_benchmark/oa_mae_revision/checkpoint_metadata/oamae/SCN_OA_MAE_fold_Kigali_K10_s8.checkpoint_metadata.json,237,210dc208cf759ea7f6bf62022d7245593bf9e750f702c0ace9a5168c41f49241,.json,reference_data
reference_data/experiment_benchmark/oa_mae_revision/checkpoint_metadata/oamae/SCN_OA_MAE_fold_Kigali_K10_s9.checkpoint_metadata.json,237,f5aba31d957a598a3f01c7e028b7ccf20e100746a1a2c1beea12b70eaa84f816,.json,reference_data
reference_data/experiment_benchmark/oa_mae_revision/checkpoint_metadata/oamae/SCN_OA_MAE_fold_Kigali_K25_s1.checkpoint_metadata.json,237,cff5fee99567531118717d4e5d9be12301eee60d265f977beddf37e0d174355b,.json,reference_data
reference_data/experiment_benchmark/oa_mae_revision/checkpoint_metadata/oamae/SCN_OA_MAE_fold_Kigali_K25_s10.checkpoint_metadata.json,237,8b96cb8293a2f585fa3487d9a7e3c1559f778c54c4e1fa293e641ef76fc044de,.json,reference_data
reference_data/experiment_benchmark/oa_mae_revision/checkpoint_metadata/oamae/SCN_OA_MAE_fold_Kigali_K25_s2.checkpoint_metadata.json,236,1af5071ba22213f97264102fabed52ed2dc60cd61cbf6103cb6e01d52d4c27b0,.json,reference_data
reference_data/experiment_benchmark/oa_mae_revision/checkpoint_metadata/oamae/SCN_OA_MAE_fold_Kigali_K25_s3.checkpoint_metadata.json,237,74f9b8bbbab6d62e3a4144f6973a9aef632692eab9228a21419072291b963b88,.json,reference_data
reference_data/experiment_benchmark/oa_mae_revision/checkpoint_metadata/oamae/SCN_OA_MAE_fold_Kigali_K25_s4.checkpoint_metadata.json,237,f53d122db56dd44227df3060748fbe1daeda71c386b06d5b1e3d8dc78ac74ff8,.json,reference_data
reference_data/experiment_benchmark/oa_mae_revision/checkpoint_metadata/oamae/SCN_OA_MAE_fold_Kigali_K25_s5.checkpoint_metadata.json,237,4c815167e7b429b1248bb87f9686e1ea4589074feadb5fa622f12d8d554e96b0,.json,reference_data
reference_data/experiment_benchmark/oa_mae_revision/checkpoint_metadata/oamae/SCN_OA_MAE_fold_Kigali_K25_s6.checkpoint_metadata.json,237,d0508ea6b8a579fae8b291052e5e82dcac1f5dc937294dc59addc6f7828129bc,.json,reference_data
reference_data/experiment_benchmark/oa_mae_revision/checkpoint_metadata/oamae/SCN_OA_MAE_fold_Kigali_K25_s7.checkpoint_metadata.json,237,bf6b3a58dc5920df26c54124c205b8bf433371e2d22b373cf443547574fb2430,.json,reference_data
reference_data/experiment_benchmark/oa_mae_revision/checkpoint_metadata/oamae/SCN_OA_MAE_fold_Kigali_K25_s8.checkpoint_metadata.json,237,ee312caa5a4ba5adb0b65ceea950850ab78465eb259793d1a779981d495ca294,.json,reference_data
reference_data/experiment_benchmark/oa_mae_revision/checkpoint_metadata/oamae/SCN_OA_MAE_fold_Kigali_K25_s9.checkpoint_metadata.json,237,45476d3b092e8e3c38de0a432001dd75f0983a3182e62eaf5f6a86f08d7f0a6e,.json,reference_data
reference_data/experiment_benchmark/oa_mae_revision/checkpoint_metadata/oamae/SCN_OA_MAE_fold_Kigali_K50_s1.checkpoint_metadata.json,236,fb0f56f67cd4e717e08028d013eddde0defce4dfe2afe826a1a7671a363d1395,.json,reference_data
reference_data/experiment_benchmark/oa_mae_revision/checkpoint_metadata/oamae/SCN_OA_MAE_fold_Kigali_K50_s10.checkpoint_metadata.json,238,3c3ba219bce64999b3cba55799bfc54cd25a08b98c2e043daaef4338a64cbd32,.json,reference_data
reference_data/experiment_benchmark/oa_mae_revision/checkpoint_metadata/oamae/SCN_OA_MAE_fold_Kigali_K50_s2.checkpoint_metadata.json,237,7e1c1ebd12b6f105a5e141e91ffa43238074acf2c2e3b8afea6f9f4e2b267236,.json,reference_data
reference_data/experiment_benchmark/oa_mae_revision/checkpoint_metadata/oamae/SCN_OA_MAE_fold_Kigali_K50_s3.checkpoint_metadata.json,237,45b6774040539222790755bc4ee0024341902073cf7034563b0c9e459abd82dd,.json,reference_data
reference_data/experiment_benchmark/oa_mae_revision/checkpoint_metadata/oamae/SCN_OA_MAE_fold_Kigali_K50_s4.checkpoint_metadata.json,237,ccaceeea16c96b90762a7cf285477e8e977f8d19d28e951efe445facb73164a5,.json,reference_data
reference_data/experiment_benchmark/oa_mae_revision/checkpoint_metadata/oamae/SCN_OA_MAE_fold_Kigali_K50_s5.checkpoint_metadata.json,237,79977e4540a88367eeea6672afddb60eb26c92cf51a3d8a800a7c0eed6c576c7,.json,reference_data
reference_data/experiment_benchmark/oa_mae_revision/checkpoint_metadata/oamae/SCN_OA_MAE_fold_Kigali_K50_s6.checkpoint_metadata.json,237,fd629461fbfb474d8e9170349fe6f41161c5abc0672ef513d58964aab5b16d21,.json,reference_data
reference_data/experiment_benchmark/oa_mae_revision/checkpoint_metadata/oamae/SCN_OA_MAE_fold_Kigali_K50_s7.checkpoint_metadata.json,237,924b0d119a01326f5759d2f2f87282f71bc1160d11cd16a97afe9da3a393359d,.json,reference_data
reference_data/experiment_benchmark/oa_mae_revision/checkpoint_metadata/oamae/SCN_OA_MAE_fold_Kigali_K50_s8.checkpoint_metadata.json,237,6f8e5d14333752cf1d53b22783bcfd73ee68673340ec6a3f68ac08de4388b45a,.json,reference_data
reference_data/experiment_benchmark/oa_mae_revision/checkpoint_metadata/oamae/SCN_OA_MAE_fold_Kigali_K50_s9.checkpoint_metadata.json,237,d182c2ec998ce677ee507849d4e513bab44d4ab5df9130afac8e03a445889fcb,.json,reference_data
reference_data/experiment_benchmark/oa_mae_revision/checkpoint_metadata/oamae/SCN_OA_MAE_fold_Yaounde_K10_s1.checkpoint_metadata.json,238,a5f26b212f4b17e986f98404224eaee063f5956246ddef90013f52b6c20b949a,.json,reference_data
reference_data/experiment_benchmark/oa_mae_revision/checkpoint_metadata/oamae/SCN_OA_MAE_fold_Yaounde_K10_s10.checkpoint_metadata.json,239,e74009745582c4ea63243c265bf1dd9852bd9ca5d800feaf3f17bc2d8edb7edf,.json,reference_data
reference_data/experiment_benchmark/oa_mae_revision/checkpoint_metadata/oamae/SCN_OA_MAE_fold_Yaounde_K10_s2.checkpoint_metadata.json,238,ba58063ceb53a17c9b1ccbd26e4a7b468b5f83bc4ad9a26b43bf37048a93bd33,.json,reference_data
reference_data/experiment_benchmark/oa_mae_revision/checkpoint_metadata/oamae/SCN_OA_MAE_fold_Yaounde_K10_s3.checkpoint_metadata.json,238,5fb26f1b152eb9a3362356ce431b7d17d8eb579b50203a4a540029978bdd85cf,.json,reference_data
reference_data/experiment_benchmark/oa_mae_revision/checkpoint_metadata/oamae/SCN_OA_MAE_fold_Yaounde_K10_s4.checkpoint_metadata.json,238,043c952464dec56939cb8927471fc59ae5204abe0499637b3ddaf77a4fdee4ed,.json,reference_data
reference_data/experiment_benchmark/oa_mae_revision/checkpoint_metadata/oamae/SCN_OA_MAE_fold_Yaounde_K10_s5.checkpoint_metadata.json,238,bb0d8cfc2906782c75182f6e77b21890996dad671c0b2b8839807a75f240eea9,.json,reference_data
reference_data/experiment_benchmark/oa_mae_revision/checkpoint_metadata/oamae/SCN_OA_MAE_fold_Yaounde_K10_s6.checkpoint_metadata.json,238,9badc414afa6a9d0bdae689e9b6b309ef62cea41eeb5938de0104112d22a394c,.json,reference_data
reference_data/experiment_benchmark/oa_mae_revision/checkpoint_metadata/oamae/SCN_OA_MAE_fold_Yaounde_K10_s7.checkpoint_metadata.json,238,f6d3a8fa096834e38d31b12fab5ffcb72ec0177263ac244d03d5992d8709a584,.json,reference_data
reference_data/experiment_benchmark/oa_mae_revision/checkpoint_metadata/oamae/SCN_OA_MAE_fold_Yaounde_K10_s8.checkpoint_metadata.json,238,d577ddb8f8790cb7d6304b14c3264514d25329052dbd7fe4658ace3899048374,.json,reference_data
reference_data/experiment_benchmark/oa_mae_revision/checkpoint_metadata/oamae/SCN_OA_MAE_fold_Yaounde_K10_s9.checkpoint_metadata.json,238,2c5eb4dd02e63c0866f4820d039e8c5b576f6a324c5b18c48758328117bd5cb4,.json,reference_data
reference_data/experiment_benchmark/oa_mae_revision/checkpoint_metadata/oamae/SCN_OA_MAE_fold_Yaounde_K25_s1.checkpoint_metadata.json,238,a352efa06410f82f0492ab0435758ea50734f68e526f9a49494a661105530c76,.json,reference_data
reference_data/experiment_benchmark/oa_mae_revision/checkpoint_metadata/oamae/SCN_OA_MAE_fold_Yaounde_K25_s10.checkpoint_metadata.json,238,ad6cab9adfef4a7413eba23f664d6ab3237a743988c0ee363d4ee16574d5f6bf,.json,reference_data
reference_data/experiment_benchmark/oa_mae_revision/checkpoint_metadata/oamae/SCN_OA_MAE_fold_Yaounde_K25_s2.checkpoint_metadata.json,238,8686d831f5b0cb876821ae5ee74aaf8ec65a200b58a61fa677764973762b305e,.json,reference_data
reference_data/experiment_benchmark/oa_mae_revision/checkpoint_metadata/oamae/SCN_OA_MAE_fold_Yaounde_K25_s3.checkpoint_metadata.json,238,55e659a534789978a8e012de6afb634f6006c76677c0eec1fb8e211d20f929ac,.json,reference_data
reference_data/experiment_benchmark/oa_mae_revision/checkpoint_metadata/oamae/SCN_OA_MAE_fold_Yaounde_K25_s4.checkpoint_metadata.json,237,4cb751f756064647fbb5f84a5c8ac7626bcfb234e0579e572fce639dc3edbe64,.json,reference_data
reference_data/experiment_benchmark/oa_mae_revision/checkpoint_metadata/oamae/SCN_OA_MAE_fold_Yaounde_K25_s5.checkpoint_metadata.json,238,7c9f8e1507939eaed39d7f2f46f7ff5de669c9c9e67729303d24925f66adcee3,.json,reference_data
reference_data/experiment_benchmark/oa_mae_revision/checkpoint_metadata/oamae/SCN_OA_MAE_fold_Yaounde_K25_s6.checkpoint_metadata.json,238,196d9b67e2945bc0e6a2ee02efadeabf9802fdd2adbdf3746bbce20bf2aab5d6,.json,reference_data
reference_data/experiment_benchmark/oa_mae_revision/checkpoint_metadata/oamae/SCN_OA_MAE_fold_Yaounde_K25_s7.checkpoint_metadata.json,238,6847a7c0498e89e9b4fba15cd2b8d2f82c36a42e93778c0b17f32e46f590f815,.json,reference_data
reference_data/experiment_benchmark/oa_mae_revision/checkpoint_metadata/oamae/SCN_OA_MAE_fold_Yaounde_K25_s8.checkpoint_metadata.json,238,98e22a4d4a9c268c1270e6e5a2b630d23e14bd1562a431b2e9a323c960145c4e,.json,reference_data
reference_data/experiment_benchmark/oa_mae_revision/checkpoint_metadata/oamae/SCN_OA_MAE_fold_Yaounde_K25_s9.checkpoint_metadata.json,238,75d674f5ef1f7fb2afc60ad7729551b9111d05a8b970dbc04d77d73773d2df0d,.json,reference_data
reference_data/experiment_benchmark/oa_mae_revision/checkpoint_metadata/oamae/SCN_OA_MAE_fold_Yaounde_K50_s1.checkpoint_metadata.json,238,952dbb5cb7cf8a3083f2a49ff9fb139529bdf2af2fbb98210c7c0fbcf3d570b2,.json,reference_data
reference_data/experiment_benchmark/oa_mae_revision/checkpoint_metadata/oamae/SCN_OA_MAE_fold_Yaounde_K50_s10.checkpoint_metadata.json,239,f16aa92d408957ed62afefd11ba4f01d11d8e5fb592e273606c53d9df3147403,.json,reference_data
reference_data/experiment_benchmark/oa_mae_revision/checkpoint_metadata/oamae/SCN_OA_MAE_fold_Yaounde_K50_s2.checkpoint_metadata.json,238,655d0ce2362ed119743816e44752ecadba8e4963a3db0ba93e4ce765609a251b,.json,reference_data
reference_data/experiment_benchmark/oa_mae_revision/checkpoint_metadata/oamae/SCN_OA_MAE_fold_Yaounde_K50_s3.checkpoint_metadata.json,236,867c7435ad00de3c72ab0583607f4f4373aab93aef8484f9e0f58aee0c5054a0,.json,reference_data
reference_data/experiment_benchmark/oa_mae_revision/checkpoint_metadata/oamae/SCN_OA_MAE_fold_Yaounde_K50_s4.checkpoint_metadata.json,238,2b32ad0b6384987a36b5f83acc827b982a0abf8c464b6c3636133129982be8c0,.json,reference_data
reference_data/experiment_benchmark/oa_mae_revision/checkpoint_metadata/oamae/SCN_OA_MAE_fold_Yaounde_K50_s5.checkpoint_metadata.json,238,8bc19116f237c2ee35181408f2b9db90323ca65c5ff0d090cec9c822e78883b4,.json,reference_data
reference_data/experiment_benchmark/oa_mae_revision/checkpoint_metadata/oamae/SCN_OA_MAE_fold_Yaounde_K50_s6.checkpoint_metadata.json,238,8285f3169c9d8c9679717ae298dc4d2ca818b1c5d53573c5a5e9f2b9341edbef,.json,reference_data
reference_data/experiment_benchmark/oa_mae_revision/checkpoint_metadata/oamae/SCN_OA_MAE_fold_Yaounde_K50_s7.checkpoint_metadata.json,238,8a4e12a5ffdf53bad29d58595daa323a0ed4aed9db2235c3fc28560d679de12e,.json,reference_data
reference_data/experiment_benchmark/oa_mae_revision/checkpoint_metadata/oamae/SCN_OA_MAE_fold_Yaounde_K50_s8.checkpoint_metadata.json,238,bb29057f7ba162056a47e348603438e31a9536876bc9467d68fca058a2b4b332,.json,reference_data
reference_data/experiment_benchmark/oa_mae_revision/checkpoint_metadata/oamae/SCN_OA_MAE_fold_Yaounde_K50_s9.checkpoint_metadata.json,238,b4a321d24cdd7cb6105a9f358aad21bf999739ee02a1ff0067fe2969a52be376,.json,reference_data
reference_data/experiment_benchmark/oa_mae_revision/checkpoint_metadata/unet_s1s2/SCN_UNet_S1S2_fold_Dakar_K10_s1.checkpoint_metadata.json,239,a8aa335667bb59959c543f93e41885fae739ea7a9b89142907213da8cde2a55b,.json,reference_data
reference_data/experiment_benchmark/oa_mae_revision/checkpoint_metadata/unet_s1s2/SCN_UNet_S1S2_fold_Dakar_K10_s10.checkpoint_metadata.json,240,67df670b4ef1868188a6d80410eecfb199644221a396163277d7855fe9b8ddc5,.json,reference_data
reference_data/experiment_benchmark/oa_mae_revision/checkpoint_metadata/unet_s1s2/SCN_UNet_S1S2_fold_Dakar_K10_s2.checkpoint_metadata.json,239,eb0a0d52e5e67d28db46027eb197ebf2a523ce9c52140e49c8479aaaffc797cb,.json,reference_data
reference_data/experiment_benchmark/oa_mae_revision/checkpoint_metadata/unet_s1s2/SCN_UNet_S1S2_fold_Dakar_K10_s3.checkpoint_metadata.json,239,0aa31247251f5ef3b86c614281595cb51be7cd89775a0a6e3d8cb2871dcdeb66,.json,reference_data
reference_data/experiment_benchmark/oa_mae_revision/checkpoint_metadata/unet_s1s2/SCN_UNet_S1S2_fold_Dakar_K10_s4.checkpoint_metadata.json,239,fdb98e92edbc3dd4249345da1767bd893f4575be78a92a547a6468f5079cb7e9,.json,reference_data
reference_data/experiment_benchmark/oa_mae_revision/checkpoint_metadata/unet_s1s2/SCN_UNet_S1S2_fold_Dakar_K10_s5.checkpoint_metadata.json,239,293f9441fa16592d642f314862f2ee99de7ccd6bd12ee9e30d29448c4078998a,.json,reference_data
reference_data/experiment_benchmark/oa_mae_revision/checkpoint_metadata/unet_s1s2/SCN_UNet_S1S2_fold_Dakar_K10_s6.checkpoint_metadata.json,239,fb3d5761087d2f755bbffb4cdff17af4585294670aeda65597ad3c5d9e26557f,.json,reference_data
reference_data/experiment_benchmark/oa_mae_revision/checkpoint_metadata/unet_s1s2/SCN_UNet_S1S2_fold_Dakar_K10_s7.checkpoint_metadata.json,239,0c7809314654a400fc78c8085e22accddbf7ffd4e836f880eed7530f467d6486,.json,reference_data
reference_data/experiment_benchmark/oa_mae_revision/checkpoint_metadata/unet_s1s2/SCN_UNet_S1S2_fold_Dakar_K10_s8.checkpoint_metadata.json,239,1f742f322c3db2ec9876cd8d24d8cf5c7b5db40fee8a70e3c32bd929eca56332,.json,reference_data
reference_data/experiment_benchmark/oa_mae_revision/checkpoint_metadata/unet_s1s2/SCN_UNet_S1S2_fold_Dakar_K10_s9.checkpoint_metadata.json,239,3515fccacb2206aebf0fd3c3cd8122b2a39bf0d47e24ad0627fcc8b4dd3a7283,.json,reference_data
reference_data/experiment_benchmark/oa_mae_revision/checkpoint_metadata/unet_s1s2/SCN_UNet_S1S2_fold_Dakar_K25_s1.checkpoint_metadata.json,237,0895b97e0be9d57e01a7ebcfb7c769f9ffe53fe2328fa6ec6bd9e46496b8492b,.json,reference_data
reference_data/experiment_benchmark/oa_mae_revision/checkpoint_metadata/unet_s1s2/SCN_UNet_S1S2_fold_Dakar_K25_s10.checkpoint_metadata.json,240,3266bbe9d90f5f99eb18e106af0d3c8dedf2d2a2eaec5d15cf7adbded32a0ca7,.json,reference_data
reference_data/experiment_benchmark/oa_mae_revision/checkpoint_metadata/unet_s1s2/SCN_UNet_S1S2_fold_Dakar_K25_s2.checkpoint_metadata.json,239,cb3f0d157821e443046b56b60c9e20db8c55d42fc7409af0c7cf632466136ea3,.json,reference_data
reference_data/experiment_benchmark/oa_mae_revision/checkpoint_metadata/unet_s1s2/SCN_UNet_S1S2_fold_Dakar_K25_s3.checkpoint_metadata.json,239,ee357be556e0f6f7c1139f92be07dc4b14ce1a4ff9dc33713175da6840437969,.json,reference_data
reference_data/experiment_benchmark/oa_mae_revision/checkpoint_metadata/unet_s1s2/SCN_UNet_S1S2_fold_Dakar_K25_s4.checkpoint_metadata.json,239,2a000d2e9f82136efd4adbabb783838fe6e1a6c24fb829c2fbfe3ca9b27b7473,.json,reference_data
reference_data/experiment_benchmark/oa_mae_revision/checkpoint_metadata/unet_s1s2/SCN_UNet_S1S2_fold_Dakar_K25_s5.checkpoint_metadata.json,239,173bb887fa5a7bc927094f25c70cf1d1932f0390d5cc2f7c826264a8d7bad923,.json,reference_data
reference_data/experiment_benchmark/oa_mae_revision/checkpoint_metadata/unet_s1s2/SCN_UNet_S1S2_fold_Dakar_K25_s6.checkpoint_metadata.json,239,93a09de903742a95e69a6dfbc9afb617c66d2d227c4a7f191d46266ac11074a8,.json,reference_data
reference_data/experiment_benchmark/oa_mae_revision/checkpoint_metadata/unet_s1s2/SCN_UNet_S1S2_fold_Dakar_K25_s7.checkpoint_metadata.json,239,f42bd0e447a935e2d4b43aa83aa6f0261c12e76a3bc59c0c2a3fc427a6c810ba,.json,reference_data
reference_data/experiment_benchmark/oa_mae_revision/checkpoint_metadata/unet_s1s2/SCN_UNet_S1S2_fold_Dakar_K25_s8.checkpoint_metadata.json,239,02dab5f614b3137d48672898a6e810d86772f93ac54a260501d18a2decd5ea8e,.json,reference_data
reference_data/experiment_benchmark/oa_mae_revision/checkpoint_metadata/unet_s1s2/SCN_UNet_S1S2_fold_Dakar_K25_s9.checkpoint_metadata.json,239,e73aa75a225988c769bf7c0eab649c2975e8cc4aacea606011caa700f61581dc,.json,reference_data
reference_data/experiment_benchmark/oa_mae_revision/checkpoint_metadata/unet_s1s2/SCN_UNet_S1S2_fold_Dakar_K50_s1.checkpoint_metadata.json,238,f5593dad366123327415640421372c855f9c866f7f764b180a0785193b90edcc,.json,reference_data
reference_data/experiment_benchmark/oa_mae_revision/checkpoint_metadata/unet_s1s2/SCN_UNet_S1S2_fold_Dakar_K50_s10.checkpoint_metadata.json,240,962bef3307a08f5b627fddfbf22670739dd425db1d9c75d06c75567179220962,.json,reference_data
reference_data/experiment_benchmark/oa_mae_revision/checkpoint_metadata/unet_s1s2/SCN_UNet_S1S2_fold_Dakar_K50_s2.checkpoint_metadata.json,239,9fa00869af3ac7987f80e29db108106b1b7d935ac8009d76938b218cbb3f9631,.json,reference_data
reference_data/experiment_benchmark/oa_mae_revision/checkpoint_metadata/unet_s1s2/SCN_UNet_S1S2_fold_Dakar_K50_s3.checkpoint_metadata.json,238,4bffa5ada36fcdc0adaea4dc3c81aeca80ec002fee853b2489defcb346a5d383,.json,reference_data
reference_data/experiment_benchmark/oa_mae_revision/checkpoint_metadata/unet_s1s2/SCN_UNet_S1S2_fold_Dakar_K50_s4.checkpoint_metadata.json,239,9cf8dc91b240907a6b2400d0e5733eb57bcd32124cb9c88189648c999167a401,.json,reference_data
reference_data/experiment_benchmark/oa_mae_revision/checkpoint_metadata/unet_s1s2/SCN_UNet_S1S2_fold_Dakar_K50_s5.checkpoint_metadata.json,239,045c9f131ef439e1e37e626d6725266867a905922ebad2ba26f1851c091b1fcd,.json,reference_data
reference_data/experiment_benchmark/oa_mae_revision/checkpoint_metadata/unet_s1s2/SCN_UNet_S1S2_fold_Dakar_K50_s6.checkpoint_metadata.json,239,0f9c81975c8ca7a381bb9d9a6e63dcba81bdf3a2ca6902e3ebaa3f60f3b3ae10,.json,reference_data
reference_data/experiment_benchmark/oa_mae_revision/checkpoint_metadata/unet_s1s2/SCN_UNet_S1S2_fold_Dakar_K50_s7.checkpoint_metadata.json,239,9e3ca3d334009098f3abdfe8221a3de1a60362d75a7649fedfb9390d6f650b0f,.json,reference_data
reference_data/experiment_benchmark/oa_mae_revision/checkpoint_metadata/unet_s1s2/SCN_UNet_S1S2_fold_Dakar_K50_s8.checkpoint_metadata.json,239,e8bc00ab6351baee519cf2f41f4c221818d55b42892e4ea4d44ff79e8e183c2b,.json,reference_data
reference_data/experiment_benchmark/oa_mae_revision/checkpoint_metadata/unet_s1s2/SCN_UNet_S1S2_fold_Dakar_K50_s9.checkpoint_metadata.json,239,aa348f1c4c6323edeef0c3fd001f68b0ebdfb0445e0defcdc3016846ac6a4622,.json,reference_data
reference_data/experiment_benchmark/oa_mae_revision/checkpoint_metadata/unet_s1s2/SCN_UNet_S1S2_fold_DarEsSalaam_K10_s1.checkpoint_metadata.json,244,b80d0e1a85586b5af1834b67d05dd5943b87df5ed55fe8003fb16436a3375912,.json,reference_data
reference_data/experiment_benchmark/oa_mae_revision/checkpoint_metadata/unet_s1s2/SCN_UNet_S1S2_fold_DarEsSalaam_K10_s10.checkpoint_metadata.json,246,c83e7c849f1cb1d9b6cf97d37ab989a42bc4d5e3b11822fb5311630637cfd5f4,.json,reference_data
reference_data/experiment_benchmark/oa_mae_revision/checkpoint_metadata/unet_s1s2/SCN_UNet_S1S2_fold_DarEsSalaam_K10_s2.checkpoint_metadata.json,245,1ea6bcd4131efb9cc8cf140dac63b65d182f86b304a428468a85169042c8bfa1,.json,reference_data
reference_data/experiment_benchmark/oa_mae_revision/checkpoint_metadata/unet_s1s2/SCN_UNet_S1S2_fold_DarEsSalaam_K10_s3.checkpoint_metadata.json,245,7af267efe2841b7311386db7f7cd4d6570bbaf7c9c3019d793d47cf2ca382654,.json,reference_data
reference_data/experiment_benchmark/oa_mae_revision/checkpoint_metadata/unet_s1s2/SCN_UNet_S1S2_fold_DarEsSalaam_K10_s4.checkpoint_metadata.json,245,9095a70829f23fb705c0c9ff7c8fbd9abc16959e8ee024f394d94d9d210be21f,.json,reference_data
reference_data/experiment_benchmark/oa_mae_revision/checkpoint_metadata/unet_s1s2/SCN_UNet_S1S2_fold_DarEsSalaam_K10_s5.checkpoint_metadata.json,245,65a64cb25d225a2b14d2739586504a645116bc23a5fbf382c08998d4fd6ae532,.json,reference_data
reference_data/experiment_benchmark/oa_mae_revision/checkpoint_metadata/unet_s1s2/SCN_UNet_S1S2_fold_DarEsSalaam_K10_s6.checkpoint_metadata.json,245,84ca6a662b8f1ae1b2731bd350d93387e95ff8a758789c80e9edc3b8534d4fe6,.json,reference_data
reference_data/experiment_benchmark/oa_mae_revision/checkpoint_metadata/unet_s1s2/SCN_UNet_S1S2_fold_DarEsSalaam_K10_s7.checkpoint_metadata.json,245,3c223014cce1facc37a1f096a423562005d82da56926720279cd1ee1010c4fe7,.json,reference_data
reference_data/experiment_benchmark/oa_mae_revision/checkpoint_metadata/unet_s1s2/SCN_UNet_S1S2_fold_DarEsSalaam_K10_s8.checkpoint_metadata.json,245,b6823807876b935bea684eefc4fd0312f69af558c14a85b7c4e742dbe248cddf,.json,reference_data
reference_data/experiment_benchmark/oa_mae_revision/checkpoint_metadata/unet_s1s2/SCN_UNet_S1S2_fold_DarEsSalaam_K10_s9.checkpoint_metadata.json,244,d5ab0b79a200011b4bd4ab08aac79f28cae8644ae02eeb87f436b5fd48e0076b,.json,reference_data
reference_data/experiment_benchmark/oa_mae_revision/checkpoint_metadata/unet_s1s2/SCN_UNet_S1S2_fold_DarEsSalaam_K25_s1.checkpoint_metadata.json,245,8b7c117105ad9e32eb57cb283e29b1e7c7ed09ffc528bd0dc817427fc386acf1,.json,reference_data
reference_data/experiment_benchmark/oa_mae_revision/checkpoint_metadata/unet_s1s2/SCN_UNet_S1S2_fold_DarEsSalaam_K25_s10.checkpoint_metadata.json,246,9d8d91e741d5b34aa42cf0323e359ab3354745ae0b6f5eb618d2508494a81cdb,.json,reference_data
reference_data/experiment_benchmark/oa_mae_revision/checkpoint_metadata/unet_s1s2/SCN_UNet_S1S2_fold_DarEsSalaam_K25_s2.checkpoint_metadata.json,244,d3e89f94efa0b19bc25197b8bd11261d8372d3067df481c211815f0cab8ed264,.json,reference_data
reference_data/experiment_benchmark/oa_mae_revision/checkpoint_metadata/unet_s1s2/SCN_UNet_S1S2_fold_DarEsSalaam_K25_s3.checkpoint_metadata.json,245,918e2f9a3a113f9ea7e48f7fdc9278624a7f10d4201cbc9feb19a909848da43e,.json,reference_data
reference_data/experiment_benchmark/oa_mae_revision/checkpoint_metadata/unet_s1s2/SCN_UNet_S1S2_fold_DarEsSalaam_K25_s4.checkpoint_metadata.json,245,66b0adce9c1e344ff0860f9bf2a98466385b16c6b8030f9d4a059d67f6af18ee,.json,reference_data
reference_data/experiment_benchmark/oa_mae_revision/checkpoint_metadata/unet_s1s2/SCN_UNet_S1S2_fold_DarEsSalaam_K25_s5.checkpoint_metadata.json,245,7e07915d5c89d0920e8c2fe22a2e6c3f286b4520a1dec8ef12c8cc13bc5e7713,.json,reference_data
reference_data/experiment_benchmark/oa_mae_revision/checkpoint_metadata/unet_s1s2/SCN_UNet_S1S2_fold_DarEsSalaam_K25_s6.checkpoint_metadata.json,245,059dfd8dc95e81239b3989789fe1d5dc9a4744cc1cbee0b71c4ff96eb055f89f,.json,reference_data
reference_data/experiment_benchmark/oa_mae_revision/checkpoint_metadata/unet_s1s2/SCN_UNet_S1S2_fold_DarEsSalaam_K25_s7.checkpoint_metadata.json,245,32ea627db8be52d31202b364254c2ad308125321df9f97e4f186963e2447a43a,.json,reference_data
reference_data/experiment_benchmark/oa_mae_revision/checkpoint_metadata/unet_s1s2/SCN_UNet_S1S2_fold_DarEsSalaam_K25_s8.checkpoint_metadata.json,245,6b37b68ee18a5f5f262d7b7f49d1d6aaa9fa2df1501a80ecc57ae477337ff4c5,.json,reference_data
reference_data/experiment_benchmark/oa_mae_revision/checkpoint_metadata/unet_s1s2/SCN_UNet_S1S2_fold_DarEsSalaam_K25_s9.checkpoint_metadata.json,245,e438a4cd6414884f074ef1c401e937c420456330d625055fb3f8068a5a40d849,.json,reference_data
reference_data/experiment_benchmark/oa_mae_revision/checkpoint_metadata/unet_s1s2/SCN_UNet_S1S2_fold_DarEsSalaam_K50_s1.checkpoint_metadata.json,245,90b87a4661861ab2ccff493161025d260835f34e7ef7b5a42e16a0c90b5b9f5a,.json,reference_data
reference_data/experiment_benchmark/oa_mae_revision/checkpoint_metadata/unet_s1s2/SCN_UNet_S1S2_fold_DarEsSalaam_K50_s10.checkpoint_metadata.json,246,7d166289ef769090cf2331b02e71ee4d9980d02431c5a890f09644c7575894f3,.json,reference_data
reference_data/experiment_benchmark/oa_mae_revision/checkpoint_metadata/unet_s1s2/SCN_UNet_S1S2_fold_DarEsSalaam_K50_s2.checkpoint_metadata.json,245,90acfd168fe9abc2bb5e6140381b5c7a58e789ed8c6c1e07b5e828106cb0522b,.json,reference_data
reference_data/experiment_benchmark/oa_mae_revision/checkpoint_metadata/unet_s1s2/SCN_UNet_S1S2_fold_DarEsSalaam_K50_s3.checkpoint_metadata.json,245,c615a3275126b637fb54a682018baebfda979723afc3a221aeb1eabb71f768ab,.json,reference_data
reference_data/experiment_benchmark/oa_mae_revision/checkpoint_metadata/unet_s1s2/SCN_UNet_S1S2_fold_DarEsSalaam_K50_s4.checkpoint_metadata.json,245,3fae452c437d558169b4e2463ea851508b9441417ca69e5d133475634ad0e851,.json,reference_data
reference_data/experiment_benchmark/oa_mae_revision/checkpoint_metadata/unet_s1s2/SCN_UNet_S1S2_fold_DarEsSalaam_K50_s5.checkpoint_metadata.json,245,aaee3eb7a969320a0a5a851d501fddf7e6cbff5362729e0598762c1a59d05b77,.json,reference_data
reference_data/experiment_benchmark/oa_mae_revision/checkpoint_metadata/unet_s1s2/SCN_UNet_S1S2_fold_DarEsSalaam_K50_s6.checkpoint_metadata.json,245,26cfd04c1179d3181d1ab9ab5e09a04e92388ab5d9f907a63f81da409fee5839,.json,reference_data
reference_data/experiment_benchmark/oa_mae_revision/checkpoint_metadata/unet_s1s2/SCN_UNet_S1S2_fold_DarEsSalaam_K50_s7.checkpoint_metadata.json,245,b702398ad8a99790f5267224c5b41f3865d2c75bee7bbf4e928f18195523a0bb,.json,reference_data
reference_data/experiment_benchmark/oa_mae_revision/checkpoint_metadata/unet_s1s2/SCN_UNet_S1S2_fold_DarEsSalaam_K50_s8.checkpoint_metadata.json,245,af15cb67e17ed1346c1f3076dba7c595a97ebe0fb123a2a28077395a6caeda9d,.json,reference_data
reference_data/experiment_benchmark/oa_mae_revision/checkpoint_metadata/unet_s1s2/SCN_UNet_S1S2_fold_DarEsSalaam_K50_s9.checkpoint_metadata.json,245,cf03e512bb7179f2f407adb3df930ccfeb20d7e595b423f1897dfe28839976b5,.json,reference_data
reference_data/experiment_benchmark/oa_mae_revision/checkpoint_metadata/unet_s1s2/SCN_UNet_S1S2_fold_Douala_K10_s1.checkpoint_metadata.json,240,84ad2045e78f2657f8e83f03c263ea7ca8b2102de0da0e760293f92789c5210c,.json,reference_data
reference_data/experiment_benchmark/oa_mae_revision/checkpoint_metadata/unet_s1s2/SCN_UNet_S1S2_fold_Douala_K10_s10.checkpoint_metadata.json,241,cf6ded8b4ed260753e3a97cb6a6eb4290937247147c06d298777b4cf19142d53,.json,reference_data
reference_data/experiment_benchmark/oa_mae_revision/checkpoint_metadata/unet_s1s2/SCN_UNet_S1S2_fold_Douala_K10_s2.checkpoint_metadata.json,240,b38ff22440b464142f800179381c0715a52f4283e0a45ec77f616756b0e03ad5,.json,reference_data
reference_data/experiment_benchmark/oa_mae_revision/checkpoint_metadata/unet_s1s2/SCN_UNet_S1S2_fold_Douala_K10_s3.checkpoint_metadata.json,240,2e7d217aebe225f9e8a00163fbebc9be5e671e98e266f8be99376c1c847ca345,.json,reference_data
reference_data/experiment_benchmark/oa_mae_revision/checkpoint_metadata/unet_s1s2/SCN_UNet_S1S2_fold_Douala_K10_s4.checkpoint_metadata.json,240,b48daeaa718b773e69f0554d8c78adbe99cf1d1fb2828b5a2bca0daa13275817,.json,reference_data
reference_data/experiment_benchmark/oa_mae_revision/checkpoint_metadata/unet_s1s2/SCN_UNet_S1S2_fold_Douala_K10_s5.checkpoint_metadata.json,240,44b887b1c42a79fb5bc4dbcffd2b6e79d6de02d1935cedf1246117d5fa0d105f,.json,reference_data
reference_data/experiment_benchmark/oa_mae_revision/checkpoint_metadata/unet_s1s2/SCN_UNet_S1S2_fold_Douala_K10_s6.checkpoint_metadata.json,240,4eb25d9bf4bdad962c05dedfe3c86ac07d03070b817cebfbcf85884c77b3f6d1,.json,reference_data
reference_data/experiment_benchmark/oa_mae_revision/checkpoint_metadata/unet_s1s2/SCN_UNet_S1S2_fold_Douala_K10_s7.checkpoint_metadata.json,240,ccc96470a84915a201b28bc088461cb2e1aa4a6ac8fe11e463e9a980938d1bd0,.json,reference_data
reference_data/experiment_benchmark/oa_mae_revision/checkpoint_metadata/unet_s1s2/SCN_UNet_S1S2_fold_Douala_K10_s8.checkpoint_metadata.json,240,58e4e898318ddac2cba8f7a5a003fdcf829f76851eaff06ca0cb9c9b92e0d107,.json,reference_data
reference_data/experiment_benchmark/oa_mae_revision/checkpoint_metadata/unet_s1s2/SCN_UNet_S1S2_fold_Douala_K10_s9.checkpoint_metadata.json,240,29f330dfbc5d5d391b61898da69e6f0827f0fecb1848c41a749ae3e02ece6adc,.json,reference_data
reference_data/experiment_benchmark/oa_mae_revision/checkpoint_metadata/unet_s1s2/SCN_UNet_S1S2_fold_Douala_K25_s1.checkpoint_metadata.json,240,7b123702e60603bd2a62cf1ca1c9b5532b62f8c6aaeba4cfe3ddb07f616ea1c1,.json,reference_data
reference_data/experiment_benchmark/oa_mae_revision/checkpoint_metadata/unet_s1s2/SCN_UNet_S1S2_fold_Douala_K25_s10.checkpoint_metadata.json,241,3bdd05ca10cbfb7f7aff3a8071f2d6cecea6fd880e73d1a4c8e5248ac0526617,.json,reference_data
reference_data/experiment_benchmark/oa_mae_revision/checkpoint_metadata/unet_s1s2/SCN_UNet_S1S2_fold_Douala_K25_s2.checkpoint_metadata.json,240,67f118c3edbd8c1f7e57fbd23a786f956ee9e254a6580c2f69cb51d9c36696b2,.json,reference_data
reference_data/experiment_benchmark/oa_mae_revision/checkpoint_metadata/unet_s1s2/SCN_UNet_S1S2_fold_Douala_K25_s3.checkpoint_metadata.json,240,f71d01f5327e006a5aca06b48402fa08bc44350c70a9469447fab76a1286ba31,.json,reference_data
reference_data/experiment_benchmark/oa_mae_revision/checkpoint_metadata/unet_s1s2/SCN_UNet_S1S2_fold_Douala_K25_s4.checkpoint_metadata.json,240,81d6a9da3618eb0462d91c3e3c1f6363bac909993fd6177b9f840d84954e22ed,.json,reference_data
reference_data/experiment_benchmark/oa_mae_revision/checkpoint_metadata/unet_s1s2/SCN_UNet_S1S2_fold_Douala_K25_s5.checkpoint_metadata.json,240,df782c295f8d6e4bd1b47fa1b38f4160ea8a79220e47b4e318337d635b2581bf,.json,reference_data
reference_data/experiment_benchmark/oa_mae_revision/checkpoint_metadata/unet_s1s2/SCN_UNet_S1S2_fold_Douala_K25_s6.checkpoint_metadata.json,240,f7f239e6c1b65ead5ccff70692db89de700dd5f5e64ece3ff2b8b7890b12950a,.json,reference_data
reference_data/experiment_benchmark/oa_mae_revision/checkpoint_metadata/unet_s1s2/SCN_UNet_S1S2_fold_Douala_K25_s7.checkpoint_metadata.json,240,bf6cea2107a9f0027f396fc1af1b73a370016348800ab6a5cf5b1148b2ac901e,.json,reference_data
reference_data/experiment_benchmark/oa_mae_revision/checkpoint_metadata/unet_s1s2/SCN_UNet_S1S2_fold_Douala_K25_s8.checkpoint_metadata.json,240,075e93bc834b6aee241b046b6939bb6a27a06cf3051576f3a95760d51864ae1f,.json,reference_data
reference_data/experiment_benchmark/oa_mae_revision/checkpoint_metadata/unet_s1s2/SCN_UNet_S1S2_fold_Douala_K25_s9.checkpoint_metadata.json,240,a4420750e4ca44ee3845f4dc10a87d4635a983b5d8b1278c04ae907267dc2cfc,.json,reference_data
reference_data/experiment_benchmark/oa_mae_revision/checkpoint_metadata/unet_s1s2/SCN_UNet_S1S2_fold_Douala_K50_s1.checkpoint_metadata.json,240,1fe0d8237915efe9ee6b84b5c369bf283e266848076da6ae5107f707c01e47e3,.json,reference_data
reference_data/experiment_benchmark/oa_mae_revision/checkpoint_metadata/unet_s1s2/SCN_UNet_S1S2_fold_Douala_K50_s10.checkpoint_metadata.json,241,d85336290b85065c060f169bd02da01844d22006fb7559f5352eb55f7aa59579,.json,reference_data
reference_data/experiment_benchmark/oa_mae_revision/checkpoint_metadata/unet_s1s2/SCN_UNet_S1S2_fold_Douala_K50_s2.checkpoint_metadata.json,240,1591fce8f2c5966afe9517081b15eb29ec3c6354faad66f17f88876113ab4624,.json,reference_data
reference_data/experiment_benchmark/oa_mae_revision/checkpoint_metadata/unet_s1s2/SCN_UNet_S1S2_fold_Douala_K50_s3.checkpoint_metadata.json,240,29d97a9bb60b0dadd59e73df258719309f22573dcaddcf5b5d5f2a7085541c52,.json,reference_data
reference_data/experiment_benchmark/oa_mae_revision/checkpoint_metadata/unet_s1s2/SCN_UNet_S1S2_fold_Douala_K50_s4.checkpoint_metadata.json,240,fba64c2a5cf901cb7ab8f6987474c469b907d0af2769bdddb6e1ab03f4533d5e,.json,reference_data
reference_data/experiment_benchmark/oa_mae_revision/checkpoint_metadata/unet_s1s2/SCN_UNet_S1S2_fold_Douala_K50_s5.checkpoint_metadata.json,240,8a8f7e167e252c5d34b2b346e3f9fc7c3efa79c7ffaa21c133903c539ed938eb,.json,reference_data
reference_data/experiment_benchmark/oa_mae_revision/checkpoint_metadata/unet_s1s2/SCN_UNet_S1S2_fold_Douala_K50_s6.checkpoint_metadata.json,240,ff28a5a170aa3ff679221dd5ae156d30190a9be3054a9c61a8786f1a4b33a519,.json,reference_data
reference_data/experiment_benchmark/oa_mae_revision/checkpoint_metadata/unet_s1s2/SCN_UNet_S1S2_fold_Douala_K50_s7.checkpoint_metadata.json,240,b4cd92bb3e2d05152f6b67518c254f3a244f5dfdd554e2cde51b35c6b4fb8b3a,.json,reference_data
reference_data/experiment_benchmark/oa_mae_revision/checkpoint_metadata/unet_s1s2/SCN_UNet_S1S2_fold_Douala_K50_s8.checkpoint_metadata.json,240,cc79721f821773124590425e5288c9a6da3de1c639755491cfe51c2d2a156cef,.json,reference_data
reference_data/experiment_benchmark/oa_mae_revision/checkpoint_metadata/unet_s1s2/SCN_UNet_S1S2_fold_Douala_K50_s9.checkpoint_metadata.json,239,7ce122c48dff0090e64ccd32f4f3b8f2330650ae0efa39c2e34041ab7da2fed4,.json,reference_data
reference_data/experiment_benchmark/oa_mae_revision/checkpoint_metadata/unet_s1s2/SCN_UNet_S1S2_fold_Garoua_K10_s1.checkpoint_metadata.json,239,75e0b468fc45faf134e3b23d09fc7039851899b97339709a93f1c93dedb2aa2f,.json,reference_data
reference_data/experiment_benchmark/oa_mae_revision/checkpoint_metadata/unet_s1s2/SCN_UNet_S1S2_fold_Garoua_K10_s10.checkpoint_metadata.json,241,bc57349192f59e0cd9b028ff45b3611b7ad90de01927ab94311481673052ad2d,.json,reference_data
reference_data/experiment_benchmark/oa_mae_revision/checkpoint_metadata/unet_s1s2/SCN_UNet_S1S2_fold_Garoua_K10_s2.checkpoint_metadata.json,240,c9ec245d5c92a9193859a6bac01ef1a5091e0179d0d13d43bec14cdf0851d167,.json,reference_data
reference_data/experiment_benchmark/oa_mae_revision/checkpoint_metadata/unet_s1s2/SCN_UNet_S1S2_fold_Garoua_K10_s3.checkpoint_metadata.json,240,12b499b0ae5968ced665c12072137e501fd1a81fd8c9805f33a7c37a541ae06c,.json,reference_data
reference_data/experiment_benchmark/oa_mae_revision/checkpoint_metadata/unet_s1s2/SCN_UNet_S1S2_fold_Garoua_K10_s4.checkpoint_metadata.json,240,c77a8be3df02efb5c07504c4bcbd7518eba79bcb98e124a38d639bfe5678a62b,.json,reference_data
reference_data/experiment_benchmark/oa_mae_revision/checkpoint_metadata/unet_s1s2/SCN_UNet_S1S2_fold_Garoua_K10_s5.checkpoint_metadata.json,240,c6c5addb1d60e87e28b09156ef52bfc25060bf8b89799482935b76157e2c772e,.json,reference_data
reference_data/experiment_benchmark/oa_mae_revision/checkpoint_metadata/unet_s1s2/SCN_UNet_S1S2_fold_Garoua_K10_s6.checkpoint_metadata.json,240,c7a56dd9618e8a678454201a9cb891d9b491fc36d996bdaa883f14291041f80e,.json,reference_data
reference_data/experiment_benchmark/oa_mae_revision/checkpoint_metadata/unet_s1s2/SCN_UNet_S1S2_fold_Garoua_K10_s7.checkpoint_metadata.json,240,da387a8bc5d8e4205584c0e1d5804741b2412bcc55dc21d611cc28fe7c1584f8,.json,reference_data
reference_data/experiment_benchmark/oa_mae_revision/checkpoint_metadata/unet_s1s2/SCN_UNet_S1S2_fold_Garoua_K10_s8.checkpoint_metadata.json,240,a41971cc77c1c46a40a0b7d9cece14f46318d8a731bf5dd49763059bc83cd3a5,.json,reference_data
reference_data/experiment_benchmark/oa_mae_revision/checkpoint_metadata/unet_s1s2/SCN_UNet_S1S2_fold_Garoua_K10_s9.checkpoint_metadata.json,240,d48a71097774a3023970797b1478ef18ab6e18d3442f1bbca31b19b9dacfd986,.json,reference_data
reference_data/experiment_benchmark/oa_mae_revision/checkpoint_metadata/unet_s1s2/SCN_UNet_S1S2_fold_Garoua_K25_s1.checkpoint_metadata.json,240,e0f8c5dbc2f33d9669ba74dfb9c45125354f28523641824142499b0552c775fb,.json,reference_data
reference_data/experiment_benchmark/oa_mae_revision/checkpoint_metadata/unet_s1s2/SCN_UNet_S1S2_fold_Garoua_K25_s10.checkpoint_metadata.json,241,c4a05ceebe0c99d82007d395c98af402ac5ed6fcea7b55909fe73798a4b27c78,.json,reference_data
reference_data/experiment_benchmark/oa_mae_revision/checkpoint_metadata/unet_s1s2/SCN_UNet_S1S2_fold_Garoua_K25_s2.checkpoint_metadata.json,240,8aa6da8d58a0ee7b5de351ea20d5a175e0f7460850c0f228e5f31ecafa5165ba,.json,reference_data
reference_data/experiment_benchmark/oa_mae_revision/checkpoint_metadata/unet_s1s2/SCN_UNet_S1S2_fold_Garoua_K25_s3.checkpoint_metadata.json,240,03a56ba1586c6431b169870db64fbf38c06537f3b687e0dc943ecf9b7a45a071,.json,reference_data
reference_data/experiment_benchmark/oa_mae_revision/checkpoint_metadata/unet_s1s2/SCN_UNet_S1S2_fold_Garoua_K25_s4.checkpoint_metadata.json,240,3fa5ccb1570fc78de7121f091b2c0f427829c3b887e91ec392ec7f1d33e5e07d,.json,reference_data
reference_data/experiment_benchmark/oa_mae_revision/checkpoint_metadata/unet_s1s2/SCN_UNet_S1S2_fold_Garoua_K25_s5.checkpoint_metadata.json,239,aa4a1f360d26d42aef29e24c144d1a4f17ff021d9c7772606a9ad8cae5053b43,.json,reference_data
reference_data/experiment_benchmark/oa_mae_revision/checkpoint_metadata/unet_s1s2/SCN_UNet_S1S2_fold_Garoua_K25_s6.checkpoint_metadata.json,240,e6cda750ef2120f09118393c43d1fef6c9c09eeb42185141b80ded030e25cf59,.json,reference_data
reference_data/experiment_benchmark/oa_mae_revision/checkpoint_metadata/unet_s1s2/SCN_UNet_S1S2_fold_Garoua_K25_s7.checkpoint_metadata.json,240,6fb8334069d3bfaba5c291405a8c9227d5f420464da4c590ebc47b56b4a5fab5,.json,reference_data
reference_data/experiment_benchmark/oa_mae_revision/checkpoint_metadata/unet_s1s2/SCN_UNet_S1S2_fold_Garoua_K25_s8.checkpoint_metadata.json,239,fa3f604ee5ec6cea756217b9cdb73bfe83196c279fa0bc32be4fd586eaf9c8b3,.json,reference_data
reference_data/experiment_benchmark/oa_mae_revision/checkpoint_metadata/unet_s1s2/SCN_UNet_S1S2_fold_Garoua_K25_s9.checkpoint_metadata.json,240,84cc7902e983ec841ffc3f1628f0001e1ce2ff4ff0b8e18619f4477a204dad7b,.json,reference_data
reference_data/experiment_benchmark/oa_mae_revision/checkpoint_metadata/unet_s1s2/SCN_UNet_S1S2_fold_Garoua_K50_s1.checkpoint_metadata.json,240,50df3b3e60c1db60c0fdfb0f9293f9c44611eb265fe64037354864cb7f99e940,.json,reference_data
reference_data/experiment_benchmark/oa_mae_revision/checkpoint_metadata/unet_s1s2/SCN_UNet_S1S2_fold_Garoua_K50_s10.checkpoint_metadata.json,241,3d033538fb29883d49bcd7601453075f1b6e7db8ad0f1a2b2666ad8e32dbb9e2,.json,reference_data
reference_data/experiment_benchmark/oa_mae_revision/checkpoint_metadata/unet_s1s2/SCN_UNet_S1S2_fold_Garoua_K50_s2.checkpoint_metadata.json,240,822a9afd5fbca14abde5d1f528d95f6d0230d75202adc364bb35d894668ae747,.json,reference_data
reference_data/experiment_benchmark/oa_mae_revision/checkpoint_metadata/unet_s1s2/SCN_UNet_S1S2_fold_Garoua_K50_s3.checkpoint_metadata.json,240,e41dd18e4baaa858212d77b9ac30e989009d6969696915d39443ad9abaf8a67a,.json,reference_data
reference_data/experiment_benchmark/oa_mae_revision/checkpoint_metadata/unet_s1s2/SCN_UNet_S1S2_fold_Garoua_K50_s4.checkpoint_metadata.json,240,e211332c1a68ae251bbf59700f6f6c83d3087203f93773608b2b8c13f6dc334e,.json,reference_data
reference_data/experiment_benchmark/oa_mae_revision/checkpoint_metadata/unet_s1s2/SCN_UNet_S1S2_fold_Garoua_K50_s5.checkpoint_metadata.json,240,b6d497fd6aa54681d83de4d0b95047590ccc63f7cfa4c764ba7aa3be211a1e5d,.json,reference_data
reference_data/experiment_benchmark/oa_mae_revision/checkpoint_metadata/unet_s1s2/SCN_UNet_S1S2_fold_Garoua_K50_s6.checkpoint_metadata.json,240,064cbe08bfe31f000e81910932b41cd2f704bab2cde47ebc16177a14ccc0f288,.json,reference_data
reference_data/experiment_benchmark/oa_mae_revision/checkpoint_metadata/unet_s1s2/SCN_UNet_S1S2_fold_Garoua_K50_s7.checkpoint_metadata.json,240,b19ce12c98c7449c7c47398eff78505a6eeff0f3ed0084385fc67de917b172ad,.json,reference_data
reference_data/experiment_benchmark/oa_mae_revision/checkpoint_metadata/unet_s1s2/SCN_UNet_S1S2_fold_Garoua_K50_s8.checkpoint_metadata.json,240,d9e7adf14dd0dbd1ef3e3bb54101813eb1b1891d120d74cb4f64004e5058070c,.json,reference_data
reference_data/experiment_benchmark/oa_mae_revision/checkpoint_metadata/unet_s1s2/SCN_UNet_S1S2_fold_Garoua_K50_s9.checkpoint_metadata.json,240,12d36219cd248e59957a515d23ea607b5152067affae9f1446ecce295a575d2a,.json,reference_data
reference_data/experiment_benchmark/oa_mae_revision/checkpoint_metadata/unet_s1s2/SCN_UNet_S1S2_fold_Kigali_K10_s1.checkpoint_metadata.json,240,4df450758988717ac527d39ea117061351cea09f9d9e78c8c57491eb4f6a1b56,.json,reference_data
reference_data/experiment_benchmark/oa_mae_revision/checkpoint_metadata/unet_s1s2/SCN_UNet_S1S2_fold_Kigali_K10_s10.checkpoint_metadata.json,241,1ec961ba5bf54804826d6d0fb48574e6edffd676a542d937786f917e2afd27a2,.json,reference_data
reference_data/experiment_benchmark/oa_mae_revision/checkpoint_metadata/unet_s1s2/SCN_UNet_S1S2_fold_Kigali_K10_s2.checkpoint_metadata.json,239,93a8ce09eecd2d8674b861b994598ab7438c090fedb3d5e63ef4dc5a0f3c2efa,.json,reference_data
reference_data/experiment_benchmark/oa_mae_revision/checkpoint_metadata/unet_s1s2/SCN_UNet_S1S2_fold_Kigali_K10_s3.checkpoint_metadata.json,239,0e44da92459daa7880fe03fb3a7c716b8c0a734b3808bfa51bf919d10ceb55ec,.json,reference_data
reference_data/experiment_benchmark/oa_mae_revision/checkpoint_metadata/unet_s1s2/SCN_UNet_S1S2_fold_Kigali_K10_s4.checkpoint_metadata.json,240,d290435e05325ee6ca6abd03043ea800eb16a3400ad1877c382b49324d1b8f99,.json,reference_data
reference_data/experiment_benchmark/oa_mae_revision/checkpoint_metadata/unet_s1s2/SCN_UNet_S1S2_fold_Kigali_K10_s5.checkpoint_metadata.json,240,fc028af138dc33811bd74e33b28cd517af2e1b0562506934529b29107c46d1f5,.json,reference_data
reference_data/experiment_benchmark/oa_mae_revision/checkpoint_metadata/unet_s1s2/SCN_UNet_S1S2_fold_Kigali_K10_s6.checkpoint_metadata.json,240,34f272d02d340e8a2b45dc877d825b0dccf17afdb486fc5c8d8a4870da8b4d4e,.json,reference_data
reference_data/experiment_benchmark/oa_mae_revision/checkpoint_metadata/unet_s1s2/SCN_UNet_S1S2_fold_Kigali_K10_s7.checkpoint_metadata.json,240,e702908e8bea8ca37861dd73f95d14a4174ca60939adf8b81e4c0ec08cb98df3,.json,reference_data
reference_data/experiment_benchmark/oa_mae_revision/checkpoint_metadata/unet_s1s2/SCN_UNet_S1S2_fold_Kigali_K10_s8.checkpoint_metadata.json,240,3a401a11cce5b793bc729d358b6b52bad12255f55aa91e67329ce1d4d3f923ad,.json,reference_data
reference_data/experiment_benchmark/oa_mae_revision/checkpoint_metadata/unet_s1s2/SCN_UNet_S1S2_fold_Kigali_K10_s9.checkpoint_metadata.json,239,62da3941e16264610dd3043a5d9f2599384f6e2f55607e4e965164b6e0fc2e3a,.json,reference_data
reference_data/experiment_benchmark/oa_mae_revision/checkpoint_metadata/unet_s1s2/SCN_UNet_S1S2_fold_Kigali_K25_s1.checkpoint_metadata.json,240,57b6099ad032a81e383a11786199c553aa83c9340fe003a4beff6fd1a60c449c,.json,reference_data
reference_data/experiment_benchmark/oa_mae_revision/checkpoint_metadata/unet_s1s2/SCN_UNet_S1S2_fold_Kigali_K25_s10.checkpoint_metadata.json,241,3d4278bd52ad9b0b5e231d1a82ce93468e2e04075fa547f9740bc31dc3448cde,.json,reference_data
reference_data/experiment_benchmark/oa_mae_revision/checkpoint_metadata/unet_s1s2/SCN_UNet_S1S2_fold_Kigali_K25_s2.checkpoint_metadata.json,239,a2accc1199a10be344bcd6d32c8c1600e82ad048bb43db4dd4f8727198aba06e,.json,reference_data
reference_data/experiment_benchmark/oa_mae_revision/checkpoint_metadata/unet_s1s2/SCN_UNet_S1S2_fold_Kigali_K25_s3.checkpoint_metadata.json,240,64ad01ff4c82180298dec6eae4ff4b43a942a57a93f548d700c5aeeff74f54b8,.json,reference_data
reference_data/experiment_benchmark/oa_mae_revision/checkpoint_metadata/unet_s1s2/SCN_UNet_S1S2_fold_Kigali_K25_s4.checkpoint_metadata.json,239,36ee508d87f4d90368cc6b5a0cabd5eef5f6560e3f34648a4240918193ddd772,.json,reference_data
reference_data/experiment_benchmark/oa_mae_revision/checkpoint_metadata/unet_s1s2/SCN_UNet_S1S2_fold_Kigali_K25_s5.checkpoint_metadata.json,240,434613b95be0526723192de086e7765636c358ca4929a50ed287b4fffc6a37a7,.json,reference_data
reference_data/experiment_benchmark/oa_mae_revision/checkpoint_metadata/unet_s1s2/SCN_UNet_S1S2_fold_Kigali_K25_s6.checkpoint_metadata.json,240,89b6df4c102973f7a35776abf3ec280792156b5e341273d91a211435cc945a2e,.json,reference_data
reference_data/experiment_benchmark/oa_mae_revision/checkpoint_metadata/unet_s1s2/SCN_UNet_S1S2_fold_Kigali_K25_s7.checkpoint_metadata.json,240,599a7b9a7c2563508f8ba8e809ddb31a03b7c7abcb46af110742971364fbf804,.json,reference_data
reference_data/experiment_benchmark/oa_mae_revision/checkpoint_metadata/unet_s1s2/SCN_UNet_S1S2_fold_Kigali_K25_s8.checkpoint_metadata.json,240,8a5161bc854b1255faa793db3db733e609f0c8843384e3be4f64a24e0e086d1d,.json,reference_data
reference_data/experiment_benchmark/oa_mae_revision/checkpoint_metadata/unet_s1s2/SCN_UNet_S1S2_fold_Kigali_K25_s9.checkpoint_metadata.json,240,5a468328641f3be0b0b2dadbc2bbf538d9406608a785a5675c1128d29af0bd57,.json,reference_data
reference_data/experiment_benchmark/oa_mae_revision/checkpoint_metadata/unet_s1s2/SCN_UNet_S1S2_fold_Kigali_K50_s1.checkpoint_metadata.json,240,5a80ed0320397119fc9c2ac4e9392c72ac5b846e2aa210f599456bd95770bca9,.json,reference_data
reference_data/experiment_benchmark/oa_mae_revision/checkpoint_metadata/unet_s1s2/SCN_UNet_S1S2_fold_Kigali_K50_s10.checkpoint_metadata.json,241,3e0ff3a0727c9631a7ac8ed71317cea70166762519ecea04fea02c1f3f2ea235,.json,reference_data
reference_data/experiment_benchmark/oa_mae_revision/checkpoint_metadata/unet_s1s2/SCN_UNet_S1S2_fold_Kigali_K50_s2.checkpoint_metadata.json,240,b9008d5c3d7f563391cff1265329f5a797a2eeefe383c06a87249d1b77464153,.json,reference_data
reference_data/experiment_benchmark/oa_mae_revision/checkpoint_metadata/unet_s1s2/SCN_UNet_S1S2_fold_Kigali_K50_s3.checkpoint_metadata.json,240,698bb449df13f9ee1ecce82277018d242c4b539ca1c8f9f537191ea26fd4f8ee,.json,reference_data
reference_data/experiment_benchmark/oa_mae_revision/checkpoint_metadata/unet_s1s2/SCN_UNet_S1S2_fold_Kigali_K50_s4.checkpoint_metadata.json,240,864fe7ce8d6809525f2d18278a36e475a46fe125a48cdb55ef47c605db3a1fa5,.json,reference_data
reference_data/experiment_benchmark/oa_mae_revision/checkpoint_metadata/unet_s1s2/SCN_UNet_S1S2_fold_Kigali_K50_s5.checkpoint_metadata.json,240,5ab4f8dac2aa1021f9234dd922a443ae17d7a555cff59bfa0f4563ab3e5dc5e1,.json,reference_data
reference_data/experiment_benchmark/oa_mae_revision/checkpoint_metadata/unet_s1s2/SCN_UNet_S1S2_fold_Kigali_K50_s6.checkpoint_metadata.json,240,82f4c730756074e9df35958eb5c1739bf966ef8ad7c885eb8f5d1f82753caccd,.json,reference_data
reference_data/experiment_benchmark/oa_mae_revision/checkpoint_metadata/unet_s1s2/SCN_UNet_S1S2_fold_Kigali_K50_s7.checkpoint_metadata.json,240,c53c26143158467ea7e656debdca8b6e44265984fce710a0a678c040907bd74e,.json,reference_data
reference_data/experiment_benchmark/oa_mae_revision/checkpoint_metadata/unet_s1s2/SCN_UNet_S1S2_fold_Kigali_K50_s8.checkpoint_metadata.json,240,043daabc41c746fc9cd5ce5c3d0d2d171bd4421a6d091357fc874f7b0181a1f0,.json,reference_data
reference_data/experiment_benchmark/oa_mae_revision/checkpoint_metadata/unet_s1s2/SCN_UNet_S1S2_fold_Kigali_K50_s9.checkpoint_metadata.json,240,9d52d904857e788d796a9300b62d276a6b2d8004f605a979c3f23e55d8f50e1a,.json,reference_data
reference_data/experiment_benchmark/oa_mae_revision/checkpoint_metadata/unet_s1s2/SCN_UNet_S1S2_fold_Yaounde_K10_s1.checkpoint_metadata.json,240,a77da7c8645f8d866ae5d9a6eea0aba19b4a04e1d2966bdf4837c3706ec085cd,.json,reference_data
reference_data/experiment_benchmark/oa_mae_revision/checkpoint_metadata/unet_s1s2/SCN_UNet_S1S2_fold_Yaounde_K10_s10.checkpoint_metadata.json,242,4ef35a4ff92b13c767670abbbce5f3ab6d7ca18ea63081954630964b12b2eccd,.json,reference_data
reference_data/experiment_benchmark/oa_mae_revision/checkpoint_metadata/unet_s1s2/SCN_UNet_S1S2_fold_Yaounde_K10_s2.checkpoint_metadata.json,241,d62ecb121cecf696ab53575d4855b50d5d72941676c7b6bda5880a8d3752df4e,.json,reference_data
reference_data/experiment_benchmark/oa_mae_revision/checkpoint_metadata/unet_s1s2/SCN_UNet_S1S2_fold_Yaounde_K10_s3.checkpoint_metadata.json,241,e3d2c728001b469eec876844e9288485cd14c16084e81cb0a1402f76c06475a4,.json,reference_data
reference_data/experiment_benchmark/oa_mae_revision/checkpoint_metadata/unet_s1s2/SCN_UNet_S1S2_fold_Yaounde_K10_s4.checkpoint_metadata.json,240,6add969a7fe6253b18e2af17748c676c48c23e3bdcd78afac53d429f9ba5f048,.json,reference_data
reference_data/experiment_benchmark/oa_mae_revision/checkpoint_metadata/unet_s1s2/SCN_UNet_S1S2_fold_Yaounde_K10_s5.checkpoint_metadata.json,241,236ed6864fc1c65655652bc439840e0bf80e45d4739cd97a2ddc552c7913ba81,.json,reference_data
reference_data/experiment_benchmark/oa_mae_revision/checkpoint_metadata/unet_s1s2/SCN_UNet_S1S2_fold_Yaounde_K10_s6.checkpoint_metadata.json,240,49906cf20edce9f876d88f22e83a1190454ce289c4b02098b027690a9a3aad98,.json,reference_data
reference_data/experiment_benchmark/oa_mae_revision/checkpoint_metadata/unet_s1s2/SCN_UNet_S1S2_fold_Yaounde_K10_s7.checkpoint_metadata.json,241,cf99abbe4e89d6ea0bc9be46a0aff433c37ad3fe9d996c385c8c9ae4085a79e6,.json,reference_data
reference_data/experiment_benchmark/oa_mae_revision/checkpoint_metadata/unet_s1s2/SCN_UNet_S1S2_fold_Yaounde_K10_s8.checkpoint_metadata.json,241,fbb4969f70977303f8f615cfe7a1b0346717eadd0a404f1d7856ddbcc7ed30d8,.json,reference_data
reference_data/experiment_benchmark/oa_mae_revision/checkpoint_metadata/unet_s1s2/SCN_UNet_S1S2_fold_Yaounde_K10_s9.checkpoint_metadata.json,241,eea14349f0bed102fbd9343bea84eb8e71efd8f1a99252e5fe4b5f270d643e22,.json,reference_data
reference_data/experiment_benchmark/oa_mae_revision/checkpoint_metadata/unet_s1s2/SCN_UNet_S1S2_fold_Yaounde_K25_s1.checkpoint_metadata.json,241,e76af461c4e872a395d0f5867a66ad41ebc7820a10cf628f2df17592a26a1e4d,.json,reference_data
reference_data/experiment_benchmark/oa_mae_revision/checkpoint_metadata/unet_s1s2/SCN_UNet_S1S2_fold_Yaounde_K25_s10.checkpoint_metadata.json,241,d2f5594fb096f4570cb219e16e0e4336f8163cd241b927042e238e54c54356df,.json,reference_data
reference_data/experiment_benchmark/oa_mae_revision/checkpoint_metadata/unet_s1s2/SCN_UNet_S1S2_fold_Yaounde_K25_s2.checkpoint_metadata.json,241,74611ffbedd9a3898af02f0792cfaff71d9114f7fb4369a11485bdc1edee9e5d,.json,reference_data
reference_data/experiment_benchmark/oa_mae_revision/checkpoint_metadata/unet_s1s2/SCN_UNet_S1S2_fold_Yaounde_K25_s3.checkpoint_metadata.json,241,25167b2eb4aed427c0f22c918c8177ec23ea037e5bfbac0df1b53d3733a0a45e,.json,reference_data
reference_data/experiment_benchmark/oa_mae_revision/checkpoint_metadata/unet_s1s2/SCN_UNet_S1S2_fold_Yaounde_K25_s4.checkpoint_metadata.json,241,5ae2cf6d159eb35414e7f581a63ece82c84842a143ffd0c50dcf9716e1be4820,.json,reference_data
reference_data/experiment_benchmark/oa_mae_revision/checkpoint_metadata/unet_s1s2/SCN_UNet_S1S2_fold_Yaounde_K25_s5.checkpoint_metadata.json,241,ac85cfcae03def997277fdd6da1d007b0d36c614d47cecc8277e386f7bcf5763,.json,reference_data
reference_data/experiment_benchmark/oa_mae_revision/checkpoint_metadata/unet_s1s2/SCN_UNet_S1S2_fold_Yaounde_K25_s6.checkpoint_metadata.json,241,ed3607ddf7928bee4ca741edc819bfbfb2457e7f664d274ab3e0d1dcf05ccc3b,.json,reference_data
reference_data/experiment_benchmark/oa_mae_revision/checkpoint_metadata/unet_s1s2/SCN_UNet_S1S2_fold_Yaounde_K25_s7.checkpoint_metadata.json,241,3e9d9e22d99c6900d4332a70e017675b4ed324065a2c4bf16ef14fea1097e6d1,.json,reference_data
reference_data/experiment_benchmark/oa_mae_revision/checkpoint_metadata/unet_s1s2/SCN_UNet_S1S2_fold_Yaounde_K25_s8.checkpoint_metadata.json,241,d4ae4b78e555de4cd6a295cf7787d2d1c5c7e44d02ea8b700c0dc8720ea1ead7,.json,reference_data
reference_data/experiment_benchmark/oa_mae_revision/checkpoint_metadata/unet_s1s2/SCN_UNet_S1S2_fold_Yaounde_K25_s9.checkpoint_metadata.json,241,b3ece51b6de62a4163bc2df71c42329a73ee4d1ad8a3049c746eb8c4e0db28bb,.json,reference_data
reference_data/experiment_benchmark/oa_mae_revision/checkpoint_metadata/unet_s1s2/SCN_UNet_S1S2_fold_Yaounde_K50_s1.checkpoint_metadata.json,241,897fbc28ec5b025f64ceebf1bf54e17ccb7b81866cdd0672d7fe4ae2089a7b78,.json,reference_data
reference_data/experiment_benchmark/oa_mae_revision/checkpoint_metadata/unet_s1s2/SCN_UNet_S1S2_fold_Yaounde_K50_s10.checkpoint_metadata.json,242,a4dfaf8a8d9cb9e129a664b6d06dc90f0ccb514505fb5e61c70227e26711d44f,.json,reference_data
reference_data/experiment_benchmark/oa_mae_revision/checkpoint_metadata/unet_s1s2/SCN_UNet_S1S2_fold_Yaounde_K50_s2.checkpoint_metadata.json,241,1a39440bf1ca50965c0662b24abe4918e6be778109430f90bd1cbc63b4dbf6a9,.json,reference_data
reference_data/experiment_benchmark/oa_mae_revision/checkpoint_metadata/unet_s1s2/SCN_UNet_S1S2_fold_Yaounde_K50_s3.checkpoint_metadata.json,240,4e0663156af8a07512c634e74c4e4267e9e96d5922587d9624a7b0dc442e639e,.json,reference_data
reference_data/experiment_benchmark/oa_mae_revision/checkpoint_metadata/unet_s1s2/SCN_UNet_S1S2_fold_Yaounde_K50_s4.checkpoint_metadata.json,241,ca762b51f84d84ea716238e8dc3e9a8ce4f0ecb7aae1f45433f9c24e82eb61f1,.json,reference_data
reference_data/experiment_benchmark/oa_mae_revision/checkpoint_metadata/unet_s1s2/SCN_UNet_S1S2_fold_Yaounde_K50_s5.checkpoint_metadata.json,241,3bf5a30e3a00dece067d419c1ca760293d8fa870b911c6f16da280e54182b026,.json,reference_data
reference_data/experiment_benchmark/oa_mae_revision/checkpoint_metadata/unet_s1s2/SCN_UNet_S1S2_fold_Yaounde_K50_s6.checkpoint_metadata.json,241,7ae784abf781898b7d84092fda84ce3d69102952ce81014afdc45cfb0f3aaf2a,.json,reference_data
reference_data/experiment_benchmark/oa_mae_revision/checkpoint_metadata/unet_s1s2/SCN_UNet_S1S2_fold_Yaounde_K50_s7.checkpoint_metadata.json,241,9d4cbb5324118923ddc1383d5612a56b95766a2c82bf80f54f13e09bffd5d056,.json,reference_data
reference_data/experiment_benchmark/oa_mae_revision/checkpoint_metadata/unet_s1s2/SCN_UNet_S1S2_fold_Yaounde_K50_s8.checkpoint_metadata.json,241,e386a3e8ea7d0cfd6ca0f4463221f7853290c56082b777ed079b924fac32a6ad,.json,reference_data
reference_data/experiment_benchmark/oa_mae_revision/checkpoint_metadata/unet_s1s2/SCN_UNet_S1S2_fold_Yaounde_K50_s9.checkpoint_metadata.json,241,7b1e8ae05ff2056d73312ea58532e1da6ef0e6d0642d41fa8bc4b9823981bc4d,.json,reference_data
reference_data/experiment_benchmark/oa_mae_revision/checkpoint_metadata/unet_s2/SCN_UNet_S2_fold_Dakar_K10_s1.checkpoint_metadata.json,237,288e7074453c3efc30b65828cc1c377496b4e7ff1d790173e72f5f9a2fa2bfef,.json,reference_data
reference_data/experiment_benchmark/oa_mae_revision/checkpoint_metadata/unet_s2/SCN_UNet_S2_fold_Dakar_K10_s10.checkpoint_metadata.json,238,25536eff8edde6ba37107a80a1e99ff347f5654ec1dfb3fc222cbc06a0409da4,.json,reference_data
reference_data/experiment_benchmark/oa_mae_revision/checkpoint_metadata/unet_s2/SCN_UNet_S2_fold_Dakar_K10_s2.checkpoint_metadata.json,237,c5cca87ff3d4a962d9858f3fb49bbc07c8bda0b42c4648e8c3c8335c95506067,.json,reference_data
reference_data/experiment_benchmark/oa_mae_revision/checkpoint_metadata/unet_s2/SCN_UNet_S2_fold_Dakar_K10_s3.checkpoint_metadata.json,237,5d8ab2be17c03d82631cfd25a19e0bc48d800a12d30662a4d047101cc316de53,.json,reference_data
reference_data/experiment_benchmark/oa_mae_revision/checkpoint_metadata/unet_s2/SCN_UNet_S2_fold_Dakar_K10_s4.checkpoint_metadata.json,237,2c53a297898c11961687feeae27ef495700c009454f192af6723e4dc50e98a90,.json,reference_data
reference_data/experiment_benchmark/oa_mae_revision/checkpoint_metadata/unet_s2/SCN_UNet_S2_fold_Dakar_K10_s5.checkpoint_metadata.json,237,224daf22a7b9ee52a634b5982aafd96191e7cfd337749b267409d16f29854f54,.json,reference_data
reference_data/experiment_benchmark/oa_mae_revision/checkpoint_metadata/unet_s2/SCN_UNet_S2_fold_Dakar_K10_s6.checkpoint_metadata.json,237,39dc1c62f95382a300f60fdff6e6d443fe1c49acc952aecdc239152dd1b676d4,.json,reference_data
reference_data/experiment_benchmark/oa_mae_revision/checkpoint_metadata/unet_s2/SCN_UNet_S2_fold_Dakar_K10_s7.checkpoint_metadata.json,237,92061ae82f22f3e005b29c2cca9e7db6a2bf0088b4e20aefe387cc494f7767c0,.json,reference_data
reference_data/experiment_benchmark/oa_mae_revision/checkpoint_metadata/unet_s2/SCN_UNet_S2_fold_Dakar_K10_s8.checkpoint_metadata.json,237,be16e66e50f29819742b342078fe6d21450337fb4a77449bb75985860b0e7043,.json,reference_data
reference_data/experiment_benchmark/oa_mae_revision/checkpoint_metadata/unet_s2/SCN_UNet_S2_fold_Dakar_K10_s9.checkpoint_metadata.json,237,b69aba80309765b0d5fd2a9f77deb5e894346dfb0b6099c9ea8b58f98f6e7f6d,.json,reference_data
reference_data/experiment_benchmark/oa_mae_revision/checkpoint_metadata/unet_s2/SCN_UNet_S2_fold_Dakar_K25_s1.checkpoint_metadata.json,237,5573923261575d2615a5ecb26ff73baa51ec716be7571d7ed4ca486f35a7246d,.json,reference_data
reference_data/experiment_benchmark/oa_mae_revision/checkpoint_metadata/unet_s2/SCN_UNet_S2_fold_Dakar_K25_s10.checkpoint_metadata.json,238,3c59229b8f4990f4c2dd328fcfba576e6a3ab435aa627677ef1bd1a86e3dd2a1,.json,reference_data
reference_data/experiment_benchmark/oa_mae_revision/checkpoint_metadata/unet_s2/SCN_UNet_S2_fold_Dakar_K25_s2.checkpoint_metadata.json,237,a1249fc37c1f12f29f25fa897cac2f633693770f6f675d9fb8b68cd370273bf7,.json,reference_data
reference_data/experiment_benchmark/oa_mae_revision/checkpoint_metadata/unet_s2/SCN_UNet_S2_fold_Dakar_K25_s3.checkpoint_metadata.json,237,5981ba69623cc5dc72a01a47e85248a3a4586fd6237dd37ac97b82341fad5ec9,.json,reference_data
reference_data/experiment_benchmark/oa_mae_revision/checkpoint_metadata/unet_s2/SCN_UNet_S2_fold_Dakar_K25_s4.checkpoint_metadata.json,237,9d60efc32ba1e3479e90010c4dc453a7da71ec30a391dd89fcf3ba64c1797d8b,.json,reference_data
reference_data/experiment_benchmark/oa_mae_revision/checkpoint_metadata/unet_s2/SCN_UNet_S2_fold_Dakar_K25_s5.checkpoint_metadata.json,237,1b20b8856809c4f125d45635e555c411b40c6b0b605098b75890a80869aea08b,.json,reference_data
reference_data/experiment_benchmark/oa_mae_revision/checkpoint_metadata/unet_s2/SCN_UNet_S2_fold_Dakar_K25_s6.checkpoint_metadata.json,237,385c2d0e937c7acc51c530e9191e9da868e7967d2b5f4b89bf6b61ef6e26f430,.json,reference_data
reference_data/experiment_benchmark/oa_mae_revision/checkpoint_metadata/unet_s2/SCN_UNet_S2_fold_Dakar_K25_s7.checkpoint_metadata.json,236,1cdf1aca415d9510ae769d02e9cb45afb56e3b52eb990c95bc54666e3bc0195c,.json,reference_data
reference_data/experiment_benchmark/oa_mae_revision/checkpoint_metadata/unet_s2/SCN_UNet_S2_fold_Dakar_K25_s8.checkpoint_metadata.json,237,1d9db81f9d04d6e8135a5be0fd0069b344eb368840cb653db32e53eb6ee161e3,.json,reference_data
reference_data/experiment_benchmark/oa_mae_revision/checkpoint_metadata/unet_s2/SCN_UNet_S2_fold_Dakar_K25_s9.checkpoint_metadata.json,237,299f519422deb473ea8467d246ee738e561cd99b1352145ae582db6de98f5df9,.json,reference_data
reference_data/experiment_benchmark/oa_mae_revision/checkpoint_metadata/unet_s2/SCN_UNet_S2_fold_Dakar_K50_s1.checkpoint_metadata.json,237,be8970902caa9cbb6762a31ec40be1b049afc6338838c6a3529c4fc55f8115cc,.json,reference_data
reference_data/experiment_benchmark/oa_mae_revision/checkpoint_metadata/unet_s2/SCN_UNet_S2_fold_Dakar_K50_s10.checkpoint_metadata.json,238,c00e0255e97f005e79d8312e51a8abb624cc734f7a9ecd75dd7c811c68bb6a75,.json,reference_data
reference_data/experiment_benchmark/oa_mae_revision/checkpoint_metadata/unet_s2/SCN_UNet_S2_fold_Dakar_K50_s2.checkpoint_metadata.json,237,3e1e072fa6e4c9504851e208b5ba9e940509d46362f46ef89b221e0a77f59053,.json,reference_data
reference_data/experiment_benchmark/oa_mae_revision/checkpoint_metadata/unet_s2/SCN_UNet_S2_fold_Dakar_K50_s3.checkpoint_metadata.json,237,c684e9b504d94d8d6f22d366564cdbbe271e581a0d2682f88d5281db210e3dc5,.json,reference_data
reference_data/experiment_benchmark/oa_mae_revision/checkpoint_metadata/unet_s2/SCN_UNet_S2_fold_Dakar_K50_s4.checkpoint_metadata.json,237,5681ac1961023cd8131408dde1ff4e5f34fddeefcdc4de92d6733f3e36c2dc9b,.json,reference_data
reference_data/experiment_benchmark/oa_mae_revision/checkpoint_metadata/unet_s2/SCN_UNet_S2_fold_Dakar_K50_s5.checkpoint_metadata.json,237,3a15059a0fb5c28d7c6f50babcf0aa12682c0b396b2f64579f97088c2c7564cc,.json,reference_data
reference_data/experiment_benchmark/oa_mae_revision/checkpoint_metadata/unet_s2/SCN_UNet_S2_fold_Dakar_K50_s6.checkpoint_metadata.json,237,475aff2d60b29a2ca6caff253b7b3f67a3ed1c0ccb4bb082f144a4204e57131e,.json,reference_data
reference_data/experiment_benchmark/oa_mae_revision/checkpoint_metadata/unet_s2/SCN_UNet_S2_fold_Dakar_K50_s7.checkpoint_metadata.json,237,68509cfa8e1cc78dec93126ddebf32b5b506b4464d5beff48d0fa6019fa0a12c,.json,reference_data
reference_data/experiment_benchmark/oa_mae_revision/checkpoint_metadata/unet_s2/SCN_UNet_S2_fold_Dakar_K50_s8.checkpoint_metadata.json,237,8fadbd74cafec99cd0d2bd0791098d3d735158fb05e85deeca5de65e84b05966,.json,reference_data
reference_data/experiment_benchmark/oa_mae_revision/checkpoint_metadata/unet_s2/SCN_UNet_S2_fold_Dakar_K50_s9.checkpoint_metadata.json,237,67e2b286f5345afad0653d07eeb53af0dd0d48478502ef438ee9c8fdd90cd5b3,.json,reference_data
reference_data/experiment_benchmark/oa_mae_revision/checkpoint_metadata/unet_s2/SCN_UNet_S2_fold_DarEsSalaam_K10_s1.checkpoint_metadata.json,243,be83d076e0684391f5e03b5914df84d95fe78d6ea95ad21e19774afbe311cd9b,.json,reference_data
reference_data/experiment_benchmark/oa_mae_revision/checkpoint_metadata/unet_s2/SCN_UNet_S2_fold_DarEsSalaam_K10_s10.checkpoint_metadata.json,244,7c09bd49e6a3241898e0e9d569835895a3e0437ddfa9c9ed1085cc09387f6500,.json,reference_data
reference_data/experiment_benchmark/oa_mae_revision/checkpoint_metadata/unet_s2/SCN_UNet_S2_fold_DarEsSalaam_K10_s2.checkpoint_metadata.json,243,980d00aa60aa0fa1952d2effe315403e4409a621cb5f9aff66fd9361a6c00335,.json,reference_data
reference_data/experiment_benchmark/oa_mae_revision/checkpoint_metadata/unet_s2/SCN_UNet_S2_fold_DarEsSalaam_K10_s3.checkpoint_metadata.json,242,a4b38310a873324aa53c55d62e03fce52908bbc3db328e0601e12507ad28a8e9,.json,reference_data
reference_data/experiment_benchmark/oa_mae_revision/checkpoint_metadata/unet_s2/SCN_UNet_S2_fold_DarEsSalaam_K10_s4.checkpoint_metadata.json,243,fa5ea410f721d4fe292d921d674adfe6407a66c9963a8016767c87c324bf9a79,.json,reference_data
reference_data/experiment_benchmark/oa_mae_revision/checkpoint_metadata/unet_s2/SCN_UNet_S2_fold_DarEsSalaam_K10_s5.checkpoint_metadata.json,243,f83ad4eb3ffdcef3b5fa5698fd47a479cb80d8f2ff4e3d5556fff15c0e985c9e,.json,reference_data
reference_data/experiment_benchmark/oa_mae_revision/checkpoint_metadata/unet_s2/SCN_UNet_S2_fold_DarEsSalaam_K10_s6.checkpoint_metadata.json,243,df63bed7705a0d8927486842fbadc0c6311a761e024aabebefd9be5e8cf10c17,.json,reference_data
reference_data/experiment_benchmark/oa_mae_revision/checkpoint_metadata/unet_s2/SCN_UNet_S2_fold_DarEsSalaam_K10_s7.checkpoint_metadata.json,243,8805f652aefc1c38dd89d6968884b007d9a963037d96481ff07bb5371e96df5f,.json,reference_data
reference_data/experiment_benchmark/oa_mae_revision/checkpoint_metadata/unet_s2/SCN_UNet_S2_fold_DarEsSalaam_K10_s8.checkpoint_metadata.json,243,a5bacd74d13d32b38f9b58318f185a928d58543efb3d72734420327652a67d76,.json,reference_data
reference_data/experiment_benchmark/oa_mae_revision/checkpoint_metadata/unet_s2/SCN_UNet_S2_fold_DarEsSalaam_K10_s9.checkpoint_metadata.json,243,5293a4ba6c75c62a3cf88c1cfd8031c710926d94252ade9cf9b5e61b23c90e8d,.json,reference_data
reference_data/experiment_benchmark/oa_mae_revision/checkpoint_metadata/unet_s2/SCN_UNet_S2_fold_DarEsSalaam_K25_s1.checkpoint_metadata.json,243,2f968913d052284d2384f510e7533c71da87dd293e3ab81faf145747748b177b,.json,reference_data
reference_data/experiment_benchmark/oa_mae_revision/checkpoint_metadata/unet_s2/SCN_UNet_S2_fold_DarEsSalaam_K25_s10.checkpoint_metadata.json,244,daf74a24c1d72953fd2caa6dd0eb5f10d6f88c5585be34e3abf1c8514cbd6432,.json,reference_data
reference_data/experiment_benchmark/oa_mae_revision/checkpoint_metadata/unet_s2/SCN_UNet_S2_fold_DarEsSalaam_K25_s2.checkpoint_metadata.json,243,43461aa3729b88a0247adf297bfca7a80b1e54d7d62a020fa9bfcbc484d63153,.json,reference_data
reference_data/experiment_benchmark/oa_mae_revision/checkpoint_metadata/unet_s2/SCN_UNet_S2_fold_DarEsSalaam_K25_s3.checkpoint_metadata.json,243,4f2faa0edbe395aea5b6d4a1553941470f77707eeab18733f949d38abd05648f,.json,reference_data
reference_data/experiment_benchmark/oa_mae_revision/checkpoint_metadata/unet_s2/SCN_UNet_S2_fold_DarEsSalaam_K25_s4.checkpoint_metadata.json,243,35887a23c8107b674064c776e867feacc67f4b8e5dbc354a77b30a0d8a641929,.json,reference_data
reference_data/experiment_benchmark/oa_mae_revision/checkpoint_metadata/unet_s2/SCN_UNet_S2_fold_DarEsSalaam_K25_s5.checkpoint_metadata.json,243,a23b9c3468628911a256b085c8450f4f394c62a1c8a7654b12752fd8aa0b249d,.json,reference_data
reference_data/experiment_benchmark/oa_mae_revision/checkpoint_metadata/unet_s2/SCN_UNet_S2_fold_DarEsSalaam_K25_s6.checkpoint_metadata.json,243,7662e98d6414a0c3dc639caa6bee15b98a07a22c21cfc1bb7e7ab31b6b438b08,.json,reference_data
reference_data/experiment_benchmark/oa_mae_revision/checkpoint_metadata/unet_s2/SCN_UNet_S2_fold_DarEsSalaam_K25_s7.checkpoint_metadata.json,243,f374fa8a371a86801303d7277e8084d93aaef23d3a506e0028eca1bf17e05d17,.json,reference_data
reference_data/experiment_benchmark/oa_mae_revision/checkpoint_metadata/unet_s2/SCN_UNet_S2_fold_DarEsSalaam_K25_s8.checkpoint_metadata.json,243,a4f551a004d226c63474d5f0bf7ceef275debc61d806b3d199a71991bb504cde,.json,reference_data
reference_data/experiment_benchmark/oa_mae_revision/checkpoint_metadata/unet_s2/SCN_UNet_S2_fold_DarEsSalaam_K25_s9.checkpoint_metadata.json,243,e3d96922daf0523b65b5a639e28b8c266e61df39112baf163b80bf9a04343761,.json,reference_data
reference_data/experiment_benchmark/oa_mae_revision/checkpoint_metadata/unet_s2/SCN_UNet_S2_fold_DarEsSalaam_K50_s1.checkpoint_metadata.json,242,423f0cdbd0f1a630386f5e98dbac15726eb3a6246e3d08b0420aa9f1f1011941,.json,reference_data
reference_data/experiment_benchmark/oa_mae_revision/checkpoint_metadata/unet_s2/SCN_UNet_S2_fold_DarEsSalaam_K50_s10.checkpoint_metadata.json,244,3432547603c5120710fbcdde66f45ffc99a5d2dde7275d65dfa22f99fb2d9b3f,.json,reference_data
reference_data/experiment_benchmark/oa_mae_revision/checkpoint_metadata/unet_s2/SCN_UNet_S2_fold_DarEsSalaam_K50_s2.checkpoint_metadata.json,243,2f12ac697ce9cca9fcee7b314740086128d04425879d59a9fe11eb8e06a87843,.json,reference_data
reference_data/experiment_benchmark/oa_mae_revision/checkpoint_metadata/unet_s2/SCN_UNet_S2_fold_DarEsSalaam_K50_s3.checkpoint_metadata.json,243,d587eafe7fdc96197122cd38b456386c9bc3ba9ef215d7c9cfccb9607bd708aa,.json,reference_data
reference_data/experiment_benchmark/oa_mae_revision/checkpoint_metadata/unet_s2/SCN_UNet_S2_fold_DarEsSalaam_K50_s4.checkpoint_metadata.json,243,991db0901153c6bf37739d92f6f7cecc35ca96c46e49c06c67bbe1b5a0e50129,.json,reference_data
reference_data/experiment_benchmark/oa_mae_revision/checkpoint_metadata/unet_s2/SCN_UNet_S2_fold_DarEsSalaam_K50_s5.checkpoint_metadata.json,243,667dfc5efc85d0ef29841205b76cc6128b28ef22c51a241a3592a86dfe3fa962,.json,reference_data
reference_data/experiment_benchmark/oa_mae_revision/checkpoint_metadata/unet_s2/SCN_UNet_S2_fold_DarEsSalaam_K50_s6.checkpoint_metadata.json,243,ea765341f8387c7643ac2e019b579f38246d89185067f9bf6321018eaf8d4fa4,.json,reference_data
reference_data/experiment_benchmark/oa_mae_revision/checkpoint_metadata/unet_s2/SCN_UNet_S2_fold_DarEsSalaam_K50_s7.checkpoint_metadata.json,243,cd9994370e7709b1b4e81071b59ddc379704d57b7fd542ec7a33540c913822a0,.json,reference_data
reference_data/experiment_benchmark/oa_mae_revision/checkpoint_metadata/unet_s2/SCN_UNet_S2_fold_DarEsSalaam_K50_s8.checkpoint_metadata.json,243,f5d354135e01574ea172f2fc5e44018181071faf740ef34daed76b55406dfe95,.json,reference_data
reference_data/experiment_benchmark/oa_mae_revision/checkpoint_metadata/unet_s2/SCN_UNet_S2_fold_DarEsSalaam_K50_s9.checkpoint_metadata.json,243,0d1057342e655c9360eca6a3af1caa401c7c4ccbfc49cb497bed4c161c75353d,.json,reference_data
reference_data/experiment_benchmark/oa_mae_revision/checkpoint_metadata/unet_s2/SCN_UNet_S2_fold_Douala_K10_s1.checkpoint_metadata.json,238,4655019de559864c2f78367d2f08ae7f3b689dcc1f3940284e4b75c7fbf41c1f,.json,reference_data
reference_data/experiment_benchmark/oa_mae_revision/checkpoint_metadata/unet_s2/SCN_UNet_S2_fold_Douala_K10_s10.checkpoint_metadata.json,239,44c2331949526f58f927f342124a8baa50db20c6ebd2c0c258e6986d840628b4,.json,reference_data
reference_data/experiment_benchmark/oa_mae_revision/checkpoint_metadata/unet_s2/SCN_UNet_S2_fold_Douala_K10_s2.checkpoint_metadata.json,238,a675caaf946aaafb33edf8dc837a345c87222125910106d9f2f083f89369d636,.json,reference_data
reference_data/experiment_benchmark/oa_mae_revision/checkpoint_metadata/unet_s2/SCN_UNet_S2_fold_Douala_K10_s3.checkpoint_metadata.json,237,1f3dbb4b7ae77bf86da4abcdddaeed61df989b77a8881503d357d6b1757d5419,.json,reference_data
reference_data/experiment_benchmark/oa_mae_revision/checkpoint_metadata/unet_s2/SCN_UNet_S2_fold_Douala_K10_s4.checkpoint_metadata.json,238,3d70a4177e7842b6184377c2986e23bc1da05c0fd996c4dc82c53bc5763afb8b,.json,reference_data
reference_data/experiment_benchmark/oa_mae_revision/checkpoint_metadata/unet_s2/SCN_UNet_S2_fold_Douala_K10_s5.checkpoint_metadata.json,238,adcca541236f4f6220913eedc1c6c082907a4237f606fd1a24afbf3da1e9bac2,.json,reference_data
reference_data/experiment_benchmark/oa_mae_revision/checkpoint_metadata/unet_s2/SCN_UNet_S2_fold_Douala_K10_s6.checkpoint_metadata.json,238,392aa1a14134d412e84142b239181db042fcaffc97e1e89e81f4ae8f83379bc4,.json,reference_data
reference_data/experiment_benchmark/oa_mae_revision/checkpoint_metadata/unet_s2/SCN_UNet_S2_fold_Douala_K10_s7.checkpoint_metadata.json,238,4f63e70f5351a11e77c1a10d53f10c5a0f638c6e85eb572e4a82a6bebda0a2b5,.json,reference_data
reference_data/experiment_benchmark/oa_mae_revision/checkpoint_metadata/unet_s2/SCN_UNet_S2_fold_Douala_K10_s8.checkpoint_metadata.json,238,748c73c441f5522ca0bdf8539ae2e7834e7c761b5b0b03191d12d813ae13b024,.json,reference_data
reference_data/experiment_benchmark/oa_mae_revision/checkpoint_metadata/unet_s2/SCN_UNet_S2_fold_Douala_K10_s9.checkpoint_metadata.json,238,e7bd425b5a79e7ae7ad7d15e729fb3a5a3845d6cd454b42448ebe204b782b2b0,.json,reference_data
reference_data/experiment_benchmark/oa_mae_revision/checkpoint_metadata/unet_s2/SCN_UNet_S2_fold_Douala_K25_s1.checkpoint_metadata.json,238,68f1855099ed149e7f121fde9e0b3f808be20c4982c15adfbbb1e579a9d0ac5a,.json,reference_data
reference_data/experiment_benchmark/oa_mae_revision/checkpoint_metadata/unet_s2/SCN_UNet_S2_fold_Douala_K25_s10.checkpoint_metadata.json,239,77b3ae24be452db536162c0827642fa9163315539a4a40305d083239387adfe5,.json,reference_data
reference_data/experiment_benchmark/oa_mae_revision/checkpoint_metadata/unet_s2/SCN_UNet_S2_fold_Douala_K25_s2.checkpoint_metadata.json,238,3c6fad828f097b9f0ac6045dc1df2091c979ed659ef2d6df9a9bcd907ff4404f,.json,reference_data
reference_data/experiment_benchmark/oa_mae_revision/checkpoint_metadata/unet_s2/SCN_UNet_S2_fold_Douala_K25_s3.checkpoint_metadata.json,238,92266f3b71700f5579e2bc929b54eb222500001797c94426f74e43707d486e92,.json,reference_data
reference_data/experiment_benchmark/oa_mae_revision/checkpoint_metadata/unet_s2/SCN_UNet_S2_fold_Douala_K25_s4.checkpoint_metadata.json,238,70e85e4317ca2007d5b674bf7c32b678115ed63d4f9a8b9949f79b6ebd64ac6a,.json,reference_data
reference_data/experiment_benchmark/oa_mae_revision/checkpoint_metadata/unet_s2/SCN_UNet_S2_fold_Douala_K25_s5.checkpoint_metadata.json,238,5aee9d51b6ad6dd8989c1d6dfa0fd1d4c1d78962cbfc4e76b99e6ac9a2f60b52,.json,reference_data
reference_data/experiment_benchmark/oa_mae_revision/checkpoint_metadata/unet_s2/SCN_UNet_S2_fold_Douala_K25_s6.checkpoint_metadata.json,237,914ee07c59c4dafbfe008e85161a2e3d8fe73f7393cd5c01be5424b92b8cd74b,.json,reference_data
reference_data/experiment_benchmark/oa_mae_revision/checkpoint_metadata/unet_s2/SCN_UNet_S2_fold_Douala_K25_s7.checkpoint_metadata.json,238,f0419c364531321ad0262724412c8e70db3b084941bf34309b49fc8322d2db24,.json,reference_data
reference_data/experiment_benchmark/oa_mae_revision/checkpoint_metadata/unet_s2/SCN_UNet_S2_fold_Douala_K25_s8.checkpoint_metadata.json,238,3493b14eb7d611f12ada36b6481c0a195cf4f0c744da1aae7f2ab169e15ddafe,.json,reference_data
reference_data/experiment_benchmark/oa_mae_revision/checkpoint_metadata/unet_s2/SCN_UNet_S2_fold_Douala_K25_s9.checkpoint_metadata.json,238,72f62c7dbd4865723b270534104bc45c06768303e7e8bf8cceed6d10786e57de,.json,reference_data
reference_data/experiment_benchmark/oa_mae_revision/checkpoint_metadata/unet_s2/SCN_UNet_S2_fold_Douala_K50_s1.checkpoint_metadata.json,237,5c2818c8691ab155807258b38cba1c476bcfa66c5a7664efd27ee55fdd705b16,.json,reference_data
reference_data/experiment_benchmark/oa_mae_revision/checkpoint_metadata/unet_s2/SCN_UNet_S2_fold_Douala_K50_s10.checkpoint_metadata.json,239,7e17e6f82dcc56fd1bcfc3ebb2a93a5a68301058b1a3ab15dd7ab24d86bed721,.json,reference_data
reference_data/experiment_benchmark/oa_mae_revision/checkpoint_metadata/unet_s2/SCN_UNet_S2_fold_Douala_K50_s2.checkpoint_metadata.json,238,42e6197fb310a816478c60dca709d29fdc35b58fee98868ca76c8376aa2085d4,.json,reference_data
reference_data/experiment_benchmark/oa_mae_revision/checkpoint_metadata/unet_s2/SCN_UNet_S2_fold_Douala_K50_s3.checkpoint_metadata.json,238,1e545cda4576c1142231a6a5593df9abc38366bb0f549aeffc34b3c669c527f9,.json,reference_data
reference_data/experiment_benchmark/oa_mae_revision/checkpoint_metadata/unet_s2/SCN_UNet_S2_fold_Douala_K50_s4.checkpoint_metadata.json,238,3539a7477426109266dfc69a844668b224654139e678bfa507fa73b8ee025eeb,.json,reference_data
reference_data/experiment_benchmark/oa_mae_revision/checkpoint_metadata/unet_s2/SCN_UNet_S2_fold_Douala_K50_s5.checkpoint_metadata.json,238,b9a19ad52e82a1b2cee62216b5e5e9b13af2bd379334975c36204ae7b24e5a67,.json,reference_data
reference_data/experiment_benchmark/oa_mae_revision/checkpoint_metadata/unet_s2/SCN_UNet_S2_fold_Douala_K50_s6.checkpoint_metadata.json,238,4bfebab99ec779cb9b816df1d111075ffac05300d9442e41dea4ef98131bf438,.json,reference_data
reference_data/experiment_benchmark/oa_mae_revision/checkpoint_metadata/unet_s2/SCN_UNet_S2_fold_Douala_K50_s7.checkpoint_metadata.json,238,a857f99570cb5f74c42bd6eeca89e1eac41f627f76189a2e1ab6d1b6a41784fc,.json,reference_data
reference_data/experiment_benchmark/oa_mae_revision/checkpoint_metadata/unet_s2/SCN_UNet_S2_fold_Douala_K50_s8.checkpoint_metadata.json,237,5eeeab282b88b25bd351b87b878728d80adf9d8c085b7f2b77aaa696b7bf0aba,.json,reference_data
reference_data/experiment_benchmark/oa_mae_revision/checkpoint_metadata/unet_s2/SCN_UNet_S2_fold_Douala_K50_s9.checkpoint_metadata.json,238,53a577a2b5c597bca2e7f2e4ba6ac6623ea75a276cdd00a656f0491f6e7e1185,.json,reference_data
reference_data/experiment_benchmark/oa_mae_revision/checkpoint_metadata/unet_s2/SCN_UNet_S2_fold_Garoua_K10_s1.checkpoint_metadata.json,238,b71b9e8d05a64e614494ba23afa61f230c3cc756f57d605d2be54e6c2eaa4e6e,.json,reference_data
reference_data/experiment_benchmark/oa_mae_revision/checkpoint_metadata/unet_s2/SCN_UNet_S2_fold_Garoua_K10_s10.checkpoint_metadata.json,239,e2fa7a2aa407cba1a9e16d0014d50c80b55107144b0c77e82a32a61978556219,.json,reference_data
reference_data/experiment_benchmark/oa_mae_revision/checkpoint_metadata/unet_s2/SCN_UNet_S2_fold_Garoua_K10_s2.checkpoint_metadata.json,238,659e2d2e83f8197cbc161f7578e9d18d59f5494e5bc3297bdc52c6be68801dd3,.json,reference_data
reference_data/experiment_benchmark/oa_mae_revision/checkpoint_metadata/unet_s2/SCN_UNet_S2_fold_Garoua_K10_s3.checkpoint_metadata.json,238,15b8a39dfbe96555905c86a3524396ab62b48aa3019b5b10149e4eb82c934fd7,.json,reference_data
reference_data/experiment_benchmark/oa_mae_revision/checkpoint_metadata/unet_s2/SCN_UNet_S2_fold_Garoua_K10_s4.checkpoint_metadata.json,238,53aa38f113c24e1b61b3ccfad307cb2f1fe3da04b9de12e372f4ff35bf4fc421,.json,reference_data
reference_data/experiment_benchmark/oa_mae_revision/checkpoint_metadata/unet_s2/SCN_UNet_S2_fold_Garoua_K10_s5.checkpoint_metadata.json,238,c7df3c04e373738be3c195d662d7b77e603c4eb781d97969dc701c35263784e7,.json,reference_data
reference_data/experiment_benchmark/oa_mae_revision/checkpoint_metadata/unet_s2/SCN_UNet_S2_fold_Garoua_K10_s6.checkpoint_metadata.json,238,6302492cfab990884c3b296b5f8b9f703dec4074854314e4c330cfb21855e173,.json,reference_data
reference_data/experiment_benchmark/oa_mae_revision/checkpoint_metadata/unet_s2/SCN_UNet_S2_fold_Garoua_K10_s7.checkpoint_metadata.json,238,b051ef87b6c7455cb113a84881441e3bf52b9fbfc7be31e787679e93aee1a1c1,.json,reference_data
reference_data/experiment_benchmark/oa_mae_revision/checkpoint_metadata/unet_s2/SCN_UNet_S2_fold_Garoua_K10_s8.checkpoint_metadata.json,238,91ba631f9e7ac675723c6e0b2cccef58979e9f0d367071829b59da453d862215,.json,reference_data
reference_data/experiment_benchmark/oa_mae_revision/checkpoint_metadata/unet_s2/SCN_UNet_S2_fold_Garoua_K10_s9.checkpoint_metadata.json,238,b4f56be930219f81c3c8aef2fbddf796f8325abdb6a4185ea9a55cae99714e31,.json,reference_data
reference_data/experiment_benchmark/oa_mae_revision/checkpoint_metadata/unet_s2/SCN_UNet_S2_fold_Garoua_K25_s1.checkpoint_metadata.json,238,75e132ef0dc9c0a6ca82ef6e65b3b70b35b4ad32aeb005b0c0944e4c0449ef2f,.json,reference_data
reference_data/experiment_benchmark/oa_mae_revision/checkpoint_metadata/unet_s2/SCN_UNet_S2_fold_Garoua_K25_s10.checkpoint_metadata.json,239,b16ba43988b09ae5c103ec70aa208897138644d89248ec1b58e0e65ae57a7957,.json,reference_data
reference_data/experiment_benchmark/oa_mae_revision/checkpoint_metadata/unet_s2/SCN_UNet_S2_fold_Garoua_K25_s2.checkpoint_metadata.json,238,ad1ecc94e08926569fbe0f2787651fb46028703508e4ddbcaf9fd9277f0a95cc,.json,reference_data
reference_data/experiment_benchmark/oa_mae_revision/checkpoint_metadata/unet_s2/SCN_UNet_S2_fold_Garoua_K25_s3.checkpoint_metadata.json,238,218b42e98381aef6a60be9ab184aa754e9afb4087f0996d627780c04c1e168bd,.json,reference_data
reference_data/experiment_benchmark/oa_mae_revision/checkpoint_metadata/unet_s2/SCN_UNet_S2_fold_Garoua_K25_s4.checkpoint_metadata.json,238,214128ab9d481d40b8adfa04f62e1f53b5792a086cdc693805bbf08d31639bcd,.json,reference_data
reference_data/experiment_benchmark/oa_mae_revision/checkpoint_metadata/unet_s2/SCN_UNet_S2_fold_Garoua_K25_s5.checkpoint_metadata.json,238,d2521b734bc3a2d741d558c4b8f36caa3807aa04287d778a6deacf35b52e3723,.json,reference_data
reference_data/experiment_benchmark/oa_mae_revision/checkpoint_metadata/unet_s2/SCN_UNet_S2_fold_Garoua_K25_s6.checkpoint_metadata.json,236,41929b10603e6f918e46661c1570131d6a9e5d66ec7b1f55da139f8bc6827b45,.json,reference_data
reference_data/experiment_benchmark/oa_mae_revision/checkpoint_metadata/unet_s2/SCN_UNet_S2_fold_Garoua_K25_s7.checkpoint_metadata.json,238,2f0df461ec783ef5e60ca4cbbac61424f9e270de2274315128ff49b3021a7b68,.json,reference_data
reference_data/experiment_benchmark/oa_mae_revision/checkpoint_metadata/unet_s2/SCN_UNet_S2_fold_Garoua_K25_s8.checkpoint_metadata.json,238,b5e1be1b77c9c9354862ca9c25b23cfcb5d01c62e35545700e31ae9f78108425,.json,reference_data
reference_data/experiment_benchmark/oa_mae_revision/checkpoint_metadata/unet_s2/SCN_UNet_S2_fold_Garoua_K25_s9.checkpoint_metadata.json,238,a0f45266da665772d9f4af0324e6983f7386f078177be440491f5e6f1dd7b904,.json,reference_data
reference_data/experiment_benchmark/oa_mae_revision/checkpoint_metadata/unet_s2/SCN_UNet_S2_fold_Garoua_K50_s1.checkpoint_metadata.json,237,94c8b9569873b9b21e8a90d97d7697ad967970301e4c145695ab4053a4a390ce,.json,reference_data
reference_data/experiment_benchmark/oa_mae_revision/checkpoint_metadata/unet_s2/SCN_UNet_S2_fold_Garoua_K50_s10.checkpoint_metadata.json,239,50af8e72bbece34dfaf6997716db298dfcba1999d1f1d967d93a7e727bdc1676,.json,reference_data
reference_data/experiment_benchmark/oa_mae_revision/checkpoint_metadata/unet_s2/SCN_UNet_S2_fold_Garoua_K50_s2.checkpoint_metadata.json,238,fee3f9c0acf0c72341b820a350ec0f607149970d8813686543bc041d1a8e272f,.json,reference_data
reference_data/experiment_benchmark/oa_mae_revision/checkpoint_metadata/unet_s2/SCN_UNet_S2_fold_Garoua_K50_s3.checkpoint_metadata.json,238,cf42892843180ace3cadc92ce741ce281f551b92541473ddb1b054073ec14055,.json,reference_data
reference_data/experiment_benchmark/oa_mae_revision/checkpoint_metadata/unet_s2/SCN_UNet_S2_fold_Garoua_K50_s4.checkpoint_metadata.json,238,264b1651485d3ff1a3cd77dee563026f9243a818e0d06e15b44d30e6ea110341,.json,reference_data
reference_data/experiment_benchmark/oa_mae_revision/checkpoint_metadata/unet_s2/SCN_UNet_S2_fold_Garoua_K50_s5.checkpoint_metadata.json,238,95e05002a9a491b74609b8011607528fda430be00c9ae11914bbd44572551801,.json,reference_data
reference_data/experiment_benchmark/oa_mae_revision/checkpoint_metadata/unet_s2/SCN_UNet_S2_fold_Garoua_K50_s6.checkpoint_metadata.json,238,24d2a5bd66fc246a5e3449430f71152d2c5a4248db009f8032d82a819aa7a4cc,.json,reference_data
reference_data/experiment_benchmark/oa_mae_revision/checkpoint_metadata/unet_s2/SCN_UNet_S2_fold_Garoua_K50_s7.checkpoint_metadata.json,237,98965252a17bfb806d8446c80d9281fc44603ce5eae70f8d4494ee517e6e7dcf,.json,reference_data
reference_data/experiment_benchmark/oa_mae_revision/checkpoint_metadata/unet_s2/SCN_UNet_S2_fold_Garoua_K50_s8.checkpoint_metadata.json,238,4c74fc859d911bc4694fbcc3a90712fe34e5fc6f0b26ccbedba8e3784893877d,.json,reference_data
reference_data/experiment_benchmark/oa_mae_revision/checkpoint_metadata/unet_s2/SCN_UNet_S2_fold_Garoua_K50_s9.checkpoint_metadata.json,238,818a140108d5cd44d784ef30114cb44f0c29498ecbf97a65b12d25b40b5d75d9,.json,reference_data
reference_data/experiment_benchmark/oa_mae_revision/checkpoint_metadata/unet_s2/SCN_UNet_S2_fold_Kigali_K10_s1.checkpoint_metadata.json,238,03481af390c55f0929281293bfd6c6849d29af7edeccf264448006e02a6f9d6f,.json,reference_data
reference_data/experiment_benchmark/oa_mae_revision/checkpoint_metadata/unet_s2/SCN_UNet_S2_fold_Kigali_K10_s10.checkpoint_metadata.json,239,581c04ab00803b21d73c2fe2ea36fdd34847f1823128c90287c8adb002174ec0,.json,reference_data
reference_data/experiment_benchmark/oa_mae_revision/checkpoint_metadata/unet_s2/SCN_UNet_S2_fold_Kigali_K10_s2.checkpoint_metadata.json,238,276596d2fcfd891fa31928362b48046c0fbe8a7aa5fcc69fc4bdf67eaa28dead,.json,reference_data
reference_data/experiment_benchmark/oa_mae_revision/checkpoint_metadata/unet_s2/SCN_UNet_S2_fold_Kigali_K10_s3.checkpoint_metadata.json,238,dd522acc08e8203041934884a8153f14da19cc20b262bc19650b056ded465ee6,.json,reference_data
reference_data/experiment_benchmark/oa_mae_revision/checkpoint_metadata/unet_s2/SCN_UNet_S2_fold_Kigali_K10_s4.checkpoint_metadata.json,237,ae9899efad27e7cfe4fecc1879df1cfa52f67abd083fa6cf67d98ab713c81187,.json,reference_data
reference_data/experiment_benchmark/oa_mae_revision/checkpoint_metadata/unet_s2/SCN_UNet_S2_fold_Kigali_K10_s5.checkpoint_metadata.json,238,33350dfab5169dac133d0b1211b7625a8a3de18b09b7dcfea2bf881e5882e6fd,.json,reference_data
reference_data/experiment_benchmark/oa_mae_revision/checkpoint_metadata/unet_s2/SCN_UNet_S2_fold_Kigali_K10_s6.checkpoint_metadata.json,238,6b1a6a44d342efe2f336171d075c536ef28ce0916c955f0a9841bcf6679f4efb,.json,reference_data
reference_data/experiment_benchmark/oa_mae_revision/checkpoint_metadata/unet_s2/SCN_UNet_S2_fold_Kigali_K10_s7.checkpoint_metadata.json,237,7ec7957b21cd966350849c94dd0086e0093c3851cec021a682d700330b48e548,.json,reference_data
reference_data/experiment_benchmark/oa_mae_revision/checkpoint_metadata/unet_s2/SCN_UNet_S2_fold_Kigali_K10_s8.checkpoint_metadata.json,237,8c144d0c2405d057910847ecda5b18c7c37df0d634bde336046877bd10840280,.json,reference_data
reference_data/experiment_benchmark/oa_mae_revision/checkpoint_metadata/unet_s2/SCN_UNet_S2_fold_Kigali_K10_s9.checkpoint_metadata.json,238,68fd9ed50e3476bf20aa4217e28f54c492262d7b31d128cc38af85b64e23dc63,.json,reference_data
reference_data/experiment_benchmark/oa_mae_revision/checkpoint_metadata/unet_s2/SCN_UNet_S2_fold_Kigali_K25_s1.checkpoint_metadata.json,238,b295b82943ae24bb8c0a59162e847fef7bed0e5d7c95a5fca50d82527eb99232,.json,reference_data
reference_data/experiment_benchmark/oa_mae_revision/checkpoint_metadata/unet_s2/SCN_UNet_S2_fold_Kigali_K25_s10.checkpoint_metadata.json,239,f4cd739613d56c5e4ff20d3366151acfb2fb050dbda0cf1bfb4e69ac50929774,.json,reference_data
reference_data/experiment_benchmark/oa_mae_revision/checkpoint_metadata/unet_s2/SCN_UNet_S2_fold_Kigali_K25_s2.checkpoint_metadata.json,238,cd689692e6d619e9e160838fd003705af50cc6921836ab7d4b751ef108b136d1,.json,reference_data
reference_data/experiment_benchmark/oa_mae_revision/checkpoint_metadata/unet_s2/SCN_UNet_S2_fold_Kigali_K25_s3.checkpoint_metadata.json,238,fe800bb19f88aa03b340697393075e2447164d048570154815947529d00c4050,.json,reference_data
reference_data/experiment_benchmark/oa_mae_revision/checkpoint_metadata/unet_s2/SCN_UNet_S2_fold_Kigali_K25_s4.checkpoint_metadata.json,238,7e4f37e0e747ec1c84ce0b1f12e212bff7c758d2b78979d4f24189c846f3cc5c,.json,reference_data
reference_data/experiment_benchmark/oa_mae_revision/checkpoint_metadata/unet_s2/SCN_UNet_S2_fold_Kigali_K25_s5.checkpoint_metadata.json,236,8c26c7034a00189b5c6809eb85c355cbf09f4db38749844040f8ebeb64f9706b,.json,reference_data
reference_data/experiment_benchmark/oa_mae_revision/checkpoint_metadata/unet_s2/SCN_UNet_S2_fold_Kigali_K25_s6.checkpoint_metadata.json,238,f326dc1fbd769a6b106dbc44f4ba6f741f2ed2da8a3ef970397ab9dbd016aad8,.json,reference_data
reference_data/experiment_benchmark/oa_mae_revision/checkpoint_metadata/unet_s2/SCN_UNet_S2_fold_Kigali_K25_s7.checkpoint_metadata.json,238,645269ff57a45e85810c1da0b9969332d687a15af55544857b0aef7176fe9f29,.json,reference_data
reference_data/experiment_benchmark/oa_mae_revision/checkpoint_metadata/unet_s2/SCN_UNet_S2_fold_Kigali_K25_s8.checkpoint_metadata.json,238,8836ce2a81b96eac74a88c73fe79e778aa57345f76d7abf1090b7b1b5e996022,.json,reference_data
reference_data/experiment_benchmark/oa_mae_revision/checkpoint_metadata/unet_s2/SCN_UNet_S2_fold_Kigali_K25_s9.checkpoint_metadata.json,238,e18c50fa7d4bf78d73e59ddaf93691453c8b312bac6aa3a69752ddedefbcf987,.json,reference_data
reference_data/experiment_benchmark/oa_mae_revision/checkpoint_metadata/unet_s2/SCN_UNet_S2_fold_Kigali_K50_s1.checkpoint_metadata.json,238,b5be7d4087274d40299c770ee4ae11d4d29c789888fea53bc4bed66b21fe9df9,.json,reference_data
reference_data/experiment_benchmark/oa_mae_revision/checkpoint_metadata/unet_s2/SCN_UNet_S2_fold_Kigali_K50_s10.checkpoint_metadata.json,239,aec016a24413a6f21a60fcb129efc329f6fe5d7d782497afa3f3804113e7c4da,.json,reference_data
reference_data/experiment_benchmark/oa_mae_revision/checkpoint_metadata/unet_s2/SCN_UNet_S2_fold_Kigali_K50_s2.checkpoint_metadata.json,238,040d19f677f987777c0d94cce3f38104f4ffe0887bfbc72f499d47fae750bf9b,.json,reference_data
reference_data/experiment_benchmark/oa_mae_revision/checkpoint_metadata/unet_s2/SCN_UNet_S2_fold_Kigali_K50_s3.checkpoint_metadata.json,238,76b36ca5990e1b1f0e9fd6d85e081e204045c60066e29fbbb9e6948dffdebb01,.json,reference_data
reference_data/experiment_benchmark/oa_mae_revision/checkpoint_metadata/unet_s2/SCN_UNet_S2_fold_Kigali_K50_s4.checkpoint_metadata.json,238,c5b43380b7587efde671b0d2429bec106f0e1d04ec963da415f79c06dddbbcf6,.json,reference_data
reference_data/experiment_benchmark/oa_mae_revision/checkpoint_metadata/unet_s2/SCN_UNet_S2_fold_Kigali_K50_s5.checkpoint_metadata.json,238,3952cf0a03739e6d2f4ef9e427b01172648ddd4eecdc4d94649e9a58597ba792,.json,reference_data
reference_data/experiment_benchmark/oa_mae_revision/checkpoint_metadata/unet_s2/SCN_UNet_S2_fold_Kigali_K50_s6.checkpoint_metadata.json,238,6222ea722bc530dea13ade02ce858270a0c85a9434048d67e0110528aa21d1ea,.json,reference_data
reference_data/experiment_benchmark/oa_mae_revision/checkpoint_metadata/unet_s2/SCN_UNet_S2_fold_Kigali_K50_s7.checkpoint_metadata.json,238,d05a4664bb7e27c915afa12354a25bf51f7cebdeb1dc26d7c3e23146a42a951e,.json,reference_data
reference_data/experiment_benchmark/oa_mae_revision/checkpoint_metadata/unet_s2/SCN_UNet_S2_fold_Kigali_K50_s8.checkpoint_metadata.json,238,dae0808597b9b2b00f40b30566ec60071e4145c372d391bbedd35f4558525e7e,.json,reference_data
reference_data/experiment_benchmark/oa_mae_revision/checkpoint_metadata/unet_s2/SCN_UNet_S2_fold_Kigali_K50_s9.checkpoint_metadata.json,238,f444db13d1c6c8d1de912fb00f3847bfeb95d63cd9b941779a2e889dc2567017,.json,reference_data
reference_data/experiment_benchmark/oa_mae_revision/checkpoint_metadata/unet_s2/SCN_UNet_S2_fold_Yaounde_K10_s1.checkpoint_metadata.json,238,8f8d1f9ef77e9cfd24f9e4ccc034da37d43140dc1ba482cca1b2aa904d28e133,.json,reference_data
reference_data/experiment_benchmark/oa_mae_revision/checkpoint_metadata/unet_s2/SCN_UNet_S2_fold_Yaounde_K10_s10.checkpoint_metadata.json,240,5e5d7f58886b5012295714d2e9875e7650e178027eb66d241adbc82e8791c4eb,.json,reference_data
reference_data/experiment_benchmark/oa_mae_revision/checkpoint_metadata/unet_s2/SCN_UNet_S2_fold_Yaounde_K10_s2.checkpoint_metadata.json,239,820fd4a9e93138ce183b8a42f81f29d3bddd24901a724a50e645f4e6b536b551,.json,reference_data
reference_data/experiment_benchmark/oa_mae_revision/checkpoint_metadata/unet_s2/SCN_UNet_S2_fold_Yaounde_K10_s3.checkpoint_metadata.json,239,c6ee0ba07421207b0c331ceeee584ad8eb454adc8961e9db3e6f31a8992f58d7,.json,reference_data
reference_data/experiment_benchmark/oa_mae_revision/checkpoint_metadata/unet_s2/SCN_UNet_S2_fold_Yaounde_K10_s4.checkpoint_metadata.json,239,21d4e4b9abeaedf1f62c3fac509edf5e8ec0224b6bc94c7c1807bb8f73a04f52,.json,reference_data
reference_data/experiment_benchmark/oa_mae_revision/checkpoint_metadata/unet_s2/SCN_UNet_S2_fold_Yaounde_K10_s5.checkpoint_metadata.json,239,7e73402fbe7b988940bc0f900686878fa9128d50d3c1ce1f26b7b03cec8ec5f6,.json,reference_data
reference_data/experiment_benchmark/oa_mae_revision/checkpoint_metadata/unet_s2/SCN_UNet_S2_fold_Yaounde_K10_s6.checkpoint_metadata.json,239,a134d1b9d6b0b38fa9a29c933d163635bd8391ae196928b408c248b9dac65315,.json,reference_data
reference_data/experiment_benchmark/oa_mae_revision/checkpoint_metadata/unet_s2/SCN_UNet_S2_fold_Yaounde_K10_s7.checkpoint_metadata.json,239,781cf9e5ae7e3514cdfefef3265930d8758c35cb79848034406322ccc0a546fb,.json,reference_data
reference_data/experiment_benchmark/oa_mae_revision/checkpoint_metadata/unet_s2/SCN_UNet_S2_fold_Yaounde_K10_s8.checkpoint_metadata.json,239,55283b51e9df743532d7577bcecea49df12dca9b77793a97c0d4c2ea4cacbfc3,.json,reference_data
reference_data/experiment_benchmark/oa_mae_revision/checkpoint_metadata/unet_s2/SCN_UNet_S2_fold_Yaounde_K10_s9.checkpoint_metadata.json,239,9460944612f1227b0f39a57fc9f29d0b6e74bec7a109eb2d00a6e099e60860da,.json,reference_data
reference_data/experiment_benchmark/oa_mae_revision/checkpoint_metadata/unet_s2/SCN_UNet_S2_fold_Yaounde_K25_s1.checkpoint_metadata.json,239,ee70ebf9a22136dc4e4911ab11f2ce9a328223d3e757954d08aded47da25fc43,.json,reference_data
reference_data/experiment_benchmark/oa_mae_revision/checkpoint_metadata/unet_s2/SCN_UNet_S2_fold_Yaounde_K25_s10.checkpoint_metadata.json,239,a844b8a0fcdfcc2ac6b819ba89763ebd4e7e8740927d587eee1a5b9c54263e93,.json,reference_data
reference_data/experiment_benchmark/oa_mae_revision/checkpoint_metadata/unet_s2/SCN_UNet_S2_fold_Yaounde_K25_s2.checkpoint_metadata.json,239,5d85fc8fa41ea6aca7ea53d5657d3ca51624e7fccc8c6e726ca7fd5542cdbb7d,.json,reference_data
reference_data/experiment_benchmark/oa_mae_revision/checkpoint_metadata/unet_s2/SCN_UNet_S2_fold_Yaounde_K25_s3.checkpoint_metadata.json,239,91c11493b5340185f9f4409395f86f905035785ffa4f71c48983202fc0493be7,.json,reference_data
reference_data/experiment_benchmark/oa_mae_revision/checkpoint_metadata/unet_s2/SCN_UNet_S2_fold_Yaounde_K25_s4.checkpoint_metadata.json,239,6727595ef4d8838536e96ca794136fa98ff57bd7dc5dff008bbaa9dc2780472d,.json,reference_data
reference_data/experiment_benchmark/oa_mae_revision/checkpoint_metadata/unet_s2/SCN_UNet_S2_fold_Yaounde_K25_s5.checkpoint_metadata.json,239,bdb5c5ef3b31fa9b32b9851e5ffbcf9eb2ee93300afde3532c3450dde6d42ba8,.json,reference_data
reference_data/experiment_benchmark/oa_mae_revision/checkpoint_metadata/unet_s2/SCN_UNet_S2_fold_Yaounde_K25_s6.checkpoint_metadata.json,239,98b2ca90fa2710f9e38115b2759e52b5394a04aed6f90a2c32e02e66cb5149e2,.json,reference_data
reference_data/experiment_benchmark/oa_mae_revision/checkpoint_metadata/unet_s2/SCN_UNet_S2_fold_Yaounde_K25_s7.checkpoint_metadata.json,239,aa0c093a9a045980111b7b7f785d02604786e05dc05cd60e5114c43b11e3e309,.json,reference_data
reference_data/experiment_benchmark/oa_mae_revision/checkpoint_metadata/unet_s2/SCN_UNet_S2_fold_Yaounde_K25_s8.checkpoint_metadata.json,239,940f5470da4f6b65fb01df1b2d385b4077648b971160b2453168386b8b5f47a4,.json,reference_data
reference_data/experiment_benchmark/oa_mae_revision/checkpoint_metadata/unet_s2/SCN_UNet_S2_fold_Yaounde_K25_s9.checkpoint_metadata.json,239,0c380d174f34e9ed14356f4875d85c35773bae8f0bd6a441640a6e3ac2786197,.json,reference_data
reference_data/experiment_benchmark/oa_mae_revision/checkpoint_metadata/unet_s2/SCN_UNet_S2_fold_Yaounde_K50_s1.checkpoint_metadata.json,239,9cd4f439a4dd0d040093ad94fb09005e99ed83d74392600dddf169e503632744,.json,reference_data
reference_data/experiment_benchmark/oa_mae_revision/checkpoint_metadata/unet_s2/SCN_UNet_S2_fold_Yaounde_K50_s10.checkpoint_metadata.json,240,e0428626fedeec3279dd10e1bf1059ea32d142ed54d6078a4f1ecd255b65912a,.json,reference_data
reference_data/experiment_benchmark/oa_mae_revision/checkpoint_metadata/unet_s2/SCN_UNet_S2_fold_Yaounde_K50_s2.checkpoint_metadata.json,239,856c746fc79a07313eb90e51e7ef39e27aa71b318dad6710a20101783b5a5fa5,.json,reference_data
reference_data/experiment_benchmark/oa_mae_revision/checkpoint_metadata/unet_s2/SCN_UNet_S2_fold_Yaounde_K50_s3.checkpoint_metadata.json,239,814a2cc775827193135bab34ed185808ab1d6003a778142a4c2931fa17607d46,.json,reference_data
reference_data/experiment_benchmark/oa_mae_revision/checkpoint_metadata/unet_s2/SCN_UNet_S2_fold_Yaounde_K50_s4.checkpoint_metadata.json,239,d729c6555f78a4cb53606631a792b4fd198cc493524fd3ebf49a68e50e59d28e,.json,reference_data
reference_data/experiment_benchmark/oa_mae_revision/checkpoint_metadata/unet_s2/SCN_UNet_S2_fold_Yaounde_K50_s5.checkpoint_metadata.json,239,36f954ba68b9f8e47572717768fdb4094567408b9d15b33b9ebf78505b9cad79,.json,reference_data
reference_data/experiment_benchmark/oa_mae_revision/checkpoint_metadata/unet_s2/SCN_UNet_S2_fold_Yaounde_K50_s6.checkpoint_metadata.json,239,761c88d9ab00c13ddcae539d59c0f2517939858468393b905abb8f8bcc7a3856,.json,reference_data
reference_data/experiment_benchmark/oa_mae_revision/checkpoint_metadata/unet_s2/SCN_UNet_S2_fold_Yaounde_K50_s7.checkpoint_metadata.json,239,6dca09a7a20d0580614fcb44c409b1792d360808e8d97199d039777e372e456a,.json,reference_data
reference_data/experiment_benchmark/oa_mae_revision/checkpoint_metadata/unet_s2/SCN_UNet_S2_fold_Yaounde_K50_s8.checkpoint_metadata.json,239,e9df5ce5d89578c7c3eb96fc1414f2be2d6e93a123029e2d535ad812dd51326d,.json,reference_data
reference_data/experiment_benchmark/oa_mae_revision/checkpoint_metadata/unet_s2/SCN_UNet_S2_fold_Yaounde_K50_s9.checkpoint_metadata.json,239,6b6f05812c227e10dbca63f4e0b603f72fa02a2c9c5129232abf264115f73986,.json,reference_data
reference_data/experiment_benchmark/oa_mae_revision/compute/compute_runs.csv,1134,3dccd711d6294ac08b21d9e079809e3b61a7785cf2c7184dc2eea2499b6da658,.csv,reference_data
reference_data/experiment_benchmark/oa_mae_revision/compute/hardware.txt,971,e379d8a392d75fbf2057dc7352500d3af25a7d965a3251a9921b426c43def1b9,.txt,reference_data
reference_data/experiment_benchmark/oa_mae_revision/compute/software.txt,708,18d36a8c6ee28e1404fa0eeb88d0980f61417fed8b3c7ab3de47a5768d5f0c58,.txt,reference_data
reference_data/experiment_benchmark/oa_mae_revision/configs/cfg_SCN_37521ce2.json,146,51c67ab9df3b285bd8c7c60f7aa8498540f66fa0a8fd3494d01c0c241452438e,.json,reference_data
reference_data/experiment_benchmark/oa_mae_revision/configs/cfg_SCN_3a3d58b3.json,145,627c78095d18f8704c0cd69471e6fede8e6f1d6b2a46defddb850eeb6b2e1993,.json,reference_data
reference_data/experiment_benchmark/oa_mae_revision/configs/cfg_SCN_50d4825d.json,144,2e9ec7cf9f4cae9ac65843f4def67d0cf67ab1b36b7b3f9ec7dd52ffee741a2e,.json,reference_data
reference_data/experiment_benchmark/oa_mae_revision/configs/cfg_SCN_5804b62f.json,145,5763f947aa206ea1b565e34b599f15c624c1e9ad80cd45c89dd550cadfe33883,.json,reference_data
reference_data/experiment_benchmark/oa_mae_revision/configs/cfg_SCN_5bcca47d.json,144,fa64906c2deb0b8581c08a8a0480df9c8e335721ba190501d1b1650564ca88bb,.json,reference_data
reference_data/experiment_benchmark/oa_mae_revision/configs/cfg_SCN_73c1e013.json,145,adb93257bcf1dee391afb8c9d41bc81163bc0dbb5e9e6cab87bccdb85e611c4b,.json,reference_data
reference_data/experiment_benchmark/oa_mae_revision/configs/cfg_SCN_7c8cf7c5.json,148,9d3c7d392d233cf569dac4186e8c55f7c0313b53bfb000c1165bad3f2b924db9,.json,reference_data
reference_data/experiment_benchmark/oa_mae_revision/configs/cfg_SCN_9a4f2ed1.json,146,eb15c596fcf0e38b988964613af82ed435865ec08d334194d1f2cb7adc8fa596,.json,reference_data
reference_data/experiment_benchmark/oa_mae_revision/configs/cfg_SCN_a5d4a021.json,146,1f7b3f22c07c80ed2583ce15ff879e431a16697e3cd2a2ae2c6afd30e9c6740d,.json,reference_data
reference_data/experiment_benchmark/oa_mae_revision/configs/cfg_SCN_cdd8add6.json,148,d79c51c415316d75666a931c881a0403a2bcf4ab700d7c10b77bbdf1af768f79,.json,reference_data
reference_data/experiment_benchmark/oa_mae_revision/configs/cfg_SCN_ddc3188d.json,148,3fd2145a0fa08104c063abced8444cff1e65253228cf59b8ddd6821b78eb0758,.json,reference_data
reference_data/experiment_benchmark/oa_mae_revision/configs/cfg_SCN_e0b94a24.json,144,5bcdea2a645f7fa3b2c61190fa619b8682e5dbd6662bfae717496969138ee2ab,.json,reference_data
reference_data/experiment_benchmark/oa_mae_revision/data/arrays/SCN_dak_0058.npz,351214,6bef210e0fd292308700241250dbad6ccd26a6bb9b563c31e95d94f96eaf24e6,.npz,reference_data
reference_data/experiment_benchmark/oa_mae_revision/data/arrays/SCN_dak_0059.npz,359420,e576bca8a8908503020a5c594bbd429b633aea22417691056a35f525722b7885,.npz,reference_data
reference_data/experiment_benchmark/oa_mae_revision/data/arrays/SCN_dak_0060.npz,372388,f82b333321f40476d9437ae6112215ab6f44d08ceb415218f3b827eae47e5044,.npz,reference_data
reference_data/experiment_benchmark/oa_mae_revision/data/arrays/SCN_dak_0061.npz,396650,ae56d07c650d7f15ac474507362db7588146f7fcb2adf4962a527dceb00dec4c,.npz,reference_data
reference_data/experiment_benchmark/oa_mae_revision/data/arrays/SCN_dak_0062.npz,384546,31d019b3b4eb0917e9afc2a60890f39edbd8676b94c41ee515a6edc36a9973c0,.npz,reference_data
reference_data/experiment_benchmark/oa_mae_revision/data/arrays/SCN_dak_0063.npz,370889,c9e86df8ce045d978e9f404c72180d32df01c5bb81aebb6cfefbf43797f3cb3a,.npz,reference_data
reference_data/experiment_benchmark/oa_mae_revision/data/arrays/SCN_dak_0064.npz,406439,7625e282bf5ecc11e3f2c67677aca1f8727d625f41c25357f7cabc4f2d419a9c,.npz,reference_data
reference_data/experiment_benchmark/oa_mae_revision/data/arrays/SCN_dak_0065.npz,408309,fea654dc1f612fd64a5ffe7644a09acb3141ffb0434308c4d1e16c008d3503d1,.npz,reference_data
reference_data/experiment_benchmark/oa_mae_revision/data/arrays/SCN_dak_0066.npz,356524,01a0ab81c8e4973fc57e12bbd09d65eb8239b8d2cf164576a0eb3d69a406beca,.npz,reference_data
reference_data/experiment_benchmark/oa_mae_revision/data/arrays/SCN_dak_0067.npz,355866,1a5775da55afa3e452a019ee29394144a0e2e935085014a6d4085c3d698a2d83,.npz,reference_data
reference_data/experiment_benchmark/oa_mae_revision/data/arrays/SCN_dak_0068.npz,416252,6dfe91bf46fd842dcfd2eb7818de22db105688784d30590cb811e26a0fa61620,.npz,reference_data
reference_data/experiment_benchmark/oa_mae_revision/data/arrays/SCN_dak_0069.npz,391779,ba7a5dc310569405463c624fa6cbaef6d0ae8533e9e531401768d94a725c937e,.npz,reference_data
reference_data/experiment_benchmark/oa_mae_revision/data/arrays/SCN_dar_0058.npz,400281,f6e55f4b1670f72ef6962f69a82766a100207f2ea5d44bf5964053031774850a,.npz,reference_data
reference_data/experiment_benchmark/oa_mae_revision/data/arrays/SCN_dar_0059.npz,423032,f03b6c80a2df53c1280c87d26fab9a20ba068091e7bc5aa1a069498855eabce3,.npz,reference_data
reference_data/experiment_benchmark/oa_mae_revision/data/arrays/SCN_dar_0060.npz,374845,143bfaf0d2cb63fd3e8616ecaebc4d9b3e7b515eef7f8f67fc28c96998529b9e,.npz,reference_data
reference_data/experiment_benchmark/oa_mae_revision/data/arrays/SCN_dar_0061.npz,400105,4b56d909cd6da05cb936fb1477f014b1396dfc1e19fe24a68f33b4b3390f50f0,.npz,reference_data
reference_data/experiment_benchmark/oa_mae_revision/data/arrays/SCN_dar_0062.npz,418724,ebcc5504ed508f011e7a37ae71b2ed25d1ee6869cbbd7f41ef9be410ed93c45f,.npz,reference_data
reference_data/experiment_benchmark/oa_mae_revision/data/arrays/SCN_dar_0063.npz,383639,a173e1fbb9e8e53c290ab27218d1d9b164724de14382fc60f3d504d0f5d8185e,.npz,reference_data
reference_data/experiment_benchmark/oa_mae_revision/data/arrays/SCN_dar_0064.npz,421933,61222e72e5b5db1a38e91a33abb0ae957a38c5ff5ad25db6b19ea77cf6ed214e,.npz,reference_data
reference_data/experiment_benchmark/oa_mae_revision/data/arrays/SCN_dar_0065.npz,377399,bce4ddbc907150cf8e52f9bda80878514bbd83b3f7a1f6f1461e9c877a1d5b99,.npz,reference_data
reference_data/experiment_benchmark/oa_mae_revision/data/arrays/SCN_dar_0066.npz,386058,aec6c6b1d52cbc8cf79ea21cdab6efadb2c7559a3dc0937657950b18a91f2af6,.npz,reference_data
reference_data/experiment_benchmark/oa_mae_revision/data/arrays/SCN_dar_0067.npz,422187,524b6daf9a530ab545165163a27550d8f9aecd54c15b46e193ae84526ba43de7,.npz,reference_data
reference_data/experiment_benchmark/oa_mae_revision/data/arrays/SCN_dar_0068.npz,417846,b94bb5158ac81a8dfe428504ccf952bb93d20894974eb66e09c071e76863fe76,.npz,reference_data
reference_data/experiment_benchmark/oa_mae_revision/data/arrays/SCN_dar_0069.npz,374122,96829c1134fae19899e3a38553c7157529aef722dab5a7897160c65b349f54d1,.npz,reference_data
reference_data/experiment_benchmark/oa_mae_revision/data/arrays/SCN_dou_0058.npz,410058,5fad91bce1f4639edaaef55fcdabd336098f99006931225c01defe43df3408ac,.npz,reference_data
reference_data/experiment_benchmark/oa_mae_revision/data/arrays/SCN_dou_0059.npz,408650,0cdfd64f5be53751e6f4f0abd283cb3102c2307d82cef201b5ed7b589e8daadf,.npz,reference_data
reference_data/experiment_benchmark/oa_mae_revision/data/arrays/SCN_dou_0060.npz,352021,03e1289b1a7a8e13290171f9683a630ec36eaed40a523aed0d2c79cc35a8a5a4,.npz,reference_data
reference_data/experiment_benchmark/oa_mae_revision/data/arrays/SCN_dou_0061.npz,419296,fb3f3e0f40cae86555a34411f7e5a18952b2b3cb8517df5b5245333ff4fffb2f,.npz,reference_data
reference_data/experiment_benchmark/oa_mae_revision/data/arrays/SCN_dou_0062.npz,423994,06d56a4bab7d85b99f799f6fb3b92ba906c96b9a538cb6766aa155dcdf2f9370,.npz,reference_data
reference_data/experiment_benchmark/oa_mae_revision/data/arrays/SCN_dou_0063.npz,374929,ef66b35bf50d924d48910058bd31d8b6394463cb40290ec6f94f9785c4b87f00,.npz,reference_data
reference_data/experiment_benchmark/oa_mae_revision/data/arrays/SCN_dou_0064.npz,408856,df4f6b9efdf4afc9d6edb88f47a720d2e6577875c138e3631c687823a561b1c3,.npz,reference_data
reference_data/experiment_benchmark/oa_mae_revision/data/arrays/SCN_dou_0065.npz,415259,f7af1fabca715bdebddd713e982e2eea9ece49aba2776f9d28672085e258fd40,.npz,reference_data
reference_data/experiment_benchmark/oa_mae_revision/data/arrays/SCN_dou_0066.npz,365727,27dc0d5dbedf3cac153553ee5881472b1cc73dd532507e9c6dd698be608f71e9,.npz,reference_data
reference_data/experiment_benchmark/oa_mae_revision/data/arrays/SCN_dou_0067.npz,416396,edbd9b582a68813bcd600cb144b6022985f552f2448ac8b610e5e10a75f4ac31,.npz,reference_data
reference_data/experiment_benchmark/oa_mae_revision/data/arrays/SCN_dou_0068.npz,358400,af56227e57dbe576b15a1bb2dfab1c90a00f852b7dfae346c6ba59ca4b3a6e10,.npz,reference_data
reference_data/experiment_benchmark/oa_mae_revision/data/arrays/SCN_dou_0069.npz,372606,04aec98c210193800de38da7fe9bf9ece8740ab953ff6b4bf9b02cffbec8dcca,.npz,reference_data
reference_data/experiment_benchmark/oa_mae_revision/data/arrays/SCN_gar_0058.npz,423145,74f5d8eb9e5b00d3bf72e1dcab6aea70aae0e2e0ea390b065471f8327cac14e7,.npz,reference_data
reference_data/experiment_benchmark/oa_mae_revision/data/arrays/SCN_gar_0059.npz,423108,14df9fcc00f7a122fcb6b489f10b952937c7f9d0aabdcb948b74ae880c59cade,.npz,reference_data
reference_data/experiment_benchmark/oa_mae_revision/data/arrays/SCN_gar_0060.npz,366867,b3bfdd9584cc2d16111c05d5812e0ccebd8c582c5f59bfd4a3bc4b1fe7047da5,.npz,reference_data
reference_data/experiment_benchmark/oa_mae_revision/data/arrays/SCN_gar_0061.npz,382279,d26537ffdd7fc3e185169526aa94befca0f97a7edd5532d27eb9d7406dd61d43,.npz,reference_data
reference_data/experiment_benchmark/oa_mae_revision/data/arrays/SCN_gar_0062.npz,419045,4657462f840713e21c0803912b1d62ea89a8608787eaeb99d2e29af84950f9ec,.npz,reference_data
reference_data/experiment_benchmark/oa_mae_revision/data/arrays/SCN_gar_0063.npz,355404,f55184853c4f7fa9789661d45f00e6f3d54bde47d4a569aa60ded0f9d0824e64,.npz,reference_data
reference_data/experiment_benchmark/oa_mae_revision/data/arrays/SCN_gar_0064.npz,423507,09a917e832df707033ee8c80ab2108e3416436d1b9a0c974b24ddc5516391645,.npz,reference_data
reference_data/experiment_benchmark/oa_mae_revision/data/arrays/SCN_gar_0065.npz,424188,fbde156e5e68d9b1daf6a40e530532c37dc349a650a19fd4b06b9c21379cc3db,.npz,reference_data
reference_data/experiment_benchmark/oa_mae_revision/data/arrays/SCN_gar_0066.npz,368661,58086b75cef9154129cdf0ba0935cdd358198e3eb8477ab54002c4fdf39a6139,.npz,reference_data
reference_data/experiment_benchmark/oa_mae_revision/data/arrays/SCN_gar_0067.npz,364124,d54c4533f176918e096bad7c65004be067ca09db335d751342391f2aa1fb61b4,.npz,reference_data
reference_data/experiment_benchmark/oa_mae_revision/data/arrays/SCN_gar_0068.npz,422325,50d3e3cda7c6a058efea248848718b289c2d8da8ded0f9d32655967a488a0ec1,.npz,reference_data
reference_data/experiment_benchmark/oa_mae_revision/data/arrays/SCN_gar_0069.npz,386408,c544a650101141814a36fe891d47e8e5b84a4237a39b1db23d2a11fbeee5a6e8,.npz,reference_data
reference_data/experiment_benchmark/oa_mae_revision/data/arrays/SCN_kig_0058.npz,386786,c21bf33329ed10b2e4d11b0ba0470a79ca9e3d3a14adb4bf0a5a6da1f1077a75,.npz,reference_data
reference_data/experiment_benchmark/oa_mae_revision/data/arrays/SCN_kig_0059.npz,413118,01b35d9cec5143db56cd6e5d5fbf58ff8786563a70fcc9b21b596247b0a202d6,.npz,reference_data
reference_data/experiment_benchmark/oa_mae_revision/data/arrays/SCN_kig_0060.npz,367141,05fc2a4740dbefa5c133f4b4bdc8ef4e036bbea324f7a9b090bd6c8f8aad4bcf,.npz,reference_data
reference_data/experiment_benchmark/oa_mae_revision/data/arrays/SCN_kig_0061.npz,370622,804e1abc7165e9747a4cab36ce084760501f2d9854bd8ebaa8a96ef1cfad46c6,.npz,reference_data
reference_data/experiment_benchmark/oa_mae_revision/data/arrays/SCN_kig_0062.npz,413605,2a2c27c3882b840047d7ac0405c6af5babe5f30e4e1ec09d61876995b1017494,.npz,reference_data
reference_data/experiment_benchmark/oa_mae_revision/data/arrays/SCN_kig_0063.npz,382745,38ee7c7570934b884a0f167d37ccfcf1fd38ecf5024f8acdd74249c7c2be2b63,.npz,reference_data
reference_data/experiment_benchmark/oa_mae_revision/data/arrays/SCN_kig_0064.npz,405827,294fa0b40a5947609ba252c70160a22c30f73ae6e1e49aa2052154373d9c3d9d,.npz,reference_data
reference_data/experiment_benchmark/oa_mae_revision/data/arrays/SCN_kig_0065.npz,417836,84f73d585a63eeb508116624840ebe861d48dc0230a5da9b05222cb0e46005f9,.npz,reference_data
reference_data/experiment_benchmark/oa_mae_revision/data/arrays/SCN_kig_0066.npz,365693,f09e42c68ca1a5773916c67d9387baa27f7277f552c50c519646d8434b1cda9e,.npz,reference_data
reference_data/experiment_benchmark/oa_mae_revision/data/arrays/SCN_kig_0067.npz,422883,9afd410a2cfaf84da7d803c64b9e1c12b48369cba1d8739e98973984acce32bf,.npz,reference_data
reference_data/experiment_benchmark/oa_mae_revision/data/arrays/SCN_kig_0068.npz,412649,029fb0dea6e727f9ccc701db55be78a814f82addd828ccc083da55a5428a8484,.npz,reference_data
reference_data/experiment_benchmark/oa_mae_revision/data/arrays/SCN_kig_0069.npz,370414,1f80b935dcf2a6af2a8682906449d26abe0dca79eab25b92b88cd65c00ebb994,.npz,reference_data
reference_data/experiment_benchmark/oa_mae_revision/data/arrays/SCN_yao_0058.npz,420042,560466c6bdd91914f45b19015f618879de87debe002f185ac729d70209ee2c47,.npz,reference_data
reference_data/experiment_benchmark/oa_mae_revision/data/arrays/SCN_yao_0059.npz,420134,bb83e338e9c4aae79182f0967988fd2301e82b775520dfe178ce336e5d7df695,.npz,reference_data
reference_data/experiment_benchmark/oa_mae_revision/data/arrays/SCN_yao_0060.npz,379329,14cc255a2bc0397c43c876abd34e00a7e38f543ddc29d4e9a4a0836e2f322fd9,.npz,reference_data
reference_data/experiment_benchmark/oa_mae_revision/data/arrays/SCN_yao_0061.npz,381996,0f41b6e323b3eabf8fded8a3b8a9727dc3cfc3b6c71bb85a750ee474e7754e17,.npz,reference_data
reference_data/experiment_benchmark/oa_mae_revision/data/arrays/SCN_yao_0062.npz,422583,20351e8b98ea7f7676c9c644bb1a0e6dedbf97dab17d717aa062e0c20fe5587e,.npz,reference_data
reference_data/experiment_benchmark/oa_mae_revision/data/arrays/SCN_yao_0063.npz,368298,53a918ad734b6d10e42decbab6b6c47bf93a4d1e593e609e700dd74b3b4f2a6d,.npz,reference_data
reference_data/experiment_benchmark/oa_mae_revision/data/arrays/SCN_yao_0064.npz,423080,371db3d7fc99cce5e0a50727a08739274f2d8fdc5ec181a1b7b6e444093eed21,.npz,reference_data
reference_data/experiment_benchmark/oa_mae_revision/data/arrays/SCN_yao_0065.npz,422778,776009b88b8f3d930416e0ff085d02512fab1bf6f5a63053a6d249c1fcd51980,.npz,reference_data
reference_data/experiment_benchmark/oa_mae_revision/data/arrays/SCN_yao_0066.npz,372298,db93996716b83d5a22c4b4295ba97f10eef6b7cd3e79b7dd12dd323d25fae923,.npz,reference_data
reference_data/experiment_benchmark/oa_mae_revision/data/arrays/SCN_yao_0067.npz,422937,0856bb1620906c5c040f6900dae6cc309fa117906b81fc15800a8cee4218432e,.npz,reference_data
reference_data/experiment_benchmark/oa_mae_revision/data/arrays/SCN_yao_0068.npz,402937,4c702783636383d2d91b7c335225155fefc73e6302053b5bb331b6678bcbd7a1,.npz,reference_data
reference_data/experiment_benchmark/oa_mae_revision/data/arrays/SCN_yao_0069.npz,378162,d51947646409ac42cc2b65431e72b8fcc3d4acc35adf1d7c0c966b7a736820bc,.npz,reference_data
reference_data/experiment_benchmark/oa_mae_revision/data/clouds/SCN_dak_0058_t1.npz,31267,9521e6e2f51e71a97bc1c33ec4f85d1f3646c1c50020b38613c90927778d3f86,.npz,reference_data
reference_data/experiment_benchmark/oa_mae_revision/data/clouds/SCN_dak_0058_t2.npz,30786,5f44f77e5b0903171b5672916ccebcaa5177412da0ef291d0f0f4d5bc205c598,.npz,reference_data
reference_data/experiment_benchmark/oa_mae_revision/data/clouds/SCN_dak_0059_t1.npz,31593,796472fef662d38facd0b949c1ea829adcd6f767f5ceeb421c7c45c13e9cb7ce,.npz,reference_data
reference_data/experiment_benchmark/oa_mae_revision/data/clouds/SCN_dak_0059_t2.npz,31086,3879212a4a6c94f5a79d4499a211cdbae0b5ffd9b9dcfa139e4ca0e4c1914ca6,.npz,reference_data
reference_data/experiment_benchmark/oa_mae_revision/data/clouds/SCN_dak_0060_t1.npz,31603,f04eb5af82918bafa39beb38843cd37988c2b91da726289f04df79a969a28025,.npz,reference_data
reference_data/experiment_benchmark/oa_mae_revision/data/clouds/SCN_dak_0060_t2.npz,31220,f477160a72c9f766bf85b40815e60348635d9e7cef8a63680c49ab7659b8316b,.npz,reference_data
reference_data/experiment_benchmark/oa_mae_revision/data/clouds/SCN_dak_0061_t1.npz,32432,92ea141e382ef432131f4aff3bd5a9ef2e56b595a3f86db046e93799506e0061,.npz,reference_data
reference_data/experiment_benchmark/oa_mae_revision/data/clouds/SCN_dak_0061_t2.npz,32149,d2f0b3e8db5964baa7e45f82dd30bb49cd3ebd8b98c21085b6cdca162577927e,.npz,reference_data
reference_data/experiment_benchmark/oa_mae_revision/data/clouds/SCN_dak_0062_t1.npz,32139,8d6eeb9f4e4a6e5d388d15a59ddbee0fed33825253ebce6c571b5823aed389f5,.npz,reference_data
reference_data/experiment_benchmark/oa_mae_revision/data/clouds/SCN_dak_0062_t2.npz,31849,4d6472f2bb333cc80d6da6b201fb71a71f98e58d3104894daf702658ea8030bb,.npz,reference_data
reference_data/experiment_benchmark/oa_mae_revision/data/clouds/SCN_dak_0063_t1.npz,31719,2c295afd515501db1f0ac7bbe0e04d11ce1fbc5f682783b3ed4bb146d1570f5e,.npz,reference_data
reference_data/experiment_benchmark/oa_mae_revision/data/clouds/SCN_dak_0063_t2.npz,31238,4b619ea7e2b6038bbe47ea0fbe42b29bec8db1eceb2422f95f4dcd5cde01d304,.npz,reference_data
reference_data/experiment_benchmark/oa_mae_revision/data/clouds/SCN_dak_0064_t1.npz,32982,27cb8839855ac7950ff7f41e8531b41e885677480e429dbddbd414ba61f9ba48,.npz,reference_data
reference_data/experiment_benchmark/oa_mae_revision/data/clouds/SCN_dak_0064_t2.npz,32481,9ec487983db7c88e32f77b2e4fc9632451ffab41b75b437ef8abbaac2f88b011,.npz,reference_data
reference_data/experiment_benchmark/oa_mae_revision/data/clouds/SCN_dak_0065_t1.npz,32960,4001f61f84af67cbadaa355ae033544f98e572bd2a437994593091e4ed4260bb,.npz,reference_data
reference_data/experiment_benchmark/oa_mae_revision/data/clouds/SCN_dak_0065_t2.npz,32812,ab3766f68a1f5ea872b5c591473ab9d933e828b687f995b1575e11abbebf804a,.npz,reference_data
reference_data/experiment_benchmark/oa_mae_revision/data/clouds/SCN_dak_0066_t1.npz,31372,9a07f27ac147486a5772779ea9b08d1114536269c42c04730292a5a645580889,.npz,reference_data
reference_data/experiment_benchmark/oa_mae_revision/data/clouds/SCN_dak_0066_t2.npz,31030,b1326801efaf4f76b1423472ba254e84407c601f5dd610a6db35c3970fbd929e,.npz,reference_data
reference_data/experiment_benchmark/oa_mae_revision/data/clouds/SCN_dak_0067_t1.npz,29130,30fa57834197a0363ce737132f7ff48959f0a13fdc91d0d79f390bcc9556ba7d,.npz,reference_data
reference_data/experiment_benchmark/oa_mae_revision/data/clouds/SCN_dak_0067_t2.npz,28662,59c28661a2f1f498f24b05a98b8f860e03ba556289912a639a93c9efbc702350,.npz,reference_data
reference_data/experiment_benchmark/oa_mae_revision/data/clouds/SCN_dak_0068_t1.npz,33080,c1d69d81645d01842aaac41aa174025adc8f667b0bff03e623193fc427ef8f11,.npz,reference_data
reference_data/experiment_benchmark/oa_mae_revision/data/clouds/SCN_dak_0068_t2.npz,33201,8f3ac5dea31a885aa158835004681bcc4d683455ad3696cba985bcbdefdf3ae2,.npz,reference_data
reference_data/experiment_benchmark/oa_mae_revision/data/clouds/SCN_dak_0069_t1.npz,32232,8b62f73fe4c40acf9db813f3725ff305e79d31a530ce38eba3e575202ff0ee85,.npz,reference_data
reference_data/experiment_benchmark/oa_mae_revision/data/clouds/SCN_dak_0069_t2.npz,32094,496c9eb025bece93269d89ea09e6372aa6d09751731f949692795fd4a20c09f7,.npz,reference_data
reference_data/experiment_benchmark/oa_mae_revision/data/clouds/SCN_dar_0058_t1.npz,32531,c11bc376aa4e52b607cc5f0a4406a64440e26f5b688f8e150308a778e69d3441,.npz,reference_data
reference_data/experiment_benchmark/oa_mae_revision/data/clouds/SCN_dar_0058_t2.npz,32011,7e8ce70356e1c82a5b3d503b026bd57667673f2ca04f1f636de47d3bdf8639ad,.npz,reference_data
reference_data/experiment_benchmark/oa_mae_revision/data/clouds/SCN_dar_0059_t1.npz,33581,b59d7dd6bbad8874bdc26dd51c4e49f1848e89c548fd47036d747716b82a0296,.npz,reference_data
reference_data/experiment_benchmark/oa_mae_revision/data/clouds/SCN_dar_0059_t2.npz,33500,24faa871dedb425edab5dad7ce54cd37e06d6b48c55f19b5ae8a3090251bcb29,.npz,reference_data
reference_data/experiment_benchmark/oa_mae_revision/data/clouds/SCN_dar_0060_t1.npz,31683,839dc675879a2dfe3f596b91a8771330e8a26df4063a630db5a659b68e123437,.npz,reference_data
reference_data/experiment_benchmark/oa_mae_revision/data/clouds/SCN_dar_0060_t2.npz,31434,6b521744cb5e6e3af1219baca1793f4cf59f29f9ecf5ff4d4a778f1c165e8613,.npz,reference_data
reference_data/experiment_benchmark/oa_mae_revision/data/clouds/SCN_dar_0061_t1.npz,32335,6b64be1d5118b7f714d70dbe6e4ebf31c11df99a72af3473f26f1e166febb9ff,.npz,reference_data
reference_data/experiment_benchmark/oa_mae_revision/data/clouds/SCN_dar_0061_t2.npz,32300,d06ca0af0b11a809c0808854ddf55898b24ad1c2df0a76b5dd66ddac3ca7daf1,.npz,reference_data
reference_data/experiment_benchmark/oa_mae_revision/data/clouds/SCN_dar_0062_t1.npz,33222,5288485c240a2caf0035e154fc1a186d8256b67e469d110215ea1dcfc907b3f3,.npz,reference_data
reference_data/experiment_benchmark/oa_mae_revision/data/clouds/SCN_dar_0062_t2.npz,33248,7440890c4628e9d01eacf7dd39253be4d86dca532011f552474d9c768f639548,.npz,reference_data
reference_data/experiment_benchmark/oa_mae_revision/data/clouds/SCN_dar_0063_t1.npz,32005,2f346facff50363c6e9dbd41a83f3f2b81109364fc564366b48f2ac4a52c2ce4,.npz,reference_data
reference_data/experiment_benchmark/oa_mae_revision/data/clouds/SCN_dar_0063_t2.npz,31790,a9a307eaaf33f6315ba26400e6eb522ea4cc50e1e6ac3062b7df92874a84d80d,.npz,reference_data
reference_data/experiment_benchmark/oa_mae_revision/data/clouds/SCN_dar_0064_t1.npz,33406,ce0f0ebb1d5b3a92f010b7dd1c454e3ec2dc3cd96b1399f91dc0943d45f2abfb,.npz,reference_data
reference_data/experiment_benchmark/oa_mae_revision/data/clouds/SCN_dar_0064_t2.npz,33229,0054aa80d2a23dd179fe27678e31d03d2e89266f49d857c3e1443f15b550ddc1,.npz,reference_data
reference_data/experiment_benchmark/oa_mae_revision/data/clouds/SCN_dar_0065_t1.npz,31846,e1b692e59cd6af54cfb258c435a7224d0a327569ef11a078a941c1f55b669384,.npz,reference_data
reference_data/experiment_benchmark/oa_mae_revision/data/clouds/SCN_dar_0065_t2.npz,31646,69225c9409bd12c955a09bc22546f19d6267be164cac45cc32c3dbbfd26dbdd8,.npz,reference_data
reference_data/experiment_benchmark/oa_mae_revision/data/clouds/SCN_dar_0066_t1.npz,32076,05fcbf41831d5786164cd1cd8a051fd06c9b9ab1ea26901f9af489ec75d9b96a,.npz,reference_data
reference_data/experiment_benchmark/oa_mae_revision/data/clouds/SCN_dar_0066_t2.npz,31842,19e7b20f0e430de77de3853d6f0d4166107f943481024dcd0b34a49cac1d6de1,.npz,reference_data
reference_data/experiment_benchmark/oa_mae_revision/data/clouds/SCN_dar_0067_t1.npz,33234,2fcc754cc2af922e1207a5dc4d6f48051595224b8631d26347de04161f7eaa3f,.npz,reference_data
reference_data/experiment_benchmark/oa_mae_revision/data/clouds/SCN_dar_0067_t2.npz,33300,37ef0e2a65cb5df370123d2eb48c6523a6ab6ae9bdf7d2e3030b64c71cc32b86,.npz,reference_data
reference_data/experiment_benchmark/oa_mae_revision/data/clouds/SCN_dar_0068_t1.npz,33233,72bf7f800ff71515ee02619e188e53a10356001aca82e24174c369526fee43ae,.npz,reference_data
reference_data/experiment_benchmark/oa_mae_revision/data/clouds/SCN_dar_0068_t2.npz,33055,9781d952d00860f52bc09e0ccff0a0d511be774baa78de516cf916d7947d2e4b,.npz,reference_data
reference_data/experiment_benchmark/oa_mae_revision/data/clouds/SCN_dar_0069_t1.npz,31405,3f711790ab47c914ad8f9539a47dc538da71d4ab3ff4b269927ccd933a6447d7,.npz,reference_data
reference_data/experiment_benchmark/oa_mae_revision/data/clouds/SCN_dar_0069_t2.npz,31499,b13fd36f91a47b0f679e42944f928a8ade3b2ad4fc304e2ebc38d60335bc9618,.npz,reference_data
reference_data/experiment_benchmark/oa_mae_revision/data/clouds/SCN_dou_0058_t1.npz,32922,a55be96b38c19a6f1dd8009827e6e490946851b3007c1cb5a2afc8d2fe5b2d9a,.npz,reference_data
reference_data/experiment_benchmark/oa_mae_revision/data/clouds/SCN_dou_0058_t2.npz,32744,5f5df21957496d9c11bba49a1507766d3e1d3d104507944a476314a732cba988,.npz,reference_data
reference_data/experiment_benchmark/oa_mae_revision/data/clouds/SCN_dou_0059_t1.npz,32908,b7e6c2b5ea65e600d77c7e4c61d8884e7466ecd6ce684a3ba98a11d05fa4c0ac,.npz,reference_data
reference_data/experiment_benchmark/oa_mae_revision/data/clouds/SCN_dou_0059_t2.npz,32678,53b31ae79793099d746609ff0561b5cddca3dc3630020d1816dce725df7d7c63,.npz,reference_data
reference_data/experiment_benchmark/oa_mae_revision/data/clouds/SCN_dou_0060_t1.npz,29364,e5ce3458cfd84e5e86aa1863662a472cd8044eff419085c61ed6f96f17c797a7,.npz,reference_data
reference_data/experiment_benchmark/oa_mae_revision/data/clouds/SCN_dou_0060_t2.npz,28455,f4e508052ed8d6ff4655345dc4187194525d8a3b96bb9b16a98fafb236db094b,.npz,reference_data
reference_data/experiment_benchmark/oa_mae_revision/data/clouds/SCN_dou_0061_t1.npz,33163,ace0ea8c7d9909a41882d2b765dad012990d87b6a9768568fd9ff43e2cc54c58,.npz,reference_data
reference_data/experiment_benchmark/oa_mae_revision/data/clouds/SCN_dou_0061_t2.npz,33309,857815dadbb4521327942415b8530337827caa63a94596540bffa859a0e1789d,.npz,reference_data
reference_data/experiment_benchmark/oa_mae_revision/data/clouds/SCN_dou_0062_t1.npz,33687,7b21a89afbee52c7963f8324a912091f89f0ee882bdb95c8c140db67d2d10d09,.npz,reference_data
reference_data/experiment_benchmark/oa_mae_revision/data/clouds/SCN_dou_0062_t2.npz,33588,36518ae3b3a0d8604232d3fda448db0c69a49c1ef89fb2c1e4a73e08e20be058,.npz,reference_data
reference_data/experiment_benchmark/oa_mae_revision/data/clouds/SCN_dou_0063_t1.npz,31705,91e3c37a461cbcaa8a865ce69dd3d299161a5b3e0f43a7adaf599c4593bdfd43,.npz,reference_data
reference_data/experiment_benchmark/oa_mae_revision/data/clouds/SCN_dou_0063_t2.npz,31456,4235dcb9b8b460300ee13ec0b27fc22ba3ff9cf8d238a70cae2fc9784802ca18,.npz,reference_data
reference_data/experiment_benchmark/oa_mae_revision/data/clouds/SCN_dou_0064_t1.npz,32701,0a1702542797f2cd667e48632ea6bcfdf39ab7d5ca4b94bdf6e619d4fb48776f,.npz,reference_data
reference_data/experiment_benchmark/oa_mae_revision/data/clouds/SCN_dou_0064_t2.npz,32674,a4d3cb1b33f3820ddaa9e504a817c99f1a0ee89a6b1bb01e6697514214348c0a,.npz,reference_data
reference_data/experiment_benchmark/oa_mae_revision/data/clouds/SCN_dou_0065_t1.npz,33242,dc5d36b9c696df2d9d0acf869732c19cf933f293b6e4ce24c808b562d4952d84,.npz,reference_data
reference_data/experiment_benchmark/oa_mae_revision/data/clouds/SCN_dou_0065_t2.npz,32939,55f1acb149115ca84fbcfeb5f6bc01dfb73c6b9b88c88341f68cbcdeb83e6a78,.npz,reference_data
reference_data/experiment_benchmark/oa_mae_revision/data/clouds/SCN_dou_0066_t1.npz,31716,b81707cafd75e6a8c41835192ddecc6a95e063850cde186da29262f08c0cdf27,.npz,reference_data
reference_data/experiment_benchmark/oa_mae_revision/data/clouds/SCN_dou_0066_t2.npz,30951,cf005c04758707acab65a6d8d09e9954bbeb6595cbc944face5c8eb7bf22691a,.npz,reference_data
reference_data/experiment_benchmark/oa_mae_revision/data/clouds/SCN_dou_0067_t1.npz,33097,3a2d7013d7266305f8f5465e3d0546dd661e5d2d73a304e3a5bb3e5da4ef229a,.npz,reference_data
reference_data/experiment_benchmark/oa_mae_revision/data/clouds/SCN_dou_0067_t2.npz,32900,188453122a1cb1a9e30fc37e628204b85649dc416d3073a904cdc8e4de1668ed,.npz,reference_data
reference_data/experiment_benchmark/oa_mae_revision/data/clouds/SCN_dou_0068_t1.npz,31454,857ead5d17abbf39eb50eb051bd875d23e28ad786f1a6c6f29fe261fb8462c59,.npz,reference_data
reference_data/experiment_benchmark/oa_mae_revision/data/clouds/SCN_dou_0068_t2.npz,30968,2b180e686e5da2109eec18e04b0a1cb680baa66939b4a62ad57e82dfeef24be9,.npz,reference_data
reference_data/experiment_benchmark/oa_mae_revision/data/clouds/SCN_dou_0069_t1.npz,31805,5bd4d597922fc01b90e1d7bf22a8f12896c58e02a08c33e768f44dcd0d5d7114,.npz,reference_data
reference_data/experiment_benchmark/oa_mae_revision/data/clouds/SCN_dou_0069_t2.npz,31009,28e41ac3e54a274fe4e91d3e28eb0a97e06f76df32c369392588d02720360601,.npz,reference_data
reference_data/experiment_benchmark/oa_mae_revision/data/clouds/SCN_gar_0058_t1.npz,33680,a2e2eeb031732c694330c90765d55845889c8f4fa55f9062ae7ac908ea5cda83,.npz,reference_data
reference_data/experiment_benchmark/oa_mae_revision/data/clouds/SCN_gar_0058_t2.npz,33549,2aae4631c072fb39638fae2ab052f5a3f60a61173ffdf06b0e21394c5b448c6c,.npz,reference_data
reference_data/experiment_benchmark/oa_mae_revision/data/clouds/SCN_gar_0059_t1.npz,33708,50aa39e3c158f1aee63fcf10e858d59ec15bab08a8e37ff009cb70181044373c,.npz,reference_data
reference_data/experiment_benchmark/oa_mae_revision/data/clouds/SCN_gar_0059_t2.npz,33612,b4a1e01e3bb41711498abc7ca48b5d7b9d87f9408d00a782add12637e318717d,.npz,reference_data
reference_data/experiment_benchmark/oa_mae_revision/data/clouds/SCN_gar_0060_t1.npz,31414,33199ef2b201871a8a0412ceef38b5e999ec1983d20d6a6c1dc18a366f8b5a7b,.npz,reference_data
reference_data/experiment_benchmark/oa_mae_revision/data/clouds/SCN_gar_0060_t2.npz,31050,27e9aef8746f55eea26ac9773325780fbeb8a266d97c7e7f958efd0920e31499,.npz,reference_data
reference_data/experiment_benchmark/oa_mae_revision/data/clouds/SCN_gar_0061_t1.npz,31848,94f9698186fab9d3d0537c549e4a305b906e2f454a4375aa7b6957bd2e1222bf,.npz,reference_data
reference_data/experiment_benchmark/oa_mae_revision/data/clouds/SCN_gar_0061_t2.npz,31543,c0b22ea98ac1587b49972a2857e355f9583b9a4c00e7a0ace3939241ec40a05e,.npz,reference_data
reference_data/experiment_benchmark/oa_mae_revision/data/clouds/SCN_gar_0062_t1.npz,33230,f7a30705149b198a833c49e10119924c6f1ab1df6acfa92144b4f011d2893491,.npz,reference_data
reference_data/experiment_benchmark/oa_mae_revision/data/clouds/SCN_gar_0062_t2.npz,33332,32071644fc97e9bce001748c10ca5d09db8346c6475da4cab232e473ec207fce,.npz,reference_data
reference_data/experiment_benchmark/oa_mae_revision/data/clouds/SCN_gar_0063_t1.npz,29890,8f75a84509d57555f78a747dccfd69eb0624e6a425fe59b2bed866b15df5ffa5,.npz,reference_data
reference_data/experiment_benchmark/oa_mae_revision/data/clouds/SCN_gar_0063_t2.npz,28821,fdcda019ecf5663184cf7cbd4cff2256127dc1eeae55495fc84d326496f7f44d,.npz,reference_data
reference_data/experiment_benchmark/oa_mae_revision/data/clouds/SCN_gar_0064_t1.npz,33346,de2db71ce44dc40b86a51855b09cf14778b91136a6c6c4def51fcdc5eac0f6b1,.npz,reference_data
reference_data/experiment_benchmark/oa_mae_revision/data/clouds/SCN_gar_0064_t2.npz,33614,6936693e3e9c88754be2967895369887818629193da6749a0c4cb55d99ffc735,.npz,reference_data
reference_data/experiment_benchmark/oa_mae_revision/data/clouds/SCN_gar_0065_t1.npz,33651,74ec60dc40877c28b36309fc4b80cbfbf2e2fbb6c3555160e9b8f9b4a0d6391e,.npz,reference_data
reference_data/experiment_benchmark/oa_mae_revision/data/clouds/SCN_gar_0065_t2.npz,33597,cbbc5dee850e61928e05dbed77de90e07a2ca00b84059c8c36f6f0b35f2192dc,.npz,reference_data
reference_data/experiment_benchmark/oa_mae_revision/data/clouds/SCN_gar_0066_t1.npz,31667,0c0704f4c3f48c7e9e2ca2b4f3de3ade55ca01385c19ec5e7c71a942141ffd06,.npz,reference_data
reference_data/experiment_benchmark/oa_mae_revision/data/clouds/SCN_gar_0066_t2.npz,31208,e9abed4c9a3418a2f35b1c44846e25281dbe4338d37203358c10ce34b6547dee,.npz,reference_data
reference_data/experiment_benchmark/oa_mae_revision/data/clouds/SCN_gar_0067_t1.npz,31471,4efab5dcdcfa2e532ba77cb83d0dd8853cbca475cbdafffa349fc4625a87c184,.npz,reference_data
reference_data/experiment_benchmark/oa_mae_revision/data/clouds/SCN_gar_0067_t2.npz,31052,e3effd6e75690780351bcbe8d4abd460b4800669e2cc5b1c97c56a71a71a7f61,.npz,reference_data
reference_data/experiment_benchmark/oa_mae_revision/data/clouds/SCN_gar_0068_t1.npz,33315,696be2e5d5842b9b93c0837825fd1e2b5b6d41c61a8fba313e0f8a91be0abc1d,.npz,reference_data
reference_data/experiment_benchmark/oa_mae_revision/data/clouds/SCN_gar_0068_t2.npz,33564,ea5f5e56e06969b3e409f75026df61ac236ad6979b613792a283a91fc10acad0,.npz,reference_data
reference_data/experiment_benchmark/oa_mae_revision/data/clouds/SCN_gar_0069_t1.npz,32126,413611aca6ba7b6a64e9583c2c8a33aebc19257d78aaf8a53da0b304bf7cc06f,.npz,reference_data
reference_data/experiment_benchmark/oa_mae_revision/data/clouds/SCN_gar_0069_t2.npz,31712,bc177f8937c299ee166d59c305bb32b30567cd1530626fe352c59aee64de9539,.npz,reference_data
reference_data/experiment_benchmark/oa_mae_revision/data/clouds/SCN_kig_0058_t1.npz,31855,11902397465f9bb5168c7b8671ec35fc25337cd7531933c3b6ee300b622328ae,.npz,reference_data
reference_data/experiment_benchmark/oa_mae_revision/data/clouds/SCN_kig_0058_t2.npz,31586,105eb2d40263f8aa891fd00f4fe47d37f947b1c1262e05f385b8c5a18fc37d01,.npz,reference_data
reference_data/experiment_benchmark/oa_mae_revision/data/clouds/SCN_kig_0059_t1.npz,32805,717ba95cbceafe76ac51ee7ffbe766d047ca8bd9b3b55ced6a63e35cd1656044,.npz,reference_data
reference_data/experiment_benchmark/oa_mae_revision/data/clouds/SCN_kig_0059_t2.npz,32775,8b606a6579da3a60f3987a00c64634e38fe258866177313ca4cf0a651d28f95b,.npz,reference_data
reference_data/experiment_benchmark/oa_mae_revision/data/clouds/SCN_kig_0060_t1.npz,31638,74f347b5f85a3cdd3fd80aaf2cc523814086780cd59b7ac1683cd01db53ed569,.npz,reference_data
reference_data/experiment_benchmark/oa_mae_revision/data/clouds/SCN_kig_0060_t2.npz,31334,79cde98c23b49202f2dee6dd37af3d86c92fa967b1fa5fefda03512fdf72f6ac,.npz,reference_data
reference_data/experiment_benchmark/oa_mae_revision/data/clouds/SCN_kig_0061_t1.npz,31507,d1aa527384d360187bd9eb5de82b0e349c0af7dfa7e5444c16f2f38a37d2068c,.npz,reference_data
reference_data/experiment_benchmark/oa_mae_revision/data/clouds/SCN_kig_0061_t2.npz,31400,7ccf2c8368e25fced2a4d5eed83a2722ebfd2176585de15e4ce2aa78faff7400,.npz,reference_data
reference_data/experiment_benchmark/oa_mae_revision/data/clouds/SCN_kig_0062_t1.npz,33177,0397a4cdc97afca9c923da5baada18ca9f300c1d34bd630ccd58b657ad8efc1f,.npz,reference_data
reference_data/experiment_benchmark/oa_mae_revision/data/clouds/SCN_kig_0062_t2.npz,32920,de0ec71b0ca59d9c13a24d8c2f9e01f6a450f530d66b4b3ea61e46c4aba2ee6f,.npz,reference_data
reference_data/experiment_benchmark/oa_mae_revision/data/clouds/SCN_kig_0063_t1.npz,32027,b1fc198d32ed7270c0c239ed1a22e54061b6ebf281d511c4897f677ff9cee58e,.npz,reference_data
reference_data/experiment_benchmark/oa_mae_revision/data/clouds/SCN_kig_0063_t2.npz,31872,1c86130555b52f551e380f7cb7518b3e41f47ee79c2efaf0e61d360e09b8c47b,.npz,reference_data
reference_data/experiment_benchmark/oa_mae_revision/data/clouds/SCN_kig_0064_t1.npz,32832,ec8e837875a58eaa0ead19f58601bb7b0d5b5b74bbc8b7cbae87cc4d91148bd8,.npz,reference_data
reference_data/experiment_benchmark/oa_mae_revision/data/clouds/SCN_kig_0064_t2.npz,32515,58182d8e9d826e7b427d41d6571c9fba904ab65090337dcaf626cd2f1bcaa276,.npz,reference_data
reference_data/experiment_benchmark/oa_mae_revision/data/clouds/SCN_kig_0065_t1.npz,33153,37abb316c65c73b9b3008fef0eb8eb4f0a5226a188a1c5752f56b382e0652261,.npz,reference_data
reference_data/experiment_benchmark/oa_mae_revision/data/clouds/SCN_kig_0065_t2.npz,33227,7266335c2abc8d4d8caed1b711062b51f6b17611de59eec2df047ae0fab4652c,.npz,reference_data
reference_data/experiment_benchmark/oa_mae_revision/data/clouds/SCN_kig_0066_t1.npz,31344,154c169534fa632ff2d9ff628f4eb681082616b3ea67c3c758d101f12167029f,.npz,reference_data
reference_data/experiment_benchmark/oa_mae_revision/data/clouds/SCN_kig_0066_t2.npz,31151,301fa8da78f835ee87a932ddf44d0da6f5df4516043b05282a3cc2be8ba8bc64,.npz,reference_data
reference_data/experiment_benchmark/oa_mae_revision/data/clouds/SCN_kig_0067_t1.npz,33504,ce3999df3f9c352207a40be0ab0d731c18a358d3d84f4d2876c5dd3fc0880e1a,.npz,reference_data
reference_data/experiment_benchmark/oa_mae_revision/data/clouds/SCN_kig_0067_t2.npz,33552,9647f527b4645cf3250eeeb23c6627e9aef8b540d36553c211eec7296bc42a28,.npz,reference_data
reference_data/experiment_benchmark/oa_mae_revision/data/clouds/SCN_kig_0068_t1.npz,33086,c0ba7fc8af1c3385479501bd180a40c5842a84170d50a0241bd39d3c1b4daf63,.npz,reference_data
reference_data/experiment_benchmark/oa_mae_revision/data/clouds/SCN_kig_0068_t2.npz,32870,29e362b1ea9a8bc8f782a905f20bcf1d9856ad93a02b48c405e428f42c77e3c8,.npz,reference_data
reference_data/experiment_benchmark/oa_mae_revision/data/clouds/SCN_kig_0069_t1.npz,31713,8ee99317c4b22f5c5d6c14d31336c900808c5b585be82985e7ec929e771065d0,.npz,reference_data
reference_data/experiment_benchmark/oa_mae_revision/data/clouds/SCN_kig_0069_t2.npz,31505,9568aa8e4c427a9ea51fa2dff9f543d2f5eb1740dbea08bc02430e3ddc254bb2,.npz,reference_data
reference_data/experiment_benchmark/oa_mae_revision/data/clouds/SCN_yao_0058_t1.npz,33295,7d05afcdbdd30e9dc586a13f96d08dcc3f5f2b9c0030c79eacc6bc7c5317613f,.npz,reference_data
reference_data/experiment_benchmark/oa_mae_revision/data/clouds/SCN_yao_0058_t2.npz,33176,d32cd4b0238b43ed703276a578b0e2741c7d970853a3f1d1334dab9c4ef58556,.npz,reference_data
reference_data/experiment_benchmark/oa_mae_revision/data/clouds/SCN_yao_0059_t1.npz,33241,6ad9bf69f66f6ff7fc43c59cf0a13e3358f4ea3be1ea65b49f1f4ec5c7862ef2,.npz,reference_data
reference_data/experiment_benchmark/oa_mae_revision/data/clouds/SCN_yao_0059_t2.npz,33309,8516edfd0039a2ac7e9c8a4ecae73dc50a8f8a0eb6909cd871999d9dcce6e9b4,.npz,reference_data
reference_data/experiment_benchmark/oa_mae_revision/data/clouds/SCN_yao_0060_t1.npz,31713,e487551422c24bc562cab389d4d9a409b1350e47d1f1da4b4d63679ee4cc43d5,.npz,reference_data
reference_data/experiment_benchmark/oa_mae_revision/data/clouds/SCN_yao_0060_t2.npz,31547,e9f47305a5eff10de83342781f9651724042d75d899cb2490db98dbaae8c1017,.npz,reference_data
reference_data/experiment_benchmark/oa_mae_revision/data/clouds/SCN_yao_0061_t1.npz,32114,51e126dbd30b8e60a00592969bd165138c541ad435ea5a35259f4c564d74c2a6,.npz,reference_data
reference_data/experiment_benchmark/oa_mae_revision/data/clouds/SCN_yao_0061_t2.npz,31987,a1c00588458748250ff42430a41fd5582978d0b12d7b444e08d1cf828d13a153,.npz,reference_data
reference_data/experiment_benchmark/oa_mae_revision/data/clouds/SCN_yao_0062_t1.npz,33384,572dd9051a61d8986192db98d79b7e142bdae1b0a503d78f24210e8936651248,.npz,reference_data
reference_data/experiment_benchmark/oa_mae_revision/data/clouds/SCN_yao_0062_t2.npz,33461,d76916d67e30f2725ad4df530568cfff8b63aa728ba826c3992f70c4895e7725,.npz,reference_data
reference_data/experiment_benchmark/oa_mae_revision/data/clouds/SCN_yao_0063_t1.npz,31531,d4ddd70007930a3efb29757234fd73c2881e54ee191ccbffe04f9cb15916109d,.npz,reference_data
reference_data/experiment_benchmark/oa_mae_revision/data/clouds/SCN_yao_0063_t2.npz,31255,ff05427d9f036fd15ef1d5a088c75261a6e04c90189a52d888d02b83ec7e7708,.npz,reference_data
reference_data/experiment_benchmark/oa_mae_revision/data/clouds/SCN_yao_0064_t1.npz,33689,fc6ef98d81a29366222012040cea33cdafb08c9089d655e969ce8d5b98b4b54c,.npz,reference_data
reference_data/experiment_benchmark/oa_mae_revision/data/clouds/SCN_yao_0064_t2.npz,33606,3c0aed10a2fb60c32ceae32e54b304580bf5da0fbb6e25d628916088c3722f73,.npz,reference_data
reference_data/experiment_benchmark/oa_mae_revision/data/clouds/SCN_yao_0065_t1.npz,33621,dcfb00cdce9d6307e91b5207523b7202583864c8e9bf63d12eb15403a1ee3cb8,.npz,reference_data
reference_data/experiment_benchmark/oa_mae_revision/data/clouds/SCN_yao_0065_t2.npz,33329,25b2062fc3f235826fc4ce4b2f7acca04265c69e7f148cb5fe0c4d50eec11f31,.npz,reference_data
reference_data/experiment_benchmark/oa_mae_revision/data/clouds/SCN_yao_0066_t1.npz,31722,1c102968cd9373daa872b55a61cbf5d488afb8740deffe5865769843daf26374,.npz,reference_data
reference_data/experiment_benchmark/oa_mae_revision/data/clouds/SCN_yao_0066_t2.npz,31170,e326cddcd0eb5f11d66afda47f44744077b3cc947ed07f531f07f559225cb7b8,.npz,reference_data
reference_data/experiment_benchmark/oa_mae_revision/data/clouds/SCN_yao_0067_t1.npz,33339,dce33e727a03ba8ae7279c92f2dc0be66bc9f9b49411eadf5eb609ffdba232ab,.npz,reference_data
reference_data/experiment_benchmark/oa_mae_revision/data/clouds/SCN_yao_0067_t2.npz,33497,a916448f66e204c88715011baefc46bd1d8d746c6a07ee0eff8706f7301e8439,.npz,reference_data
reference_data/experiment_benchmark/oa_mae_revision/data/clouds/SCN_yao_0068_t1.npz,32658,e48a91008cc3f524525d044914d27bbfd10ecc039a0fb10966b466428050be9f,.npz,reference_data
reference_data/experiment_benchmark/oa_mae_revision/data/clouds/SCN_yao_0068_t2.npz,32616,5041df149698707d5da38d1e69147b2b2e5277e1559211025ce47577b52f306c,.npz,reference_data
reference_data/experiment_benchmark/oa_mae_revision/data/clouds/SCN_yao_0069_t1.npz,32121,d73e8fc25cf6ed0ba4e73e473117dc4c832632b8c0eac484124fbd4e671fa367,.npz,reference_data
reference_data/experiment_benchmark/oa_mae_revision/data/clouds/SCN_yao_0069_t2.npz,31834,044979db668525531d3f373ee3d97dce2cc63eb7923f134c60b2a2e415764a14,.npz,reference_data
reference_data/experiment_benchmark/oa_mae_revision/data/labels/SCN_dak_0000.npz,266,71105d81a1b6deceeeee9b75a69ced5b1354ca76b3c47eff99b8fb02c2cd73bc,.npz,reference_data
reference_data/experiment_benchmark/oa_mae_revision/data/labels/SCN_dak_0001.npz,278,01de06d352fe5e0aad9487d97f7e4e778b1d1c33e5440b6428c10e921ad6ba13,.npz,reference_data
reference_data/experiment_benchmark/oa_mae_revision/data/labels/SCN_dak_0002.npz,288,918456763d9596cf9ac2c2117faf671ba17ff17e55afe285a5b44d2962d1901b,.npz,reference_data
reference_data/experiment_benchmark/oa_mae_revision/data/labels/SCN_dak_0003.npz,266,6808eb5ef480cd7daaf61f2f2b33fcb5c00ef23f7c06639e5d8683a7fe1a4988,.npz,reference_data
reference_data/experiment_benchmark/oa_mae_revision/data/labels/SCN_dak_0004.npz,279,9143e53779375ff62d2eb6ed9fc3c9e65c6d7a25dbe8b1dfe7b1f2a094a69e92,.npz,reference_data
reference_data/experiment_benchmark/oa_mae_revision/data/labels/SCN_dak_0005.npz,281,6551d943e731ea426f2baf32fde24525e96762963b76e0359cc19a4a44976a24,.npz,reference_data
reference_data/experiment_benchmark/oa_mae_revision/data/labels/SCN_dak_0006.npz,289,cd993b373cfadc6d787b6039bd9414f8a235da2c959611ec8d59aaa62423d9f5,.npz,reference_data
reference_data/experiment_benchmark/oa_mae_revision/data/labels/SCN_dak_0007.npz,272,66f7336b78509e22d0538705cff4a484d5f1a64220d17ad38789176da100eceb,.npz,reference_data
reference_data/experiment_benchmark/oa_mae_revision/data/labels/SCN_dak_0008.npz,275,cfece93edf41c010b82aa0a663a873177c4441f16e1d6f719325b6c7fdd6e55d,.npz,reference_data
reference_data/experiment_benchmark/oa_mae_revision/data/labels/SCN_dak_0009.npz,271,25f75ccbe0f92f079cd87f5d838a00583194921282dd34476b08497a0be9094d,.npz,reference_data
reference_data/experiment_benchmark/oa_mae_revision/data/labels/SCN_dak_0010.npz,244,e9f6e886b0b0d4b0c608f64a4f8e6a03b66eefe54295d50dd277c5f84d9bacc8,.npz,reference_data
reference_data/experiment_benchmark/oa_mae_revision/data/labels/SCN_dak_0011.npz,268,eb77b69da598f014a6deaace4e77ee1dde722185d8c5518d042327456adbc642,.npz,reference_data
reference_data/experiment_benchmark/oa_mae_revision/data/labels/SCN_dak_0012.npz,265,f9c7cc824f33bd2c6714842bc868bae8da66102c12aaddcf0bd90cdd18025cc9,.npz,reference_data
reference_data/experiment_benchmark/oa_mae_revision/data/labels/SCN_dak_0013.npz,277,35ce242b13a8e7ee32165773860077bb616eb0244bae354df36e86b92fb87a52,.npz,reference_data
reference_data/experiment_benchmark/oa_mae_revision/data/labels/SCN_dak_0014.npz,269,c2909072611f4857285ee906c0dbefce2eac21dbf7f3c08b5a4d7182c0235e9a,.npz,reference_data
reference_data/experiment_benchmark/oa_mae_revision/data/labels/SCN_dak_0015.npz,271,1abb2b5a8ad00e45b0699a1880a069df1f3ce01c54773361ad7b0cac90fd2a50,.npz,reference_data
reference_data/experiment_benchmark/oa_mae_revision/data/labels/SCN_dak_0016.npz,287,1b09d7b62371b88dd2a4792ef2dea3b4b50e6b4aa977fcda6c30bdeb5109b1e8,.npz,reference_data
reference_data/experiment_benchmark/oa_mae_revision/data/labels/SCN_dak_0017.npz,248,f2095566ab74c2b5e866c6fcf5dda19b770458506c1c123f36e96d326932ef07,.npz,reference_data
reference_data/experiment_benchmark/oa_mae_revision/data/labels/SCN_dak_0018.npz,264,995d6e5ed539a86d6790d71e5be4dd97668f010f21abc83bbc091dc6adf0dc11,.npz,reference_data
reference_data/experiment_benchmark/oa_mae_revision/data/labels/SCN_dak_0019.npz,266,8d7190997fd2547758781a07b941f4bcd20c22f793e02390cc87754122c33aa2,.npz,reference_data
reference_data/experiment_benchmark/oa_mae_revision/data/labels/SCN_dak_0020.npz,268,2dec7547e32422aceacf504783a8d0ef35d49c24ca393756673d5430f5d31cb6,.npz,reference_data
reference_data/experiment_benchmark/oa_mae_revision/data/labels/SCN_dak_0021.npz,276,e7947b5820121fa043ef07d223b53b6deca28bb0b7aaac98913d4fe0850119cc,.npz,reference_data
reference_data/experiment_benchmark/oa_mae_revision/data/labels/SCN_dak_0022.npz,254,282dd7e6766facdf4f04dbcc80f17070431e083ac7a05d15dc4f1d97adcfe97b,.npz,reference_data
reference_data/experiment_benchmark/oa_mae_revision/data/labels/SCN_dak_0023.npz,264,40937e9c9ed3c422aaf89693b285c98e315cf374a8bc745f11cb8b932ad8ff2f,.npz,reference_data
reference_data/experiment_benchmark/oa_mae_revision/data/labels/SCN_dak_0024.npz,284,866e2e369d2d08bcfdd6c63b42b0f87dbb4bbd3e6147613b2bf23e66dde8d1eb,.npz,reference_data
reference_data/experiment_benchmark/oa_mae_revision/data/labels/SCN_dak_0025.npz,265,605db563a3de0fba4052ff364d38c7bf00b1e5e95e7d128c85661fd6ba372975,.npz,reference_data
reference_data/experiment_benchmark/oa_mae_revision/data/labels/SCN_dak_0026.npz,257,486bc635c440b006c48ac240c74cf76a75a3085b50020dec8dabc0e4b26600d9,.npz,reference_data
reference_data/experiment_benchmark/oa_mae_revision/data/labels/SCN_dak_0027.npz,261,aa76616041035726937a85bef9657625b7122568ee6d97ec1620daeef4ca423f,.npz,reference_data
reference_data/experiment_benchmark/oa_mae_revision/data/labels/SCN_dak_0028.npz,285,ce9d07c26c45de5c6a265ab4ceb075432ef757b1335ada83fe4f60a38e26cc1a,.npz,reference_data
reference_data/experiment_benchmark/oa_mae_revision/data/labels/SCN_dak_0029.npz,260,515763dde949e431f7701d30b24fdc6ba7659d49743d17c45d6d6c627b84cea4,.npz,reference_data
reference_data/experiment_benchmark/oa_mae_revision/data/labels/SCN_dak_0030.npz,276,b7624766763af69a93076b3f7d0805473a7fb3cba8e53f2484e210229061ce21,.npz,reference_data
reference_data/experiment_benchmark/oa_mae_revision/data/labels/SCN_dak_0031.npz,258,7fd8be4ebd97e96be9f91a8d0d40ab329be4935497342db0f5f6ff070d57e2de,.npz,reference_data
reference_data/experiment_benchmark/oa_mae_revision/data/labels/SCN_dak_0032.npz,267,4c75babc0f7426bb294552fd95487f2d069675d24110c1e0f86221d54dffd72e,.npz,reference_data
reference_data/experiment_benchmark/oa_mae_revision/data/labels/SCN_dak_0033.npz,270,305b5c00c0fb84949a6b87690724f8a83b49a8ce198bea8661fd093d3a9f380c,.npz,reference_data
reference_data/experiment_benchmark/oa_mae_revision/data/labels/SCN_dak_0034.npz,278,d0357bfc034d4ae62e5e9f4eff9b5501f205c5e7d46f7465297d5a233d7e2688,.npz,reference_data
reference_data/experiment_benchmark/oa_mae_revision/data/labels/SCN_dak_0035.npz,279,ba1db8a18b80fe7335db540a4680d3e42194c31e555927707768755361f3a85f,.npz,reference_data
reference_data/experiment_benchmark/oa_mae_revision/data/labels/SCN_dak_0036.npz,272,15fec41111895ea9b51b3c8656d7f2a4a0ecf71c21fb345b2b5d27dbe5de778f,.npz,reference_data
reference_data/experiment_benchmark/oa_mae_revision/data/labels/SCN_dak_0037.npz,303,ec4e42d75dcfe63dc173c810c924bbdb003f52ffc83185da25d3820af4afc5fe,.npz,reference_data
reference_data/experiment_benchmark/oa_mae_revision/data/labels/SCN_dak_0038.npz,267,d6d501c580e1dd2e38e3de66aa9ed846b89da8a57f387e82e3f87d25b24453b3,.npz,reference_data
reference_data/experiment_benchmark/oa_mae_revision/data/labels/SCN_dak_0039.npz,256,194a4bf902deb22a9f9c93595748270c897108b6e5dff7d598fe0281f74ff372,.npz,reference_data
reference_data/experiment_benchmark/oa_mae_revision/data/labels/SCN_dak_0040.npz,274,37b6ad77a92b62c03580b82ca7d06b6266fa039f189797538aadf4565c4207f9,.npz,reference_data
reference_data/experiment_benchmark/oa_mae_revision/data/labels/SCN_dak_0041.npz,273,856489623308bcce8d88d79489632c615e21cf02f999c8cf3c9e1b8a9348d050,.npz,reference_data
reference_data/experiment_benchmark/oa_mae_revision/data/labels/SCN_dak_0042.npz,278,739405c5bd12e50c4e6618e73beae51ce772387cefa2a07e0c10feeb415b2489,.npz,reference_data
reference_data/experiment_benchmark/oa_mae_revision/data/labels/SCN_dak_0043.npz,274,aaecf2f27778f74035c8ad575fc39d3399f7dc4f67459c1d72b10523cdb18912,.npz,reference_data
reference_data/experiment_benchmark/oa_mae_revision/data/labels/SCN_dak_0044.npz,270,35de3d4f27f8f58f853a6f71c4847641fc9954c75feb27a21b99adfef4c41463,.npz,reference_data
reference_data/experiment_benchmark/oa_mae_revision/data/labels/SCN_dak_0045.npz,278,02921e78ed5e623f0bfb9948b18e14df30fc0898510af031b91130197001a0da,.npz,reference_data
reference_data/experiment_benchmark/oa_mae_revision/data/labels/SCN_dak_0046.npz,277,3da2976613606e35bf4cde2f3ca975a0d9acb94e59de283152b4d0a8e232e192,.npz,reference_data
reference_data/experiment_benchmark/oa_mae_revision/data/labels/SCN_dak_0047.npz,269,4c40171ec62ea441010ee605c780e0cebf6683b6b162c3257f3711dfa7b1f8d5,.npz,reference_data
reference_data/experiment_benchmark/oa_mae_revision/data/labels/SCN_dak_0048.npz,282,e6e46495517086577f559f95d1c0c719ead0fd3971df41026c375cc600aead99,.npz,reference_data
reference_data/experiment_benchmark/oa_mae_revision/data/labels/SCN_dak_0049.npz,271,e70d9b4a42be05be12a679f8bbc82664724c6b8bb3325697f282479fde01d8a6,.npz,reference_data
reference_data/experiment_benchmark/oa_mae_revision/data/labels/SCN_dak_0050.npz,277,6f4a827ce139af1239abf4342146f9e29c532d2f9afe00f3a4034270da38b525,.npz,reference_data
reference_data/experiment_benchmark/oa_mae_revision/data/labels/SCN_dak_0051.npz,258,bcbb09f64c21ba42d91ffc7bbdfc521e4e18d98d0fc64b46bb5dce96aa373d8f,.npz,reference_data
reference_data/experiment_benchmark/oa_mae_revision/data/labels/SCN_dak_0052.npz,256,28893cabc92010939a9ab94d2d0f7b931bb7d7b2dce96b7edabac8cd3b70f4f7,.npz,reference_data
reference_data/experiment_benchmark/oa_mae_revision/data/labels/SCN_dak_0053.npz,274,9404d24fed5f3b0c5999094c93880f42dd728c30ae5e23d286b59406ad9786bd,.npz,reference_data
reference_data/experiment_benchmark/oa_mae_revision/data/labels/SCN_dak_0054.npz,263,a7f0271beb8d659641bb7659ca2be55468695b417270c9e3df4633ac108e588a,.npz,reference_data
reference_data/experiment_benchmark/oa_mae_revision/data/labels/SCN_dak_0055.npz,263,bb16b6b26a1743c29acbd7ef1f62308e88ee7e2a987bce298336c71273d4d3a4,.npz,reference_data
reference_data/experiment_benchmark/oa_mae_revision/data/labels/SCN_dak_0056.npz,266,88c9a6e183ac97e4cb9bce975d6c16535dcc9b27e65f6f64ff4988fb09f7ba48,.npz,reference_data
reference_data/experiment_benchmark/oa_mae_revision/data/labels/SCN_dak_0057.npz,269,38921b34b22407b6b96fef1d3afa4169023d26afa9454f9d371f50240a884ade,.npz,reference_data
reference_data/experiment_benchmark/oa_mae_revision/data/labels/SCN_dak_0058.npz,361,6fa42256539e76863c841b25602a04a2c06e6795086a857c39c9fabe2e3dd840,.npz,reference_data
reference_data/experiment_benchmark/oa_mae_revision/data/labels/SCN_dak_0059.npz,366,7f0ef4b63bb8c2aea1c97f1f4cd6e37f9b5c36c1a5ed4c53891786e66842d96e,.npz,reference_data
reference_data/experiment_benchmark/oa_mae_revision/data/labels/SCN_dak_0060.npz,373,576d3c80af6a3476d7e3971ed918c4c440bf362ba1cd8ef4c22843f94203fffc,.npz,reference_data
reference_data/experiment_benchmark/oa_mae_revision/data/labels/SCN_dak_0061.npz,315,70c046984f26c355e06abcb1e15b895dcba5877c53ab9ef0242bcd8f968dfdbc,.npz,reference_data
reference_data/experiment_benchmark/oa_mae_revision/data/labels/SCN_dak_0062.npz,296,2667ae5a40053b28ef2dcf1276235137e89df5790f21ab835955fa38742b42bd,.npz,reference_data
reference_data/experiment_benchmark/oa_mae_revision/data/labels/SCN_dak_0063.npz,335,9d692a5d70916f35314942ff58b97fc7a7ba99efb4c8233069b19db84bac21e5,.npz,reference_data
reference_data/experiment_benchmark/oa_mae_revision/data/labels/SCN_dak_0064.npz,322,30a30b9cea176e230c58501786a524b738cf360215b6aee03a4d1f80f6550486,.npz,reference_data
reference_data/experiment_benchmark/oa_mae_revision/data/labels/SCN_dak_0065.npz,295,3801bd9bd7d9d9c3fa32b5ea9722204d85fd5d7a20919701dbf131db36a51be8,.npz,reference_data
reference_data/experiment_benchmark/oa_mae_revision/data/labels/SCN_dak_0066.npz,354,8b79f9a0811bae668afe8e55bedc503705049b927d6565cfa3edc3c41019f2da,.npz,reference_data
reference_data/experiment_benchmark/oa_mae_revision/data/labels/SCN_dak_0067.npz,369,3a6448e11aacf7d7fe0bd00b860562f12a5596559245048d73cf6b992b6425a4,.npz,reference_data
reference_data/experiment_benchmark/oa_mae_revision/data/labels/SCN_dak_0068.npz,320,655ac8b6159823dc79b55dcbe4e00d97527fc90c17c7b508bb293a5fa8090ac4,.npz,reference_data
reference_data/experiment_benchmark/oa_mae_revision/data/labels/SCN_dak_0069.npz,336,d9e12970709fc9894c21fff36af395eb333e358b435cd5803bc3b5a199760569,.npz,reference_data
reference_data/experiment_benchmark/oa_mae_revision/data/labels/SCN_dar_0000.npz,276,224e8b8941579151b5f0610a8a40c79c2edcb918cefa22dd7592477bd4ba7d7a,.npz,reference_data
reference_data/experiment_benchmark/oa_mae_revision/data/labels/SCN_dar_0001.npz,270,ab7055e54b7558c381c969f15cdd52698d3dbebf5d418d11d7a078b84a9d254a,.npz,reference_data
reference_data/experiment_benchmark/oa_mae_revision/data/labels/SCN_dar_0002.npz,261,0fe2fc649505a5ec21508b9c7922cd6b137b09db3cf512d22f1954926ac14561,.npz,reference_data
reference_data/experiment_benchmark/oa_mae_revision/data/labels/SCN_dar_0003.npz,263,354b05b5a026bacab89fb3bf7044728c46f0db3789729c7638d93701a36d06d4,.npz,reference_data
reference_data/experiment_benchmark/oa_mae_revision/data/labels/SCN_dar_0004.npz,275,34980ed299c1ec6385f11e26ab4319ec36db3afcc4865caebaf25df82c16bb6b,.npz,reference_data
reference_data/experiment_benchmark/oa_mae_revision/data/labels/SCN_dar_0005.npz,276,93d5dc27c46bf4c41ab26cfd4dfc322129ba2d640f92e35e2167ada0f5972a61,.npz,reference_data
reference_data/experiment_benchmark/oa_mae_revision/data/labels/SCN_dar_0006.npz,283,72b0203e314e4703a4444ecbc9a95db3367a09f6f4b4d1df6ef0764cbb9f7917,.npz,reference_data
reference_data/experiment_benchmark/oa_mae_revision/data/labels/SCN_dar_0007.npz,238,fe3442046aa77caf1d9e43650ad4ee06b24d53c025f89870f132716691dbb082,.npz,reference_data
reference_data/experiment_benchmark/oa_mae_revision/data/labels/SCN_dar_0008.npz,246,890e0145458c327b7560b1483f09aef2498a3622ad49f39d0e72efb9ba33567b,.npz,reference_data
reference_data/experiment_benchmark/oa_mae_revision/data/labels/SCN_dar_0009.npz,281,725cc59be20ba8815b00e8c24d5292283f1a4e94f05a1fcdbdbb9529eebaf82b,.npz,reference_data
reference_data/experiment_benchmark/oa_mae_revision/data/labels/SCN_dar_0010.npz,252,6993c88b74fa144c95f11c4a9c65a3eb53b14fe41a3a8da3c14c8ce3301b8bb4,.npz,reference_data
reference_data/experiment_benchmark/oa_mae_revision/data/labels/SCN_dar_0011.npz,246,4ebf7ce365cf3c2dc228f9fc2bbaaa3db10f420b152d534b7fc7968de1c9a282,.npz,reference_data
reference_data/experiment_benchmark/oa_mae_revision/data/labels/SCN_dar_0012.npz,255,144a3eb33aaa4691b2d85db2e3c6c93042e96553acf89f938f3acbf6e8960887,.npz,reference_data
reference_data/experiment_benchmark/oa_mae_revision/data/labels/SCN_dar_0013.npz,254,7d5e802dfb4ce7b7e4dc7395eff794693f6afef6d90195e2011480ffe9b13c59,.npz,reference_data
reference_data/experiment_benchmark/oa_mae_revision/data/labels/SCN_dar_0014.npz,288,f8cee7f9caeb67fc75b9b2e0865eb395c683c1959ec67c06614abd7bd8344a22,.npz,reference_data
reference_data/experiment_benchmark/oa_mae_revision/data/labels/SCN_dar_0015.npz,287,210836abde23ee7f4eec333a00538ce8594ddb569ba267802548847a168f9815,.npz,reference_data
reference_data/experiment_benchmark/oa_mae_revision/data/labels/SCN_dar_0016.npz,268,c21a4879f4dea2542c84a69b0d611c78e231a063933b169adf5095df0c705548,.npz,reference_data
reference_data/experiment_benchmark/oa_mae_revision/data/labels/SCN_dar_0017.npz,274,43a5142f9b22f9a3c3bb7c0aac281ca09aff49d4408389e08b0bf2ea787c00c5,.npz,reference_data
reference_data/experiment_benchmark/oa_mae_revision/data/labels/SCN_dar_0018.npz,266,3c046ad746c6dfadce9c859dab525ca9a582075483f8da957892cd3b4cbca42e,.npz,reference_data
reference_data/experiment_benchmark/oa_mae_revision/data/labels/SCN_dar_0019.npz,273,2cef6711756518acaf62e5d91688e7a5bacd6c2889250751266966b441fb2b44,.npz,reference_data
reference_data/experiment_benchmark/oa_mae_revision/data/labels/SCN_dar_0020.npz,260,33dccf3367f866663cd69d7f186108829d695f19e78b925d0c71f948d31f31e4,.npz,reference_data
reference_data/experiment_benchmark/oa_mae_revision/data/labels/SCN_dar_0021.npz,279,67df268c2b4eff1559ec8978aa4c91ffb76b0a927ec24bcc580fa3739954b0a2,.npz,reference_data
reference_data/experiment_benchmark/oa_mae_revision/data/labels/SCN_dar_0022.npz,294,0689d12d76d00dc7529f1f4dbc483804818b1e116a8797f1bbd2cd47b619d64d,.npz,reference_data
reference_data/experiment_benchmark/oa_mae_revision/data/labels/SCN_dar_0023.npz,271,5a7d899f7bacb7d31a346d0c8855b0c99649d2e7cf5c3b27a751a69adcd65600,.npz,reference_data
reference_data/experiment_benchmark/oa_mae_revision/data/labels/SCN_dar_0024.npz,279,590c3c1158139432127fee588827316fc2318605fb2ab1ae11e885aaf66533a6,.npz,reference_data
reference_data/experiment_benchmark/oa_mae_revision/data/labels/SCN_dar_0025.npz,264,e632091eb269e15ea7fa10e1efa478213b8b6518fe82c28832b93d61a00b48d5,.npz,reference_data
reference_data/experiment_benchmark/oa_mae_revision/data/labels/SCN_dar_0026.npz,249,8f4fe14297d30a760f3c0e671b94907bf7c7035040c1c903e641a3c227daf5aa,.npz,reference_data
reference_data/experiment_benchmark/oa_mae_revision/data/labels/SCN_dar_0027.npz,272,f6d62e13b91776ed53ec23f303ffb5591c4c0ef67e2f6fb64ff6afdf30c1b96d,.npz,reference_data
reference_data/experiment_benchmark/oa_mae_revision/data/labels/SCN_dar_0028.npz,287,91f1871a8cfa6f2216da666abb0b8d200fc8e8ff0717cfdd8df4bf65c0fb6bab,.npz,reference_data
reference_data/experiment_benchmark/oa_mae_revision/data/labels/SCN_dar_0029.npz,275,e2ebb5dbe479fa89efb9c90905df9ba59aca117b5b2ef9b69fe873b422af73bb,.npz,reference_data
reference_data/experiment_benchmark/oa_mae_revision/data/labels/SCN_dar_0030.npz,274,e30f3d1fe09029cf72e2b5bf8568aa1db6ff8574ac31ffcf1bbc5eebc4d635f4,.npz,reference_data
reference_data/experiment_benchmark/oa_mae_revision/data/labels/SCN_dar_0031.npz,252,f40dc395625b866fc9bdfad3edd3c8b8b49559c87c1941e9db4eb93bab872fbb,.npz,reference_data
reference_data/experiment_benchmark/oa_mae_revision/data/labels/SCN_dar_0032.npz,269,417b876008b2409248bbb033a7e6f4cd68e504b543aaee2052d4585b60a89bf0,.npz,reference_data
reference_data/experiment_benchmark/oa_mae_revision/data/labels/SCN_dar_0033.npz,282,17284b52db853b5a6971c6d549b8c6950a1f9be03ef1310edd886cef48852e77,.npz,reference_data
reference_data/experiment_benchmark/oa_mae_revision/data/labels/SCN_dar_0034.npz,292,51841ee61904f1d2eb7a9449b2bb8be55e6fe4e069f3ea2348c0c2ec28338d76,.npz,reference_data
reference_data/experiment_benchmark/oa_mae_revision/data/labels/SCN_dar_0035.npz,289,d375a44e66d6c99acd40b780453e5cf480bcf5623d244e07a56ed396532b2940,.npz,reference_data
reference_data/experiment_benchmark/oa_mae_revision/data/labels/SCN_dar_0036.npz,264,ca57e818374bffd20c2f7485b28c6151c127a4b40b31fbcbb0208b8760552f34,.npz,reference_data
reference_data/experiment_benchmark/oa_mae_revision/data/labels/SCN_dar_0037.npz,290,b1906eb44c0c061631c3b52115215e604fc5def765b3b8c0f98c14dc4cf18854,.npz,reference_data
reference_data/experiment_benchmark/oa_mae_revision/data/labels/SCN_dar_0038.npz,260,7064f8d480ebcd695d78d327e83606d54a82e968eda7887a121e240e265242cc,.npz,reference_data
reference_data/experiment_benchmark/oa_mae_revision/data/labels/SCN_dar_0039.npz,274,fc40865dba7738ead712772cfb76816c80c8d56c8e786bdc821fd57f3fda976a,.npz,reference_data
reference_data/experiment_benchmark/oa_mae_revision/data/labels/SCN_dar_0040.npz,268,19dad3ca37f830923ef168616149e52bd3988fe585351c59d9cdf295a1921a6f,.npz,reference_data
reference_data/experiment_benchmark/oa_mae_revision/data/labels/SCN_dar_0041.npz,273,bf81a8cdb11bada54dcc4a11c2709f4b2bf0fa4a334d4510fa1e936e0a875230,.npz,reference_data
reference_data/experiment_benchmark/oa_mae_revision/data/labels/SCN_dar_0042.npz,277,74361d27dadfe15384813947f66498547bb94981caf848756da9c535be961ac9,.npz,reference_data
reference_data/experiment_benchmark/oa_mae_revision/data/labels/SCN_dar_0043.npz,275,3ebdd561dbb67d78b3bc38231eeb1ef8c0be445c7851741e06d1ddb8aa54abdf,.npz,reference_data
reference_data/experiment_benchmark/oa_mae_revision/data/labels/SCN_dar_0044.npz,271,a5f75e5b9437f081b686c97a4afa3492e24230b606c76af26c14bf797bdc4b2a,.npz,reference_data
reference_data/experiment_benchmark/oa_mae_revision/data/labels/SCN_dar_0045.npz,254,8abb4f74921eff473d8e6b7b102da901778dc61c8901ae2a4b99dce188652bfd,.npz,reference_data
reference_data/experiment_benchmark/oa_mae_revision/data/labels/SCN_dar_0046.npz,270,9b10ca1fcbb71714aecc2d49306687b7bd2fac6f23b15ebcabec94eb50f9270d,.npz,reference_data
reference_data/experiment_benchmark/oa_mae_revision/data/labels/SCN_dar_0047.npz,250,2cfeccbd67ff0f403732161bc38b1d2daa35f15a8ed751e9efa22f55366e6504,.npz,reference_data
reference_data/experiment_benchmark/oa_mae_revision/data/labels/SCN_dar_0048.npz,281,fa4df5e5dd856d627d1829f817231202f00fc8bc72f63cbac4805d91ff59cb7c,.npz,reference_data
reference_data/experiment_benchmark/oa_mae_revision/data/labels/SCN_dar_0049.npz,262,3b30c980c3e96cfb1709043f63b73159d5f963fe3bacd1da6f6a3d9e265945be,.npz,reference_data
reference_data/experiment_benchmark/oa_mae_revision/data/labels/SCN_dar_0050.npz,257,373700c5678e118c115671d048a70adc78b15ad5e94054c2e377e4385f9cc194,.npz,reference_data
reference_data/experiment_benchmark/oa_mae_revision/data/labels/SCN_dar_0051.npz,285,132ff1863e9a0245708bbe66982c5ad138560332c0738805a380f5b360bf9953,.npz,reference_data
reference_data/experiment_benchmark/oa_mae_revision/data/labels/SCN_dar_0052.npz,241,fce19956b5e6e5c0e351641f1e80af69a2af458fe2c2b4df659a7d746ed790e3,.npz,reference_data
reference_data/experiment_benchmark/oa_mae_revision/data/labels/SCN_dar_0053.npz,285,a057b1a23f2d4e5b339b712577d7f68c9ab7d1be313db5002bc0293efec38e7c,.npz,reference_data
reference_data/experiment_benchmark/oa_mae_revision/data/labels/SCN_dar_0054.npz,274,57cfc64a7cb08c02541b8d5df236c219db8678ae612f6a29e6c19c7ee994205c,.npz,reference_data
reference_data/experiment_benchmark/oa_mae_revision/data/labels/SCN_dar_0055.npz,271,d2549080b2201bb32ab1f7d90c4d560debdc1e5fc9a48ac98833bb080254b13a,.npz,reference_data
reference_data/experiment_benchmark/oa_mae_revision/data/labels/SCN_dar_0056.npz,288,e448e5d63b5b2f91be394fbd725d0d16d73731485eaabb594c581393ae98419b,.npz,reference_data
reference_data/experiment_benchmark/oa_mae_revision/data/labels/SCN_dar_0057.npz,269,78d7037d08f6e11a2c286011902498cd8b33b02cf6b2232a873196a2e2ce1bb6,.npz,reference_data
reference_data/experiment_benchmark/oa_mae_revision/data/labels/SCN_dar_0058.npz,329,8a214a4d0b95d9834eaa8fc108f5c4d779884a60d4da906a1a37e06c6269e88c,.npz,reference_data
reference_data/experiment_benchmark/oa_mae_revision/data/labels/SCN_dar_0059.npz,336,030baa2e5c73426e0ecb1ca6773d4bb63abe87a6d4377b116d631203987cc258,.npz,reference_data
reference_data/experiment_benchmark/oa_mae_revision/data/labels/SCN_dar_0060.npz,356,8092bbdf6c65fc4378721f1d2dd2d99dc74e3e6a1b23c20fb61eb1a6cffedbad,.npz,reference_data
reference_data/experiment_benchmark/oa_mae_revision/data/labels/SCN_dar_0061.npz,304,72a12e2be9b1f79e12ea6ddb950cda1437343a7f35f8b46b0f98ebb8bc10e6f2,.npz,reference_data
reference_data/experiment_benchmark/oa_mae_revision/data/labels/SCN_dar_0062.npz,325,19633d82ad09b450189518df49252cb6dc5145790e0709721065fda457939b0e,.npz,reference_data
reference_data/experiment_benchmark/oa_mae_revision/data/labels/SCN_dar_0063.npz,332,5d59a06988846ab7e40747be17224a28ea3debd91b713ce832e5a466e86e04dd,.npz,reference_data
reference_data/experiment_benchmark/oa_mae_revision/data/labels/SCN_dar_0064.npz,317,8c00f0d2eeb8d1f4aa315fe518ba004090c255cf6217132c5b16ca8e150017e2,.npz,reference_data
reference_data/experiment_benchmark/oa_mae_revision/data/labels/SCN_dar_0065.npz,342,fbeda28f7ac411c54d8c5521196f0f599daf4389f2376fb5ea7c9758d2355a2d,.npz,reference_data
reference_data/experiment_benchmark/oa_mae_revision/data/labels/SCN_dar_0066.npz,330,87a713cf6dfd2fcd99064b4458dec61613957215773a848561a254486d5fac81,.npz,reference_data
reference_data/experiment_benchmark/oa_mae_revision/data/labels/SCN_dar_0067.npz,334,575c4c71e3690a861666b7a9c81fcd1a9bbf24a5b1953f8b4622be908f2b03eb,.npz,reference_data
reference_data/experiment_benchmark/oa_mae_revision/data/labels/SCN_dar_0068.npz,298,dedbba5a3e71479ed992ad8089db4bfd7dcba93f28820dad690514cd1637ae73,.npz,reference_data
reference_data/experiment_benchmark/oa_mae_revision/data/labels/SCN_dar_0069.npz,329,d7fc5e8316c384a7bfac892815550f9a8b8ddefd9e383c0a45f67f7de2b9eda3,.npz,reference_data
reference_data/experiment_benchmark/oa_mae_revision/data/labels/SCN_dou_0000.npz,255,9369876640d86e160b0c56bc59931c61d46a7bff583964995fed05b7aea57acb,.npz,reference_data
reference_data/experiment_benchmark/oa_mae_revision/data/labels/SCN_dou_0001.npz,285,ac4388ae7021206d931f0412370b8cbca51fc0067c801d73b789204bbb2ae9e5,.npz,reference_data
reference_data/experiment_benchmark/oa_mae_revision/data/labels/SCN_dou_0002.npz,282,244fd4bef9f629ac9ec8b73c8dedc33dbd388983b69d92fbe0c434d75a284561,.npz,reference_data
reference_data/experiment_benchmark/oa_mae_revision/data/labels/SCN_dou_0003.npz,294,09e0f070f6907b969cd0765761d1abe33c8765a047bf4f38be33530b71f1835b,.npz,reference_data
reference_data/experiment_benchmark/oa_mae_revision/data/labels/SCN_dou_0004.npz,278,6881a978e714b68aef99b5f4bc55708ba86ec557e8dbfbd726cc899fffb3457c,.npz,reference_data
reference_data/experiment_benchmark/oa_mae_revision/data/labels/SCN_dou_0005.npz,260,c1da0cde96b6a255cb73553c34e47b9f78359b1510a9dd4b7e72688a73a90960,.npz,reference_data
reference_data/experiment_benchmark/oa_mae_revision/data/labels/SCN_dou_0006.npz,258,aabc248eb2ee66a2aa2d89640318583a1250989cf394c0d1412c08095089580c,.npz,reference_data
reference_data/experiment_benchmark/oa_mae_revision/data/labels/SCN_dou_0007.npz,270,03cd4f3440fdabdebd399b005f5c129b2917ddbd440631ef5f873098e3102bcc,.npz,reference_data
reference_data/experiment_benchmark/oa_mae_revision/data/labels/SCN_dou_0008.npz,265,55269317cd47b607c11cad3d773df7e4b49ce553bbf48840f37fac3cec6d455d,.npz,reference_data
reference_data/experiment_benchmark/oa_mae_revision/data/labels/SCN_dou_0009.npz,257,8fb4b37b1ae539930c9e4b0f64a32a57c98e1f4c75ad552a1f62cc55e5bbadbd,.npz,reference_data
reference_data/experiment_benchmark/oa_mae_revision/data/labels/SCN_dou_0010.npz,280,e59e3b99fb3ce35eddb47ed61a7e8a1bd37c1f24b718d1862397c7753455d081,.npz,reference_data
reference_data/experiment_benchmark/oa_mae_revision/data/labels/SCN_dou_0011.npz,291,0e9efe99a19900683b1a2247c2e180c5a815a2e1a1ef402846b13e75586133b3,.npz,reference_data
reference_data/experiment_benchmark/oa_mae_revision/data/labels/SCN_dou_0012.npz,258,fcb4fcb9d221906064ca21b5283cc5a73bc3447e69e8aa16550fe6f11a0ca600,.npz,reference_data
reference_data/experiment_benchmark/oa_mae_revision/data/labels/SCN_dou_0013.npz,285,b5de63fbc590e36fcc5786cc5cc450bfc95cae75af4506914cb88fbe0177ea18,.npz,reference_data
reference_data/experiment_benchmark/oa_mae_revision/data/labels/SCN_dou_0014.npz,270,b5bb44b01dbf9512cc8d7f06ca3df365a35aa4209c5163927d10e60f951dae58,.npz,reference_data
reference_data/experiment_benchmark/oa_mae_revision/data/labels/SCN_dou_0015.npz,276,b1bd95b03a70a03cb5abf0d668f6e4fbc601278f66218a20d3a3b0d5bef693b7,.npz,reference_data
reference_data/experiment_benchmark/oa_mae_revision/data/labels/SCN_dou_0016.npz,276,6a506aabffa34808e1781b1724dfdc7e5175534002d27cb2d780ff308582361b,.npz,reference_data
reference_data/experiment_benchmark/oa_mae_revision/data/labels/SCN_dou_0017.npz,290,6c90371072a203164aa00f80dca27c2beed35f28f1a4e5a74340dbea2abbc39d,.npz,reference_data
reference_data/experiment_benchmark/oa_mae_revision/data/labels/SCN_dou_0018.npz,269,2b56af13ebc40ae503dfba6256aceb986f9056dd4144aee66f1e478b0977f006,.npz,reference_data
reference_data/experiment_benchmark/oa_mae_revision/data/labels/SCN_dou_0019.npz,270,143e767adf6278907bb61beef5a37d50542c29412da3c301bab31c058c7c9f22,.npz,reference_data
reference_data/experiment_benchmark/oa_mae_revision/data/labels/SCN_dou_0020.npz,273,00a339c3d0db2ee53308d18ba7a7a6d3a4a96392e16c856c2f537006670cdd06,.npz,reference_data
reference_data/experiment_benchmark/oa_mae_revision/data/labels/SCN_dou_0021.npz,285,f78268a0dd0205d35c5117f56487d9d638ab387f4dff9e574da745e333442170,.npz,reference_data
reference_data/experiment_benchmark/oa_mae_revision/data/labels/SCN_dou_0022.npz,268,62649e9c8733dffc95d2fb27025c7108b27f2304fc6bc241cb8e547cbf7bf727,.npz,reference_data
reference_data/experiment_benchmark/oa_mae_revision/data/labels/SCN_dou_0023.npz,263,61a813146a31c9f6d3a7eea1c83e160157ec092f11bb398ed03e3582c0e4b2b4,.npz,reference_data
reference_data/experiment_benchmark/oa_mae_revision/data/labels/SCN_dou_0024.npz,281,d321e70676569a312734ede64a58a41d5b0c780da6f254d673b51feb4fcf8d0a,.npz,reference_data
reference_data/experiment_benchmark/oa_mae_revision/data/labels/SCN_dou_0025.npz,268,2abed4c8a5c31e031d15fc460ba91b43bcdd9c9d11fc4dde43228f3ad5d45469,.npz,reference_data
reference_data/experiment_benchmark/oa_mae_revision/data/labels/SCN_dou_0026.npz,270,61b266769186c16613a72ef2ce9321a59202b03dd856632b033ff0949dad9cd8,.npz,reference_data
reference_data/experiment_benchmark/oa_mae_revision/data/labels/SCN_dou_0027.npz,275,7b3036be9f499f87dc2c6e5d70f1c7206feaf43897d19591abd797aaa564e3d5,.npz,reference_data
reference_data/experiment_benchmark/oa_mae_revision/data/labels/SCN_dou_0028.npz,245,c938f2099ce6a23fe6ea1fe6b0b8931007d88bab51cf532830708a1bee72e326,.npz,reference_data
reference_data/experiment_benchmark/oa_mae_revision/data/labels/SCN_dou_0029.npz,265,d4d2654afb530b8f8d4102f9501af142c688a4d0d5c5c668299d0e991f4554a5,.npz,reference_data
reference_data/experiment_benchmark/oa_mae_revision/data/labels/SCN_dou_0030.npz,269,ed728dcb3224fcbe4ba210644825027f252ff5cf2d53f32b74dd94d0e3fafb27,.npz,reference_data
reference_data/experiment_benchmark/oa_mae_revision/data/labels/SCN_dou_0031.npz,266,585f74095775bf123c2851ee6584dcb118254884b4b1baa473f18af08dda2c1f,.npz,reference_data
reference_data/experiment_benchmark/oa_mae_revision/data/labels/SCN_dou_0032.npz,260,92eff76ae3c1bc91a358d554fd04cb72e2911747481c839d157dfe03e0a0370b,.npz,reference_data
reference_data/experiment_benchmark/oa_mae_revision/data/labels/SCN_dou_0033.npz,268,8f72b8983dafdb5e6461df82d00aac1f83efd92a4d73d31348512ead5ab7f720,.npz,reference_data
reference_data/experiment_benchmark/oa_mae_revision/data/labels/SCN_dou_0034.npz,285,24c0f369ce15123583417373c8ecfe6828f168c5cb50c9969376aa12efb01492,.npz,reference_data
reference_data/experiment_benchmark/oa_mae_revision/data/labels/SCN_dou_0035.npz,259,ee0537aace2f858c0ba3d5298d2096b48043c59c7112f3965381fe2ed221b0da,.npz,reference_data
reference_data/experiment_benchmark/oa_mae_revision/data/labels/SCN_dou_0036.npz,268,d7805b4d4a69c99496b3053358cc3bb559e0d4aea0e8752c772caf0eefbada2f,.npz,reference_data
reference_data/experiment_benchmark/oa_mae_revision/data/labels/SCN_dou_0037.npz,277,47241e258bd77f437ab23be54ec92c663f7711f22c225c1fcbcf8a357d9ff451,.npz,reference_data
reference_data/experiment_benchmark/oa_mae_revision/data/labels/SCN_dou_0038.npz,272,e0a18350c84f37e97cb21090a6c7ab07a45b8086f0d409f74e14d280521bce5a,.npz,reference_data
reference_data/experiment_benchmark/oa_mae_revision/data/labels/SCN_dou_0039.npz,281,214327c77eae5330d45239701981114fe6b91ef54a6df2b5b498440c909914f2,.npz,reference_data
reference_data/experiment_benchmark/oa_mae_revision/data/labels/SCN_dou_0040.npz,266,10e9350b543cca0a8c25d0169c4072151e49d00978433c9474d85702a24fdf20,.npz,reference_data
reference_data/experiment_benchmark/oa_mae_revision/data/labels/SCN_dou_0041.npz,266,92696f7a3e1cb9d886f9eb3fa517ee79a68971446b846ce3ab1d847d78cb9e5e,.npz,reference_data
reference_data/experiment_benchmark/oa_mae_revision/data/labels/SCN_dou_0042.npz,276,369973cc0769eb150013cc2d971c81cada5a968b78013be23821b0a608e742d0,.npz,reference_data
reference_data/experiment_benchmark/oa_mae_revision/data/labels/SCN_dou_0043.npz,274,f9da5c8ae60c1937637a3314070dbf72e3e0f3dc4f609639fd2bef08e80fc8bf,.npz,reference_data
reference_data/experiment_benchmark/oa_mae_revision/data/labels/SCN_dou_0044.npz,291,eb0e701de24742b006741cb1def7b24b534bab7bf9e9de1a4feb5749ffcc4f41,.npz,reference_data
reference_data/experiment_benchmark/oa_mae_revision/data/labels/SCN_dou_0045.npz,277,3cf05160773b4f36112841eb8a7201e0346d78d3f4f0c07c35da86e509dada21,.npz,reference_data
reference_data/experiment_benchmark/oa_mae_revision/data/labels/SCN_dou_0046.npz,276,ff6cb767fbba70469b456777907f23f1bb3289b400d5a2fb8d5fcafbffd788a4,.npz,reference_data
reference_data/experiment_benchmark/oa_mae_revision/data/labels/SCN_dou_0047.npz,269,5af94e4e82f642abf04816317889b14e0eb56c87ae40351802d1476d66773fdb,.npz,reference_data
reference_data/experiment_benchmark/oa_mae_revision/data/labels/SCN_dou_0048.npz,273,2f3763cad922bb0de1e1e66febd3a0437427b2c2b8bfdbffb0f58c68d35ee52f,.npz,reference_data
reference_data/experiment_benchmark/oa_mae_revision/data/labels/SCN_dou_0049.npz,282,2e442147d31222cd3931ae97f4eca7649c1ed2642c4dbfdd577e80b3dbd8b3cd,.npz,reference_data
reference_data/experiment_benchmark/oa_mae_revision/data/labels/SCN_dou_0050.npz,271,93f0ce1d4dd5f49c9601a589564317e9922c03440ee56109f56a7fc03a692c24,.npz,reference_data
reference_data/experiment_benchmark/oa_mae_revision/data/labels/SCN_dou_0051.npz,277,72e8583bd134cf34e2e6170bb5f3d6be629b9734e65b21a67050e4582745d3ab,.npz,reference_data
reference_data/experiment_benchmark/oa_mae_revision/data/labels/SCN_dou_0052.npz,260,712326965d5a322f6ed849866f7ca730c987788b404506008634551c9a7f8066,.npz,reference_data
reference_data/experiment_benchmark/oa_mae_revision/data/labels/SCN_dou_0053.npz,272,918e71837d3e20afbf5a7c6bc948e042f02414570e8f85007fbd2d9a29ed2f12,.npz,reference_data
reference_data/experiment_benchmark/oa_mae_revision/data/labels/SCN_dou_0054.npz,264,a3be712e933515d06b01de5c7b0f8111dff63f3da75e69d4e0691317524d590c,.npz,reference_data
reference_data/experiment_benchmark/oa_mae_revision/data/labels/SCN_dou_0055.npz,289,65dc0569ae548a07b203c11ac937db1a3125ebda227d04cee0d1e7bcc36dbe17,.npz,reference_data
reference_data/experiment_benchmark/oa_mae_revision/data/labels/SCN_dou_0056.npz,289,404781930a0207cffd6e5b4d2be7d891a16a6474c0a368413e8eecb1939ad7d9,.npz,reference_data
reference_data/experiment_benchmark/oa_mae_revision/data/labels/SCN_dou_0057.npz,251,c43eef1697e09cfff688c01db2fb03c353a796e176aa39693dda95c00781e36e,.npz,reference_data
reference_data/experiment_benchmark/oa_mae_revision/data/labels/SCN_dou_0058.npz,328,b6890fa136ac71a6c45f7f6faa4e6b2cdc332ca3074cc79917f7e601d26a1d9b,.npz,reference_data
reference_data/experiment_benchmark/oa_mae_revision/data/labels/SCN_dou_0059.npz,313,57b4aee8bc76f22791c85404aab0742d9ded69948a705d399babf6170fb37efd,.npz,reference_data
reference_data/experiment_benchmark/oa_mae_revision/data/labels/SCN_dou_0060.npz,343,a149187aeb76304f74d1bc88f47b1e1228c6660dd80337ce459677f938dd8a00,.npz,reference_data
reference_data/experiment_benchmark/oa_mae_revision/data/labels/SCN_dou_0061.npz,337,854180bf8da01e7505a0283eca72fafc4345a42d6bf844cf8a6f16e81675d6e4,.npz,reference_data
reference_data/experiment_benchmark/oa_mae_revision/data/labels/SCN_dou_0062.npz,329,ad6bee165cb902041e7b0f0dc18dd71452b3fbfa453ace8f20f9cd0db7db53f6,.npz,reference_data
reference_data/experiment_benchmark/oa_mae_revision/data/labels/SCN_dou_0063.npz,368,9be9d7b161dd9a14b2627288a2c26aee2e4e26101414990a9c95de23cf7d3afe,.npz,reference_data
reference_data/experiment_benchmark/oa_mae_revision/data/labels/SCN_dou_0064.npz,327,493a832b7a6f9fea2ea731b0bec4acc6bebf66833c2f6d4a2da92b255d6677ad,.npz,reference_data
reference_data/experiment_benchmark/oa_mae_revision/data/labels/SCN_dou_0065.npz,302,e34fba7141c4bfbfd69b864b538854769b193628a1d197dc14f974770c841591,.npz,reference_data
reference_data/experiment_benchmark/oa_mae_revision/data/labels/SCN_dou_0066.npz,350,792a0342c636bb89c2bed425a6356318f124d1710360ecf9c5d543384df89788,.npz,reference_data
reference_data/experiment_benchmark/oa_mae_revision/data/labels/SCN_dou_0067.npz,324,bab31e3a9710088ee0b6ee0328194dca4f5f75cf5f258bd39594e7fd70514370,.npz,reference_data
reference_data/experiment_benchmark/oa_mae_revision/data/labels/SCN_dou_0068.npz,339,9ffe3ac710d85fbd12c81c615a4e8795f2804eced4127b8db50bc78d334f48a5,.npz,reference_data
reference_data/experiment_benchmark/oa_mae_revision/data/labels/SCN_dou_0069.npz,326,4119846b9a57a802c572102d6d97e55fe8d9f1b2069913523e9436f0a11ae138,.npz,reference_data
reference_data/experiment_benchmark/oa_mae_revision/data/labels/SCN_gar_0000.npz,265,a1f1553ac2954f4cfdfacc91061c67a2537bf3d333b4f3e64039b6621e871c9f,.npz,reference_data
reference_data/experiment_benchmark/oa_mae_revision/data/labels/SCN_gar_0001.npz,284,c93c7894654afe2f9fbb2fa7e6572efbcacc509d9796642315c64c211b65fc17,.npz,reference_data
reference_data/experiment_benchmark/oa_mae_revision/data/labels/SCN_gar_0002.npz,281,fe3d55c482a689812b571b36d0e019c9324d6476bf35a96d260ce7d32f08c026,.npz,reference_data
reference_data/experiment_benchmark/oa_mae_revision/data/labels/SCN_gar_0003.npz,265,51267914412bd4c00906c8ec74ecdd6659210b5afcdacdadc0d9219168148084,.npz,reference_data
reference_data/experiment_benchmark/oa_mae_revision/data/labels/SCN_gar_0004.npz,268,2308d7ba307a18f2a223be5f9538d0dc02e4ea22ab6bc770eda76c5f4e6817c1,.npz,reference_data
reference_data/experiment_benchmark/oa_mae_revision/data/labels/SCN_gar_0005.npz,282,0b14fddd5cb5bd487d0582945159b11f1b4a62acef8c1a4ca92862215e0b32fb,.npz,reference_data
reference_data/experiment_benchmark/oa_mae_revision/data/labels/SCN_gar_0006.npz,275,179138333006d2c5cb164901702de04e0932b41834c94c510995724e5c0129d2,.npz,reference_data
reference_data/experiment_benchmark/oa_mae_revision/data/labels/SCN_gar_0007.npz,259,d0b42a02e8c89f93d8e8e1e97a82e5a584f0481f849056962fef4ff17d2cdfe6,.npz,reference_data
reference_data/experiment_benchmark/oa_mae_revision/data/labels/SCN_gar_0008.npz,262,f07a12a3347cfcd8847d795d656465a2614374d05805893b1758fb02e324d0c8,.npz,reference_data
reference_data/experiment_benchmark/oa_mae_revision/data/labels/SCN_gar_0009.npz,280,6d025878f4114a90c34aa9dc26b25063341c96cf5bdbc40811d139bb3359ea6c,.npz,reference_data
reference_data/experiment_benchmark/oa_mae_revision/data/labels/SCN_gar_0010.npz,267,9926f8ee3ac9ef569194fda1a39fb60ae8b5a84d76f4d8b204156973e9401bb6,.npz,reference_data
reference_data/experiment_benchmark/oa_mae_revision/data/labels/SCN_gar_0011.npz,268,859b651cf161282cc87f6c8c0843aac7871444595bd42e00372824e799ff649c,.npz,reference_data
reference_data/experiment_benchmark/oa_mae_revision/data/labels/SCN_gar_0012.npz,269,8b4508580b180b329255eae0ca4f5e489d41a7554192672b743a77d6128f7fc8,.npz,reference_data
reference_data/experiment_benchmark/oa_mae_revision/data/labels/SCN_gar_0013.npz,248,314f298b0c26e15e446de5308a8060a7e220e7662f7dbcff8c3103d4f9598ad4,.npz,reference_data
reference_data/experiment_benchmark/oa_mae_revision/data/labels/SCN_gar_0014.npz,267,b91384537aad238c1068879b2cdac47c34455b5a8206fd326e76428426cb2d56,.npz,reference_data
reference_data/experiment_benchmark/oa_mae_revision/data/labels/SCN_gar_0015.npz,291,90fbd722f19fb142973ed1a2275731f13f58d7a3855e76dc85412c6d7b8918ee,.npz,reference_data
reference_data/experiment_benchmark/oa_mae_revision/data/labels/SCN_gar_0016.npz,277,a1615e3c34d6016cf36130ac0a72538cc3527dbb980f430510979045fee0ed45,.npz,reference_data
reference_data/experiment_benchmark/oa_mae_revision/data/labels/SCN_gar_0017.npz,253,99e65bb149655053b1f46f9fa8b05e8238a0d1a72a9e1e00bb55ef142622ac5b,.npz,reference_data
reference_data/experiment_benchmark/oa_mae_revision/data/labels/SCN_gar_0018.npz,276,cdb6c5ac02d8fe8b71eaf1f01944f29c7301410ee4fa7d3d43f47e5a46d35806,.npz,reference_data
reference_data/experiment_benchmark/oa_mae_revision/data/labels/SCN_gar_0019.npz,274,dec05e09436e9c9a3acc1cdc2f748589d8f1459be05b56944b3dfc9bab97ed6d,.npz,reference_data
reference_data/experiment_benchmark/oa_mae_revision/data/labels/SCN_gar_0020.npz,263,c972c1469fd9f34eacc9502cb34168e9cb3e28a75a525747a9d2ce7e6bfaf092,.npz,reference_data
reference_data/experiment_benchmark/oa_mae_revision/data/labels/SCN_gar_0021.npz,278,a855cd5df99b713cd1d2c69d48856d0b0eb92057cb1a6d09dcb80315f1f5411e,.npz,reference_data
reference_data/experiment_benchmark/oa_mae_revision/data/labels/SCN_gar_0022.npz,261,42b7d4468225bcdc160e0a26879c5aa477882696de37e728c123460fc233a7b0,.npz,reference_data
reference_data/experiment_benchmark/oa_mae_revision/data/labels/SCN_gar_0023.npz,270,9a31025064d9d1a794f14ed503ac09c75173b8d32a984ef721eb72d7216be631,.npz,reference_data
reference_data/experiment_benchmark/oa_mae_revision/data/labels/SCN_gar_0024.npz,287,3699b01b77d8f5ae1cfcaa799f72786d86ce84e4b8c5831e3383329ed8711a74,.npz,reference_data
reference_data/experiment_benchmark/oa_mae_revision/data/labels/SCN_gar_0025.npz,259,2e974cf28c84a0368ea3c37a56f21bac57db4f619ff6317e7243c189466594ec,.npz,reference_data
reference_data/experiment_benchmark/oa_mae_revision/data/labels/SCN_gar_0026.npz,249,52a76d7f950cb02d60f4e1f7401237d43142ff95b1f09ead08c808dc8a809149,.npz,reference_data
reference_data/experiment_benchmark/oa_mae_revision/data/labels/SCN_gar_0027.npz,268,fdb0ff181e04b4356e16294b0024f6502e97bc5af0aa7ad5eb8ec9533ab4c84b,.npz,reference_data
reference_data/experiment_benchmark/oa_mae_revision/data/labels/SCN_gar_0028.npz,281,b2cc1117d7f02a32cfc94885d34cab21d116cbaf955d022268b1fb9a1ff593f0,.npz,reference_data
reference_data/experiment_benchmark/oa_mae_revision/data/labels/SCN_gar_0029.npz,291,1ea5e56a532b6f2d8a2960787353761b7d85d350db7192b6db0886ac2e9c8e70,.npz,reference_data
reference_data/experiment_benchmark/oa_mae_revision/data/labels/SCN_gar_0030.npz,279,d1933f33b7d8529d37fb70160591964989778de2cca64edaffcd5f77b82daadb,.npz,reference_data
reference_data/experiment_benchmark/oa_mae_revision/data/labels/SCN_gar_0031.npz,284,3962e1ad78789f2219a4262104d12a4fcd164de8d6efd44368f4a26bfb5f1abf,.npz,reference_data
reference_data/experiment_benchmark/oa_mae_revision/data/labels/SCN_gar_0032.npz,259,418eac721efa86b6928ce0143a0967549308b3856813e49f594423462b9b5358,.npz,reference_data
reference_data/experiment_benchmark/oa_mae_revision/data/labels/SCN_gar_0033.npz,269,24c9c40996d8fd3d5f3cca66c0657562baaa1d4dd5ed5a7eb9636077967e306c,.npz,reference_data
reference_data/experiment_benchmark/oa_mae_revision/data/labels/SCN_gar_0034.npz,271,db68e1fc9860b2118373414458c6b7dae795ad9425409b3c5b21a1a402fe32fd,.npz,reference_data
reference_data/experiment_benchmark/oa_mae_revision/data/labels/SCN_gar_0035.npz,258,d2620ef8588bf9de6130db6a044fda84bb04c7bbfd31ac4ff85f7cbe5412318d,.npz,reference_data
reference_data/experiment_benchmark/oa_mae_revision/data/labels/SCN_gar_0036.npz,256,239aa3bde1f816e9c80380ca564fb93b7d617ca7cacda8298c7743a236828965,.npz,reference_data
reference_data/experiment_benchmark/oa_mae_revision/data/labels/SCN_gar_0037.npz,280,b9191c8c66db464be693c2602ae5a76ad8e8e7ec42190c5eec0f18ee1afe65bb,.npz,reference_data
reference_data/experiment_benchmark/oa_mae_revision/data/labels/SCN_gar_0038.npz,265,21619d3923b7f29589e1341e2b3bda6905f7580b0c3d2b64911499f2b4901e23,.npz,reference_data
reference_data/experiment_benchmark/oa_mae_revision/data/labels/SCN_gar_0039.npz,281,01ab48d23a3d02c326b24f13f41320c061da9a19f0287831b12dacda81fec448,.npz,reference_data
reference_data/experiment_benchmark/oa_mae_revision/data/labels/SCN_gar_0040.npz,296,d56e7edf56f57cb942387fa355635d95761b2a4d1b31a1fe3d670d12173104c5,.npz,reference_data
reference_data/experiment_benchmark/oa_mae_revision/data/labels/SCN_gar_0041.npz,259,56b1820c077fae7b655afa269040d5c841faaef474ef7545fb3b895458df4639,.npz,reference_data
reference_data/experiment_benchmark/oa_mae_revision/data/labels/SCN_gar_0042.npz,264,12f1e7e4d253ffe2d9964b1c5b77c335875c5d0a7b8d522130c23b17f2857908,.npz,reference_data
reference_data/experiment_benchmark/oa_mae_revision/data/labels/SCN_gar_0043.npz,281,a71b64df9cac558ce20f47c01a2f122c60907e664e82dfc5bb18a02caac0942e,.npz,reference_data
reference_data/experiment_benchmark/oa_mae_revision/data/labels/SCN_gar_0044.npz,273,05c5b65130be8961309054295bcb64c35b323e2b9de65969cc0642f3e7d8ddd6,.npz,reference_data
reference_data/experiment_benchmark/oa_mae_revision/data/labels/SCN_gar_0045.npz,270,4fb20007fd56fd532f1d13e41ef0f72db8c9620fab1b51f472f1aa7e0c7c1cea,.npz,reference_data
reference_data/experiment_benchmark/oa_mae_revision/data/labels/SCN_gar_0046.npz,253,b05099e9937f4dee7c1862a11d16be6a254532e46e1e4bed65164e6d4b8ab5bc,.npz,reference_data
reference_data/experiment_benchmark/oa_mae_revision/data/labels/SCN_gar_0047.npz,265,2fae12a04114e248c6d15bebb42078ca0b67ff1abe3d9da32f69388826d913b0,.npz,reference_data
reference_data/experiment_benchmark/oa_mae_revision/data/labels/SCN_gar_0048.npz,291,2715cd01e9b0946179acd0bde7bae6220a64f3558fedbe8d7ce42311525aa9f0,.npz,reference_data
reference_data/experiment_benchmark/oa_mae_revision/data/labels/SCN_gar_0049.npz,282,6497e554a87817b96fa8fa6252b4917d83d55da014f1169598c38af09745f725,.npz,reference_data
reference_data/experiment_benchmark/oa_mae_revision/data/labels/SCN_gar_0050.npz,272,11a19309dd1d3896f19e2ab35282fc0eb9f45041f9d2588d882edce459a23aa7,.npz,reference_data
reference_data/experiment_benchmark/oa_mae_revision/data/labels/SCN_gar_0051.npz,282,0bd0141bb4b52b1c0faafeeba69527b1ce1e6ac5a2197fa25ab82c470edd8c34,.npz,reference_data
reference_data/experiment_benchmark/oa_mae_revision/data/labels/SCN_gar_0052.npz,259,099886e3eaeb02cbea7ddae9f996e65d9d42b815dd783d1669647f03f23e0fde,.npz,reference_data
reference_data/experiment_benchmark/oa_mae_revision/data/labels/SCN_gar_0053.npz,293,d042678824f2e5762b59676fb390b69bba4379a613fe811cf3c354f409118cf4,.npz,reference_data
reference_data/experiment_benchmark/oa_mae_revision/data/labels/SCN_gar_0054.npz,282,a80bcab4461ebf5e23a942969f3e4237fa125ef81aff056a159933e49e37b7a3,.npz,reference_data
reference_data/experiment_benchmark/oa_mae_revision/data/labels/SCN_gar_0055.npz,272,aff7b655553e0c5533e055093136db8d7a4ea0448be5bb05c4d994a46edd867f,.npz,reference_data
reference_data/experiment_benchmark/oa_mae_revision/data/labels/SCN_gar_0056.npz,266,802e686fdcad06aeddf2503a0405c43dc0d9e3bfcf2188b4508a0d8e0809f148,.npz,reference_data
reference_data/experiment_benchmark/oa_mae_revision/data/labels/SCN_gar_0057.npz,269,1dd7755375321d891e942aaa3f041b32cb8732238d8492cbd3192d5f73b749ae,.npz,reference_data
reference_data/experiment_benchmark/oa_mae_revision/data/labels/SCN_gar_0058.npz,327,83f4ad8f87db3a220affc5edcfd877281c82fbb403d84cc16f5a07fc209804a5,.npz,reference_data
reference_data/experiment_benchmark/oa_mae_revision/data/labels/SCN_gar_0059.npz,308,6ae821332eb12f4e91c006fc941c02126fc98eb0d6290da452db3b84361f3f22,.npz,reference_data
reference_data/experiment_benchmark/oa_mae_revision/data/labels/SCN_gar_0060.npz,347,74aacd0be7516196aaf54079603e21d98c95934d04189270021372d3a787ade5,.npz,reference_data
reference_data/experiment_benchmark/oa_mae_revision/data/labels/SCN_gar_0061.npz,317,01e7ed8c2ddb3dec7234f7456558f00045d7f45b25475a3292d1951067659ae2,.npz,reference_data
reference_data/experiment_benchmark/oa_mae_revision/data/labels/SCN_gar_0062.npz,325,5f570009b7360ed11d778819bb47cfeab8a2e1ef722386c85dcdbd980cfb7d43,.npz,reference_data
reference_data/experiment_benchmark/oa_mae_revision/data/labels/SCN_gar_0063.npz,338,668773cd4618ff89364910a92e1ec1d18c0145a6ba11c8e0b02a5e0abfe96c60,.npz,reference_data
reference_data/experiment_benchmark/oa_mae_revision/data/labels/SCN_gar_0064.npz,324,c985d0cc4d0f79f8f47ad78a80c2d9bccff9d408cc19e7bda99f18b966483896,.npz,reference_data
reference_data/experiment_benchmark/oa_mae_revision/data/labels/SCN_gar_0065.npz,310,e0a2b66932eb4cda14d598e343d113ebcd9f42db1bbce1fe1e68eb3630c2b778,.npz,reference_data
reference_data/experiment_benchmark/oa_mae_revision/data/labels/SCN_gar_0066.npz,371,fd76b2ffe8bb6f8ce031ef484ea2a204877b4d5a0c6ab97b9699a7483d85e202,.npz,reference_data
reference_data/experiment_benchmark/oa_mae_revision/data/labels/SCN_gar_0067.npz,366,23d7fa17a08a0838912cc1dfad6564cae8ab767311bbc28a5345549a9786c2b6,.npz,reference_data
reference_data/experiment_benchmark/oa_mae_revision/data/labels/SCN_gar_0068.npz,313,5d5d3fc82ed63ef0b820bc9919af18bfb8c64d432eddd026de5e3de33cb7f332,.npz,reference_data
reference_data/experiment_benchmark/oa_mae_revision/data/labels/SCN_gar_0069.npz,335,d0e601ddd5c64eadd6cc25f5ed3623db1c3d047a68a9968ed782d48dfa42c0b0,.npz,reference_data
reference_data/experiment_benchmark/oa_mae_revision/data/labels/SCN_kig_0000.npz,284,cec99d6833fdd75a6cf5fe19211cc0d34c9705300e2cde252e0d7d0da61460c7,.npz,reference_data
reference_data/experiment_benchmark/oa_mae_revision/data/labels/SCN_kig_0001.npz,258,a6dc10281b303c6bc5ed0c6ebf3cb974b8cfbc3fdea10cf5afc567d0cb44317c,.npz,reference_data
reference_data/experiment_benchmark/oa_mae_revision/data/labels/SCN_kig_0002.npz,272,0602925fd96e1aa698f421b19bed457075792fac5b1f83468ca9c1f199c65296,.npz,reference_data
reference_data/experiment_benchmark/oa_mae_revision/data/labels/SCN_kig_0003.npz,269,deb2f2d26e7a917688dac8066fad51ac4eac12e37a68869c7b138f9ba20d3043,.npz,reference_data
reference_data/experiment_benchmark/oa_mae_revision/data/labels/SCN_kig_0004.npz,277,47748115083f94eab51282642dc0293add5e526c235ecdac5b9eae91dcd84fe1,.npz,reference_data
reference_data/experiment_benchmark/oa_mae_revision/data/labels/SCN_kig_0005.npz,263,9b3796e6e341399211b380b8b51c40ed1b46ab2bcab19d69bd9485f5d386d5b1,.npz,reference_data
reference_data/experiment_benchmark/oa_mae_revision/data/labels/SCN_kig_0006.npz,246,18b33db6dd069a707971b0d9945042c3fe71f93734cdf680b5f032ddb65983e5,.npz,reference_data
reference_data/experiment_benchmark/oa_mae_revision/data/labels/SCN_kig_0007.npz,248,d2260dec63e3999e636c53fc713ef076dbed040efc80aca5a957cbc9f5fcc578,.npz,reference_data
reference_data/experiment_benchmark/oa_mae_revision/data/labels/SCN_kig_0008.npz,269,f2ea2ae45d4940d2b0da00adb122d5d487857bc5c9b1b41aee72df1c1f0f0f01,.npz,reference_data
reference_data/experiment_benchmark/oa_mae_revision/data/labels/SCN_kig_0009.npz,281,0ee248fc7fc2a501ff844ae2306211c37a197448f183a26e4265534be3c2949d,.npz,reference_data
reference_data/experiment_benchmark/oa_mae_revision/data/labels/SCN_kig_0010.npz,298,8409aa8236474bd50e0f043d051bf92d0235554d77fdbdf43ab9f0c4f68a667b,.npz,reference_data
reference_data/experiment_benchmark/oa_mae_revision/data/labels/SCN_kig_0011.npz,268,647ae3453dae45f3a00a5af5435270dc8bee4a59d640df07cb99071552b0aee3,.npz,reference_data
reference_data/experiment_benchmark/oa_mae_revision/data/labels/SCN_kig_0012.npz,252,4cb82c12b71341df3342c70ff07adf5622ea0a7cd25a3e8a86bfd4ddfb96ca77,.npz,reference_data
reference_data/experiment_benchmark/oa_mae_revision/data/labels/SCN_kig_0013.npz,283,9586ba004bf453dbce92be12a591ab808eb515ac7f58043440ee6ad2a5c8beae,.npz,reference_data
reference_data/experiment_benchmark/oa_mae_revision/data/labels/SCN_kig_0014.npz,245,92b687d513faff4f920ad17b90f5a9a19b2e59408129171334124b971a425ea7,.npz,reference_data
reference_data/experiment_benchmark/oa_mae_revision/data/labels/SCN_kig_0015.npz,259,e9ba2b89e826e54f2d2bb3319457f8505f4d443fcc542ea70f00d4979db940ad,.npz,reference_data
reference_data/experiment_benchmark/oa_mae_revision/data/labels/SCN_kig_0016.npz,263,4cc6d36fb7ccc608e6b0520675dc971142ddf8d7c581a6fccae9ead52adb9992,.npz,reference_data
reference_data/experiment_benchmark/oa_mae_revision/data/labels/SCN_kig_0017.npz,276,e79fdc050ace52c99460f2873b557402a08c40a2149bdb8011172ae3164d6a9e,.npz,reference_data
reference_data/experiment_benchmark/oa_mae_revision/data/labels/SCN_kig_0018.npz,275,16715eb7365d94910fb2977aef740d77f0d79768d15295cc493c9ee71e85289f,.npz,reference_data
reference_data/experiment_benchmark/oa_mae_revision/data/labels/SCN_kig_0019.npz,274,b7db13ced97eec93827889519f5da266fd4de4fa87dc3259eceeef3887da28c6,.npz,reference_data
reference_data/experiment_benchmark/oa_mae_revision/data/labels/SCN_kig_0020.npz,254,dfdac3dbc18e1b5943f60f6a4740e7ef88d434088877b7c893180927596670c5,.npz,reference_data
reference_data/experiment_benchmark/oa_mae_revision/data/labels/SCN_kig_0021.npz,255,f3e77e823c76de9687ed26923164176020fb7df4ce714053155aa01ce1ba1932,.npz,reference_data
reference_data/experiment_benchmark/oa_mae_revision/data/labels/SCN_kig_0022.npz,277,1176c226034f61e8bf78d3ad64b2c479b0dcc98adb6f9ed2b60ec231d4b92164,.npz,reference_data
reference_data/experiment_benchmark/oa_mae_revision/data/labels/SCN_kig_0023.npz,284,b76271c363d0e04d65f99ea9842002c9c8674305cf117df44806bb5dda99f619,.npz,reference_data
reference_data/experiment_benchmark/oa_mae_revision/data/labels/SCN_kig_0024.npz,268,4a62737626ab6131be3f2af7bcba15faffec69648e4f9d8933fbf536082d6e39,.npz,reference_data
reference_data/experiment_benchmark/oa_mae_revision/data/labels/SCN_kig_0025.npz,257,c4727366aac74804a1f5c076575f39588b6e307d4472beb76d7225614f972772,.npz,reference_data
reference_data/experiment_benchmark/oa_mae_revision/data/labels/SCN_kig_0026.npz,284,9c4267a4aa18346863509b764dbe1494c7c41ee83f2427a4effd7e4366e021af,.npz,reference_data
reference_data/experiment_benchmark/oa_mae_revision/data/labels/SCN_kig_0027.npz,289,3fe0635a63f540bbad1c73179c2465e7b81af00b2b503f71427d294ca8838116,.npz,reference_data
reference_data/experiment_benchmark/oa_mae_revision/data/labels/SCN_kig_0028.npz,270,09ebfaa4140b21eca17b63e1a460fcdcccf5a5f632f1d5efae9be4a0585a62ce,.npz,reference_data
reference_data/experiment_benchmark/oa_mae_revision/data/labels/SCN_kig_0029.npz,269,10ad5b00a7c86e5be880d8017b07caef0d384451bdc14908db209fb8ce101c71,.npz,reference_data
reference_data/experiment_benchmark/oa_mae_revision/data/labels/SCN_kig_0030.npz,292,ab40ab514afd845ad57ae4257ce1177d64c214331288349114c84fe2a7696353,.npz,reference_data
reference_data/experiment_benchmark/oa_mae_revision/data/labels/SCN_kig_0031.npz,283,7b9377550ffbd0361ab2ea937567f5f606040696cfa62ad45c08e491888a21cd,.npz,reference_data
reference_data/experiment_benchmark/oa_mae_revision/data/labels/SCN_kig_0032.npz,266,f83d292bc126f97c36b5e9bf27d1c145b746a68cb9e17eaca6776101981ebec5,.npz,reference_data
reference_data/experiment_benchmark/oa_mae_revision/data/labels/SCN_kig_0033.npz,274,6045f1b2ef6a1452f1a700866fe6371b9fb42443be5936a05c7a184ec4b10b29,.npz,reference_data
reference_data/experiment_benchmark/oa_mae_revision/data/labels/SCN_kig_0034.npz,255,fbbac000d9c4f768d90858e7deff6b5d8fcbb652375d9d22e2b42dfce4c9ed8b,.npz,reference_data
reference_data/experiment_benchmark/oa_mae_revision/data/labels/SCN_kig_0035.npz,283,e07eb37dee2f8e2d746b4ea35467eb75feafd3758cca1ac97618028ee0e5735e,.npz,reference_data
reference_data/experiment_benchmark/oa_mae_revision/data/labels/SCN_kig_0036.npz,281,421fe6b4fd48c6698cc28be0fadd8c3a539e0345037f2446fed4edba52e58ec2,.npz,reference_data
reference_data/experiment_benchmark/oa_mae_revision/data/labels/SCN_kig_0037.npz,274,ab019de5dbe20ec870d9c61fec6e75761aad32a584dac0d0da56e481224e09e6,.npz,reference_data
reference_data/experiment_benchmark/oa_mae_revision/data/labels/SCN_kig_0038.npz,278,ea2ac198cc76ee66c14d56be122da2489997e4d06f9de4b01953d101d2c937d2,.npz,reference_data
reference_data/experiment_benchmark/oa_mae_revision/data/labels/SCN_kig_0039.npz,273,58cc5757e8c943f1f31349cb14e3115f141ee20aa04ceef8d03df279e3604031,.npz,reference_data
reference_data/experiment_benchmark/oa_mae_revision/data/labels/SCN_kig_0040.npz,271,2bf08ed75326f3a32e4924b00f04c7d32435ce83a604574e0b688496cf7ba6fb,.npz,reference_data
reference_data/experiment_benchmark/oa_mae_revision/data/labels/SCN_kig_0041.npz,247,2182e1b18727ee7be1885ac18fde7ca10bbadef3ade50f399222d2f306045eb8,.npz,reference_data
reference_data/experiment_benchmark/oa_mae_revision/data/labels/SCN_kig_0042.npz,279,c61af0fdd3564277b11cc3dc2a0142c68421b9012045db204c53b3cdc2ef484b,.npz,reference_data
reference_data/experiment_benchmark/oa_mae_revision/data/labels/SCN_kig_0043.npz,249,4bdd217091d957b1b6f1ce110af32cfad26ed5999c6897b0ac8c6da35a0ba607,.npz,reference_data
reference_data/experiment_benchmark/oa_mae_revision/data/labels/SCN_kig_0044.npz,272,74315a62da836c028980a4f59d291029b55635d226c4c3da8cbf37acf3d7f179,.npz,reference_data
reference_data/experiment_benchmark/oa_mae_revision/data/labels/SCN_kig_0045.npz,283,6e9be5f88787c370a0d93e93deca48b4404f0640d271496c23c46979cc1a81fc,.npz,reference_data
reference_data/experiment_benchmark/oa_mae_revision/data/labels/SCN_kig_0046.npz,266,96c939f27ed434479c480cd04e4ba1367bbc45b09f58135dd4ee86b5b8db66b1,.npz,reference_data
reference_data/experiment_benchmark/oa_mae_revision/data/labels/SCN_kig_0047.npz,302,ef37fbc91eb26e3a5ddc9dbf6b475c8170680997ca3dd5db345a3de2686a0134,.npz,reference_data
reference_data/experiment_benchmark/oa_mae_revision/data/labels/SCN_kig_0048.npz,266,077e414316eb911e2dbfe78900437e51ac70c91d67b73de9280d2552346b7392,.npz,reference_data
reference_data/experiment_benchmark/oa_mae_revision/data/labels/SCN_kig_0049.npz,275,ecc1ff9065858ceb6f21658630df48e0808774a613ecdc00b76f4063f77ebd15,.npz,reference_data
reference_data/experiment_benchmark/oa_mae_revision/data/labels/SCN_kig_0050.npz,245,160b00d92e3a81395b771ab4b4b0b5e82b40e4399cade6ff2cc95e31a43e3290,.npz,reference_data
reference_data/experiment_benchmark/oa_mae_revision/data/labels/SCN_kig_0051.npz,261,5f9d470ce46119d5c57d795d904814a13776cfb6ab64eb330244b0bb2b181fa1,.npz,reference_data
reference_data/experiment_benchmark/oa_mae_revision/data/labels/SCN_kig_0052.npz,266,c7cd73f13e91f36dc640aa7cbe7a0dd627903412e0d71d0ea5f582074c3eae24,.npz,reference_data
reference_data/experiment_benchmark/oa_mae_revision/data/labels/SCN_kig_0053.npz,266,2caa67ec6a39dd754a0165c2ec8ea00252d7d20c6b0c86bd1290424ec9b5994a,.npz,reference_data
reference_data/experiment_benchmark/oa_mae_revision/data/labels/SCN_kig_0054.npz,280,336259e51a52287cf014114c8e63e03e6062a37e46c2d147d4ad9c9476970087,.npz,reference_data
reference_data/experiment_benchmark/oa_mae_revision/data/labels/SCN_kig_0055.npz,245,212c8617f20e31785f440cb14d54d39c5107a173c15686c91e41c7f965ae8c6a,.npz,reference_data
reference_data/experiment_benchmark/oa_mae_revision/data/labels/SCN_kig_0056.npz,269,55ddec2eeddd7f2e09670d059bc6629dda3909f483d93e878b3c69ca58961b9a,.npz,reference_data
reference_data/experiment_benchmark/oa_mae_revision/data/labels/SCN_kig_0057.npz,279,01c57253d55b626e81741b4864eeb87b113ebe76d555426d4d0fd301262b82be,.npz,reference_data
reference_data/experiment_benchmark/oa_mae_revision/data/labels/SCN_kig_0058.npz,310,054fbfe8a28a63d8df6e96a951cdd3317962c2414ca410bf7a926bd6e8147204,.npz,reference_data
reference_data/experiment_benchmark/oa_mae_revision/data/labels/SCN_kig_0059.npz,299,a19bd35e70e6e5c7d5a416e898c3e8d8bb0952e35f36b12b762d10dd3c604429,.npz,reference_data
reference_data/experiment_benchmark/oa_mae_revision/data/labels/SCN_kig_0060.npz,331,4bc5592eb546011a741473c4b695ee9708834b635f00a1f5cc01da5abbbb5e17,.npz,reference_data
reference_data/experiment_benchmark/oa_mae_revision/data/labels/SCN_kig_0061.npz,338,287114436897fcdc0aee02bbc232172942e7b0122ce356d41797531288b91938,.npz,reference_data
reference_data/experiment_benchmark/oa_mae_revision/data/labels/SCN_kig_0062.npz,314,108601fbd23dcb3975c0e39b7f358fb7b95ce224cb157cab4518bb503c34c92a,.npz,reference_data
reference_data/experiment_benchmark/oa_mae_revision/data/labels/SCN_kig_0063.npz,313,e089a1c2739275e221153111fa4e84eeeb1e0b1b2872cf6928bff78246e2fa49,.npz,reference_data
reference_data/experiment_benchmark/oa_mae_revision/data/labels/SCN_kig_0064.npz,330,3bb8883eb34cca66629b599503b8a3dd0d4bb4dc8482e7eb2cd3a6086891a029,.npz,reference_data
reference_data/experiment_benchmark/oa_mae_revision/data/labels/SCN_kig_0065.npz,315,da505122e98b5cefbcdbdf9e7b706b8e7fb12683a4534b49eb1b806c465b6b0f,.npz,reference_data
reference_data/experiment_benchmark/oa_mae_revision/data/labels/SCN_kig_0066.npz,348,acd2b13061eb36a21ab4f51c8cd736c857332621582999c5dfc2f2eeb57d7b4b,.npz,reference_data
reference_data/experiment_benchmark/oa_mae_revision/data/labels/SCN_kig_0067.npz,302,da8c4b8ff492f1482ae909fbb1fed2f8d1df196914ee635d09328040a1f68dfc,.npz,reference_data
reference_data/experiment_benchmark/oa_mae_revision/data/labels/SCN_kig_0068.npz,307,92f7e47f73d3abea0dfbbb1fb706f49a3c93c8a61412004c391edc775707ac73,.npz,reference_data
reference_data/experiment_benchmark/oa_mae_revision/data/labels/SCN_kig_0069.npz,358,60412ee417780686998168de06785fc4eee5f11c301ae3b9bda092ed1409fd90,.npz,reference_data
reference_data/experiment_benchmark/oa_mae_revision/data/labels/SCN_yao_0000.npz,259,cae33f80002858b5f32a3605c840a19559dd5be8c5540a9752019f731d444d59,.npz,reference_data
reference_data/experiment_benchmark/oa_mae_revision/data/labels/SCN_yao_0001.npz,294,6435dabf1dccacf8ec4382e7b903b47201bf947bf08c8c9c888644452eb2066e,.npz,reference_data
reference_data/experiment_benchmark/oa_mae_revision/data/labels/SCN_yao_0002.npz,269,b8d40539936c9af0c2d28b87e36970f309d92d941753c1d7e7ff7b1027ae6520,.npz,reference_data
reference_data/experiment_benchmark/oa_mae_revision/data/labels/SCN_yao_0003.npz,280,d50e89fba5a622b5f822f29fbdd36dfc86f3b78d016185c5c86b95a3baac8c8f,.npz,reference_data
reference_data/experiment_benchmark/oa_mae_revision/data/labels/SCN_yao_0004.npz,276,bfc9f79b10c0e4b07f1baca124abc73e4ba92226058a0fd67ca627e7bd43693e,.npz,reference_data
reference_data/experiment_benchmark/oa_mae_revision/data/labels/SCN_yao_0005.npz,272,dc4985b9aafc889286c221b55370f5f88904bab796b42ed4a7fcc6c55d1d2b38,.npz,reference_data
reference_data/experiment_benchmark/oa_mae_revision/data/labels/SCN_yao_0006.npz,269,b329ce679854a74ad99a3bd8747f5407409fe2f68e1113ce46b5cf96a588afcd,.npz,reference_data
reference_data/experiment_benchmark/oa_mae_revision/data/labels/SCN_yao_0007.npz,267,906335a030e93035f7a195e4d1568e336723d1edaf1319c75c5870fcf7b52cc6,.npz,reference_data
reference_data/experiment_benchmark/oa_mae_revision/data/labels/SCN_yao_0008.npz,271,a2e4b512262682b2e117cb61373d5eb5f889b685408e954c53c9e2b49ca51b45,.npz,reference_data
reference_data/experiment_benchmark/oa_mae_revision/data/labels/SCN_yao_0009.npz,266,1fb54d67c79348f680f991a6ebf11e069417671ad45aa92ff6e5a415733675b5,.npz,reference_data
reference_data/experiment_benchmark/oa_mae_revision/data/labels/SCN_yao_0010.npz,247,a855b7e68a57e8bd72e79be45fe5a8bef537186b9e9e50cf579a8bd77e4865c5,.npz,reference_data
reference_data/experiment_benchmark/oa_mae_revision/data/labels/SCN_yao_0011.npz,255,aede601404c23cd2f8653b1ed8f48335bccb75b9c79490f81e8b3fd13d203dd4,.npz,reference_data
reference_data/experiment_benchmark/oa_mae_revision/data/labels/SCN_yao_0012.npz,265,6d456035a9ac6912e706da75bb8eb3b7fbe6ab92b53bb848473403e0f548373f,.npz,reference_data
reference_data/experiment_benchmark/oa_mae_revision/data/labels/SCN_yao_0013.npz,255,72af47eff787bbb0780f3606c842a7a64d2a3c4c5d64dee2ac1175b7f97948e3,.npz,reference_data
reference_data/experiment_benchmark/oa_mae_revision/data/labels/SCN_yao_0014.npz,303,2f228a81f8cd9bf6f3d9bbe04b9054263462266fe7dad03e37592a8683f25daf,.npz,reference_data
reference_data/experiment_benchmark/oa_mae_revision/data/labels/SCN_yao_0015.npz,278,4975654066da060eb83c13b92bcedc573f4a1e40c6627947e08404dd2aa740be,.npz,reference_data
reference_data/experiment_benchmark/oa_mae_revision/data/labels/SCN_yao_0016.npz,274,f49180359688c58a21a0658bc166d672f7227a712173ca1ff7bebc53081286ef,.npz,reference_data
reference_data/experiment_benchmark/oa_mae_revision/data/labels/SCN_yao_0017.npz,261,231a28430615c5cf6b555dc54231920083fad67b48bd36f3c624030379117046,.npz,reference_data
reference_data/experiment_benchmark/oa_mae_revision/data/labels/SCN_yao_0018.npz,260,c8abbf48121f193d224b09e46ba52dd5e98294be736f999b953e1ffd673c2050,.npz,reference_data
reference_data/experiment_benchmark/oa_mae_revision/data/labels/SCN_yao_0019.npz,276,3de3bc4e3f748237a3e77bbed76f64583c4164a0b9e21feefe985619c4802916,.npz,reference_data
reference_data/experiment_benchmark/oa_mae_revision/data/labels/SCN_yao_0020.npz,259,40cdc44689fe30abcd82237dcaffd71b0d6156e2ecb8b5d46960d979d8ba9a2e,.npz,reference_data
reference_data/experiment_benchmark/oa_mae_revision/data/labels/SCN_yao_0021.npz,248,018710b6cbd5eb2371e8ed2251d75167f1f1ace25ef9ebbff61e74851c19a584,.npz,reference_data
reference_data/experiment_benchmark/oa_mae_revision/data/labels/SCN_yao_0022.npz,266,b7369e9b19e45dcc65830dcaec425b119d38ef46472ac458ba6fd44d7b7e05c0,.npz,reference_data
reference_data/experiment_benchmark/oa_mae_revision/data/labels/SCN_yao_0023.npz,232,435491b2b1efd40ae229c61c4866a923e0ce3b373639440349fea7a90d19fa62,.npz,reference_data
reference_data/experiment_benchmark/oa_mae_revision/data/labels/SCN_yao_0024.npz,251,127121398b30f5bf9cd163c9bd5be3b47407f59144188be96dbb14f75762b6d8,.npz,reference_data
reference_data/experiment_benchmark/oa_mae_revision/data/labels/SCN_yao_0025.npz,260,575088313c3b452842711c82d33d1fe2e2043f82380ae6c9465ab28c1aac9b7d,.npz,reference_data
reference_data/experiment_benchmark/oa_mae_revision/data/labels/SCN_yao_0026.npz,264,9e59bc16ff41186bf65bcf6baed36ab22d057c2b13593be7eac51577624abeeb,.npz,reference_data
reference_data/experiment_benchmark/oa_mae_revision/data/labels/SCN_yao_0027.npz,256,3c8d734965303e4a4679118828a0d99bd19d83de7750a8f11c5a85530ed6ffc6,.npz,reference_data
reference_data/experiment_benchmark/oa_mae_revision/data/labels/SCN_yao_0028.npz,282,c6ee1b8ed10dba4ca77b3bccf83331edcbcc9cc98675675480af5d8d247fa95b,.npz,reference_data
reference_data/experiment_benchmark/oa_mae_revision/data/labels/SCN_yao_0029.npz,261,f83b9a0f40b8a2a4aad6180e30662a81170fecea9b85c1d8c0b68268f366ca8a,.npz,reference_data
reference_data/experiment_benchmark/oa_mae_revision/data/labels/SCN_yao_0030.npz,260,ebca891acc1f58a8fd93fd85b5f4a134e54278dc53f3df0e3b45ff8c936e3af0,.npz,reference_data
reference_data/experiment_benchmark/oa_mae_revision/data/labels/SCN_yao_0031.npz,265,35fd0ca02be4f148b269593071d5c4d081f676a1e0b54fe5c6070543152ea42b,.npz,reference_data
reference_data/experiment_benchmark/oa_mae_revision/data/labels/SCN_yao_0032.npz,269,026da6dd875c464a7f4d48152fa1cf487e3285d925c259bd700e78023654bbb8,.npz,reference_data
reference_data/experiment_benchmark/oa_mae_revision/data/labels/SCN_yao_0033.npz,265,3c39b97a22b91386d17365b25acbc0a36377262fa6180fb4be8c19caf6c4fd1b,.npz,reference_data
reference_data/experiment_benchmark/oa_mae_revision/data/labels/SCN_yao_0034.npz,277,e236265fa25580a2ce9e9222ead9b97efd8569f38c152bf8cb2eb0dbad90f77d,.npz,reference_data
reference_data/experiment_benchmark/oa_mae_revision/data/labels/SCN_yao_0035.npz,283,b17d70dbd2835b0a89786e441794f8e3d287d2f698960d2af5b93dda433bbda4,.npz,reference_data
reference_data/experiment_benchmark/oa_mae_revision/data/labels/SCN_yao_0036.npz,278,378b6c75cc7c6b82aba3aa133da5ade10de5a5020ddb2b408a01169dde8320ff,.npz,reference_data
reference_data/experiment_benchmark/oa_mae_revision/data/labels/SCN_yao_0037.npz,257,0966411d079acb24fdcb06e8d63d401563486ecfde1e31b6eab67c31f7a9daf6,.npz,reference_data
reference_data/experiment_benchmark/oa_mae_revision/data/labels/SCN_yao_0038.npz,279,6f64fccc0491e8ea42208bd17345203769325cbacfee1668e70c314adee368a8,.npz,reference_data
reference_data/experiment_benchmark/oa_mae_revision/data/labels/SCN_yao_0039.npz,276,63340957e88db17547deab0f7b0060e5a51bbb81d7198669257be7672fc6b224,.npz,reference_data
reference_data/experiment_benchmark/oa_mae_revision/data/labels/SCN_yao_0040.npz,266,dec90f9a1e77e2837d430d58919dfdb5ae5b430ecf5100ea8560ef9816045bf0,.npz,reference_data
reference_data/experiment_benchmark/oa_mae_revision/data/labels/SCN_yao_0041.npz,266,4abcd93d223eb805184d2c74981586c30ced9b71d7610eec09a66dedd0361a57,.npz,reference_data
reference_data/experiment_benchmark/oa_mae_revision/data/labels/SCN_yao_0042.npz,302,00d92f0f08948f6256090743ffeceb36115d787474bfd991bad22a1a2cc7e24d,.npz,reference_data
reference_data/experiment_benchmark/oa_mae_revision/data/labels/SCN_yao_0043.npz,277,67a5fdc14a20b211c238e604db6025c7c989bfe6d0f207c995920830f2c378e0,.npz,reference_data
reference_data/experiment_benchmark/oa_mae_revision/data/labels/SCN_yao_0044.npz,297,4cb8140fb099545334f26f4e63aa761c3bc557478614fb800b90b9bca44b75e4,.npz,reference_data
reference_data/experiment_benchmark/oa_mae_revision/data/labels/SCN_yao_0045.npz,266,481c6cd00ce42dc1e7b60ed1b0fc7cc4b0cad923ab0d73626b939b4826dbf6e8,.npz,reference_data
reference_data/experiment_benchmark/oa_mae_revision/data/labels/SCN_yao_0046.npz,249,76dcac6d978c7928395795f72ec2a2d59d3929dfc360691c5749c10a3daea44c,.npz,reference_data
reference_data/experiment_benchmark/oa_mae_revision/data/labels/SCN_yao_0047.npz,267,17bd0dfc45a26774dd85b172ee26b9a7003219077a4e80fdfc60389483fc120b,.npz,reference_data
reference_data/experiment_benchmark/oa_mae_revision/data/labels/SCN_yao_0048.npz,252,997ef578503b965b796335c801c7d73ca4b0a39369bbe2fef33c967b150b9948,.npz,reference_data
reference_data/experiment_benchmark/oa_mae_revision/data/labels/SCN_yao_0049.npz,290,962f3caf4b9ded5317e019fcb276c717caad2f55facbb8e6587ca80e434742e6,.npz,reference_data
reference_data/experiment_benchmark/oa_mae_revision/data/labels/SCN_yao_0050.npz,270,aafde0abf1b1ae25e93b0d0d51991ef6025cd4fb70ab3708dad252be2d41e4b9,.npz,reference_data
reference_data/experiment_benchmark/oa_mae_revision/data/labels/SCN_yao_0051.npz,268,096b34b2858fd7a7c5981eb5ee8413ed0028b98201b9741280c2854abb961e05,.npz,reference_data
reference_data/experiment_benchmark/oa_mae_revision/data/labels/SCN_yao_0052.npz,242,a2df0dd36b2f8649d74d2eb4c6f4980a5e991a8cf59e88ddf1fe8051a5a931fc,.npz,reference_data
reference_data/experiment_benchmark/oa_mae_revision/data/labels/SCN_yao_0053.npz,273,27c90a1963bb9511bc75149ef33c87acdb1d7decc3eb5e085efd058a798f7b95,.npz,reference_data
reference_data/experiment_benchmark/oa_mae_revision/data/labels/SCN_yao_0054.npz,248,83b758c6fcf3f7b8ce018048d768b5f2106de4d0b205926ef4151dd6ad4094aa,.npz,reference_data
reference_data/experiment_benchmark/oa_mae_revision/data/labels/SCN_yao_0055.npz,248,9caedabb7fbd6dc5384905e73922141ec2870c089955b9470631a80f9e4511e4,.npz,reference_data
reference_data/experiment_benchmark/oa_mae_revision/data/labels/SCN_yao_0056.npz,257,70210d117378386fc90db9100b9eb8124296fd34d6feeb6814d2e1049f9b36cf,.npz,reference_data
reference_data/experiment_benchmark/oa_mae_revision/data/labels/SCN_yao_0057.npz,282,b2fcfe36c4bcf8f53f3460658d140aa026516fef1addf2feee3d284f48229e3e,.npz,reference_data
reference_data/experiment_benchmark/oa_mae_revision/data/labels/SCN_yao_0058.npz,334,54f28ceea3891fd6ec28362632449db3717af158cb500bd2dd87c34716c6a978,.npz,reference_data
reference_data/experiment_benchmark/oa_mae_revision/data/labels/SCN_yao_0059.npz,322,db3399e0fb821c8a63e490a9c42dafa020f91bb2dfafe35884989d5b10d8bcf2,.npz,reference_data
reference_data/experiment_benchmark/oa_mae_revision/data/labels/SCN_yao_0060.npz,356,2b90c345ac016e98c30960c2510693691c2349f362e45e5bc8d99c28fe9a6479,.npz,reference_data
reference_data/experiment_benchmark/oa_mae_revision/data/labels/SCN_yao_0061.npz,341,ea603b59c9e4b8f5f57951e4e35057ac8d9db8834973c121e452553509ef4683,.npz,reference_data
reference_data/experiment_benchmark/oa_mae_revision/data/labels/SCN_yao_0062.npz,314,593fb59788daf607321fd104b0b553e18146badf34e7e1777d5186678d36802c,.npz,reference_data
reference_data/experiment_benchmark/oa_mae_revision/data/labels/SCN_yao_0063.npz,350,c43c0983c31ca1bea2551216d4dc069810fc931cadf18f61dfba9fe3f04fc562,.npz,reference_data
reference_data/experiment_benchmark/oa_mae_revision/data/labels/SCN_yao_0064.npz,322,a12ffbec75cc769fb08ef6135890adc834fc01f41fa8c13a79a7659efa98b76b,.npz,reference_data
reference_data/experiment_benchmark/oa_mae_revision/data/labels/SCN_yao_0065.npz,308,8d6c89335dbefecb61ffe556d4459f4ae62fb57d42e34ea0b447a20542736b26,.npz,reference_data
reference_data/experiment_benchmark/oa_mae_revision/data/labels/SCN_yao_0066.npz,337,075952afce2415966b64beeb59e58e3f1691ca4305bae797bde9acfdd5234f2c,.npz,reference_data
reference_data/experiment_benchmark/oa_mae_revision/data/labels/SCN_yao_0067.npz,322,5010de9e7568006e264d3247cc8dde699dabd3beda6cbc2e4486d712dd3aba9e,.npz,reference_data
reference_data/experiment_benchmark/oa_mae_revision/data/labels/SCN_yao_0068.npz,292,c0fc22fa094b2782070e512000442df906199a2b9fa83288784153f5ba26d912,.npz,reference_data
reference_data/experiment_benchmark/oa_mae_revision/data/labels/SCN_yao_0069.npz,313,2c422d191bffe88e4f96147f2bc08f7e4bf05326adb7d7a1e7ab9c7d0467e4da,.npz,reference_data
reference_data/experiment_benchmark/oa_mae_revision/data/samples.csv,217890,e51c29eea3615ea9af96c6849c384f8283f4a70e648112e23015deb1ff25cf05,.csv,reference_data
reference_data/experiment_benchmark/oa_mae_revision/predictions/croma/SCN_dak_0058_binary.npz,436,8ca02d4f9730c872fb395f38df3dfcf6ecaad94dacbfcf099eb71a576dc22a0f,.npz,reference_data
reference_data/experiment_benchmark/oa_mae_revision/predictions/croma/SCN_dak_0058_probability.npz,32706,9c34c635c12677e40fe7ad555cd4c865c43e00148d8689fe41efc148194aa887,.npz,reference_data
reference_data/experiment_benchmark/oa_mae_revision/predictions/croma/SCN_dak_0059_binary.npz,467,674d7885f7d592679676824afa05be6d0fb100f28464295a6f08a1d3a2280e58,.npz,reference_data
reference_data/experiment_benchmark/oa_mae_revision/predictions/croma/SCN_dak_0059_probability.npz,32693,c2b32b631649aa8059ea8d62f9ebe7855ada8493a158c9d6dd94b8ef7328a34e,.npz,reference_data
reference_data/experiment_benchmark/oa_mae_revision/predictions/croma/SCN_dak_0060_binary.npz,456,8c8aa0ac48d6509f828fdb5caf8879b90935094cbbb2917b058bffbd6b166d49,.npz,reference_data
reference_data/experiment_benchmark/oa_mae_revision/predictions/croma/SCN_dak_0060_probability.npz,32724,90ac8694fec353b7829dd8b6a1f2589e7332c4bc19861de88b6a323445d6d181,.npz,reference_data
reference_data/experiment_benchmark/oa_mae_revision/predictions/croma/SCN_dak_0061_binary.npz,532,2fded44fb18527c47d04e51ff4168823fa11e548efcb27abb64385e2aab51928,.npz,reference_data
reference_data/experiment_benchmark/oa_mae_revision/predictions/croma/SCN_dak_0061_probability.npz,32815,4b50d361bde38a51044f4c3fd3636f8ee1ea2869f5ed2be2c66bd94df7d1cd26,.npz,reference_data
reference_data/experiment_benchmark/oa_mae_revision/predictions/croma/SCN_dak_0062_binary.npz,475,981552636fa3f3da7f3077a22dd14b4db62b1faee119126f5a6f0b9301854a22,.npz,reference_data
reference_data/experiment_benchmark/oa_mae_revision/predictions/croma/SCN_dak_0062_probability.npz,32828,587fdc61e481c663f389ec14c63961258278e81855efbe2097798740c5d96c64,.npz,reference_data
reference_data/experiment_benchmark/oa_mae_revision/predictions/croma/SCN_dak_0063_binary.npz,473,7f88574d84bfbb786056431f53314afc0c23e299fcb514ffe48a4a9ca3ca3055,.npz,reference_data
reference_data/experiment_benchmark/oa_mae_revision/predictions/croma/SCN_dak_0063_probability.npz,32725,648ef24a1c842afe4f585b82068cd5f244d1118c7a4ccc7dde5885ac3ed2f35f,.npz,reference_data
reference_data/experiment_benchmark/oa_mae_revision/predictions/croma/SCN_dak_0064_binary.npz,485,6ba20390ae9ecd5a14dc3d4ece9345650fe5198303e075323774c01b8f701835,.npz,reference_data
reference_data/experiment_benchmark/oa_mae_revision/predictions/croma/SCN_dak_0064_probability.npz,32869,915ae6dddc1bd7ebd719409ec702dd30d0d5e91eca5ac7e794d9204c546cba58,.npz,reference_data
reference_data/experiment_benchmark/oa_mae_revision/predictions/croma/SCN_dak_0065_binary.npz,486,864aed54754cb7864d9205be226ea323d6df8d195f7571d38d32e92be19fb747,.npz,reference_data
reference_data/experiment_benchmark/oa_mae_revision/predictions/croma/SCN_dak_0065_probability.npz,32858,98e77b8c786c53a0f8cdf657d3f34b5332f0d756e6bc1ce869dc01dd432c46c4,.npz,reference_data
reference_data/experiment_benchmark/oa_mae_revision/predictions/croma/SCN_dak_0066_binary.npz,456,7fe5ecdd88a7bba74360aab23dbec6b1d138c9e6515d667e723c3abe929bfaad,.npz,reference_data
reference_data/experiment_benchmark/oa_mae_revision/predictions/croma/SCN_dak_0066_probability.npz,32713,2bae1e0a7bddbe98d49cf6798ae1ab1c2916987198980cad89ce360ca005b691,.npz,reference_data
reference_data/experiment_benchmark/oa_mae_revision/predictions/croma/SCN_dak_0067_binary.npz,477,79a24e488c90318e7c6730b064cb22888730bd4e94697dda6ae0f21a8f55db22,.npz,reference_data
reference_data/experiment_benchmark/oa_mae_revision/predictions/croma/SCN_dak_0067_probability.npz,32718,08a3490dc8323a0b5edecc82a9c2e876550b48cf3eff14d4fda52332b01362e2,.npz,reference_data
reference_data/experiment_benchmark/oa_mae_revision/predictions/croma/SCN_dak_0068_binary.npz,775,ad23092642a0dd91f36e0984a2afcd60958bd8c4d635c4402657df750792d2d8,.npz,reference_data
reference_data/experiment_benchmark/oa_mae_revision/predictions/croma/SCN_dak_0068_probability.npz,32998,9a9cc19f925c879b8f7ba4e62a48d9dd89ea6207160b1745fb6abc6b7a4ed3ac,.npz,reference_data
reference_data/experiment_benchmark/oa_mae_revision/predictions/croma/SCN_dak_0069_binary.npz,540,98ebd9710c69b749131eb12311b09fb392338d32292e3a73f2d8583ae83fc612,.npz,reference_data
reference_data/experiment_benchmark/oa_mae_revision/predictions/croma/SCN_dak_0069_probability.npz,32823,ab22f7ca972c2ba639d8629a9a07cc6f150e5a3e0c9b3c608fb106de08d86897,.npz,reference_data
reference_data/experiment_benchmark/oa_mae_revision/predictions/croma/SCN_dar_0058_binary.npz,562,822b1a75bda50f18d0217c249900988a221f8dc8b1b05710ab5aa0c613b4d62c,.npz,reference_data
reference_data/experiment_benchmark/oa_mae_revision/predictions/croma/SCN_dar_0058_probability.npz,32853,cfe72fdf0645fce1a06414e02726ef2bdce52979ee344fe47568a645d4a88deb,.npz,reference_data
reference_data/experiment_benchmark/oa_mae_revision/predictions/croma/SCN_dar_0059_binary.npz,879,4517598ed733f0e7e56f89b980aa3b055329c9469f61c057cc65c6a589f71ecd,.npz,reference_data
reference_data/experiment_benchmark/oa_mae_revision/predictions/croma/SCN_dar_0059_probability.npz,33051,b3f99f289950b7c072f60793133a383c60efee76b13253e43b53185f65275656,.npz,reference_data
reference_data/experiment_benchmark/oa_mae_revision/predictions/croma/SCN_dar_0060_binary.npz,496,f292ae730249b1325830ef794038a2f7ece11ab699a533ac834ef0d073b9983d,.npz,reference_data
reference_data/experiment_benchmark/oa_mae_revision/predictions/croma/SCN_dar_0060_probability.npz,32710,f81f2da1df0f2f131d36e0747324c0fb657568ef12d8ac4fc42f5b43c1fcb72f,.npz,reference_data
reference_data/experiment_benchmark/oa_mae_revision/predictions/croma/SCN_dar_0061_binary.npz,521,ef235e7a38e89a8efe1a9c7effeba92323fb70ef4e482e76dc58ff02293a0f55,.npz,reference_data
reference_data/experiment_benchmark/oa_mae_revision/predictions/croma/SCN_dar_0061_probability.npz,32833,0d05744e75f8dadb1c5607b810fb686f1e6b34ac4d11d9586e0337cb24ee5ea3,.npz,reference_data
reference_data/experiment_benchmark/oa_mae_revision/predictions/croma/SCN_dar_0062_binary.npz,744,8e28fc61b295c63fc000698a4f78c0b34e8d287dcbf4e812875298c401b3ca30,.npz,reference_data
reference_data/experiment_benchmark/oa_mae_revision/predictions/croma/SCN_dar_0062_probability.npz,33014,1a91102318e2f51b0fccce950989be477f9e0ae65c906d5c8a2fed7d7f1ab1c2,.npz,reference_data
reference_data/experiment_benchmark/oa_mae_revision/predictions/croma/SCN_dar_0063_binary.npz,562,009849d60657ac9ed171d9896e07cdd7fefb044cd4081f381768d3760de5ca72,.npz,reference_data
reference_data/experiment_benchmark/oa_mae_revision/predictions/croma/SCN_dar_0063_probability.npz,32792,73e489e1b904bac8ffd11660085c1d760e620e4c550c8465599c6153a9a23951,.npz,reference_data
reference_data/experiment_benchmark/oa_mae_revision/predictions/croma/SCN_dar_0064_binary.npz,613,d2524819193addbe80c1a896b0087dc6712acbb835df750ac38ebb06f3a02dc2,.npz,reference_data
reference_data/experiment_benchmark/oa_mae_revision/predictions/croma/SCN_dar_0064_probability.npz,32935,1990c6dfeb016c9f8a74cccb86d67ec29e0c348e1a2cf1f6d88ae7ea54431951,.npz,reference_data
reference_data/experiment_benchmark/oa_mae_revision/predictions/croma/SCN_dar_0065_binary.npz,502,72b7ed8765d417d52e7de8ce51ee6d2afee09a706291b47fa47f787888131567,.npz,reference_data
reference_data/experiment_benchmark/oa_mae_revision/predictions/croma/SCN_dar_0065_probability.npz,32768,3fe8cfd9b9378820953abd96771dbf1e1da86129c1ae4866d316115b717295d6,.npz,reference_data
reference_data/experiment_benchmark/oa_mae_revision/predictions/croma/SCN_dar_0066_binary.npz,526,55e225f3d2fb1b58035767914d8c055ffcb8a01fd9ea104af5942cc9759bc9d1,.npz,reference_data
reference_data/experiment_benchmark/oa_mae_revision/predictions/croma/SCN_dar_0066_probability.npz,32788,241f4f5cb46f8f57d263b28b482a381f9c54bda644879c34dd63cba825bff5a8,.npz,reference_data
reference_data/experiment_benchmark/oa_mae_revision/predictions/croma/SCN_dar_0067_binary.npz,788,335e3eb19f29fa80fc825a1b73352bfcfe95093759b462235ce5a6717b4dd582,.npz,reference_data
reference_data/experiment_benchmark/oa_mae_revision/predictions/croma/SCN_dar_0067_probability.npz,32988,3b132a1a4f1bb10fe1a15ec3f6899f3d7ba30937e7c28d7a61e5ad0a001ca4e8,.npz,reference_data
reference_data/experiment_benchmark/oa_mae_revision/predictions/croma/SCN_dar_0068_binary.npz,565,a4c78c1b6349992ffbd756fd5622c47e92e2108854606e2cd3cdc143a0ac4e7f,.npz,reference_data
reference_data/experiment_benchmark/oa_mae_revision/predictions/croma/SCN_dar_0068_probability.npz,32901,6faad783a69eeb0b59b860ab90446e6ab7614482600b996fd7ee39eedbb4a3aa,.npz,reference_data
reference_data/experiment_benchmark/oa_mae_revision/predictions/croma/SCN_dar_0069_binary.npz,522,08bef94f4bdee2d748af076e0b7f3205acbcab12190f8ec4f724c19add51a900,.npz,reference_data
reference_data/experiment_benchmark/oa_mae_revision/predictions/croma/SCN_dar_0069_probability.npz,32761,406852e1adcd009964a89d6efb4fe31147d0bdfc22ad0ad3f5fe415addf5098e,.npz,reference_data
reference_data/experiment_benchmark/oa_mae_revision/predictions/croma/SCN_dou_0058_binary.npz,668,c68f57882bada2518fa6f23c761985fa5af677b847ff966936dd9125cf900082,.npz,reference_data
reference_data/experiment_benchmark/oa_mae_revision/predictions/croma/SCN_dou_0058_probability.npz,32947,efe8206709bcea041f9a478934c0b5d184098ec571e1dee30dd18752f8a3e6a6,.npz,reference_data
reference_data/experiment_benchmark/oa_mae_revision/predictions/croma/SCN_dou_0059_binary.npz,680,c89e95f2a8c37110e79a18581d066275c5e2a5f684c0fb62198f4c0294219afa,.npz,reference_data
reference_data/experiment_benchmark/oa_mae_revision/predictions/croma/SCN_dou_0059_probability.npz,32951,9e4e938cf175c7ff600b315684a4c86099d46d31618bfd1025dd811242092887,.npz,reference_data
reference_data/experiment_benchmark/oa_mae_revision/predictions/croma/SCN_dou_0060_binary.npz,495,d21006a6943be7b43e984632e40999e3f65a3fc132b8a6046d1f1a7cd6d290df,.npz,reference_data
reference_data/experiment_benchmark/oa_mae_revision/predictions/croma/SCN_dou_0060_probability.npz,32746,fbea2125e375d700d5816db80689998fcb9500eb3f5188e96d256758269d085e,.npz,reference_data
reference_data/experiment_benchmark/oa_mae_revision/predictions/croma/SCN_dou_0061_binary.npz,802,13e98ce97b49c23991a46abd0f025053085bd80c1f85d0e311397eb584b3b147,.npz,reference_data
reference_data/experiment_benchmark/oa_mae_revision/predictions/croma/SCN_dou_0061_probability.npz,33011,bcada5ddeee9dcdb96b09bf4b2b0d4be28fa6a42aaad8cc894f4ebb86ab45a31,.npz,reference_data
reference_data/experiment_benchmark/oa_mae_revision/predictions/croma/SCN_dou_0062_binary.npz,849,9e145c1763130e2a5e7e48aa55d0304e8405d060d20e85c0819cd01985718ca2,.npz,reference_data
reference_data/experiment_benchmark/oa_mae_revision/predictions/croma/SCN_dou_0062_probability.npz,33055,a65a0fff9b64fb4d727a3ba6095c26a88514eb7cee6fac2ea699c756687370a5,.npz,reference_data
reference_data/experiment_benchmark/oa_mae_revision/predictions/croma/SCN_dou_0063_binary.npz,474,4e12b2dd9b1ea768a7f7c7ee94550f498e7124746420a27e9ef4ffb8e20855ec,.npz,reference_data
reference_data/experiment_benchmark/oa_mae_revision/predictions/croma/SCN_dou_0063_probability.npz,32731,e791174d18dfc2ed3e58956d21facb629178eb71ffcf1effe16d49daefa3ff64,.npz,reference_data
reference_data/experiment_benchmark/oa_mae_revision/predictions/croma/SCN_dou_0064_binary.npz,696,61a84bd7256fff922c44f0436f82ff2b7fe9745b5484f104a9318740f1606f8c,.npz,reference_data
reference_data/experiment_benchmark/oa_mae_revision/predictions/croma/SCN_dou_0064_probability.npz,32924,970cad57a975fee2a5ca5269167ce0b0974244f9ceee79650d28285cfff2eb3b,.npz,reference_data
reference_data/experiment_benchmark/oa_mae_revision/predictions/croma/SCN_dou_0065_binary.npz,736,db6f00f455fd4ccead82ff577860dc8a0fe21168308f4e80b62421416d43fecd,.npz,reference_data
reference_data/experiment_benchmark/oa_mae_revision/predictions/croma/SCN_dou_0065_probability.npz,32978,0656f5c6583b00103f74bbe42afa4e32c18e2969917ea61ec3c3fbd0c5a3eb89,.npz,reference_data
reference_data/experiment_benchmark/oa_mae_revision/predictions/croma/SCN_dou_0066_binary.npz,469,8579412b610a35d61fa666e3eb84eb61ed747fc321978f07fac323d5381f0ca9,.npz,reference_data
reference_data/experiment_benchmark/oa_mae_revision/predictions/croma/SCN_dou_0066_probability.npz,32672,455e95aa4a95bc09482bc94efd0f200f17c1926313fa4975180e38dad26d436a,.npz,reference_data
reference_data/experiment_benchmark/oa_mae_revision/predictions/croma/SCN_dou_0067_binary.npz,692,abed941d4388ff076dc4dacca3bee67e34b45c577fa488d3aa0bdef3d920f791,.npz,reference_data
reference_data/experiment_benchmark/oa_mae_revision/predictions/croma/SCN_dou_0067_probability.npz,32925,e9544c0de0b34dcec949ef1ec1a5a269459abd61e4adad54976ed0af48df1e0f,.npz,reference_data
reference_data/experiment_benchmark/oa_mae_revision/predictions/croma/SCN_dou_0068_binary.npz,459,9b352a0405ba860e3eedd475de0bd0bbd4e4d8b6c54fd3e01987327210ac7e51,.npz,reference_data
reference_data/experiment_benchmark/oa_mae_revision/predictions/croma/SCN_dou_0068_probability.npz,32725,985d8990d721085807d62f4b4312ccc6774a42392f86347ab6e51beef688a0cc,.npz,reference_data
reference_data/experiment_benchmark/oa_mae_revision/predictions/croma/SCN_dou_0069_binary.npz,499,1b5701549b2b2c1719cd8dd5982f12801ffe069202d48eb39218ab068c16a376,.npz,reference_data
reference_data/experiment_benchmark/oa_mae_revision/predictions/croma/SCN_dou_0069_probability.npz,32770,3b029f75695316d8eea4d9966d74c983186be4835fc0d973ea0d91dad6d573fc,.npz,reference_data
reference_data/experiment_benchmark/oa_mae_revision/predictions/croma/SCN_gar_0058_binary.npz,736,bb2662c9c93fd5bcfc9e775edcde41852873e5c1d1252c1152bb65a776218ce0,.npz,reference_data
reference_data/experiment_benchmark/oa_mae_revision/predictions/croma/SCN_gar_0058_probability.npz,32975,47ba6689cc9f725e12e24542ef0992207b7bbb1ee4f97e7d99fd227a2e0ff5f0,.npz,reference_data
reference_data/experiment_benchmark/oa_mae_revision/predictions/croma/SCN_gar_0059_binary.npz,812,1c23e4cb55adc449aabe9b1a07c6cde6bf94960accd692603b998e99237d5446,.npz,reference_data
reference_data/experiment_benchmark/oa_mae_revision/predictions/croma/SCN_gar_0059_probability.npz,33035,e4aacf3429e69bb4a8bc581bc19230888f8ec4c22e64aebdfb8c39e41967448d,.npz,reference_data
reference_data/experiment_benchmark/oa_mae_revision/predictions/croma/SCN_gar_0060_binary.npz,459,e30f15495daf9ae4eda4094a28c3d3bb8116ec27bb2e9ed3000af98d87b279ac,.npz,reference_data
reference_data/experiment_benchmark/oa_mae_revision/predictions/croma/SCN_gar_0060_probability.npz,32719,8ea0f56bc1a1b30cdca0a7f6f7c07ceb8fd4fae385ee8dd91f7ca5ac79b978a3,.npz,reference_data
reference_data/experiment_benchmark/oa_mae_revision/predictions/croma/SCN_gar_0061_binary.npz,533,a898b59377da83f48b45f4b40ea84dbcf477dd69a819442b393b43007cc52b7f,.npz,reference_data
reference_data/experiment_benchmark/oa_mae_revision/predictions/croma/SCN_gar_0061_probability.npz,32783,4d6b7fcb30d61203a9e1b228ada92d85bc8309599846c42dece40311232fdfa7,.npz,reference_data
reference_data/experiment_benchmark/oa_mae_revision/predictions/croma/SCN_gar_0062_binary.npz,739,6d6c9fe0351649aaa1dc911e41bdbcd7dfaee3218f3ca5a045f11e20eb75aa58,.npz,reference_data
reference_data/experiment_benchmark/oa_mae_revision/predictions/croma/SCN_gar_0062_probability.npz,32993,61288590915027b60a7c3eee999ee904c0fcc30c27c191b918b549a90c2b5e2a,.npz,reference_data
reference_data/experiment_benchmark/oa_mae_revision/predictions/croma/SCN_gar_0063_binary.npz,465,41d72c4f0fc62bb75a3e55f8ec728e48502cac7566b2daa5cd569360fb107db0,.npz,reference_data
reference_data/experiment_benchmark/oa_mae_revision/predictions/croma/SCN_gar_0063_probability.npz,32710,55bda2ff871d008c6599fc380462f6a9043609751c96d817e1eb8d3db5d11433,.npz,reference_data
reference_data/experiment_benchmark/oa_mae_revision/predictions/croma/SCN_gar_0064_binary.npz,735,6ce4ecd0c754012d8922cf4867b08218b600694137e051f8d0d9c7dfe194ae8b,.npz,reference_data
reference_data/experiment_benchmark/oa_mae_revision/predictions/croma/SCN_gar_0064_probability.npz,33015,b245e3d5deca8e0a8dd29533d6564541270d727cc74df401f5883d5dc7771146,.npz,reference_data
reference_data/experiment_benchmark/oa_mae_revision/predictions/croma/SCN_gar_0065_binary.npz,669,95da2e99962e7d8dc2da97bb188013509e0ad876cbcc823d25bc7ca9e4c811fb,.npz,reference_data
reference_data/experiment_benchmark/oa_mae_revision/predictions/croma/SCN_gar_0065_probability.npz,32956,0531880ac3ce5dfe6c0b837dfd88e33c79ac30869ee58363ab6ba13af6eadda4,.npz,reference_data
reference_data/experiment_benchmark/oa_mae_revision/predictions/croma/SCN_gar_0066_binary.npz,464,64bcf12d46611df37ccf10bb3c4ebee785b008a210c3a30f21557c54b1aadd9c,.npz,reference_data
reference_data/experiment_benchmark/oa_mae_revision/predictions/croma/SCN_gar_0066_probability.npz,32727,f4791f2158f2bba9c72520d0bf0008682e64eec1fbdddcc1a8d58cb92dcdd513,.npz,reference_data
reference_data/experiment_benchmark/oa_mae_revision/predictions/croma/SCN_gar_0067_binary.npz,448,fe21fa80bb70f36da243b0ad64b9a7cd84e989830f07ba3b8219a467e7c07422,.npz,reference_data
reference_data/experiment_benchmark/oa_mae_revision/predictions/croma/SCN_gar_0067_probability.npz,32723,1a8b9cfddf5a102240874f47130805a933b87d96ed0e8ebe77eaf33e630826e7,.npz,reference_data
reference_data/experiment_benchmark/oa_mae_revision/predictions/croma/SCN_gar_0068_binary.npz,681,92a2e42460d5cd163ed977cbadcf21409bb4dd227eb0a7e13d5c090829f45c39,.npz,reference_data
reference_data/experiment_benchmark/oa_mae_revision/predictions/croma/SCN_gar_0068_probability.npz,32989,ba6a25e81f707413af0a70f2f6939a8e1f844d898461fa26ebdee534976309dc,.npz,reference_data
reference_data/experiment_benchmark/oa_mae_revision/predictions/croma/SCN_gar_0069_binary.npz,508,9e8e0e4e6def0c22b887a2f948a86c76e2bc85a550dd1cae28438e7c13f59d31,.npz,reference_data
reference_data/experiment_benchmark/oa_mae_revision/predictions/croma/SCN_gar_0069_probability.npz,32846,931135f4b9b4d6c48c6e91657a2a093258bc082e0a3ae4494eb14e0b87c89bdc,.npz,reference_data
reference_data/experiment_benchmark/oa_mae_revision/predictions/croma/SCN_kig_0058_binary.npz,481,a1953ddca5951dd9cbeae589ecd821ccaf9cb7075325ef136431a3f27962a525,.npz,reference_data
reference_data/experiment_benchmark/oa_mae_revision/predictions/croma/SCN_kig_0058_probability.npz,32741,ea39987ce4bb5052886508636f8bc99ea481f9800949eb98d693216346dee52a,.npz,reference_data
reference_data/experiment_benchmark/oa_mae_revision/predictions/croma/SCN_kig_0059_binary.npz,510,6ece393d4140da9f6a99afc3e94913e1c460f7a3779ab1be0a5fd7b5e4c49dc3,.npz,reference_data
reference_data/experiment_benchmark/oa_mae_revision/predictions/croma/SCN_kig_0059_probability.npz,32830,76ef4cc5dbad8d05e60103dc73056d839b79f466dfe32c50c78f0d2741aa2720,.npz,reference_data
reference_data/experiment_benchmark/oa_mae_revision/predictions/croma/SCN_kig_0060_binary.npz,469,c2a09026c439975332de73a7de2ef8cd83ff03d0b4401ca8e225bbdc70f4a23f,.npz,reference_data
reference_data/experiment_benchmark/oa_mae_revision/predictions/croma/SCN_kig_0060_probability.npz,32695,90f4e82c4ee27aeffa11ae4da308a426c8c1170a305ccacbe3e5f99758cb2974,.npz,reference_data
reference_data/experiment_benchmark/oa_mae_revision/predictions/croma/SCN_kig_0061_binary.npz,441,91d40693b3c8f6ac53bc6e57fab7d55494d8ebeac7f219921a670ee0469bda98,.npz,reference_data
reference_data/experiment_benchmark/oa_mae_revision/predictions/croma/SCN_kig_0061_probability.npz,32692,90363fc5a514500cbe657c19f2c1ed3abf27acb875f861c3176aded0a2c97184,.npz,reference_data
reference_data/experiment_benchmark/oa_mae_revision/predictions/croma/SCN_kig_0062_binary.npz,754,e534adf6aa079234dfcdb12a9350090db9fce6a25ea79f5c9b24df5e263e7660,.npz,reference_data
reference_data/experiment_benchmark/oa_mae_revision/predictions/croma/SCN_kig_0062_probability.npz,33004,cf38b80edc541fe12d1f5d78155d8a95bc28bb7334622537e98eb795b63c2119,.npz,reference_data
reference_data/experiment_benchmark/oa_mae_revision/predictions/croma/SCN_kig_0063_binary.npz,489,c626bb04ac550cf08f413669c45f573b9b88b67ea0bc0a21708416ccb69cac39,.npz,reference_data
reference_data/experiment_benchmark/oa_mae_revision/predictions/croma/SCN_kig_0063_probability.npz,32738,26f84e67b038fa4547935e073c0892dc2d11e68ccc499526befd313b351d8eb0,.npz,reference_data
reference_data/experiment_benchmark/oa_mae_revision/predictions/croma/SCN_kig_0064_binary.npz,603,4e412e0bea3f3910056beb0a52212055c67eb1756e6310820266bedf33703199,.npz,reference_data
reference_data/experiment_benchmark/oa_mae_revision/predictions/croma/SCN_kig_0064_probability.npz,32909,f0491d2a111476ec37e194d66eb60fbca5ea6d819a38214d84e9bc8c3a049f1e,.npz,reference_data
reference_data/experiment_benchmark/oa_mae_revision/predictions/croma/SCN_kig_0065_binary.npz,584,7bc99e525567f7e10b3d1cef29d3b8c38304097ef774cdaa63a810a1d9fd119e,.npz,reference_data
reference_data/experiment_benchmark/oa_mae_revision/predictions/croma/SCN_kig_0065_probability.npz,32894,f8da5a0028a055bb85119e44fa68745920f461bb33c35fe6f48c43324882018d,.npz,reference_data
reference_data/experiment_benchmark/oa_mae_revision/predictions/croma/SCN_kig_0066_binary.npz,459,ec5f877a88c9c768408b158385d15bde6673d25d119fbe08a9826d45b215f78f,.npz,reference_data
reference_data/experiment_benchmark/oa_mae_revision/predictions/croma/SCN_kig_0066_probability.npz,32727,bfad2ae646b52fd9a1bde008d91a787f5bbeb056657af1a9d409c0467cc37f65,.npz,reference_data
reference_data/experiment_benchmark/oa_mae_revision/predictions/croma/SCN_kig_0067_binary.npz,603,01b9d0e889dda5cc4ec75568337ff28f722ffc68c7b4d82c3b03dc97e3afcd5b,.npz,reference_data
reference_data/experiment_benchmark/oa_mae_revision/predictions/croma/SCN_kig_0067_probability.npz,32935,52b5e0cee8be0ad2a658bec3f44c72fd3780f88c59bd7a314a520ba2f22d6ae8,.npz,reference_data
reference_data/experiment_benchmark/oa_mae_revision/predictions/croma/SCN_kig_0068_binary.npz,631,ba1e1ac385ad06787607fd51bb786543caa20b2689198021512266bbfc037f4c,.npz,reference_data
reference_data/experiment_benchmark/oa_mae_revision/predictions/croma/SCN_kig_0068_probability.npz,32960,a548d149fd1ee03c043f0776007ea585c7ba1f065a6fdbc34834de02cda72eb5,.npz,reference_data
reference_data/experiment_benchmark/oa_mae_revision/predictions/croma/SCN_kig_0069_binary.npz,464,00aabe2202174ce4704b63dcb95b45273e0a38bb9be2db355956943478c7d9cf,.npz,reference_data
reference_data/experiment_benchmark/oa_mae_revision/predictions/croma/SCN_kig_0069_probability.npz,32725,d049012c1ecebd6bdb3affa215c5cf04a9fcbe5eec471d232869b1e977daf278,.npz,reference_data
reference_data/experiment_benchmark/oa_mae_revision/predictions/croma/SCN_yao_0058_binary.npz,824,e6050a07600f40fdbae0aaf38b3dec02b8fea392ee010295123b99a976fd391b,.npz,reference_data
reference_data/experiment_benchmark/oa_mae_revision/predictions/croma/SCN_yao_0058_probability.npz,33037,ebe7bfd00e3f36b7e53d7ec9544b6d3ea18b5c0988c935315f66931b254c34fa,.npz,reference_data
reference_data/experiment_benchmark/oa_mae_revision/predictions/croma/SCN_yao_0059_binary.npz,738,b0cfcc565e4aecba047c0e1f182fd4991956ea95c1cf628652e5c0b4d749a829,.npz,reference_data
reference_data/experiment_benchmark/oa_mae_revision/predictions/croma/SCN_yao_0059_probability.npz,32993,4389a3ddff3c64c0826b58b7e4290963ef25ae7ca554a88e4fc0086276262861,.npz,reference_data
reference_data/experiment_benchmark/oa_mae_revision/predictions/croma/SCN_yao_0060_binary.npz,496,1937cf83a29c5c4e081afe2ff08f65f0d1f215c149920caf6f617029ace5ad34,.npz,reference_data
reference_data/experiment_benchmark/oa_mae_revision/predictions/croma/SCN_yao_0060_probability.npz,32768,1af07e234e435832b8e237dc61d9fdf7211d15ff9e845c5e8928be0eb751180f,.npz,reference_data
reference_data/experiment_benchmark/oa_mae_revision/predictions/croma/SCN_yao_0061_binary.npz,509,2d1c77ece09cd86b151616e400f3752671d043c50aa3b9157afd7c236b169c3c,.npz,reference_data
reference_data/experiment_benchmark/oa_mae_revision/predictions/croma/SCN_yao_0061_probability.npz,32792,a1b833dd196b2be8e318908226e30dd2151764da691df7cad181e40dc57566ca,.npz,reference_data
reference_data/experiment_benchmark/oa_mae_revision/predictions/croma/SCN_yao_0062_binary.npz,737,d14b27c3de2683cd20d0e27b645a022afb1a1bac8a6fb61d4c3329a62aed78ea,.npz,reference_data
reference_data/experiment_benchmark/oa_mae_revision/predictions/croma/SCN_yao_0062_probability.npz,32977,dfa7803bc54df5576366f42ba4762d2ed861ad1e5c9d73f22efce5cb2e659b69,.npz,reference_data
reference_data/experiment_benchmark/oa_mae_revision/predictions/croma/SCN_yao_0063_binary.npz,457,e2105c0557bb1f2f9f143bd20a7d64112f777f8b7f97b19cf1e1160489a5841c,.npz,reference_data
reference_data/experiment_benchmark/oa_mae_revision/predictions/croma/SCN_yao_0063_probability.npz,32743,864d76c643574ee0b7b15a585ff2405408e1d87829cfa80afecce7718cbbf536,.npz,reference_data
reference_data/experiment_benchmark/oa_mae_revision/predictions/croma/SCN_yao_0064_binary.npz,839,5cbcd5d47a2d8a94340f426da874675f665054d20957a3cd2afe2a85039722ff,.npz,reference_data
reference_data/experiment_benchmark/oa_mae_revision/predictions/croma/SCN_yao_0064_probability.npz,33022,e0993dbb6d402832cf621de0674dc54ecf5877201864c27ba07f22807753b842,.npz,reference_data
reference_data/experiment_benchmark/oa_mae_revision/predictions/croma/SCN_yao_0065_binary.npz,677,44ffb27c38def6319268c63b883996735e82c6562259219815148f9354997a19,.npz,reference_data
reference_data/experiment_benchmark/oa_mae_revision/predictions/croma/SCN_yao_0065_probability.npz,32965,a4b685cad2b5c633339c05bae6aa9b7e7dd0371870bddf747933beb64b17e550,.npz,reference_data
reference_data/experiment_benchmark/oa_mae_revision/predictions/croma/SCN_yao_0066_binary.npz,493,cc926d04a090ce88dd3d2ef85f1f25a7335eb084f4a39759c38ace2f071bbea6,.npz,reference_data
reference_data/experiment_benchmark/oa_mae_revision/predictions/croma/SCN_yao_0066_probability.npz,32721,b8441ae1024f66e0f0898c3ecaf50b1822be96e86714b56765be404c121aed17,.npz,reference_data
reference_data/experiment_benchmark/oa_mae_revision/predictions/croma/SCN_yao_0067_binary.npz,764,678f297357700addcadd987b336cbc7a241cfa817ee70614e407d9e125fe5cdd,.npz,reference_data
reference_data/experiment_benchmark/oa_mae_revision/predictions/croma/SCN_yao_0067_probability.npz,32997,a733b564b54fadf760a08c1a6d3f5f2a0b009101185de7c5cef541fd1742dea6,.npz,reference_data
reference_data/experiment_benchmark/oa_mae_revision/predictions/croma/SCN_yao_0068_binary.npz,536,edaf09d55f810cb5384b011b0910437eb2132f5a7b93e06e9e7161fcf75a40f4,.npz,reference_data
reference_data/experiment_benchmark/oa_mae_revision/predictions/croma/SCN_yao_0068_probability.npz,32838,93e808caf4b632b8e316ef9a6a7ddfa469010d806704d7c39d8b4e4b1d9b5d94,.npz,reference_data
reference_data/experiment_benchmark/oa_mae_revision/predictions/croma/SCN_yao_0069_binary.npz,478,cea7e23af918e70b13ee4aeafcc6f733dba5eecc420c9433153aa19c0c7b7f18,.npz,reference_data
reference_data/experiment_benchmark/oa_mae_revision/predictions/croma/SCN_yao_0069_probability.npz,32703,b087305bf86523d8309aa89890d589678268087fe4361a36a8fb033415868bb6,.npz,reference_data
reference_data/experiment_benchmark/oa_mae_revision/predictions/oamae/SCN_dak_0058_binary.npz,437,3dabf51b0820a9a777604a7d899260e3a076996444289003e09cc9193632e4b9,.npz,reference_data
reference_data/experiment_benchmark/oa_mae_revision/predictions/oamae/SCN_dak_0058_effective_gate.npz,30560,901b0ad76523d43ca31eac7b1216c746a21b9b7d4a6dbb62a048767c35477be4,.npz,reference_data
reference_data/experiment_benchmark/oa_mae_revision/predictions/oamae/SCN_dak_0058_probability.npz,32717,953eed7a00475c5ad38990bbccf9c98aa6fbd6e8d79d67dcc4dcfc766fcc0549,.npz,reference_data
reference_data/experiment_benchmark/oa_mae_revision/predictions/oamae/SCN_dak_0058_sar_gate.npz,30257,737428703885aaf355e9978afd793a47544c13fe5e34f75e932261e6cf48c122,.npz,reference_data
reference_data/experiment_benchmark/oa_mae_revision/predictions/oamae/SCN_dak_0059_binary.npz,459,66dcd28eae09ef9c8e842eb80719fe161c73c9605fabc40f761e2c1a57fd50c0,.npz,reference_data
reference_data/experiment_benchmark/oa_mae_revision/predictions/oamae/SCN_dak_0059_effective_gate.npz,30890,a7be11b362c473b8bf6afda02caa7863d72c4a252a14390079e2b747a975bfc9,.npz,reference_data
reference_data/experiment_benchmark/oa_mae_revision/predictions/oamae/SCN_dak_0059_probability.npz,32705,6279143b7e214690fe76e80e08ad326221853b12a9467a95e4e1d42052a13f22,.npz,reference_data
reference_data/experiment_benchmark/oa_mae_revision/predictions/oamae/SCN_dak_0059_sar_gate.npz,30237,48b0dd41924a160c70c376ddd999142c6e14791c1a7bd00c1a84ec72a11c8487,.npz,reference_data
reference_data/experiment_benchmark/oa_mae_revision/predictions/oamae/SCN_dak_0060_binary.npz,469,1889ec727d6dcf9f94291f8208646b61258034edc36dc02846b676cfe7b85bc9,.npz,reference_data
reference_data/experiment_benchmark/oa_mae_revision/predictions/oamae/SCN_dak_0060_effective_gate.npz,30931,80d02c27237ae07b13b0406ca77841544e192aea7a7ce2e5140696060a429a9e,.npz,reference_data
reference_data/experiment_benchmark/oa_mae_revision/predictions/oamae/SCN_dak_0060_probability.npz,32714,b3e40ce9576e71aef472703a92213b128adcc09dff03dbd098c870162c12b9bf,.npz,reference_data
reference_data/experiment_benchmark/oa_mae_revision/predictions/oamae/SCN_dak_0060_sar_gate.npz,30319,a846f5b51adf90369faa237a8fc21cc1e69ce232c608aaae996a747189600564,.npz,reference_data
reference_data/experiment_benchmark/oa_mae_revision/predictions/oamae/SCN_dak_0061_binary.npz,504,bb9c0a06be0c1b4b4107938c52bb3b5fd8296bd11aeef05fb99f66d5e6ecd9ac,.npz,reference_data
reference_data/experiment_benchmark/oa_mae_revision/predictions/oamae/SCN_dak_0061_effective_gate.npz,31939,ff3a25c2fc9571ed8e32cec8376d406f88ce85ede9553ac50c7efc082c7b5bfb,.npz,reference_data
reference_data/experiment_benchmark/oa_mae_revision/predictions/oamae/SCN_dak_0061_probability.npz,32813,8311c2cd2f89e99f4b145852d422d87e61d9dc971fe2f9f7f8007ac8bfd97ec4,.npz,reference_data
reference_data/experiment_benchmark/oa_mae_revision/predictions/oamae/SCN_dak_0061_sar_gate.npz,30033,70b1b4d28a5325143ed76e9a24dd5957c1b0ea478f644187e8fc726c4d1663c3,.npz,reference_data
reference_data/experiment_benchmark/oa_mae_revision/predictions/oamae/SCN_dak_0062_binary.npz,482,13beabc1cb14d962d15022d3c942912643722e843e6675ad227e5f2987a3354a,.npz,reference_data
reference_data/experiment_benchmark/oa_mae_revision/predictions/oamae/SCN_dak_0062_effective_gate.npz,31231,2f908e14f1b9a46b1e5092daeb58ee1c724b9dbae36eebda9016571bd31c4c2b,.npz,reference_data
reference_data/experiment_benchmark/oa_mae_revision/predictions/oamae/SCN_dak_0062_probability.npz,32781,890b6e8c83cad5a04baa776e56e24a571412de0407d168788f8939d0e47ee716,.npz,reference_data
reference_data/experiment_benchmark/oa_mae_revision/predictions/oamae/SCN_dak_0062_sar_gate.npz,30095,214806ddda4ea97776bfaaf77c4e2c6aead3b99d16eb7ad844b43dcccabbc57a,.npz,reference_data
reference_data/experiment_benchmark/oa_mae_revision/predictions/oamae/SCN_dak_0063_binary.npz,458,399ef5d968e4a60f843a51aa2c66a4eb47144bfbe650bf1c3926a9646ca1875f,.npz,reference_data
reference_data/experiment_benchmark/oa_mae_revision/predictions/oamae/SCN_dak_0063_effective_gate.npz,30950,5088e648f15d86ccf2f44a337b7c4f5027007933e266894571523e2952bfedfc,.npz,reference_data
reference_data/experiment_benchmark/oa_mae_revision/predictions/oamae/SCN_dak_0063_probability.npz,32705,96574a2e181243abfdb1d6ee4f6e9bbe3113e5dc4a8417f6ec83789cfc140e08,.npz,reference_data
reference_data/experiment_benchmark/oa_mae_revision/predictions/oamae/SCN_dak_0063_sar_gate.npz,30255,9a769738a6f696923300fb6cc916c7416f310de741ae565ebe26da855b174266,.npz,reference_data
reference_data/experiment_benchmark/oa_mae_revision/predictions/oamae/SCN_dak_0064_binary.npz,471,f279d6c443de970d55d968d25243fa6f022775ae8eb1cccc8bde52448a1873f9,.npz,reference_data
reference_data/experiment_benchmark/oa_mae_revision/predictions/oamae/SCN_dak_0064_effective_gate.npz,32689,7eb8da728bd1fca3cf642c239e2f186de08d62f280b8c3bbb8151a1b67f8a20f,.npz,reference_data
reference_data/experiment_benchmark/oa_mae_revision/predictions/oamae/SCN_dak_0064_probability.npz,32835,7b9aee96ab0b33e0b74ef3710d8452d6d31e1c75cb30fb5aa2ef4631ec390550,.npz,reference_data
reference_data/experiment_benchmark/oa_mae_revision/predictions/oamae/SCN_dak_0064_sar_gate.npz,30192,c19098a70680cb4aa00125fcc31e6a47ff6367ed08b48f3553bf2237dc690632,.npz,reference_data
reference_data/experiment_benchmark/oa_mae_revision/predictions/oamae/SCN_dak_0065_binary.npz,483,aae35ba613b8fc430777e5c8a659d22c9a3bc825649c145662374a0b86d676f8,.npz,reference_data
reference_data/experiment_benchmark/oa_mae_revision/predictions/oamae/SCN_dak_0065_effective_gate.npz,32550,101994a103f937f0d9e5555431e6c9612cdab5ef311a3179f6c9018b687b35f7,.npz,reference_data
reference_data/experiment_benchmark/oa_mae_revision/predictions/oamae/SCN_dak_0065_probability.npz,32873,666ca7e3df1ccca68bd7ee6a23c40d434ee9fe85979ead33cd240e3b86650fdb,.npz,reference_data
reference_data/experiment_benchmark/oa_mae_revision/predictions/oamae/SCN_dak_0065_sar_gate.npz,29939,cddf6ca0f15db2dfae0bb73394d2882e94a4574ee07710f1d882c423fc8c5771,.npz,reference_data
reference_data/experiment_benchmark/oa_mae_revision/predictions/oamae/SCN_dak_0066_binary.npz,450,125393acc33e76f5815622ee64c61752cc30676271322160ff167f71af62d68c,.npz,reference_data
reference_data/experiment_benchmark/oa_mae_revision/predictions/oamae/SCN_dak_0066_effective_gate.npz,30623,0044f407d3582c4ebde8c6869650e2945d8657554de141f961503f5bf85dd376,.npz,reference_data
reference_data/experiment_benchmark/oa_mae_revision/predictions/oamae/SCN_dak_0066_probability.npz,32706,a031243c590f9a7b127f3b76d33e984d8b922923137a837db653357eca6a79d2,.npz,reference_data
reference_data/experiment_benchmark/oa_mae_revision/predictions/oamae/SCN_dak_0066_sar_gate.npz,30317,dc2505732413a0e077d651aae480c4681875595c9d4d146d65b28f9167d860b2,.npz,reference_data
reference_data/experiment_benchmark/oa_mae_revision/predictions/oamae/SCN_dak_0067_binary.npz,450,63aa0df0e7b08619d7562dc26136af8a5e5dc3f146231c77308c5eeeeb3ffb89,.npz,reference_data
reference_data/experiment_benchmark/oa_mae_revision/predictions/oamae/SCN_dak_0067_effective_gate.npz,31265,9d0c2c11f608528077de6696619ca9d0015b34f8747271bf11b4c46fc518e418,.npz,reference_data
reference_data/experiment_benchmark/oa_mae_revision/predictions/oamae/SCN_dak_0067_probability.npz,32714,337b14ed178033591325d986f52fa0e1924d8d7fceca7978bc88a8d46ba2dc4d,.npz,reference_data
reference_data/experiment_benchmark/oa_mae_revision/predictions/oamae/SCN_dak_0067_sar_gate.npz,30400,f3c1f43498cc6474e63bfe659a467ff788ac1f0d6c38dc0fba22fd3bf31135ad,.npz,reference_data
reference_data/experiment_benchmark/oa_mae_revision/predictions/oamae/SCN_dak_0068_binary.npz,756,4cf37062af03ca82a829d19d74065b3572a0923c14d693750d30d1337529dbe8,.npz,reference_data
reference_data/experiment_benchmark/oa_mae_revision/predictions/oamae/SCN_dak_0068_effective_gate.npz,33478,8ac1d02c7feea99b92857c1c949d02c0fb5677f6f3067cf25a069cf4e9f3ae1a,.npz,reference_data
reference_data/experiment_benchmark/oa_mae_revision/predictions/oamae/SCN_dak_0068_probability.npz,33027,556c1dc6a3268d85bc7dd636db281185ecfba2ccbdd2e3c74796ab4dac30ef37,.npz,reference_data
reference_data/experiment_benchmark/oa_mae_revision/predictions/oamae/SCN_dak_0068_sar_gate.npz,30151,5abcc28357f58825f42456b623e72527d7a45ac70d67665f372bc97af3cb2506,.npz,reference_data
reference_data/experiment_benchmark/oa_mae_revision/predictions/oamae/SCN_dak_0069_binary.npz,519,c4d5597bcdea23f47ddf066f452a5b9825444380db3b55da21e3a9f0b0983b7c,.npz,reference_data
reference_data/experiment_benchmark/oa_mae_revision/predictions/oamae/SCN_dak_0069_effective_gate.npz,31608,7878e0a3b52c3c08b838ccc96d019c72dd4a79c9dcc3957c96860f8e0b90dee0,.npz,reference_data
reference_data/experiment_benchmark/oa_mae_revision/predictions/oamae/SCN_dak_0069_probability.npz,32810,291ef98fc89320b643caec11f30f37b725a7156a2a4805e2107e1cfbb2381a41,.npz,reference_data
reference_data/experiment_benchmark/oa_mae_revision/predictions/oamae/SCN_dak_0069_sar_gate.npz,30240,37ddb59d325800f8132bc96f4acefd9d0fe3274c77ff27c0954bfc485a7b93f9,.npz,reference_data
reference_data/experiment_benchmark/oa_mae_revision/predictions/oamae/SCN_dar_0058_binary.npz,552,4d7914566164c6ffb5bb6bb7dc85445738e18f3230379d23fabd48a57fbf496d,.npz,reference_data
reference_data/experiment_benchmark/oa_mae_revision/predictions/oamae/SCN_dar_0058_effective_gate.npz,32162,8cf3f3a03f139b25daee8e6df6d1c914cb3caad4efbefe3e819625eca711bdc2,.npz,reference_data
reference_data/experiment_benchmark/oa_mae_revision/predictions/oamae/SCN_dar_0058_probability.npz,32858,6bf8af44d989b4738553945d630f721c6448afffd65090c822aea3ebac86e6bf,.npz,reference_data
reference_data/experiment_benchmark/oa_mae_revision/predictions/oamae/SCN_dar_0058_sar_gate.npz,30162,794426c062bd295584032a88a97e282a0e4103f98d641de150c3d56e5748e39f,.npz,reference_data
reference_data/experiment_benchmark/oa_mae_revision/predictions/oamae/SCN_dar_0059_binary.npz,826,0f2e0c41cdb3247e3d2a307410a71b646eecb2a5acd39a9ad4041e938e9d9906,.npz,reference_data
reference_data/experiment_benchmark/oa_mae_revision/predictions/oamae/SCN_dar_0059_effective_gate.npz,33122,3b603ea442cd9eeebf945b4fc5256e55f8d1273bff3c9179fddb27e4e4c15b9b,.npz,reference_data
reference_data/experiment_benchmark/oa_mae_revision/predictions/oamae/SCN_dar_0059_probability.npz,33019,e01861630fe2d7211df661fde79ec679f5604b04e8c0183fab4cddc7c8a7d678,.npz,reference_data
reference_data/experiment_benchmark/oa_mae_revision/predictions/oamae/SCN_dar_0059_sar_gate.npz,30161,181a987169dffb53bea73bb6586e00f5c1ddc3d160820d8695400a52b8819ea0,.npz,reference_data
reference_data/experiment_benchmark/oa_mae_revision/predictions/oamae/SCN_dar_0060_binary.npz,479,1a84289cc6420a75129276f38797546a2991b95c5a9a8847ded54c484ebbe7b6,.npz,reference_data
reference_data/experiment_benchmark/oa_mae_revision/predictions/oamae/SCN_dar_0060_effective_gate.npz,31050,4750604997cf7aa9ca1bfd2f48d5ec7db0222a8477b0b10d738308647aeef7dc,.npz,reference_data
reference_data/experiment_benchmark/oa_mae_revision/predictions/oamae/SCN_dar_0060_probability.npz,32750,db7e568bb32781a0dbaa05d4f129eee86ec910e375f6bac5824a0a14ec9a66d8,.npz,reference_data
reference_data/experiment_benchmark/oa_mae_revision/predictions/oamae/SCN_dar_0060_sar_gate.npz,30330,7e5a76d10f98e76138135052d383faab53ebfb4792a39018338e4208f80ca408,.npz,reference_data
reference_data/experiment_benchmark/oa_mae_revision/predictions/oamae/SCN_dar_0061_binary.npz,500,b759ba5f586849534930f2950ca1d0625762cf8d091913667c0dfbebf83945f6,.npz,reference_data
reference_data/experiment_benchmark/oa_mae_revision/predictions/oamae/SCN_dar_0061_effective_gate.npz,31875,375d7dfc69ca3e8909c3cd423c8886a9d106e1286ec2bb3d6c1d5ee4dea21811,.npz,reference_data
reference_data/experiment_benchmark/oa_mae_revision/predictions/oamae/SCN_dar_0061_probability.npz,32845,6d372f48d328c0e6e658ae1a01fe7a58324fe1d32a07ce3518eff7e4b2e58078,.npz,reference_data
reference_data/experiment_benchmark/oa_mae_revision/predictions/oamae/SCN_dar_0061_sar_gate.npz,30092,df5eb62873947941743de8c3f95a968baa02f321f3966b40a159867183da2a03,.npz,reference_data
reference_data/experiment_benchmark/oa_mae_revision/predictions/oamae/SCN_dar_0062_binary.npz,776,b7e59147f4c4c2098690303cc07d0f347d8b0c2a08e9f318914e689fd53568e1,.npz,reference_data
reference_data/experiment_benchmark/oa_mae_revision/predictions/oamae/SCN_dar_0062_effective_gate.npz,33536,f4c6f5868b4be4c8aff1da4dfae01eaed34ea8210bb62110c9ac921c963410ed,.npz,reference_data
reference_data/experiment_benchmark/oa_mae_revision/predictions/oamae/SCN_dar_0062_probability.npz,33000,d537769d60d047ac4639ea271d4f50a030335f913eacc9dbb0b0581c0ec1ca31,.npz,reference_data
reference_data/experiment_benchmark/oa_mae_revision/predictions/oamae/SCN_dar_0062_sar_gate.npz,30154,e62a798c0d3fa8a07c191926c5d0386d795c6f9427e9161dd7ed5ef7be5bef7b,.npz,reference_data
reference_data/experiment_benchmark/oa_mae_revision/predictions/oamae/SCN_dar_0063_binary.npz,517,3216c0904b56e5108b3dcf3c052d326b052776ec8448e9747c2281466f8a386d,.npz,reference_data
reference_data/experiment_benchmark/oa_mae_revision/predictions/oamae/SCN_dar_0063_effective_gate.npz,31416,d1fbc5453c50321e69a95590f9a22f651ab693ac8e53973e638c722175536521,.npz,reference_data
reference_data/experiment_benchmark/oa_mae_revision/predictions/oamae/SCN_dar_0063_probability.npz,32765,bbc30f8b613a36423d2616069c87664a2b06c542e55d834b1b6ddffba6d92dc9,.npz,reference_data
reference_data/experiment_benchmark/oa_mae_revision/predictions/oamae/SCN_dar_0063_sar_gate.npz,30179,a17794e459af701ad2770dd23d803f9648d5284c07f719cf36aad79706dc586b,.npz,reference_data
reference_data/experiment_benchmark/oa_mae_revision/predictions/oamae/SCN_dar_0064_binary.npz,630,deb9d0fec87dc9613d0e876c386e7f7fb0b3e938b7092e8e7c6084e07487b0e7,.npz,reference_data
reference_data/experiment_benchmark/oa_mae_revision/predictions/oamae/SCN_dar_0064_effective_gate.npz,33440,a761893d9f5123296eb53ca24454a54fa292471eaf2df9caf1c074bf1a218d99,.npz,reference_data
reference_data/experiment_benchmark/oa_mae_revision/predictions/oamae/SCN_dar_0064_probability.npz,32998,f8716f94fed6145d9f8c3022792fd4a638957cbd18634eeb0261635810235c84,.npz,reference_data
reference_data/experiment_benchmark/oa_mae_revision/predictions/oamae/SCN_dar_0064_sar_gate.npz,30068,4b9fdb9fadd90a6c6a15a3b0818fa12fc03908e19b965a9f968c2a5fc88c05d0,.npz,reference_data
reference_data/experiment_benchmark/oa_mae_revision/predictions/oamae/SCN_dar_0065_binary.npz,485,7cfbce20017861c7a3a0a4d5aee272c7981bb2f2a52da2bfeafec8b8d8c61d7f,.npz,reference_data
reference_data/experiment_benchmark/oa_mae_revision/predictions/oamae/SCN_dar_0065_effective_gate.npz,30990,284eb824a61dd0cee1108b5becda5a6d2e8702c1a81f82c5e82f0ed091b99cec,.npz,reference_data
reference_data/experiment_benchmark/oa_mae_revision/predictions/oamae/SCN_dar_0065_probability.npz,32723,c7c0158ec800028c8f6ede6daf72bfb3b074368eb85244c73770dc09b920acd0,.npz,reference_data
reference_data/experiment_benchmark/oa_mae_revision/predictions/oamae/SCN_dar_0065_sar_gate.npz,30341,7a6c3fa6d5f8b4cccba188e6e7644c0313c607df3a35f872a9b486549b7ab6cb,.npz,reference_data
reference_data/experiment_benchmark/oa_mae_revision/predictions/oamae/SCN_dar_0066_binary.npz,491,a92a176ffae062fec0ec5ce6fbf6ec3d2311d9a2b66f97731d16df03d4ea1764,.npz,reference_data
reference_data/experiment_benchmark/oa_mae_revision/predictions/oamae/SCN_dar_0066_effective_gate.npz,31067,0142b2adb03016cd41be5e72e4145cb16bc39a1fb60aa4f9880dd24618454923,.npz,reference_data
reference_data/experiment_benchmark/oa_mae_revision/predictions/oamae/SCN_dar_0066_probability.npz,32769,8487936d3438902f8b66baad94ef280db8ade488cc7c735fffa6cb75e1467e22,.npz,reference_data
reference_data/experiment_benchmark/oa_mae_revision/predictions/oamae/SCN_dar_0066_sar_gate.npz,30188,df1fa638059b26d191950ee6bae9386d0ce954c01427a9d3918583d3fecb7a34,.npz,reference_data
reference_data/experiment_benchmark/oa_mae_revision/predictions/oamae/SCN_dar_0067_binary.npz,784,3da24d8e8f6c2f47176cc95875c5848f0cd182272f9c845f3486d2ac217be17f,.npz,reference_data
reference_data/experiment_benchmark/oa_mae_revision/predictions/oamae/SCN_dar_0067_effective_gate.npz,33669,1303f52213a5d29d603123d5d057a1837151491dcaeb85956476339216a372bb,.npz,reference_data
reference_data/experiment_benchmark/oa_mae_revision/predictions/oamae/SCN_dar_0067_probability.npz,33003,159900598ca941136a2468037a06500e49e00c4bdb56eb11f6777abfbdfb8271,.npz,reference_data
reference_data/experiment_benchmark/oa_mae_revision/predictions/oamae/SCN_dar_0067_sar_gate.npz,30258,a07554501646e2bd6f20c41fbfa57f220ec6445ad520a2c3469ba646c32a7205,.npz,reference_data
reference_data/experiment_benchmark/oa_mae_revision/predictions/oamae/SCN_dar_0068_binary.npz,534,d487982db54bb5b5a88ef8ae143523b504ad0b99337b855b73ba0177a54471a8,.npz,reference_data
reference_data/experiment_benchmark/oa_mae_revision/predictions/oamae/SCN_dar_0068_effective_gate.npz,33261,8798cd8640ec2866f233b14363bb7e5a39d5bd40073a67054a0d9f17fa33e057,.npz,reference_data
reference_data/experiment_benchmark/oa_mae_revision/predictions/oamae/SCN_dar_0068_probability.npz,32907,bf08ea5a0edc5a37ecd8aff048dc5e820595f8df00a01ef960dab751a79bf0b8,.npz,reference_data
reference_data/experiment_benchmark/oa_mae_revision/predictions/oamae/SCN_dar_0068_sar_gate.npz,30052,1db5937e4a072049f26c7798c3a31a5d13b517a9db3d313d373ddb95ee8b6299,.npz,reference_data
reference_data/experiment_benchmark/oa_mae_revision/predictions/oamae/SCN_dar_0069_binary.npz,477,c5946b9b657e8f4aaa3e4c6ce4a888cf861c2a5c62368751476820ee28a4c9a0,.npz,reference_data
reference_data/experiment_benchmark/oa_mae_revision/predictions/oamae/SCN_dar_0069_effective_gate.npz,30784,94a5ab3685ad66692c4f2c7fd7454ed0db6b0a03bfabc26492e06b1d92872dea,.npz,reference_data
reference_data/experiment_benchmark/oa_mae_revision/predictions/oamae/SCN_dar_0069_probability.npz,32754,d20a76d6cc0964cb413dfd8a16f3f005b051df0bb01ed1051e3463e98396d6e8,.npz,reference_data
reference_data/experiment_benchmark/oa_mae_revision/predictions/oamae/SCN_dar_0069_sar_gate.npz,30228,d7975ee5f80275072538c1a402747c589d7a2742023041bd536b76a8d4c1c270,.npz,reference_data
reference_data/experiment_benchmark/oa_mae_revision/predictions/oamae/SCN_dou_0058_binary.npz,626,ba25bdcb64675efd6ea1dba0fd273d7ccdaa0e7dca65d0ce682b4138569eecef,.npz,reference_data
reference_data/experiment_benchmark/oa_mae_revision/predictions/oamae/SCN_dou_0058_effective_gate.npz,32878,4d44701bad1293b8f2cd2b68b67e1fdf5a8a5755b49fd0aba95c637cbb0c5150,.npz,reference_data
reference_data/experiment_benchmark/oa_mae_revision/predictions/oamae/SCN_dou_0058_probability.npz,32912,94929b77dac0fd0699c46b9fbdf6351da4077b8a572950abdaf4bde207f080a0,.npz,reference_data
reference_data/experiment_benchmark/oa_mae_revision/predictions/oamae/SCN_dou_0058_sar_gate.npz,30132,d9554f1a92734707bdd7ccd12b64589ecb0b1c5c38c5ff9c1458b30dd2a616c4,.npz,reference_data
reference_data/experiment_benchmark/oa_mae_revision/predictions/oamae/SCN_dou_0059_binary.npz,623,c4b61ac886d265a05b842865d519d59b54e5874bb0fb548f5c67506d2bced8c4,.npz,reference_data
reference_data/experiment_benchmark/oa_mae_revision/predictions/oamae/SCN_dou_0059_effective_gate.npz,32497,4777590a563828f6625788cd7b4d10025ebe9914dc9560c3304716d19f02f31c,.npz,reference_data
reference_data/experiment_benchmark/oa_mae_revision/predictions/oamae/SCN_dou_0059_probability.npz,32951,995fa38b08af3bc5fa5ce6dde76e6cfe7ab4021ec49273e656356e6fc72405e6,.npz,reference_data
reference_data/experiment_benchmark/oa_mae_revision/predictions/oamae/SCN_dou_0059_sar_gate.npz,30206,e0464819c14e05f1b84ccf3f0898cd519c8edb6afda25c9c64e2c508d76a399f,.npz,reference_data
reference_data/experiment_benchmark/oa_mae_revision/predictions/oamae/SCN_dou_0060_binary.npz,516,4f0344fcd34c4545c26b7e153c3a59cc800107d1dbc8992eac4a34164a21fe19,.npz,reference_data
reference_data/experiment_benchmark/oa_mae_revision/predictions/oamae/SCN_dou_0060_effective_gate.npz,31128,c0b586ab05ec0d29cedaabee1af43e981b03a5c5c4e4f9488be4bc4cf297248a,.npz,reference_data
reference_data/experiment_benchmark/oa_mae_revision/predictions/oamae/SCN_dou_0060_probability.npz,32792,c5caa6dbe5bd55b65da1a7dc46e2fc68e85a7511f40fb06b633727d643b678d1,.npz,reference_data
reference_data/experiment_benchmark/oa_mae_revision/predictions/oamae/SCN_dou_0060_sar_gate.npz,30214,512793395557cc65facccd367982e426a4a3ff34c93942d66a52809c458c6669,.npz,reference_data
reference_data/experiment_benchmark/oa_mae_revision/predictions/oamae/SCN_dou_0061_binary.npz,767,964c22eae9d984d5a3cda064d028a7cafedb0527dcb80b6e9830fc0ce4f0aea4,.npz,reference_data
reference_data/experiment_benchmark/oa_mae_revision/predictions/oamae/SCN_dou_0061_effective_gate.npz,33718,7eda6428f5c927eb625785d205d8eda1bcbe5aaf0e52663121f9997e35f725f1,.npz,reference_data
reference_data/experiment_benchmark/oa_mae_revision/predictions/oamae/SCN_dou_0061_probability.npz,32975,1d16180153f3f9b45a63736d0d72b5eab2c4cdcb39d727e160b5a6c7856d1b9b,.npz,reference_data
reference_data/experiment_benchmark/oa_mae_revision/predictions/oamae/SCN_dou_0061_sar_gate.npz,30308,40f04577118762c4bb62420b69af3c3f8138829bfb9fa8c67e6e51849837968f,.npz,reference_data
reference_data/experiment_benchmark/oa_mae_revision/predictions/oamae/SCN_dou_0062_binary.npz,777,57f78f761a4d55083640494f206be3b71f9de236c2193c52d6ac4536dc7df2ed,.npz,reference_data
reference_data/experiment_benchmark/oa_mae_revision/predictions/oamae/SCN_dou_0062_effective_gate.npz,32861,b3483c4915e281535e60f53edcb153e8903df5495f6ad3297bc1fec5e45ba421,.npz,reference_data
reference_data/experiment_benchmark/oa_mae_revision/predictions/oamae/SCN_dou_0062_probability.npz,33017,f14862ef370c48c4ae95d3fe191ded1ccbf71b5cf5c653548f9f5ba8dba355b6,.npz,reference_data
reference_data/experiment_benchmark/oa_mae_revision/predictions/oamae/SCN_dou_0062_sar_gate.npz,30335,2c4f36bb8580c35e913a3e5eec8e359d0a805a3940e6656481454e010b82b0ec,.npz,reference_data
reference_data/experiment_benchmark/oa_mae_revision/predictions/oamae/SCN_dou_0063_binary.npz,482,a130829912a8dde5998259d6a60bb7e197e247c0726be646079ea4e36d912dff,.npz,reference_data
reference_data/experiment_benchmark/oa_mae_revision/predictions/oamae/SCN_dou_0063_effective_gate.npz,30923,62a9020eeabd07a716b278ee5381a3500d8a18e01df69b4955cfee4d167f34dd,.npz,reference_data
reference_data/experiment_benchmark/oa_mae_revision/predictions/oamae/SCN_dou_0063_probability.npz,32728,84f2e45bd1d98a51976398f84ad5af9ee8432655045a7aba4fe3a2d771ef127b,.npz,reference_data
reference_data/experiment_benchmark/oa_mae_revision/predictions/oamae/SCN_dou_0063_sar_gate.npz,30352,e6abaef82b6eab5b2e20de545d91e5a54bf616e15704b7acb04a85eb1358733e,.npz,reference_data
reference_data/experiment_benchmark/oa_mae_revision/predictions/oamae/SCN_dou_0064_binary.npz,700,e7c0cf33013a08e46c7b4155323198ea2f86f936cea7c02b8e304ca59485f73a,.npz,reference_data
reference_data/experiment_benchmark/oa_mae_revision/predictions/oamae/SCN_dou_0064_effective_gate.npz,32327,f4c0f9e59701f8380b0a6147dfd95363fff3892c927bb02a44d3ae8aab17a63b,.npz,reference_data
reference_data/experiment_benchmark/oa_mae_revision/predictions/oamae/SCN_dou_0064_probability.npz,32903,67d5625109f63c50768fece2f18537d15af2f0b0ec94fef04e127a9fa2a5db19,.npz,reference_data
reference_data/experiment_benchmark/oa_mae_revision/predictions/oamae/SCN_dou_0064_sar_gate.npz,30156,856c298f6292f02e895d1a77a502158101f953043b303f68d813e5fa5fd5f6e0,.npz,reference_data
reference_data/experiment_benchmark/oa_mae_revision/predictions/oamae/SCN_dou_0065_binary.npz,698,a8293cbdaa6f42690c3aac21b332306057ba85b811bdc468fe617d81553146ed,.npz,reference_data
reference_data/experiment_benchmark/oa_mae_revision/predictions/oamae/SCN_dou_0065_effective_gate.npz,33122,53751e48257191f67311e775dc13772ed91bfebfb57f86fc9150667bce34cda3,.npz,reference_data
reference_data/experiment_benchmark/oa_mae_revision/predictions/oamae/SCN_dou_0065_probability.npz,32979,7fe5093d7981a3a60d38ba5f036b4c09d76f07a0e52204fb284a0fe56a94892b,.npz,reference_data
reference_data/experiment_benchmark/oa_mae_revision/predictions/oamae/SCN_dou_0065_sar_gate.npz,30201,1c060707705c19d48f951025d604d3849ba2cdfd82e0526b2102cbcac485b30d,.npz,reference_data
reference_data/experiment_benchmark/oa_mae_revision/predictions/oamae/SCN_dou_0066_binary.npz,470,09564101fa24b856b019d99b675927d836f5011244a697a5f41dc886386e28c4,.npz,reference_data
reference_data/experiment_benchmark/oa_mae_revision/predictions/oamae/SCN_dou_0066_effective_gate.npz,30693,cf06c56893ff2ff62925a2d421e814357105113043bf2dae29eb2ba254c90aa3,.npz,reference_data
reference_data/experiment_benchmark/oa_mae_revision/predictions/oamae/SCN_dou_0066_probability.npz,32691,73437076af06f8634fc25ab9e26643e9a26447f02b9f5fecd36cca8bf0f9aa75,.npz,reference_data
reference_data/experiment_benchmark/oa_mae_revision/predictions/oamae/SCN_dou_0066_sar_gate.npz,30412,6c78250983822d3e67610dd32e96dc767f36a4bc0b1eb428a50474d7ad223cea,.npz,reference_data
reference_data/experiment_benchmark/oa_mae_revision/predictions/oamae/SCN_dou_0067_binary.npz,734,d029784bfa33880430cc14df3e2dc9bb2bbc6f591fb8fb9af233485396be627a,.npz,reference_data
reference_data/experiment_benchmark/oa_mae_revision/predictions/oamae/SCN_dou_0067_effective_gate.npz,33178,4427361a19c7a0894f738a46bfdcbbe138687191ef204f6e7ab6a7beb3996215,.npz,reference_data
reference_data/experiment_benchmark/oa_mae_revision/predictions/oamae/SCN_dou_0067_probability.npz,32949,fdfb635f93d2c5e9110c0562406e662b89b2c3a812e55ee64db3c425417b5b99,.npz,reference_data
reference_data/experiment_benchmark/oa_mae_revision/predictions/oamae/SCN_dou_0067_sar_gate.npz,30161,1d80b01e4e79ea19b408dcc78ca8f10872cc9fe87ff17fea745229e0dd57186d,.npz,reference_data
reference_data/experiment_benchmark/oa_mae_revision/predictions/oamae/SCN_dou_0068_binary.npz,435,64e04e6fae940cb9e8c5699494cd8d09f93345c5a0896e35a90d85157fa0168f,.npz,reference_data
reference_data/experiment_benchmark/oa_mae_revision/predictions/oamae/SCN_dou_0068_effective_gate.npz,30447,a529e0973baed636ad2fcb9beb56ff1f8784211caaf2265d045e45487cd51572,.npz,reference_data
reference_data/experiment_benchmark/oa_mae_revision/predictions/oamae/SCN_dou_0068_probability.npz,32677,d24832416dd156b6f78e67812f80e4e3758a361e1dbb8ce0268a978d6c552433,.npz,reference_data
reference_data/experiment_benchmark/oa_mae_revision/predictions/oamae/SCN_dou_0068_sar_gate.npz,30104,6f6483b997a5ecb50b9294ae4c576c4fc3bd28529f20724ef636da494f682ad8,.npz,reference_data
reference_data/experiment_benchmark/oa_mae_revision/predictions/oamae/SCN_dou_0069_binary.npz,504,414d168edea778ca84e81335b2ea5ad353ac93864d28b412a063f5f0a1521254,.npz,reference_data
reference_data/experiment_benchmark/oa_mae_revision/predictions/oamae/SCN_dou_0069_effective_gate.npz,30623,e0d75355947f2881b0c98ef913d20d0f0d0e82ca5bc5075e949dfb1144cefa63,.npz,reference_data
reference_data/experiment_benchmark/oa_mae_revision/predictions/oamae/SCN_dou_0069_probability.npz,32707,2baeb3158b0392aa986107fec30ccca1b75ae06ba1e69a95b54c257c26fd4c73,.npz,reference_data
reference_data/experiment_benchmark/oa_mae_revision/predictions/oamae/SCN_dou_0069_sar_gate.npz,29921,797ad43f5546ed9d185c2c4ccb77416ff4799020522e2f8f1c73f79a6e6308dc,.npz,reference_data
reference_data/experiment_benchmark/oa_mae_revision/predictions/oamae/SCN_gar_0058_binary.npz,704,2e92de0d11463262aa46986e5f49a3edbc6e6bfb21c254f855d2c049bd8b7e59,.npz,reference_data
reference_data/experiment_benchmark/oa_mae_revision/predictions/oamae/SCN_gar_0058_effective_gate.npz,33188,95f2fee1d2c710ef93b6eb5553f245cd3c2b4bbdf2b73314a1ea4cf81fd9b940,.npz,reference_data
reference_data/experiment_benchmark/oa_mae_revision/predictions/oamae/SCN_gar_0058_probability.npz,32991,ffe5abf1cefd7504fcf8cf868befd983bc2a1b815723d6fa444f345debdb9f34,.npz,reference_data
reference_data/experiment_benchmark/oa_mae_revision/predictions/oamae/SCN_gar_0058_sar_gate.npz,30059,fdfed0ffd27f63d8407b3b29c6b4913b805945acd3a1a5d5419acdf009adbcb3,.npz,reference_data
reference_data/experiment_benchmark/oa_mae_revision/predictions/oamae/SCN_gar_0059_binary.npz,775,c65fa62c4e796fd896775bf2347a45818b162c46f59252f4a8ba15657b0e453b,.npz,reference_data
reference_data/experiment_benchmark/oa_mae_revision/predictions/oamae/SCN_gar_0059_effective_gate.npz,31960,f9a8985ed48e6c05c710bd644c9afb79a6a76b1190936955e8c0a0a449355148,.npz,reference_data
reference_data/experiment_benchmark/oa_mae_revision/predictions/oamae/SCN_gar_0059_probability.npz,33024,2bf3328d7cce2db1155a97a5d4185d303b3d857a9b3c1056dda41d36475295f3,.npz,reference_data
reference_data/experiment_benchmark/oa_mae_revision/predictions/oamae/SCN_gar_0059_sar_gate.npz,30078,2f98d9c6462182c6bbeb9b11cc77bced8e26b720e31a3adc2ac4d02c85e7a648,.npz,reference_data
reference_data/experiment_benchmark/oa_mae_revision/predictions/oamae/SCN_gar_0060_binary.npz,452,4e950d68ab7c10c6fb15ac68dd2b3ec42bd3e82ca58dae242b407a428146c027,.npz,reference_data
reference_data/experiment_benchmark/oa_mae_revision/predictions/oamae/SCN_gar_0060_effective_gate.npz,30692,aebc1e7047af67db167a83d9f843bd1cc14b487d01f373e3b19cdf76db56738a,.npz,reference_data
reference_data/experiment_benchmark/oa_mae_revision/predictions/oamae/SCN_gar_0060_probability.npz,32753,9c96362990e9f8b4f98ff9632520fd800d54395b51d5f0f76dc29dc0921f6af4,.npz,reference_data
reference_data/experiment_benchmark/oa_mae_revision/predictions/oamae/SCN_gar_0060_sar_gate.npz,30291,5869003b7ce023066e2683b46d4d1a7148243a3178c841649340c6c802b95c60,.npz,reference_data
reference_data/experiment_benchmark/oa_mae_revision/predictions/oamae/SCN_gar_0061_binary.npz,506,8483e96325f48d67b9d44091071b5e0c3d6b2645be3a682deff2e4508ccee3ca,.npz,reference_data
reference_data/experiment_benchmark/oa_mae_revision/predictions/oamae/SCN_gar_0061_effective_gate.npz,30832,8104cd229bef6a21a6d3cd266eae66c1d9f2966b9b83d073edc0f4592f879721,.npz,reference_data
reference_data/experiment_benchmark/oa_mae_revision/predictions/oamae/SCN_gar_0061_probability.npz,32742,e4f20a244ae892bac82120ccdfc86b32be82228fa89bea6d6801f6e8b44b09e4,.npz,reference_data
reference_data/experiment_benchmark/oa_mae_revision/predictions/oamae/SCN_gar_0061_sar_gate.npz,30082,ff58f6f4e57667fa36cc49201fe20061489f93ed10405687d4622ab823b263c8,.npz,reference_data
reference_data/experiment_benchmark/oa_mae_revision/predictions/oamae/SCN_gar_0062_binary.npz,717,f4c7817345443f7452b68dde4eb1f8e919e759f7123e9718baf6bae950d76505,.npz,reference_data
reference_data/experiment_benchmark/oa_mae_revision/predictions/oamae/SCN_gar_0062_effective_gate.npz,33629,46fd7fad941c5d093e38e33452073f2af6476fb937bd7b94df2b978fdc38ff51,.npz,reference_data
reference_data/experiment_benchmark/oa_mae_revision/predictions/oamae/SCN_gar_0062_probability.npz,32990,66e651e3b465e4e1f3508043ffd8ada1c9c1a6e20d2f6017d39b196821fc439c,.npz,reference_data
reference_data/experiment_benchmark/oa_mae_revision/predictions/oamae/SCN_gar_0062_sar_gate.npz,30224,fb2d9a20e254c7196d17ba901d954b3d07c2f46389bb6b36cc6fd38a971fd0a7,.npz,reference_data
reference_data/experiment_benchmark/oa_mae_revision/predictions/oamae/SCN_gar_0063_binary.npz,443,612fbf63966dc2a051c2c21d40c6cd817d1fde28785bd606e93b14b28d51faa1,.npz,reference_data
reference_data/experiment_benchmark/oa_mae_revision/predictions/oamae/SCN_gar_0063_effective_gate.npz,31136,40a8a5965af512c67d41a8cb806c2bc2a9dfa3a279dc5bf8f1dfc24138848c91,.npz,reference_data
reference_data/experiment_benchmark/oa_mae_revision/predictions/oamae/SCN_gar_0063_probability.npz,32700,cdc69b4a7191916f704ca87ea775a419ec8cffcd726d5222809b9ac51bfc808f,.npz,reference_data
reference_data/experiment_benchmark/oa_mae_revision/predictions/oamae/SCN_gar_0063_sar_gate.npz,30329,98278ac594148950466c49c0b7c4d68cddbfd179ae02ae48770b4a298030d3fc,.npz,reference_data
reference_data/experiment_benchmark/oa_mae_revision/predictions/oamae/SCN_gar_0064_binary.npz,703,101ee45973f53c8913decd86be722f05d5e9a99a8231f96134e21e7a1bcc2312,.npz,reference_data
reference_data/experiment_benchmark/oa_mae_revision/predictions/oamae/SCN_gar_0064_effective_gate.npz,33253,724fb0ccc1c5f21561a9a52b34271fa36ec006a82d7e8355fbaaf0c59e875c50,.npz,reference_data
reference_data/experiment_benchmark/oa_mae_revision/predictions/oamae/SCN_gar_0064_probability.npz,32992,50d256b642e412662b58efdff98e1ef24d1159d892ed2ba3c6f493913e84ebf1,.npz,reference_data
reference_data/experiment_benchmark/oa_mae_revision/predictions/oamae/SCN_gar_0064_sar_gate.npz,30253,5913ee90a0cd5d5629fd8d61b8b7856488c966d08e5932bdf29f31e169886153,.npz,reference_data
reference_data/experiment_benchmark/oa_mae_revision/predictions/oamae/SCN_gar_0065_binary.npz,623,1bad62ce6afe7cc1009781e669fb973e8956a8f05f98925b511fb4c82fe8a428,.npz,reference_data
reference_data/experiment_benchmark/oa_mae_revision/predictions/oamae/SCN_gar_0065_effective_gate.npz,33503,8fb3946fbd050673a7d86b8dc036b3243bea22877e3c9022599f5f931a0a66f0,.npz,reference_data
reference_data/experiment_benchmark/oa_mae_revision/predictions/oamae/SCN_gar_0065_probability.npz,32929,b28bd017d262ebc31d47ae7e71280e5316b951b81cf9cd493e7350b28b0361b4,.npz,reference_data
reference_data/experiment_benchmark/oa_mae_revision/predictions/oamae/SCN_gar_0065_sar_gate.npz,30196,208addcb132db9fad1c49c7679aa83b3e4db768a216503ecace696da0ae4e60e,.npz,reference_data
reference_data/experiment_benchmark/oa_mae_revision/predictions/oamae/SCN_gar_0066_binary.npz,472,57515867f37959c536e547d45bdf750509cab3daac58fbb1551386368b3fbc4d,.npz,reference_data
reference_data/experiment_benchmark/oa_mae_revision/predictions/oamae/SCN_gar_0066_effective_gate.npz,30736,73aeb40f57324dab16a96638f2bc4cfdf1209af51cbe9a139f52644d7a28f82a,.npz,reference_data
reference_data/experiment_benchmark/oa_mae_revision/predictions/oamae/SCN_gar_0066_probability.npz,32741,bb48e5161ab3119233e0398b314f6a900ba4fa1a8a73e8a75b7c6fc7cc5861ed,.npz,reference_data
reference_data/experiment_benchmark/oa_mae_revision/predictions/oamae/SCN_gar_0066_sar_gate.npz,30299,0dc97b70c1f775bd16ae35cea08d17981cac5cffebcb2074dbc47ae72e8ad833,.npz,reference_data
reference_data/experiment_benchmark/oa_mae_revision/predictions/oamae/SCN_gar_0067_binary.npz,435,6af189573ed7b45190e203cfd0c70d6505e11c9af525655c02c88a3d37999fdd,.npz,reference_data
reference_data/experiment_benchmark/oa_mae_revision/predictions/oamae/SCN_gar_0067_effective_gate.npz,30533,8e49ea8847642c9df3f0e43f6940a2628548f09591256d03a3bfc45eea8e01b5,.npz,reference_data
reference_data/experiment_benchmark/oa_mae_revision/predictions/oamae/SCN_gar_0067_probability.npz,32664,a376bf2f59ee1eeef19e76f010a163c9aa8ca909595288839f3e817ed8683f6a,.npz,reference_data
reference_data/experiment_benchmark/oa_mae_revision/predictions/oamae/SCN_gar_0067_sar_gate.npz,30305,c46f9c9f5582240c64a66af4225f4fcff47f00840bb228aa408167e022f1f26b,.npz,reference_data
reference_data/experiment_benchmark/oa_mae_revision/predictions/oamae/SCN_gar_0068_binary.npz,678,44c95dbfc2e45a03e99fa5ffb08b8a4556c85628611085269521c76a9b34eba6,.npz,reference_data
reference_data/experiment_benchmark/oa_mae_revision/predictions/oamae/SCN_gar_0068_effective_gate.npz,33417,1062f9e2f31a9f03ed85e61cf0dda727a48bab0350004dc0b5ac1273c5878824,.npz,reference_data
reference_data/experiment_benchmark/oa_mae_revision/predictions/oamae/SCN_gar_0068_probability.npz,32985,a99a06a7a65e80b6bd734c756df580f4953953e3518f674b2f6cfb786e7f46b8,.npz,reference_data
reference_data/experiment_benchmark/oa_mae_revision/predictions/oamae/SCN_gar_0068_sar_gate.npz,30139,892fed9deb665fe90cc1e069907890f79091239d3be55217f2fc7e9cb5cd582c,.npz,reference_data
reference_data/experiment_benchmark/oa_mae_revision/predictions/oamae/SCN_gar_0069_binary.npz,500,bc1b9232c030b1fbd2c736fd64cde4c2bfb5b77f76717aabd605ebb2ee637c99,.npz,reference_data
reference_data/experiment_benchmark/oa_mae_revision/predictions/oamae/SCN_gar_0069_effective_gate.npz,31276,a1bbaea2e08439b8b26e707a80e1130c4ff262802d5b61b20f1a0db17f2908ce,.npz,reference_data
reference_data/experiment_benchmark/oa_mae_revision/predictions/oamae/SCN_gar_0069_probability.npz,32785,9f2be8595818c9d43afbc06f552ecbb64aa802bde5d907020ac40677267550f4,.npz,reference_data
reference_data/experiment_benchmark/oa_mae_revision/predictions/oamae/SCN_gar_0069_sar_gate.npz,30235,d2130e25f58c649da24e3815baf5d071d84f8d3f65e2688047949534c1136d47,.npz,reference_data
reference_data/experiment_benchmark/oa_mae_revision/predictions/oamae/SCN_kig_0058_binary.npz,463,00dc549fc4b4b846c15db14f31b4e364b4d038172101704db067cb3f110ac4dd,.npz,reference_data
reference_data/experiment_benchmark/oa_mae_revision/predictions/oamae/SCN_kig_0058_effective_gate.npz,31047,06bb97f1cc2d6ee5ec41e0bdcdecb19f6fb69fd21304afa0609d0d84c8ba2087,.npz,reference_data
reference_data/experiment_benchmark/oa_mae_revision/predictions/oamae/SCN_kig_0058_probability.npz,32802,1c7999d95dcc78fe41a2c028d209e4a372d5d2964954a91b74b94752dd932963,.npz,reference_data
reference_data/experiment_benchmark/oa_mae_revision/predictions/oamae/SCN_kig_0058_sar_gate.npz,30109,e4105d4cc8e1c28c1aa8a8b9c59bf844a0ce3f881d82ed5a28966f724b53ca5b,.npz,reference_data
reference_data/experiment_benchmark/oa_mae_revision/predictions/oamae/SCN_kig_0059_binary.npz,497,a84be468930b3a5ce8629c76a3a46dc472e13de614ffb67ddad936cafd0d0495,.npz,reference_data
reference_data/experiment_benchmark/oa_mae_revision/predictions/oamae/SCN_kig_0059_effective_gate.npz,32928,3a8d316d9d9303f789159f61e048e2c41d8747f8129348dda3d0cd986dacd20f,.npz,reference_data
reference_data/experiment_benchmark/oa_mae_revision/predictions/oamae/SCN_kig_0059_probability.npz,32854,8e55d4ad580e8b65f018a8d64f388f5437799a67d173f77e4066c0012ea10acf,.npz,reference_data
reference_data/experiment_benchmark/oa_mae_revision/predictions/oamae/SCN_kig_0059_sar_gate.npz,30130,b7476a44decd5ba17ee1e60f700da2483030e4a85db5561795c776b270bbfd46,.npz,reference_data
reference_data/experiment_benchmark/oa_mae_revision/predictions/oamae/SCN_kig_0060_binary.npz,473,1a68234b661f264173daa7396f073f94fa3b571418182da5b29c87dd6853f506,.npz,reference_data
reference_data/experiment_benchmark/oa_mae_revision/predictions/oamae/SCN_kig_0060_effective_gate.npz,30749,26ae2c1cea7deba231ba54edbc382ed9fe9e7118849a1a17050f06d11d187567,.npz,reference_data
reference_data/experiment_benchmark/oa_mae_revision/predictions/oamae/SCN_kig_0060_probability.npz,32726,e6bced6cd57e601207b1e9389c494352651a84884dd06bca2da2f0ecb8e2d2f1,.npz,reference_data
reference_data/experiment_benchmark/oa_mae_revision/predictions/oamae/SCN_kig_0060_sar_gate.npz,30244,7c91887bbdc4d7c319a3815e41898c69d51d985dc5b710cb4d8d7dd095d1b78d,.npz,reference_data
reference_data/experiment_benchmark/oa_mae_revision/predictions/oamae/SCN_kig_0061_binary.npz,439,2e4a1a32bac472ff8a3bf5111c859de25e4e4609c4dc23eca04cc0f064db946a,.npz,reference_data
reference_data/experiment_benchmark/oa_mae_revision/predictions/oamae/SCN_kig_0061_effective_gate.npz,30562,f3dd02fabcc68c20cdc2d65d06e6cd87a25a75ca171a0fc4e5b0312bd03271fe,.npz,reference_data
reference_data/experiment_benchmark/oa_mae_revision/predictions/oamae/SCN_kig_0061_probability.npz,32685,bfd18cec59c3518986fd85a81158ad246701c08e0b2cb9b25d157e86adac595a,.npz,reference_data
reference_data/experiment_benchmark/oa_mae_revision/predictions/oamae/SCN_kig_0061_sar_gate.npz,30176,b7755d5563b06366732912697cce6e7f2b958343b6e09635151fd15faa37fc8a,.npz,reference_data
reference_data/experiment_benchmark/oa_mae_revision/predictions/oamae/SCN_kig_0062_binary.npz,779,4402da4b1fd2612510d4c079095c34752162a0227f3c687a46a97ed1b7d846e6,.npz,reference_data
reference_data/experiment_benchmark/oa_mae_revision/predictions/oamae/SCN_kig_0062_effective_gate.npz,33332,4a60858213a2777c00fd3f26601af0c85f30884921cbfe6962b73029487eac40,.npz,reference_data
reference_data/experiment_benchmark/oa_mae_revision/predictions/oamae/SCN_kig_0062_probability.npz,33002,644d8541b4e7d54706e572df1641dda7a95f7cf8e60fbae3ba789b6590358906,.npz,reference_data
reference_data/experiment_benchmark/oa_mae_revision/predictions/oamae/SCN_kig_0062_sar_gate.npz,30246,e9ba91add1172a041df6bbcf77241cdcfda5359b9fc949af1f5c7fff72f93db1,.npz,reference_data
reference_data/experiment_benchmark/oa_mae_revision/predictions/oamae/SCN_kig_0063_binary.npz,461,3104391b6e601fe81aba8d8ac58abd0e105a250f0aa8e28014c59cb00165ae15,.npz,reference_data
reference_data/experiment_benchmark/oa_mae_revision/predictions/oamae/SCN_kig_0063_effective_gate.npz,31245,48e7454ade1c2f15cd2c542ea59716efbb330b15b238c75da04ce68c11c36908,.npz,reference_data
reference_data/experiment_benchmark/oa_mae_revision/predictions/oamae/SCN_kig_0063_probability.npz,32748,6fd4439801a3887291754006c32e9d0d866bb93c3e2afc03f29ada299cc52371,.npz,reference_data
reference_data/experiment_benchmark/oa_mae_revision/predictions/oamae/SCN_kig_0063_sar_gate.npz,30161,829c23f453df49a760f866e3458314b2641f6838d8cf4701bb174efcab00120f,.npz,reference_data
reference_data/experiment_benchmark/oa_mae_revision/predictions/oamae/SCN_kig_0064_binary.npz,592,5a94eb9c0c2130d5517aa7c501fddad27c59e01cbfe3be44cb0058181d81da64,.npz,reference_data
reference_data/experiment_benchmark/oa_mae_revision/predictions/oamae/SCN_kig_0064_effective_gate.npz,32655,b6882ca3e294a7d36fa8b30ba9829247e87aab3909b836061930c82019a48b89,.npz,reference_data
reference_data/experiment_benchmark/oa_mae_revision/predictions/oamae/SCN_kig_0064_probability.npz,32883,9aabdb84d3117ca8ade0a410ec44cded85ab6756f6a212f77c83534d7db9f98e,.npz,reference_data
reference_data/experiment_benchmark/oa_mae_revision/predictions/oamae/SCN_kig_0064_sar_gate.npz,30339,1bce03ffa55fed6764d32afd2520c3759ac3f5e3a570efe992afad05813dfbb2,.npz,reference_data
reference_data/experiment_benchmark/oa_mae_revision/predictions/oamae/SCN_kig_0065_binary.npz,577,1bb85f74468a5b61d2cd52cd63ef6b4f6a9a285b3f14d1d51c888de700d1c109,.npz,reference_data
reference_data/experiment_benchmark/oa_mae_revision/predictions/oamae/SCN_kig_0065_effective_gate.npz,33390,2a1f2747564358ecce8e2ad0cace38032fc22a54b04ad8a03ee52aa067e5e166,.npz,reference_data
reference_data/experiment_benchmark/oa_mae_revision/predictions/oamae/SCN_kig_0065_probability.npz,32909,5c9729b5e876dbe6a1e5cfb5ef6870a6be7e78bdd970d729a1aa321c6fc9f0c4,.npz,reference_data
reference_data/experiment_benchmark/oa_mae_revision/predictions/oamae/SCN_kig_0065_sar_gate.npz,30053,fbaa265bdcd54b33d82f0ad07877e5d555d9dcfee843a05f3c97cdb51ff8fd70,.npz,reference_data
reference_data/experiment_benchmark/oa_mae_revision/predictions/oamae/SCN_kig_0066_binary.npz,478,b129e64b4ddcce19b32ff64eac67ba5443f06ce94c0b9944ab722e270183f24f,.npz,reference_data
reference_data/experiment_benchmark/oa_mae_revision/predictions/oamae/SCN_kig_0066_effective_gate.npz,30719,81f7a91af0d54fbe414454545132961ec6255911c6842d610eda550316a8ee0a,.npz,reference_data
reference_data/experiment_benchmark/oa_mae_revision/predictions/oamae/SCN_kig_0066_probability.npz,32728,964e8dacf6deef3a45b89bc14862280cd7d884018d78b97dab2dfc9b51f9e01b,.npz,reference_data
reference_data/experiment_benchmark/oa_mae_revision/predictions/oamae/SCN_kig_0066_sar_gate.npz,30275,801150b87169e73fb5293f749c61eee8a8e70a1d6b74bea7e10cd2185db471ff,.npz,reference_data
reference_data/experiment_benchmark/oa_mae_revision/predictions/oamae/SCN_kig_0067_binary.npz,595,08435db8d50d034788efd541e43eec0327e801ba3502534946cfeda154dfc3be,.npz,reference_data
reference_data/experiment_benchmark/oa_mae_revision/predictions/oamae/SCN_kig_0067_effective_gate.npz,33293,40850ec30c0c4f91fc445a89d4379748bb7956c8ecc5ba917b28aae60518c15a,.npz,reference_data
reference_data/experiment_benchmark/oa_mae_revision/predictions/oamae/SCN_kig_0067_probability.npz,32960,b3be804b3b55372071b03c757b000c4c680dc325c05b821c3868842a91ae8aef,.npz,reference_data
reference_data/experiment_benchmark/oa_mae_revision/predictions/oamae/SCN_kig_0067_sar_gate.npz,29982,6335c0b7505ee1774e1f0d6d33a75531bbde5657bcc0cfdbe17aaf568032ddf4,.npz,reference_data
reference_data/experiment_benchmark/oa_mae_revision/predictions/oamae/SCN_kig_0068_binary.npz,636,a209a0fd0665eccc7aa57f27f678940c0fd763ac951508f924dfc842c74b6f66,.npz,reference_data
reference_data/experiment_benchmark/oa_mae_revision/predictions/oamae/SCN_kig_0068_effective_gate.npz,33234,a57ec8b8f8f33fb00ad80c088bfa42e80819786bb7feee179a9c063cbaf2e0f0,.npz,reference_data
reference_data/experiment_benchmark/oa_mae_revision/predictions/oamae/SCN_kig_0068_probability.npz,32920,1a726f44f2f83c3daa33d20a807cb770e7c5dc22f9fef8dc062bab145c530cb6,.npz,reference_data
reference_data/experiment_benchmark/oa_mae_revision/predictions/oamae/SCN_kig_0068_sar_gate.npz,29957,46b1080fc6acb8aa31524de73c2b7925dc8e8b43907aa0e7efbe625aa1b3da41,.npz,reference_data
reference_data/experiment_benchmark/oa_mae_revision/predictions/oamae/SCN_kig_0069_binary.npz,447,0ff7058c6937234c834bb4e6b4fb42f81517d7577a64135adb1cc95c1bd699ee,.npz,reference_data
reference_data/experiment_benchmark/oa_mae_revision/predictions/oamae/SCN_kig_0069_effective_gate.npz,30882,9514d0198aa0464de0d1cd233d6120a2f347b8efabd1d14408bbdc090d10337f,.npz,reference_data
reference_data/experiment_benchmark/oa_mae_revision/predictions/oamae/SCN_kig_0069_probability.npz,32701,bb6e2562621430a6c1d88588f7ede149c3a8b7da2d4aaa5f1ccdfdd18e160831,.npz,reference_data
reference_data/experiment_benchmark/oa_mae_revision/predictions/oamae/SCN_kig_0069_sar_gate.npz,30239,89e2cbc716f7740892bb70fba081b9743252648e78ec5090415e3c595c81d06e,.npz,reference_data
reference_data/experiment_benchmark/oa_mae_revision/predictions/oamae/SCN_yao_0058_binary.npz,755,1fb0c29589c324f7b5bed9534dca4ae3d6151bf13f324311b62a50ac605c8da4,.npz,reference_data
reference_data/experiment_benchmark/oa_mae_revision/predictions/oamae/SCN_yao_0058_effective_gate.npz,33493,80847f0bd0847733a658afef66a55ce7bc605b52b2516343b5b782e4f1dbc2f3,.npz,reference_data
reference_data/experiment_benchmark/oa_mae_revision/predictions/oamae/SCN_yao_0058_probability.npz,32981,5ce62ed4a4d4c930d53ac220b61d09873d6f3ce91846a63e4a57d330b52b99e4,.npz,reference_data
reference_data/experiment_benchmark/oa_mae_revision/predictions/oamae/SCN_yao_0058_sar_gate.npz,30152,74cf7342b2e0c389fac934be5a64421bd540f83f8b3fa9c0cd8b65f598cc7f2b,.npz,reference_data
reference_data/experiment_benchmark/oa_mae_revision/predictions/oamae/SCN_yao_0059_binary.npz,762,8ac72d0e3d39085d1775c1f52c14aa2ee7db062d9309da45b040750ec588a642,.npz,reference_data
reference_data/experiment_benchmark/oa_mae_revision/predictions/oamae/SCN_yao_0059_effective_gate.npz,33480,e5a40c2b9b18be3b03d030702d8b776b963ce46fd4aa59e434111b98b28f4253,.npz,reference_data
reference_data/experiment_benchmark/oa_mae_revision/predictions/oamae/SCN_yao_0059_probability.npz,33018,4b7a228eb0d20e599a1922b5fd6cf04c036310c2bbec9a8aebea06614b2d140b,.npz,reference_data
reference_data/experiment_benchmark/oa_mae_revision/predictions/oamae/SCN_yao_0059_sar_gate.npz,30392,a46cda9b02544a689e08129c6811fd31a77557e8565521b109fabfcf7c87d7fd,.npz,reference_data
reference_data/experiment_benchmark/oa_mae_revision/predictions/oamae/SCN_yao_0060_binary.npz,479,1c3f6f7734a618804a53934fbfa2d6615780b223f3141dde7bc3d675f6316c62,.npz,reference_data
reference_data/experiment_benchmark/oa_mae_revision/predictions/oamae/SCN_yao_0060_effective_gate.npz,30781,5ee4e0cf1fe22745a49c80691ff52a75dcf231456b2e4424ddea0f27e3968ec9,.npz,reference_data
reference_data/experiment_benchmark/oa_mae_revision/predictions/oamae/SCN_yao_0060_probability.npz,32735,4b40df8aefd0b65c19bf5923401d5d0be16ad72b1df3545c6326c42d34f61539,.npz,reference_data
reference_data/experiment_benchmark/oa_mae_revision/predictions/oamae/SCN_yao_0060_sar_gate.npz,30355,f3d384c9c68866dcbf0b222b50ae263696d37e9a7c79d2e655afce2f7af38e9a,.npz,reference_data
reference_data/experiment_benchmark/oa_mae_revision/predictions/oamae/SCN_yao_0061_binary.npz,516,900ab027eca38bd5568ed5bf6a685a4ddb3c436b96d4400722e42b0dea2216b9,.npz,reference_data
reference_data/experiment_benchmark/oa_mae_revision/predictions/oamae/SCN_yao_0061_effective_gate.npz,31447,71a2dfc623e62b8539c6f6c459437b07d6e4462dc18ca39f4242ee04919a84d9,.npz,reference_data
reference_data/experiment_benchmark/oa_mae_revision/predictions/oamae/SCN_yao_0061_probability.npz,32785,fb1e4e228018c0fe4a8eee3b314800800f4db754cbe363b63443457e9a87f0b9,.npz,reference_data
reference_data/experiment_benchmark/oa_mae_revision/predictions/oamae/SCN_yao_0061_sar_gate.npz,30178,98dcd3f8be87f713f94059cbf8b2fb764b08a64f136063d62ce67757067aa179,.npz,reference_data
reference_data/experiment_benchmark/oa_mae_revision/predictions/oamae/SCN_yao_0062_binary.npz,709,58e3ee645a05091ac5cb601d2593a5d1a29544e8a1e6709336c2e166ffb58810,.npz,reference_data
reference_data/experiment_benchmark/oa_mae_revision/predictions/oamae/SCN_yao_0062_effective_gate.npz,33707,55e8e5aa6bdc6e1f4f7c4c6fff44fe467d9bf4a89e0fd97d27f1c8aa60c1ed0a,.npz,reference_data
reference_data/experiment_benchmark/oa_mae_revision/predictions/oamae/SCN_yao_0062_probability.npz,32959,d3db7607a6d92b5a2571406e2247b50a6773911d32e97738f3a5a7290c9c80f0,.npz,reference_data
reference_data/experiment_benchmark/oa_mae_revision/predictions/oamae/SCN_yao_0062_sar_gate.npz,30206,e3eb3681ec59067aeeb7a708629252ff4eac074842ec321b9de7e8b56e24e601,.npz,reference_data
reference_data/experiment_benchmark/oa_mae_revision/predictions/oamae/SCN_yao_0063_binary.npz,440,908933061157c84c3799b0aa7cc6ac2085ff0e392839de9cf50582c97377af67,.npz,reference_data
reference_data/experiment_benchmark/oa_mae_revision/predictions/oamae/SCN_yao_0063_effective_gate.npz,30908,719c047e825368dde7825a9739924c3f26368cc77e9e441bbfb3e55152ef871d,.npz,reference_data
reference_data/experiment_benchmark/oa_mae_revision/predictions/oamae/SCN_yao_0063_probability.npz,32707,dec12652a2f4bfc62d4c673dcfd440f36ff1157e0cb8c89b88bc1f5be9eb2a98,.npz,reference_data
reference_data/experiment_benchmark/oa_mae_revision/predictions/oamae/SCN_yao_0063_sar_gate.npz,30355,fca1e497f65ac5e3b74da85ecee9489de17d929c5735eb0792539aed61cec672,.npz,reference_data
reference_data/experiment_benchmark/oa_mae_revision/predictions/oamae/SCN_yao_0064_binary.npz,739,d41c298e5082f792a27a252a9d43805986555d62b50dff366e57c94d01f26f6c,.npz,reference_data
reference_data/experiment_benchmark/oa_mae_revision/predictions/oamae/SCN_yao_0064_effective_gate.npz,32070,de1252c72afe5a2c4336cffaee4f12f77633b3eb2bf3ff10579c0849000bfad6,.npz,reference_data
reference_data/experiment_benchmark/oa_mae_revision/predictions/oamae/SCN_yao_0064_probability.npz,33020,43f35e689db6acede0bd6889f477c50a22cb02dc980f90b70064d24d1c20d3b5,.npz,reference_data
reference_data/experiment_benchmark/oa_mae_revision/predictions/oamae/SCN_yao_0064_sar_gate.npz,30128,f864227b1a88c180381f9db700bb8a86895aa35c826e388ae9507ff446461038,.npz,reference_data
reference_data/experiment_benchmark/oa_mae_revision/predictions/oamae/SCN_yao_0065_binary.npz,656,e3b473b8c4da3c9b4521f2fa7a02d280fc5c8377c851c2a9bac9e4cbe0f2a61b,.npz,reference_data
reference_data/experiment_benchmark/oa_mae_revision/predictions/oamae/SCN_yao_0065_effective_gate.npz,33549,865638ce182dc70d291e2c5f11c075d33770673a8711ef6c6520d67bebe21725,.npz,reference_data
reference_data/experiment_benchmark/oa_mae_revision/predictions/oamae/SCN_yao_0065_probability.npz,32947,7061140a7034a0766c08856a1804553f07fcff6cf9d193e7abd4fd5920541f1c,.npz,reference_data
reference_data/experiment_benchmark/oa_mae_revision/predictions/oamae/SCN_yao_0065_sar_gate.npz,30139,337eb6ee9bfc3ff75f59e5e8684d701f732b8dae24320eead4a5989605618f5a,.npz,reference_data
reference_data/experiment_benchmark/oa_mae_revision/predictions/oamae/SCN_yao_0066_binary.npz,475,a8aa081a94463967f51c62361e1e2a604de75f66c593930a2a5f512950b3faea,.npz,reference_data
reference_data/experiment_benchmark/oa_mae_revision/predictions/oamae/SCN_yao_0066_effective_gate.npz,30640,925ac10fd83af46a7d11b4961e7d3afec3a45a7ab7b8bebe38ffc71ba4d05c97,.npz,reference_data
reference_data/experiment_benchmark/oa_mae_revision/predictions/oamae/SCN_yao_0066_probability.npz,32758,b34e222b41fcd631308dc04c22dd3ec59981a880aaf246513532e5e1ae2801be,.npz,reference_data
reference_data/experiment_benchmark/oa_mae_revision/predictions/oamae/SCN_yao_0066_sar_gate.npz,30162,d8eb5fe0e6b51f968a07b9045b950d60a2192b2de332c6dedada1bb62fa87ac2,.npz,reference_data
reference_data/experiment_benchmark/oa_mae_revision/predictions/oamae/SCN_yao_0067_binary.npz,788,3159f0be02872141a3f35d901e736b75b1d7cbd0a8006ee145b00fe28918af22,.npz,reference_data
reference_data/experiment_benchmark/oa_mae_revision/predictions/oamae/SCN_yao_0067_effective_gate.npz,33619,12615e9b7c42031daa8f682cd0b888cd8f9c23fa9fd4ae5fc68abda41360e6d3,.npz,reference_data
reference_data/experiment_benchmark/oa_mae_revision/predictions/oamae/SCN_yao_0067_probability.npz,33004,6b986b73c4828d6cd55859163e38ffa6754111c495b3e60e7144e7b10520eb7f,.npz,reference_data
reference_data/experiment_benchmark/oa_mae_revision/predictions/oamae/SCN_yao_0067_sar_gate.npz,30205,40fd0579abc48c03563dcfe5058bf70a3d9202f25805a9327d401b0258132685,.npz,reference_data
reference_data/experiment_benchmark/oa_mae_revision/predictions/oamae/SCN_yao_0068_binary.npz,530,ac37bce0d0060a972223af25f9ef2857cb10f2baade384079872eb24edd2f6ad,.npz,reference_data
reference_data/experiment_benchmark/oa_mae_revision/predictions/oamae/SCN_yao_0068_effective_gate.npz,32433,085285b29abe7c6de72f8811bd2fd7c70fad5a50b2effcb8d74b8118228144cb,.npz,reference_data
reference_data/experiment_benchmark/oa_mae_revision/predictions/oamae/SCN_yao_0068_probability.npz,32879,8f4ec97d7954fcf49ea13bff5d718b2c5b297e4e3381deedbd9a1d465312e259,.npz,reference_data
reference_data/experiment_benchmark/oa_mae_revision/predictions/oamae/SCN_yao_0068_sar_gate.npz,30038,f0ebedb8832f68e39cf603eafd86b97bb7ae962564afdaf43064ce1f5e8916e0,.npz,reference_data
reference_data/experiment_benchmark/oa_mae_revision/predictions/oamae/SCN_yao_0069_binary.npz,469,cdb70afcecf08b90f4941caebcf883b6e514cd9d765b067708082e7d6fe8a085,.npz,reference_data
reference_data/experiment_benchmark/oa_mae_revision/predictions/oamae/SCN_yao_0069_effective_gate.npz,30930,c9acf9241491216a5bd998ccd70e8bfadbdbab0779eb71396ed39e3f69893586,.npz,reference_data
reference_data/experiment_benchmark/oa_mae_revision/predictions/oamae/SCN_yao_0069_probability.npz,32763,ffdf3859f504ee59dc402b296d984894a1d5e72b4a5f6ad2995db6452f23dda9,.npz,reference_data
reference_data/experiment_benchmark/oa_mae_revision/predictions/oamae/SCN_yao_0069_sar_gate.npz,30217,d25cdd36b8d2b9e60daec676cb7f4cbdee8dde5755e2fe5a8b322bea6f8485b8,.npz,reference_data
reference_data/experiment_benchmark/oa_mae_revision/predictions/pixel_metrics.csv,52911,41dad993df2de2428cb41f287062afcff1a65f23298427b04bfca7684a004ca0,.csv,reference_data
reference_data/experiment_benchmark/oa_mae_revision/predictions/prediction_manifest.csv,101905,72b2c768de4cf47e07676ea7ab4f8a891f3ad71166fbc70e6f72ea0250c05081,.csv,reference_data
reference_data/experiment_benchmark/oa_mae_revision/predictions/prediction_scope.json,513,f76a1b8bcfc686c4168165ce0a200606ffcd1726590b6958e8235c5c255b8458,.json,reference_data
reference_data/experiment_benchmark/oa_mae_revision/predictions/shared/SCN_dak_0058_cloud_t1.npz,31267,9521e6e2f51e71a97bc1c33ec4f85d1f3646c1c50020b38613c90927778d3f86,.npz,reference_data
reference_data/experiment_benchmark/oa_mae_revision/predictions/shared/SCN_dak_0058_cloud_t2.npz,30786,5f44f77e5b0903171b5672916ccebcaa5177412da0ef291d0f0f4d5bc205c598,.npz,reference_data
reference_data/experiment_benchmark/oa_mae_revision/predictions/shared/SCN_dak_0058_ground_truth.npz,361,6fa42256539e76863c841b25602a04a2c06e6795086a857c39c9fabe2e3dd840,.npz,reference_data
reference_data/experiment_benchmark/oa_mae_revision/predictions/shared/SCN_dak_0058_v12.npz,346,27ae31d22126fcbcd7877675cbdd23875d38356b46e926fe6ebfea46f9c13ddc,.npz,reference_data
reference_data/experiment_benchmark/oa_mae_revision/predictions/shared/SCN_dak_0059_cloud_t1.npz,31593,796472fef662d38facd0b949c1ea829adcd6f767f5ceeb421c7c45c13e9cb7ce,.npz,reference_data
reference_data/experiment_benchmark/oa_mae_revision/predictions/shared/SCN_dak_0059_cloud_t2.npz,31086,3879212a4a6c94f5a79d4499a211cdbae0b5ffd9b9dcfa139e4ca0e4c1914ca6,.npz,reference_data
reference_data/experiment_benchmark/oa_mae_revision/predictions/shared/SCN_dak_0059_ground_truth.npz,366,7f0ef4b63bb8c2aea1c97f1f4cd6e37f9b5c36c1a5ed4c53891786e66842d96e,.npz,reference_data
reference_data/experiment_benchmark/oa_mae_revision/predictions/shared/SCN_dak_0059_v12.npz,479,b1c730e3909b211f2c94114a2d2acd1a6759772bc81a8d4758d57d98d017fb72,.npz,reference_data
reference_data/experiment_benchmark/oa_mae_revision/predictions/shared/SCN_dak_0060_cloud_t1.npz,31603,f04eb5af82918bafa39beb38843cd37988c2b91da726289f04df79a969a28025,.npz,reference_data
reference_data/experiment_benchmark/oa_mae_revision/predictions/shared/SCN_dak_0060_cloud_t2.npz,31220,f477160a72c9f766bf85b40815e60348635d9e7cef8a63680c49ab7659b8316b,.npz,reference_data
reference_data/experiment_benchmark/oa_mae_revision/predictions/shared/SCN_dak_0060_ground_truth.npz,373,576d3c80af6a3476d7e3971ed918c4c440bf362ba1cd8ef4c22843f94203fffc,.npz,reference_data
reference_data/experiment_benchmark/oa_mae_revision/predictions/shared/SCN_dak_0060_v12.npz,442,74f29c6982019302b0c3e2cbf8db91daec168435d78ab1da417fb7196f82092d,.npz,reference_data
reference_data/experiment_benchmark/oa_mae_revision/predictions/shared/SCN_dak_0061_cloud_t1.npz,32432,92ea141e382ef432131f4aff3bd5a9ef2e56b595a3f86db046e93799506e0061,.npz,reference_data
reference_data/experiment_benchmark/oa_mae_revision/predictions/shared/SCN_dak_0061_cloud_t2.npz,32149,d2f0b3e8db5964baa7e45f82dd30bb49cd3ebd8b98c21085b6cdca162577927e,.npz,reference_data
reference_data/experiment_benchmark/oa_mae_revision/predictions/shared/SCN_dak_0061_ground_truth.npz,315,70c046984f26c355e06abcb1e15b895dcba5877c53ab9ef0242bcd8f968dfdbc,.npz,reference_data
reference_data/experiment_benchmark/oa_mae_revision/predictions/shared/SCN_dak_0061_v12.npz,520,bec2af0a317e3408ce450cb4acb16d77d5af19a9098acf160ba2a0c1b49cc2ca,.npz,reference_data
reference_data/experiment_benchmark/oa_mae_revision/predictions/shared/SCN_dak_0062_cloud_t1.npz,32139,8d6eeb9f4e4a6e5d388d15a59ddbee0fed33825253ebce6c571b5823aed389f5,.npz,reference_data
reference_data/experiment_benchmark/oa_mae_revision/predictions/shared/SCN_dak_0062_cloud_t2.npz,31849,4d6472f2bb333cc80d6da6b201fb71a71f98e58d3104894daf702658ea8030bb,.npz,reference_data
reference_data/experiment_benchmark/oa_mae_revision/predictions/shared/SCN_dak_0062_ground_truth.npz,296,2667ae5a40053b28ef2dcf1276235137e89df5790f21ab835955fa38742b42bd,.npz,reference_data
reference_data/experiment_benchmark/oa_mae_revision/predictions/shared/SCN_dak_0062_v12.npz,541,98a06e7398696f8d48cec6cf2371168ad67d988b8beaaf502b326b23cacf5a29,.npz,reference_data
reference_data/experiment_benchmark/oa_mae_revision/predictions/shared/SCN_dak_0063_cloud_t1.npz,31719,2c295afd515501db1f0ac7bbe0e04d11ce1fbc5f682783b3ed4bb146d1570f5e,.npz,reference_data
reference_data/experiment_benchmark/oa_mae_revision/predictions/shared/SCN_dak_0063_cloud_t2.npz,31238,4b619ea7e2b6038bbe47ea0fbe42b29bec8db1eceb2422f95f4dcd5cde01d304,.npz,reference_data
reference_data/experiment_benchmark/oa_mae_revision/predictions/shared/SCN_dak_0063_ground_truth.npz,335,9d692a5d70916f35314942ff58b97fc7a7ba99efb4c8233069b19db84bac21e5,.npz,reference_data
reference_data/experiment_benchmark/oa_mae_revision/predictions/shared/SCN_dak_0063_v12.npz,433,153da9bc9298fb8f785bd150f70decad836a71b8491cd4143bca9b7dff376dc8,.npz,reference_data
reference_data/experiment_benchmark/oa_mae_revision/predictions/shared/SCN_dak_0064_cloud_t1.npz,32982,27cb8839855ac7950ff7f41e8531b41e885677480e429dbddbd414ba61f9ba48,.npz,reference_data
reference_data/experiment_benchmark/oa_mae_revision/predictions/shared/SCN_dak_0064_cloud_t2.npz,32481,9ec487983db7c88e32f77b2e4fc9632451ffab41b75b437ef8abbaac2f88b011,.npz,reference_data
reference_data/experiment_benchmark/oa_mae_revision/predictions/shared/SCN_dak_0064_ground_truth.npz,322,30a30b9cea176e230c58501786a524b738cf360215b6aee03a4d1f80f6550486,.npz,reference_data
reference_data/experiment_benchmark/oa_mae_revision/predictions/shared/SCN_dak_0064_v12.npz,459,53f12773bb437a3ce404a4209a766fea7e98201bf787c4a2ad0a460cab51e02a,.npz,reference_data
reference_data/experiment_benchmark/oa_mae_revision/predictions/shared/SCN_dak_0065_cloud_t1.npz,32960,4001f61f84af67cbadaa355ae033544f98e572bd2a437994593091e4ed4260bb,.npz,reference_data
reference_data/experiment_benchmark/oa_mae_revision/predictions/shared/SCN_dak_0065_cloud_t2.npz,32812,ab3766f68a1f5ea872b5c591473ab9d933e828b687f995b1575e11abbebf804a,.npz,reference_data
reference_data/experiment_benchmark/oa_mae_revision/predictions/shared/SCN_dak_0065_ground_truth.npz,295,3801bd9bd7d9d9c3fa32b5ea9722204d85fd5d7a20919701dbf131db36a51be8,.npz,reference_data
reference_data/experiment_benchmark/oa_mae_revision/predictions/shared/SCN_dak_0065_v12.npz,499,239bfe9aedfbede2937f2d906547eb3d3adc074e94c4afc16de0fb300ff1372a,.npz,reference_data
reference_data/experiment_benchmark/oa_mae_revision/predictions/shared/SCN_dak_0066_cloud_t1.npz,31372,9a07f27ac147486a5772779ea9b08d1114536269c42c04730292a5a645580889,.npz,reference_data
reference_data/experiment_benchmark/oa_mae_revision/predictions/shared/SCN_dak_0066_cloud_t2.npz,31030,b1326801efaf4f76b1423472ba254e84407c601f5dd610a6db35c3970fbd929e,.npz,reference_data
reference_data/experiment_benchmark/oa_mae_revision/predictions/shared/SCN_dak_0066_ground_truth.npz,354,8b79f9a0811bae668afe8e55bedc503705049b927d6565cfa3edc3c41019f2da,.npz,reference_data
reference_data/experiment_benchmark/oa_mae_revision/predictions/shared/SCN_dak_0066_v12.npz,439,69b9be46f6d24831b09932c13922cb975cbb2298f271fbbffef578b216c95dda,.npz,reference_data
reference_data/experiment_benchmark/oa_mae_revision/predictions/shared/SCN_dak_0067_cloud_t1.npz,29130,30fa57834197a0363ce737132f7ff48959f0a13fdc91d0d79f390bcc9556ba7d,.npz,reference_data
reference_data/experiment_benchmark/oa_mae_revision/predictions/shared/SCN_dak_0067_cloud_t2.npz,28662,59c28661a2f1f498f24b05a98b8f860e03ba556289912a639a93c9efbc702350,.npz,reference_data
reference_data/experiment_benchmark/oa_mae_revision/predictions/shared/SCN_dak_0067_ground_truth.npz,369,3a6448e11aacf7d7fe0bd00b860562f12a5596559245048d73cf6b992b6425a4,.npz,reference_data
reference_data/experiment_benchmark/oa_mae_revision/predictions/shared/SCN_dak_0067_v12.npz,431,37ce0e57bdc41678ff416c1b783193413b7ed18cbf91adbb1039ffe863bbb3a0,.npz,reference_data
reference_data/experiment_benchmark/oa_mae_revision/predictions/shared/SCN_dak_0068_cloud_t1.npz,33080,c1d69d81645d01842aaac41aa174025adc8f667b0bff03e623193fc427ef8f11,.npz,reference_data
reference_data/experiment_benchmark/oa_mae_revision/predictions/shared/SCN_dak_0068_cloud_t2.npz,33201,8f3ac5dea31a885aa158835004681bcc4d683455ad3696cba985bcbdefdf3ae2,.npz,reference_data
reference_data/experiment_benchmark/oa_mae_revision/predictions/shared/SCN_dak_0068_ground_truth.npz,320,655ac8b6159823dc79b55dcbe4e00d97527fc90c17c7b508bb293a5fa8090ac4,.npz,reference_data
reference_data/experiment_benchmark/oa_mae_revision/predictions/shared/SCN_dak_0068_v12.npz,375,37790cf390e78444443c7d3a62c11ffb920d8c736909d7f78cc2ad9a938d55c2,.npz,reference_data
reference_data/experiment_benchmark/oa_mae_revision/predictions/shared/SCN_dak_0069_cloud_t1.npz,32232,8b62f73fe4c40acf9db813f3725ff305e79d31a530ce38eba3e575202ff0ee85,.npz,reference_data
reference_data/experiment_benchmark/oa_mae_revision/predictions/shared/SCN_dak_0069_cloud_t2.npz,32094,496c9eb025bece93269d89ea09e6372aa6d09751731f949692795fd4a20c09f7,.npz,reference_data
reference_data/experiment_benchmark/oa_mae_revision/predictions/shared/SCN_dak_0069_ground_truth.npz,336,d9e12970709fc9894c21fff36af395eb333e358b435cd5803bc3b5a199760569,.npz,reference_data
reference_data/experiment_benchmark/oa_mae_revision/predictions/shared/SCN_dak_0069_v12.npz,505,f1ac970612e32f04afbc551123100d106b91c199c657990d55352e82c98a4ad4,.npz,reference_data
reference_data/experiment_benchmark/oa_mae_revision/predictions/shared/SCN_dar_0058_cloud_t1.npz,32531,c11bc376aa4e52b607cc5f0a4406a64440e26f5b688f8e150308a778e69d3441,.npz,reference_data
reference_data/experiment_benchmark/oa_mae_revision/predictions/shared/SCN_dar_0058_cloud_t2.npz,32011,7e8ce70356e1c82a5b3d503b026bd57667673f2ca04f1f636de47d3bdf8639ad,.npz,reference_data
reference_data/experiment_benchmark/oa_mae_revision/predictions/shared/SCN_dar_0058_ground_truth.npz,329,8a214a4d0b95d9834eaa8fc108f5c4d779884a60d4da906a1a37e06c6269e88c,.npz,reference_data
reference_data/experiment_benchmark/oa_mae_revision/predictions/shared/SCN_dar_0058_v12.npz,498,6f1d6fe191c07a87a1aa064f4df4f86d99d87e963c6ee963c64b9434333ed44d,.npz,reference_data
reference_data/experiment_benchmark/oa_mae_revision/predictions/shared/SCN_dar_0059_cloud_t1.npz,33581,b59d7dd6bbad8874bdc26dd51c4e49f1848e89c548fd47036d747716b82a0296,.npz,reference_data
reference_data/experiment_benchmark/oa_mae_revision/predictions/shared/SCN_dar_0059_cloud_t2.npz,33500,24faa871dedb425edab5dad7ce54cd37e06d6b48c55f19b5ae8a3090251bcb29,.npz,reference_data
reference_data/experiment_benchmark/oa_mae_revision/predictions/shared/SCN_dar_0059_ground_truth.npz,336,030baa2e5c73426e0ecb1ca6773d4bb63abe87a6d4377b116d631203987cc258,.npz,reference_data
reference_data/experiment_benchmark/oa_mae_revision/predictions/shared/SCN_dar_0059_v12.npz,244,2d2b0d3b3cddc16e10284d19bdd457c8f76367c52ee0e15e65c0109dcd1ab8e1,.npz,reference_data
reference_data/experiment_benchmark/oa_mae_revision/predictions/shared/SCN_dar_0060_cloud_t1.npz,31683,839dc675879a2dfe3f596b91a8771330e8a26df4063a630db5a659b68e123437,.npz,reference_data
reference_data/experiment_benchmark/oa_mae_revision/predictions/shared/SCN_dar_0060_cloud_t2.npz,31434,6b521744cb5e6e3af1219baca1793f4cf59f29f9ecf5ff4d4a778f1c165e8613,.npz,reference_data
reference_data/experiment_benchmark/oa_mae_revision/predictions/shared/SCN_dar_0060_ground_truth.npz,356,8092bbdf6c65fc4378721f1d2dd2d99dc74e3e6a1b23c20fb61eb1a6cffedbad,.npz,reference_data
reference_data/experiment_benchmark/oa_mae_revision/predictions/shared/SCN_dar_0060_v12.npz,484,0504fc85153b57b5233ad3dc7f805cbe2a07a3b5a5dd1a7f113428474b696d52,.npz,reference_data
reference_data/experiment_benchmark/oa_mae_revision/predictions/shared/SCN_dar_0061_cloud_t1.npz,32335,6b64be1d5118b7f714d70dbe6e4ebf31c11df99a72af3473f26f1e166febb9ff,.npz,reference_data
reference_data/experiment_benchmark/oa_mae_revision/predictions/shared/SCN_dar_0061_cloud_t2.npz,32300,d06ca0af0b11a809c0808854ddf55898b24ad1c2df0a76b5dd66ddac3ca7daf1,.npz,reference_data
reference_data/experiment_benchmark/oa_mae_revision/predictions/shared/SCN_dar_0061_ground_truth.npz,304,72a12e2be9b1f79e12ea6ddb950cda1437343a7f35f8b46b0f98ebb8bc10e6f2,.npz,reference_data
reference_data/experiment_benchmark/oa_mae_revision/predictions/shared/SCN_dar_0061_v12.npz,541,26fe057619aa7000b05feb027c47e01d42e6fae51af8a03b00a88ec811f76bf9,.npz,reference_data
reference_data/experiment_benchmark/oa_mae_revision/predictions/shared/SCN_dar_0062_cloud_t1.npz,33222,5288485c240a2caf0035e154fc1a186d8256b67e469d110215ea1dcfc907b3f3,.npz,reference_data
reference_data/experiment_benchmark/oa_mae_revision/predictions/shared/SCN_dar_0062_cloud_t2.npz,33248,7440890c4628e9d01eacf7dd39253be4d86dca532011f552474d9c768f639548,.npz,reference_data
reference_data/experiment_benchmark/oa_mae_revision/predictions/shared/SCN_dar_0062_ground_truth.npz,325,19633d82ad09b450189518df49252cb6dc5145790e0709721065fda457939b0e,.npz,reference_data
reference_data/experiment_benchmark/oa_mae_revision/predictions/shared/SCN_dar_0062_v12.npz,302,75a5ff43c6604de96709860d0e31e159465058daccd801ee84ad02d28ce24f7c,.npz,reference_data
reference_data/experiment_benchmark/oa_mae_revision/predictions/shared/SCN_dar_0063_cloud_t1.npz,32005,2f346facff50363c6e9dbd41a83f3f2b81109364fc564366b48f2ac4a52c2ce4,.npz,reference_data
reference_data/experiment_benchmark/oa_mae_revision/predictions/shared/SCN_dar_0063_cloud_t2.npz,31790,a9a307eaaf33f6315ba26400e6eb522ea4cc50e1e6ac3062b7df92874a84d80d,.npz,reference_data
reference_data/experiment_benchmark/oa_mae_revision/predictions/shared/SCN_dar_0063_ground_truth.npz,332,5d59a06988846ab7e40747be17224a28ea3debd91b713ce832e5a466e86e04dd,.npz,reference_data
reference_data/experiment_benchmark/oa_mae_revision/predictions/shared/SCN_dar_0063_v12.npz,532,cadb64bad9a5bf393949477c4b49b07e931795b21c345dfe58d6fa2483c91ddf,.npz,reference_data
reference_data/experiment_benchmark/oa_mae_revision/predictions/shared/SCN_dar_0064_cloud_t1.npz,33406,ce0f0ebb1d5b3a92f010b7dd1c454e3ec2dc3cd96b1399f91dc0943d45f2abfb,.npz,reference_data
reference_data/experiment_benchmark/oa_mae_revision/predictions/shared/SCN_dar_0064_cloud_t2.npz,33229,0054aa80d2a23dd179fe27678e31d03d2e89266f49d857c3e1443f15b550ddc1,.npz,reference_data
reference_data/experiment_benchmark/oa_mae_revision/predictions/shared/SCN_dar_0064_ground_truth.npz,317,8c00f0d2eeb8d1f4aa315fe518ba004090c255cf6217132c5b16ca8e150017e2,.npz,reference_data
reference_data/experiment_benchmark/oa_mae_revision/predictions/shared/SCN_dar_0064_v12.npz,294,91340d09853e384f9ea92580e0f30384addabec058181c6c9ffdbbd795ed0987,.npz,reference_data
reference_data/experiment_benchmark/oa_mae_revision/predictions/shared/SCN_dar_0065_cloud_t1.npz,31846,e1b692e59cd6af54cfb258c435a7224d0a327569ef11a078a941c1f55b669384,.npz,reference_data
reference_data/experiment_benchmark/oa_mae_revision/predictions/shared/SCN_dar_0065_cloud_t2.npz,31646,69225c9409bd12c955a09bc22546f19d6267be164cac45cc32c3dbbfd26dbdd8,.npz,reference_data
reference_data/experiment_benchmark/oa_mae_revision/predictions/shared/SCN_dar_0065_ground_truth.npz,342,fbeda28f7ac411c54d8c5521196f0f599daf4389f2376fb5ea7c9758d2355a2d,.npz,reference_data
reference_data/experiment_benchmark/oa_mae_revision/predictions/shared/SCN_dar_0065_v12.npz,518,96488873c2dfe204cf3f96c0999e994821e2ea39e1d626816a5651506b41f131,.npz,reference_data
reference_data/experiment_benchmark/oa_mae_revision/predictions/shared/SCN_dar_0066_cloud_t1.npz,32076,05fcbf41831d5786164cd1cd8a051fd06c9b9ab1ea26901f9af489ec75d9b96a,.npz,reference_data
reference_data/experiment_benchmark/oa_mae_revision/predictions/shared/SCN_dar_0066_cloud_t2.npz,31842,19e7b20f0e430de77de3853d6f0d4166107f943481024dcd0b34a49cac1d6de1,.npz,reference_data
reference_data/experiment_benchmark/oa_mae_revision/predictions/shared/SCN_dar_0066_ground_truth.npz,330,87a713cf6dfd2fcd99064b4458dec61613957215773a848561a254486d5fac81,.npz,reference_data
reference_data/experiment_benchmark/oa_mae_revision/predictions/shared/SCN_dar_0066_v12.npz,520,971e3e581e36665676aaed3ff38db0c07dcbd013405819fe4fd74a344ca6e11a,.npz,reference_data
reference_data/experiment_benchmark/oa_mae_revision/predictions/shared/SCN_dar_0067_cloud_t1.npz,33234,2fcc754cc2af922e1207a5dc4d6f48051595224b8631d26347de04161f7eaa3f,.npz,reference_data
reference_data/experiment_benchmark/oa_mae_revision/predictions/shared/SCN_dar_0067_cloud_t2.npz,33300,37ef0e2a65cb5df370123d2eb48c6523a6ab6ae9bdf7d2e3030b64c71cc32b86,.npz,reference_data
reference_data/experiment_benchmark/oa_mae_revision/predictions/shared/SCN_dar_0067_ground_truth.npz,334,575c4c71e3690a861666b7a9c81fcd1a9bbf24a5b1953f8b4622be908f2b03eb,.npz,reference_data
reference_data/experiment_benchmark/oa_mae_revision/predictions/shared/SCN_dar_0067_v12.npz,377,fdaaf73e5266dd6520b3587045c545ce2ae34d8d2ff5f35ecfbff0b731c23470,.npz,reference_data
reference_data/experiment_benchmark/oa_mae_revision/predictions/shared/SCN_dar_0068_cloud_t1.npz,33233,72bf7f800ff71515ee02619e188e53a10356001aca82e24174c369526fee43ae,.npz,reference_data
reference_data/experiment_benchmark/oa_mae_revision/predictions/shared/SCN_dar_0068_cloud_t2.npz,33055,9781d952d00860f52bc09e0ccff0a0d511be774baa78de516cf916d7947d2e4b,.npz,reference_data
reference_data/experiment_benchmark/oa_mae_revision/predictions/shared/SCN_dar_0068_ground_truth.npz,298,dedbba5a3e71479ed992ad8089db4bfd7dcba93f28820dad690514cd1637ae73,.npz,reference_data
reference_data/experiment_benchmark/oa_mae_revision/predictions/shared/SCN_dar_0068_v12.npz,413,30297522fc5f53a636f30ee87dca3956f5b48191fc4eb0652d4ef8594d9bf12e,.npz,reference_data
reference_data/experiment_benchmark/oa_mae_revision/predictions/shared/SCN_dar_0069_cloud_t1.npz,31405,3f711790ab47c914ad8f9539a47dc538da71d4ab3ff4b269927ccd933a6447d7,.npz,reference_data
reference_data/experiment_benchmark/oa_mae_revision/predictions/shared/SCN_dar_0069_cloud_t2.npz,31499,b13fd36f91a47b0f679e42944f928a8ade3b2ad4fc304e2ebc38d60335bc9618,.npz,reference_data
reference_data/experiment_benchmark/oa_mae_revision/predictions/shared/SCN_dar_0069_ground_truth.npz,329,d7fc5e8316c384a7bfac892815550f9a8b8ddefd9e383c0a45f67f7de2b9eda3,.npz,reference_data
reference_data/experiment_benchmark/oa_mae_revision/predictions/shared/SCN_dar_0069_v12.npz,468,ede862e5668998acacb5dc43b0a64621e91b945839df95ea3dca2ed6fcdee73f,.npz,reference_data
reference_data/experiment_benchmark/oa_mae_revision/predictions/shared/SCN_dou_0058_cloud_t1.npz,32922,a55be96b38c19a6f1dd8009827e6e490946851b3007c1cb5a2afc8d2fe5b2d9a,.npz,reference_data
reference_data/experiment_benchmark/oa_mae_revision/predictions/shared/SCN_dou_0058_cloud_t2.npz,32744,5f5df21957496d9c11bba49a1507766d3e1d3d104507944a476314a732cba988,.npz,reference_data
reference_data/experiment_benchmark/oa_mae_revision/predictions/shared/SCN_dou_0058_ground_truth.npz,328,b6890fa136ac71a6c45f7f6faa4e6b2cdc332ca3074cc79917f7e601d26a1d9b,.npz,reference_data
reference_data/experiment_benchmark/oa_mae_revision/predictions/shared/SCN_dou_0058_v12.npz,495,56df1d9e7e2e4b46f2d062033088ad4854f24efc32d147fab1ff58c2fc06ffcf,.npz,reference_data
reference_data/experiment_benchmark/oa_mae_revision/predictions/shared/SCN_dou_0059_cloud_t1.npz,32908,b7e6c2b5ea65e600d77c7e4c61d8884e7466ecd6ce684a3ba98a11d05fa4c0ac,.npz,reference_data
reference_data/experiment_benchmark/oa_mae_revision/predictions/shared/SCN_dou_0059_cloud_t2.npz,32678,53b31ae79793099d746609ff0561b5cddca3dc3630020d1816dce725df7d7c63,.npz,reference_data
reference_data/experiment_benchmark/oa_mae_revision/predictions/shared/SCN_dou_0059_ground_truth.npz,313,57b4aee8bc76f22791c85404aab0742d9ded69948a705d399babf6170fb37efd,.npz,reference_data
reference_data/experiment_benchmark/oa_mae_revision/predictions/shared/SCN_dou_0059_v12.npz,489,a539ac340dd6b72009e7168401653d6b988fb539dc17ecbead11fd2c18967169,.npz,reference_data
reference_data/experiment_benchmark/oa_mae_revision/predictions/shared/SCN_dou_0060_cloud_t1.npz,29364,e5ce3458cfd84e5e86aa1863662a472cd8044eff419085c61ed6f96f17c797a7,.npz,reference_data
reference_data/experiment_benchmark/oa_mae_revision/predictions/shared/SCN_dou_0060_cloud_t2.npz,28455,f4e508052ed8d6ff4655345dc4187194525d8a3b96bb9b16a98fafb236db094b,.npz,reference_data
reference_data/experiment_benchmark/oa_mae_revision/predictions/shared/SCN_dou_0060_ground_truth.npz,343,a149187aeb76304f74d1bc88f47b1e1228c6660dd80337ce459677f938dd8a00,.npz,reference_data
reference_data/experiment_benchmark/oa_mae_revision/predictions/shared/SCN_dou_0060_v12.npz,423,441f7eaa9d81b82cd8144675ad4460c9d3e7d810feeef3ef99b58c19aad78dba,.npz,reference_data
reference_data/experiment_benchmark/oa_mae_revision/predictions/shared/SCN_dou_0061_cloud_t1.npz,33163,ace0ea8c7d9909a41882d2b765dad012990d87b6a9768568fd9ff43e2cc54c58,.npz,reference_data
reference_data/experiment_benchmark/oa_mae_revision/predictions/shared/SCN_dou_0061_cloud_t2.npz,33309,857815dadbb4521327942415b8530337827caa63a94596540bffa859a0e1789d,.npz,reference_data
reference_data/experiment_benchmark/oa_mae_revision/predictions/shared/SCN_dou_0061_ground_truth.npz,337,854180bf8da01e7505a0283eca72fafc4345a42d6bf844cf8a6f16e81675d6e4,.npz,reference_data
reference_data/experiment_benchmark/oa_mae_revision/predictions/shared/SCN_dou_0061_v12.npz,362,261bc9c486b50a35484cc85df03eaf6af6b8cf6120d657b3ff2a2080c5cd2ea6,.npz,reference_data
reference_data/experiment_benchmark/oa_mae_revision/predictions/shared/SCN_dou_0062_cloud_t1.npz,33687,7b21a89afbee52c7963f8324a912091f89f0ee882bdb95c8c140db67d2d10d09,.npz,reference_data
reference_data/experiment_benchmark/oa_mae_revision/predictions/shared/SCN_dou_0062_cloud_t2.npz,33588,36518ae3b3a0d8604232d3fda448db0c69a49c1ef89fb2c1e4a73e08e20be058,.npz,reference_data
reference_data/experiment_benchmark/oa_mae_revision/predictions/shared/SCN_dou_0062_ground_truth.npz,329,ad6bee165cb902041e7b0f0dc18dd71452b3fbfa453ace8f20f9cd0db7db53f6,.npz,reference_data
reference_data/experiment_benchmark/oa_mae_revision/predictions/shared/SCN_dou_0062_v12.npz,244,2d2b0d3b3cddc16e10284d19bdd457c8f76367c52ee0e15e65c0109dcd1ab8e1,.npz,reference_data
reference_data/experiment_benchmark/oa_mae_revision/predictions/shared/SCN_dou_0063_cloud_t1.npz,31705,91e3c37a461cbcaa8a865ce69dd3d299161a5b3e0f43a7adaf599c4593bdfd43,.npz,reference_data
reference_data/experiment_benchmark/oa_mae_revision/predictions/shared/SCN_dou_0063_cloud_t2.npz,31456,4235dcb9b8b460300ee13ec0b27fc22ba3ff9cf8d238a70cae2fc9784802ca18,.npz,reference_data
reference_data/experiment_benchmark/oa_mae_revision/predictions/shared/SCN_dou_0063_ground_truth.npz,368,9be9d7b161dd9a14b2627288a2c26aee2e4e26101414990a9c95de23cf7d3afe,.npz,reference_data
reference_data/experiment_benchmark/oa_mae_revision/predictions/shared/SCN_dou_0063_v12.npz,436,933ba343852f163dd047ae0bc2f4d9f800bb2ecde7eb06d7fae86229ac46acbb,.npz,reference_data
reference_data/experiment_benchmark/oa_mae_revision/predictions/shared/SCN_dou_0064_cloud_t1.npz,32701,0a1702542797f2cd667e48632ea6bcfdf39ab7d5ca4b94bdf6e619d4fb48776f,.npz,reference_data
reference_data/experiment_benchmark/oa_mae_revision/predictions/shared/SCN_dou_0064_cloud_t2.npz,32674,a4d3cb1b33f3820ddaa9e504a817c99f1a0ee89a6b1bb01e6697514214348c0a,.npz,reference_data
reference_data/experiment_benchmark/oa_mae_revision/predictions/shared/SCN_dou_0064_ground_truth.npz,327,493a832b7a6f9fea2ea731b0bec4acc6bebf66833c2f6d4a2da92b255d6677ad,.npz,reference_data
reference_data/experiment_benchmark/oa_mae_revision/predictions/shared/SCN_dou_0064_v12.npz,605,3bb48907acf64586c48b3b574638c88a6c8d1fbd7e41d3587b07d8ac2d8e31bf,.npz,reference_data
reference_data/experiment_benchmark/oa_mae_revision/predictions/shared/SCN_dou_0065_cloud_t1.npz,33242,dc5d36b9c696df2d9d0acf869732c19cf933f293b6e4ce24c808b562d4952d84,.npz,reference_data
reference_data/experiment_benchmark/oa_mae_revision/predictions/shared/SCN_dou_0065_cloud_t2.npz,32939,55f1acb149115ca84fbcfeb5f6bc01dfb73c6b9b88c88341f68cbcdeb83e6a78,.npz,reference_data
reference_data/experiment_benchmark/oa_mae_revision/predictions/shared/SCN_dou_0065_ground_truth.npz,302,e34fba7141c4bfbfd69b864b538854769b193628a1d197dc14f974770c841591,.npz,reference_data
reference_data/experiment_benchmark/oa_mae_revision/predictions/shared/SCN_dou_0065_v12.npz,431,e78dad4d2fa961251fcc045be2d0197439fcf3015aff8e861ac6ad9ae3fa81c7,.npz,reference_data
reference_data/experiment_benchmark/oa_mae_revision/predictions/shared/SCN_dou_0066_cloud_t1.npz,31716,b81707cafd75e6a8c41835192ddecc6a95e063850cde186da29262f08c0cdf27,.npz,reference_data
reference_data/experiment_benchmark/oa_mae_revision/predictions/shared/SCN_dou_0066_cloud_t2.npz,30951,cf005c04758707acab65a6d8d09e9954bbeb6595cbc944face5c8eb7bf22691a,.npz,reference_data
reference_data/experiment_benchmark/oa_mae_revision/predictions/shared/SCN_dou_0066_ground_truth.npz,350,792a0342c636bb89c2bed425a6356318f124d1710360ecf9c5d543384df89788,.npz,reference_data
reference_data/experiment_benchmark/oa_mae_revision/predictions/shared/SCN_dou_0066_v12.npz,425,824ba9da44c50f26a1d3ff91bb9855570a090ff562ff2ca7bdad9dd7a52ec73f,.npz,reference_data
reference_data/experiment_benchmark/oa_mae_revision/predictions/shared/SCN_dou_0067_cloud_t1.npz,33097,3a2d7013d7266305f8f5465e3d0546dd661e5d2d73a304e3a5bb3e5da4ef229a,.npz,reference_data
reference_data/experiment_benchmark/oa_mae_revision/predictions/shared/SCN_dou_0067_cloud_t2.npz,32900,188453122a1cb1a9e30fc37e628204b85649dc416d3073a904cdc8e4de1668ed,.npz,reference_data
reference_data/experiment_benchmark/oa_mae_revision/predictions/shared/SCN_dou_0067_ground_truth.npz,324,bab31e3a9710088ee0b6ee0328194dca4f5f75cf5f258bd39594e7fd70514370,.npz,reference_data
reference_data/experiment_benchmark/oa_mae_revision/predictions/shared/SCN_dou_0067_v12.npz,494,cea5fe5b285483fa551d337e6f49ef6f34659099edb854240c31fda26a7eb185,.npz,reference_data
reference_data/experiment_benchmark/oa_mae_revision/predictions/shared/SCN_dou_0068_cloud_t1.npz,31454,857ead5d17abbf39eb50eb051bd875d23e28ad786f1a6c6f29fe261fb8462c59,.npz,reference_data
reference_data/experiment_benchmark/oa_mae_revision/predictions/shared/SCN_dou_0068_cloud_t2.npz,30968,2b180e686e5da2109eec18e04b0a1cb680baa66939b4a62ad57e82dfeef24be9,.npz,reference_data
reference_data/experiment_benchmark/oa_mae_revision/predictions/shared/SCN_dou_0068_ground_truth.npz,339,9ffe3ac710d85fbd12c81c615a4e8795f2804eced4127b8db50bc78d334f48a5,.npz,reference_data
reference_data/experiment_benchmark/oa_mae_revision/predictions/shared/SCN_dou_0068_v12.npz,350,f5f334110559a6ee51826db9e6cc6914a80a0dc5c299df53d3442c25b8e0b823,.npz,reference_data
reference_data/experiment_benchmark/oa_mae_revision/predictions/shared/SCN_dou_0069_cloud_t1.npz,31805,5bd4d597922fc01b90e1d7bf22a8f12896c58e02a08c33e768f44dcd0d5d7114,.npz,reference_data
reference_data/experiment_benchmark/oa_mae_revision/predictions/shared/SCN_dou_0069_cloud_t2.npz,31009,28e41ac3e54a274fe4e91d3e28eb0a97e06f76df32c369392588d02720360601,.npz,reference_data
reference_data/experiment_benchmark/oa_mae_revision/predictions/shared/SCN_dou_0069_ground_truth.npz,326,4119846b9a57a802c572102d6d97e55fe8d9f1b2069913523e9436f0a11ae138,.npz,reference_data
reference_data/experiment_benchmark/oa_mae_revision/predictions/shared/SCN_dou_0069_v12.npz,448,49e8f1f5a7bf2ac6e9a8e189a91884321f24e93f3cf70adaf45bb9b118e36fdf,.npz,reference_data
reference_data/experiment_benchmark/oa_mae_revision/predictions/shared/SCN_gar_0058_cloud_t1.npz,33680,a2e2eeb031732c694330c90765d55845889c8f4fa55f9062ae7ac908ea5cda83,.npz,reference_data
reference_data/experiment_benchmark/oa_mae_revision/predictions/shared/SCN_gar_0058_cloud_t2.npz,33549,2aae4631c072fb39638fae2ab052f5a3f60a61173ffdf06b0e21394c5b448c6c,.npz,reference_data
reference_data/experiment_benchmark/oa_mae_revision/predictions/shared/SCN_gar_0058_ground_truth.npz,327,83f4ad8f87db3a220affc5edcfd877281c82fbb403d84cc16f5a07fc209804a5,.npz,reference_data
reference_data/experiment_benchmark/oa_mae_revision/predictions/shared/SCN_gar_0058_v12.npz,261,155e0a16fddaf3bf9613ab1a215f8814a3caf2ddb51c22ad037c95468268945f,.npz,reference_data
reference_data/experiment_benchmark/oa_mae_revision/predictions/shared/SCN_gar_0059_cloud_t1.npz,33708,50aa39e3c158f1aee63fcf10e858d59ec15bab08a8e37ff009cb70181044373c,.npz,reference_data
reference_data/experiment_benchmark/oa_mae_revision/predictions/shared/SCN_gar_0059_cloud_t2.npz,33612,b4a1e01e3bb41711498abc7ca48b5d7b9d87f9408d00a782add12637e318717d,.npz,reference_data
reference_data/experiment_benchmark/oa_mae_revision/predictions/shared/SCN_gar_0059_ground_truth.npz,308,6ae821332eb12f4e91c006fc941c02126fc98eb0d6290da452db3b84361f3f22,.npz,reference_data
reference_data/experiment_benchmark/oa_mae_revision/predictions/shared/SCN_gar_0059_v12.npz,244,2d2b0d3b3cddc16e10284d19bdd457c8f76367c52ee0e15e65c0109dcd1ab8e1,.npz,reference_data
reference_data/experiment_benchmark/oa_mae_revision/predictions/shared/SCN_gar_0060_cloud_t1.npz,31414,33199ef2b201871a8a0412ceef38b5e999ec1983d20d6a6c1dc18a366f8b5a7b,.npz,reference_data
reference_data/experiment_benchmark/oa_mae_revision/predictions/shared/SCN_gar_0060_cloud_t2.npz,31050,27e9aef8746f55eea26ac9773325780fbeb8a266d97c7e7f958efd0920e31499,.npz,reference_data
reference_data/experiment_benchmark/oa_mae_revision/predictions/shared/SCN_gar_0060_ground_truth.npz,347,74aacd0be7516196aaf54079603e21d98c95934d04189270021372d3a787ade5,.npz,reference_data
reference_data/experiment_benchmark/oa_mae_revision/predictions/shared/SCN_gar_0060_v12.npz,467,0149745ff8f94c867f25d25b42a5fb2023442d09c4374b119bc1c8aa5bf42700,.npz,reference_data
reference_data/experiment_benchmark/oa_mae_revision/predictions/shared/SCN_gar_0061_cloud_t1.npz,31848,94f9698186fab9d3d0537c549e4a305b906e2f454a4375aa7b6957bd2e1222bf,.npz,reference_data
reference_data/experiment_benchmark/oa_mae_revision/predictions/shared/SCN_gar_0061_cloud_t2.npz,31543,c0b22ea98ac1587b49972a2857e355f9583b9a4c00e7a0ace3939241ec40a05e,.npz,reference_data
reference_data/experiment_benchmark/oa_mae_revision/predictions/shared/SCN_gar_0061_ground_truth.npz,317,01e7ed8c2ddb3dec7234f7456558f00045d7f45b25475a3292d1951067659ae2,.npz,reference_data
reference_data/experiment_benchmark/oa_mae_revision/predictions/shared/SCN_gar_0061_v12.npz,466,d83514fcba57761fa58e222b25c32004a0a56ab3a2646942e4b0cd9172bfb247,.npz,reference_data
reference_data/experiment_benchmark/oa_mae_revision/predictions/shared/SCN_gar_0062_cloud_t1.npz,33230,f7a30705149b198a833c49e10119924c6f1ab1df6acfa92144b4f011d2893491,.npz,reference_data
reference_data/experiment_benchmark/oa_mae_revision/predictions/shared/SCN_gar_0062_cloud_t2.npz,33332,32071644fc97e9bce001748c10ca5d09db8346c6475da4cab232e473ec207fce,.npz,reference_data
reference_data/experiment_benchmark/oa_mae_revision/predictions/shared/SCN_gar_0062_ground_truth.npz,325,5f570009b7360ed11d778819bb47cfeab8a2e1ef722386c85dcdbd980cfb7d43,.npz,reference_data
reference_data/experiment_benchmark/oa_mae_revision/predictions/shared/SCN_gar_0062_v12.npz,349,42185ec64ccbaa756f9ce65096873d598c0baba649edb2e2206f2f118c241a26,.npz,reference_data
reference_data/experiment_benchmark/oa_mae_revision/predictions/shared/SCN_gar_0063_cloud_t1.npz,29890,8f75a84509d57555f78a747dccfd69eb0624e6a425fe59b2bed866b15df5ffa5,.npz,reference_data
reference_data/experiment_benchmark/oa_mae_revision/predictions/shared/SCN_gar_0063_cloud_t2.npz,28821,fdcda019ecf5663184cf7cbd4cff2256127dc1eeae55495fc84d326496f7f44d,.npz,reference_data
reference_data/experiment_benchmark/oa_mae_revision/predictions/shared/SCN_gar_0063_ground_truth.npz,338,668773cd4618ff89364910a92e1ec1d18c0145a6ba11c8e0b02a5e0abfe96c60,.npz,reference_data
reference_data/experiment_benchmark/oa_mae_revision/predictions/shared/SCN_gar_0063_v12.npz,383,89fcd70ac3504c0f8c7f388ff55f43fb8111f280c1b8322aee0e8a60ea8a2384,.npz,reference_data
reference_data/experiment_benchmark/oa_mae_revision/predictions/shared/SCN_gar_0064_cloud_t1.npz,33346,de2db71ce44dc40b86a51855b09cf14778b91136a6c6c4def51fcdc5eac0f6b1,.npz,reference_data
reference_data/experiment_benchmark/oa_mae_revision/predictions/shared/SCN_gar_0064_cloud_t2.npz,33614,6936693e3e9c88754be2967895369887818629193da6749a0c4cb55d99ffc735,.npz,reference_data
reference_data/experiment_benchmark/oa_mae_revision/predictions/shared/SCN_gar_0064_ground_truth.npz,324,c985d0cc4d0f79f8f47ad78a80c2d9bccff9d408cc19e7bda99f18b966483896,.npz,reference_data
reference_data/experiment_benchmark/oa_mae_revision/predictions/shared/SCN_gar_0064_v12.npz,244,2d2b0d3b3cddc16e10284d19bdd457c8f76367c52ee0e15e65c0109dcd1ab8e1,.npz,reference_data
reference_data/experiment_benchmark/oa_mae_revision/predictions/shared/SCN_gar_0065_cloud_t1.npz,33651,74ec60dc40877c28b36309fc4b80cbfbf2e2fbb6c3555160e9b8f9b4a0d6391e,.npz,reference_data
reference_data/experiment_benchmark/oa_mae_revision/predictions/shared/SCN_gar_0065_cloud_t2.npz,33597,cbbc5dee850e61928e05dbed77de90e07a2ca00b84059c8c36f6f0b35f2192dc,.npz,reference_data
reference_data/experiment_benchmark/oa_mae_revision/predictions/shared/SCN_gar_0065_ground_truth.npz,310,e0a2b66932eb4cda14d598e343d113ebcd9f42db1bbce1fe1e68eb3630c2b778,.npz,reference_data
reference_data/experiment_benchmark/oa_mae_revision/predictions/shared/SCN_gar_0065_v12.npz,274,0d15e4db133364eebdf8ba4e22e534e94529623554965583cd20c6695d0149d7,.npz,reference_data
reference_data/experiment_benchmark/oa_mae_revision/predictions/shared/SCN_gar_0066_cloud_t1.npz,31667,0c0704f4c3f48c7e9e2ca2b4f3de3ade55ca01385c19ec5e7c71a942141ffd06,.npz,reference_data
reference_data/experiment_benchmark/oa_mae_revision/predictions/shared/SCN_gar_0066_cloud_t2.npz,31208,e9abed4c9a3418a2f35b1c44846e25281dbe4338d37203358c10ce34b6547dee,.npz,reference_data
reference_data/experiment_benchmark/oa_mae_revision/predictions/shared/SCN_gar_0066_ground_truth.npz,371,fd76b2ffe8bb6f8ce031ef484ea2a204877b4d5a0c6ab97b9699a7483d85e202,.npz,reference_data
reference_data/experiment_benchmark/oa_mae_revision/predictions/shared/SCN_gar_0066_v12.npz,471,de8a0bc0e03b4a8606d8675e0a307b2d68d9aa9ea8e00109529d12ed9af5073b,.npz,reference_data
reference_data/experiment_benchmark/oa_mae_revision/predictions/shared/SCN_gar_0067_cloud_t1.npz,31471,4efab5dcdcfa2e532ba77cb83d0dd8853cbca475cbdafffa349fc4625a87c184,.npz,reference_data
reference_data/experiment_benchmark/oa_mae_revision/predictions/shared/SCN_gar_0067_cloud_t2.npz,31052,e3effd6e75690780351bcbe8d4abd460b4800669e2cc5b1c97c56a71a71a7f61,.npz,reference_data
reference_data/experiment_benchmark/oa_mae_revision/predictions/shared/SCN_gar_0067_ground_truth.npz,366,23d7fa17a08a0838912cc1dfad6564cae8ab767311bbc28a5345549a9786c2b6,.npz,reference_data
reference_data/experiment_benchmark/oa_mae_revision/predictions/shared/SCN_gar_0067_v12.npz,400,96fe000cab216d05798e113553784b7b9aeb01f0bb2ff014cd46838b2c74b1a3,.npz,reference_data
reference_data/experiment_benchmark/oa_mae_revision/predictions/shared/SCN_gar_0068_cloud_t1.npz,33315,696be2e5d5842b9b93c0837825fd1e2b5b6d41c61a8fba313e0f8a91be0abc1d,.npz,reference_data
reference_data/experiment_benchmark/oa_mae_revision/predictions/shared/SCN_gar_0068_cloud_t2.npz,33564,ea5f5e56e06969b3e409f75026df61ac236ad6979b613792a283a91fc10acad0,.npz,reference_data
reference_data/experiment_benchmark/oa_mae_revision/predictions/shared/SCN_gar_0068_ground_truth.npz,313,5d5d3fc82ed63ef0b820bc9919af18bfb8c64d432eddd026de5e3de33cb7f332,.npz,reference_data
reference_data/experiment_benchmark/oa_mae_revision/predictions/shared/SCN_gar_0068_v12.npz,244,2d2b0d3b3cddc16e10284d19bdd457c8f76367c52ee0e15e65c0109dcd1ab8e1,.npz,reference_data
reference_data/experiment_benchmark/oa_mae_revision/predictions/shared/SCN_gar_0069_cloud_t1.npz,32126,413611aca6ba7b6a64e9583c2c8a33aebc19257d78aaf8a53da0b304bf7cc06f,.npz,reference_data
reference_data/experiment_benchmark/oa_mae_revision/predictions/shared/SCN_gar_0069_cloud_t2.npz,31712,bc177f8937c299ee166d59c305bb32b30567cd1530626fe352c59aee64de9539,.npz,reference_data
reference_data/experiment_benchmark/oa_mae_revision/predictions/shared/SCN_gar_0069_ground_truth.npz,335,d0e601ddd5c64eadd6cc25f5ed3623db1c3d047a68a9968ed782d48dfa42c0b0,.npz,reference_data
reference_data/experiment_benchmark/oa_mae_revision/predictions/shared/SCN_gar_0069_v12.npz,561,86fca6e39ac1d841ed5566131c4ddaf550c1876a35a24b199f12e3ab1032645c,.npz,reference_data
reference_data/experiment_benchmark/oa_mae_revision/predictions/shared/SCN_kig_0058_cloud_t1.npz,31855,11902397465f9bb5168c7b8671ec35fc25337cd7531933c3b6ee300b622328ae,.npz,reference_data
reference_data/experiment_benchmark/oa_mae_revision/predictions/shared/SCN_kig_0058_cloud_t2.npz,31586,105eb2d40263f8aa891fd00f4fe47d37f947b1c1262e05f385b8c5a18fc37d01,.npz,reference_data
reference_data/experiment_benchmark/oa_mae_revision/predictions/shared/SCN_kig_0058_ground_truth.npz,310,054fbfe8a28a63d8df6e96a951cdd3317962c2414ca410bf7a926bd6e8147204,.npz,reference_data
reference_data/experiment_benchmark/oa_mae_revision/predictions/shared/SCN_kig_0058_v12.npz,540,dc984f993f8faf93be5438febe7a205010925d57e5b02eab6540b20aac825c9b,.npz,reference_data
reference_data/experiment_benchmark/oa_mae_revision/predictions/shared/SCN_kig_0059_cloud_t1.npz,32805,717ba95cbceafe76ac51ee7ffbe766d047ca8bd9b3b55ced6a63e35cd1656044,.npz,reference_data
reference_data/experiment_benchmark/oa_mae_revision/predictions/shared/SCN_kig_0059_cloud_t2.npz,32775,8b606a6579da3a60f3987a00c64634e38fe258866177313ca4cf0a651d28f95b,.npz,reference_data
reference_data/experiment_benchmark/oa_mae_revision/predictions/shared/SCN_kig_0059_ground_truth.npz,299,a19bd35e70e6e5c7d5a416e898c3e8d8bb0952e35f36b12b762d10dd3c604429,.npz,reference_data
reference_data/experiment_benchmark/oa_mae_revision/predictions/shared/SCN_kig_0059_v12.npz,476,4deebf371909134cd4074b4c6ab7496545ac823ec8cfeab40c3d738985c38de4,.npz,reference_data
reference_data/experiment_benchmark/oa_mae_revision/predictions/shared/SCN_kig_0060_cloud_t1.npz,31638,74f347b5f85a3cdd3fd80aaf2cc523814086780cd59b7ac1683cd01db53ed569,.npz,reference_data
reference_data/experiment_benchmark/oa_mae_revision/predictions/shared/SCN_kig_0060_cloud_t2.npz,31334,79cde98c23b49202f2dee6dd37af3d86c92fa967b1fa5fefda03512fdf72f6ac,.npz,reference_data
reference_data/experiment_benchmark/oa_mae_revision/predictions/shared/SCN_kig_0060_ground_truth.npz,331,4bc5592eb546011a741473c4b695ee9708834b635f00a1f5cc01da5abbbb5e17,.npz,reference_data
reference_data/experiment_benchmark/oa_mae_revision/predictions/shared/SCN_kig_0060_v12.npz,461,64d9112343c886de170e5802e7169dabeab651c99418de50683ee439ee566a47,.npz,reference_data
reference_data/experiment_benchmark/oa_mae_revision/predictions/shared/SCN_kig_0061_cloud_t1.npz,31507,d1aa527384d360187bd9eb5de82b0e349c0af7dfa7e5444c16f2f38a37d2068c,.npz,reference_data
reference_data/experiment_benchmark/oa_mae_revision/predictions/shared/SCN_kig_0061_cloud_t2.npz,31400,7ccf2c8368e25fced2a4d5eed83a2722ebfd2176585de15e4ce2aa78faff7400,.npz,reference_data
reference_data/experiment_benchmark/oa_mae_revision/predictions/shared/SCN_kig_0061_ground_truth.npz,338,287114436897fcdc0aee02bbc232172942e7b0122ce356d41797531288b91938,.npz,reference_data
reference_data/experiment_benchmark/oa_mae_revision/predictions/shared/SCN_kig_0061_v12.npz,402,ae38d0e7bfe9caa899ef6849b7cf280e20fb5394139e28b2e706dd701f14abf4,.npz,reference_data
reference_data/experiment_benchmark/oa_mae_revision/predictions/shared/SCN_kig_0062_cloud_t1.npz,33177,0397a4cdc97afca9c923da5baada18ca9f300c1d34bd630ccd58b657ad8efc1f,.npz,reference_data
reference_data/experiment_benchmark/oa_mae_revision/predictions/shared/SCN_kig_0062_cloud_t2.npz,32920,de0ec71b0ca59d9c13a24d8c2f9e01f6a450f530d66b4b3ea61e46c4aba2ee6f,.npz,reference_data
reference_data/experiment_benchmark/oa_mae_revision/predictions/shared/SCN_kig_0062_ground_truth.npz,314,108601fbd23dcb3975c0e39b7f358fb7b95ce224cb157cab4518bb503c34c92a,.npz,reference_data
reference_data/experiment_benchmark/oa_mae_revision/predictions/shared/SCN_kig_0062_v12.npz,375,867caa167578692410ee700fb2f86b81eb53c547e66164ceb9063a75e48d4f0c,.npz,reference_data
reference_data/experiment_benchmark/oa_mae_revision/predictions/shared/SCN_kig_0063_cloud_t1.npz,32027,b1fc198d32ed7270c0c239ed1a22e54061b6ebf281d511c4897f677ff9cee58e,.npz,reference_data
reference_data/experiment_benchmark/oa_mae_revision/predictions/shared/SCN_kig_0063_cloud_t2.npz,31872,1c86130555b52f551e380f7cb7518b3e41f47ee79c2efaf0e61d360e09b8c47b,.npz,reference_data
reference_data/experiment_benchmark/oa_mae_revision/predictions/shared/SCN_kig_0063_ground_truth.npz,313,e089a1c2739275e221153111fa4e84eeeb1e0b1b2872cf6928bff78246e2fa49,.npz,reference_data
reference_data/experiment_benchmark/oa_mae_revision/predictions/shared/SCN_kig_0063_v12.npz,478,7c5483ac76e545d0e5daff26c1e50c3a36cec8f1e9f2239e37af350768cc6b1f,.npz,reference_data
reference_data/experiment_benchmark/oa_mae_revision/predictions/shared/SCN_kig_0064_cloud_t1.npz,32832,ec8e837875a58eaa0ead19f58601bb7b0d5b5b74bbc8b7cbae87cc4d91148bd8,.npz,reference_data
reference_data/experiment_benchmark/oa_mae_revision/predictions/shared/SCN_kig_0064_cloud_t2.npz,32515,58182d8e9d826e7b427d41d6571c9fba904ab65090337dcaf626cd2f1bcaa276,.npz,reference_data
reference_data/experiment_benchmark/oa_mae_revision/predictions/shared/SCN_kig_0064_ground_truth.npz,330,3bb8883eb34cca66629b599503b8a3dd0d4bb4dc8482e7eb2cd3a6086891a029,.npz,reference_data
reference_data/experiment_benchmark/oa_mae_revision/predictions/shared/SCN_kig_0064_v12.npz,549,3d33afcc97484c11971ea1ca764cd901b261238772dc0f6db7307cae35a206ff,.npz,reference_data
reference_data/experiment_benchmark/oa_mae_revision/predictions/shared/SCN_kig_0065_cloud_t1.npz,33153,37abb316c65c73b9b3008fef0eb8eb4f0a5226a188a1c5752f56b382e0652261,.npz,reference_data
reference_data/experiment_benchmark/oa_mae_revision/predictions/shared/SCN_kig_0065_cloud_t2.npz,33227,7266335c2abc8d4d8caed1b711062b51f6b17611de59eec2df047ae0fab4652c,.npz,reference_data
reference_data/experiment_benchmark/oa_mae_revision/predictions/shared/SCN_kig_0065_ground_truth.npz,315,da505122e98b5cefbcdbdf9e7b706b8e7fb12683a4534b49eb1b806c465b6b0f,.npz,reference_data
reference_data/experiment_benchmark/oa_mae_revision/predictions/shared/SCN_kig_0065_v12.npz,384,0355b989a6e45628a3b5989d8f1676cf593a869794ef3ae299726c1d4f092ff8,.npz,reference_data
reference_data/experiment_benchmark/oa_mae_revision/predictions/shared/SCN_kig_0066_cloud_t1.npz,31344,154c169534fa632ff2d9ff628f4eb681082616b3ea67c3c758d101f12167029f,.npz,reference_data
reference_data/experiment_benchmark/oa_mae_revision/predictions/shared/SCN_kig_0066_cloud_t2.npz,31151,301fa8da78f835ee87a932ddf44d0da6f5df4516043b05282a3cc2be8ba8bc64,.npz,reference_data
reference_data/experiment_benchmark/oa_mae_revision/predictions/shared/SCN_kig_0066_ground_truth.npz,348,acd2b13061eb36a21ab4f51c8cd736c857332621582999c5dfc2f2eeb57d7b4b,.npz,reference_data
reference_data/experiment_benchmark/oa_mae_revision/predictions/shared/SCN_kig_0066_v12.npz,422,d11e3581485dbf7d81a467e6cea2979372b38336063c97cbfac4d09721848553,.npz,reference_data
reference_data/experiment_benchmark/oa_mae_revision/predictions/shared/SCN_kig_0067_cloud_t1.npz,33504,ce3999df3f9c352207a40be0ab0d731c18a358d3d84f4d2876c5dd3fc0880e1a,.npz,reference_data
reference_data/experiment_benchmark/oa_mae_revision/predictions/shared/SCN_kig_0067_cloud_t2.npz,33552,9647f527b4645cf3250eeeb23c6627e9aef8b540d36553c211eec7296bc42a28,.npz,reference_data
reference_data/experiment_benchmark/oa_mae_revision/predictions/shared/SCN_kig_0067_ground_truth.npz,302,da8c4b8ff492f1482ae909fbb1fed2f8d1df196914ee635d09328040a1f68dfc,.npz,reference_data
reference_data/experiment_benchmark/oa_mae_revision/predictions/shared/SCN_kig_0067_v12.npz,244,2d2b0d3b3cddc16e10284d19bdd457c8f76367c52ee0e15e65c0109dcd1ab8e1,.npz,reference_data
reference_data/experiment_benchmark/oa_mae_revision/predictions/shared/SCN_kig_0068_cloud_t1.npz,33086,c0ba7fc8af1c3385479501bd180a40c5842a84170d50a0241bd39d3c1b4daf63,.npz,reference_data
reference_data/experiment_benchmark/oa_mae_revision/predictions/shared/SCN_kig_0068_cloud_t2.npz,32870,29e362b1ea9a8bc8f782a905f20bcf1d9856ad93a02b48c405e428f42c77e3c8,.npz,reference_data
reference_data/experiment_benchmark/oa_mae_revision/predictions/shared/SCN_kig_0068_ground_truth.npz,307,92f7e47f73d3abea0dfbbb1fb706f49a3c93c8a61412004c391edc775707ac73,.npz,reference_data
reference_data/experiment_benchmark/oa_mae_revision/predictions/shared/SCN_kig_0068_v12.npz,374,714e6048a08a41c9f79ad72a28c8c75b48c1b416f6c1bc2922e254de9e2e762c,.npz,reference_data
reference_data/experiment_benchmark/oa_mae_revision/predictions/shared/SCN_kig_0069_cloud_t1.npz,31713,8ee99317c4b22f5c5d6c14d31336c900808c5b585be82985e7ec929e771065d0,.npz,reference_data
reference_data/experiment_benchmark/oa_mae_revision/predictions/shared/SCN_kig_0069_cloud_t2.npz,31505,9568aa8e4c427a9ea51fa2dff9f543d2f5eb1740dbea08bc02430e3ddc254bb2,.npz,reference_data
reference_data/experiment_benchmark/oa_mae_revision/predictions/shared/SCN_kig_0069_ground_truth.npz,358,60412ee417780686998168de06785fc4eee5f11c301ae3b9bda092ed1409fd90,.npz,reference_data
reference_data/experiment_benchmark/oa_mae_revision/predictions/shared/SCN_kig_0069_v12.npz,416,1dcdced4f4fb9bfe66b02882c6229dd00e5b7935d93e8a03483fa63c5b9ba141,.npz,reference_data
reference_data/experiment_benchmark/oa_mae_revision/predictions/shared/SCN_yao_0058_cloud_t1.npz,33295,7d05afcdbdd30e9dc586a13f96d08dcc3f5f2b9c0030c79eacc6bc7c5317613f,.npz,reference_data
reference_data/experiment_benchmark/oa_mae_revision/predictions/shared/SCN_yao_0058_cloud_t2.npz,33176,d32cd4b0238b43ed703276a578b0e2741c7d970853a3f1d1334dab9c4ef58556,.npz,reference_data
reference_data/experiment_benchmark/oa_mae_revision/predictions/shared/SCN_yao_0058_ground_truth.npz,334,54f28ceea3891fd6ec28362632449db3717af158cb500bd2dd87c34716c6a978,.npz,reference_data
reference_data/experiment_benchmark/oa_mae_revision/predictions/shared/SCN_yao_0058_v12.npz,297,da37404cfd56dde9f90954a19e229483899b8e58f9337dc92ededa1f08780c19,.npz,reference_data
reference_data/experiment_benchmark/oa_mae_revision/predictions/shared/SCN_yao_0059_cloud_t1.npz,33241,6ad9bf69f66f6ff7fc43c59cf0a13e3358f4ea3be1ea65b49f1f4ec5c7862ef2,.npz,reference_data
reference_data/experiment_benchmark/oa_mae_revision/predictions/shared/SCN_yao_0059_cloud_t2.npz,33309,8516edfd0039a2ac7e9c8a4ecae73dc50a8f8a0eb6909cd871999d9dcce6e9b4,.npz,reference_data
reference_data/experiment_benchmark/oa_mae_revision/predictions/shared/SCN_yao_0059_ground_truth.npz,322,db3399e0fb821c8a63e490a9c42dafa020f91bb2dfafe35884989d5b10d8bcf2,.npz,reference_data
reference_data/experiment_benchmark/oa_mae_revision/predictions/shared/SCN_yao_0059_v12.npz,343,4c4026859be30a1426472ff9f9c98268d5d3da3d08eabc43eafa979af13b7ae6,.npz,reference_data
reference_data/experiment_benchmark/oa_mae_revision/predictions/shared/SCN_yao_0060_cloud_t1.npz,31713,e487551422c24bc562cab389d4d9a409b1350e47d1f1da4b4d63679ee4cc43d5,.npz,reference_data
reference_data/experiment_benchmark/oa_mae_revision/predictions/shared/SCN_yao_0060_cloud_t2.npz,31547,e9f47305a5eff10de83342781f9651724042d75d899cb2490db98dbaae8c1017,.npz,reference_data
reference_data/experiment_benchmark/oa_mae_revision/predictions/shared/SCN_yao_0060_ground_truth.npz,356,2b90c345ac016e98c30960c2510693691c2349f362e45e5bc8d99c28fe9a6479,.npz,reference_data
reference_data/experiment_benchmark/oa_mae_revision/predictions/shared/SCN_yao_0060_v12.npz,513,53cdf09ffe3c45a57c8b210554788134a28a9e4a89efa8405f3f18cbd640650f,.npz,reference_data
reference_data/experiment_benchmark/oa_mae_revision/predictions/shared/SCN_yao_0061_cloud_t1.npz,32114,51e126dbd30b8e60a00592969bd165138c541ad435ea5a35259f4c564d74c2a6,.npz,reference_data
reference_data/experiment_benchmark/oa_mae_revision/predictions/shared/SCN_yao_0061_cloud_t2.npz,31987,a1c00588458748250ff42430a41fd5582978d0b12d7b444e08d1cf828d13a153,.npz,reference_data
reference_data/experiment_benchmark/oa_mae_revision/predictions/shared/SCN_yao_0061_ground_truth.npz,341,ea603b59c9e4b8f5f57951e4e35057ac8d9db8834973c121e452553509ef4683,.npz,reference_data
reference_data/experiment_benchmark/oa_mae_revision/predictions/shared/SCN_yao_0061_v12.npz,483,2a1c111e5878837c25a4079b6a0cb3340c0d7ab53ba895efe66b06ac922f8519,.npz,reference_data
reference_data/experiment_benchmark/oa_mae_revision/predictions/shared/SCN_yao_0062_cloud_t1.npz,33384,572dd9051a61d8986192db98d79b7e142bdae1b0a503d78f24210e8936651248,.npz,reference_data
reference_data/experiment_benchmark/oa_mae_revision/predictions/shared/SCN_yao_0062_cloud_t2.npz,33461,d76916d67e30f2725ad4df530568cfff8b63aa728ba826c3992f70c4895e7725,.npz,reference_data
reference_data/experiment_benchmark/oa_mae_revision/predictions/shared/SCN_yao_0062_ground_truth.npz,314,593fb59788daf607321fd104b0b553e18146badf34e7e1777d5186678d36802c,.npz,reference_data
reference_data/experiment_benchmark/oa_mae_revision/predictions/shared/SCN_yao_0062_v12.npz,285,368ae8fe9e67dd1ac756348722c59f54a04d0e3f1d56e69c4978185d93377d78,.npz,reference_data
reference_data/experiment_benchmark/oa_mae_revision/predictions/shared/SCN_yao_0063_cloud_t1.npz,31531,d4ddd70007930a3efb29757234fd73c2881e54ee191ccbffe04f9cb15916109d,.npz,reference_data
reference_data/experiment_benchmark/oa_mae_revision/predictions/shared/SCN_yao_0063_cloud_t2.npz,31255,ff05427d9f036fd15ef1d5a088c75261a6e04c90189a52d888d02b83ec7e7708,.npz,reference_data
reference_data/experiment_benchmark/oa_mae_revision/predictions/shared/SCN_yao_0063_ground_truth.npz,350,c43c0983c31ca1bea2551216d4dc069810fc931cadf18f61dfba9fe3f04fc562,.npz,reference_data
reference_data/experiment_benchmark/oa_mae_revision/predictions/shared/SCN_yao_0063_v12.npz,365,d7c29133991c5428f54f15d2c2a5e29a2a8f154b05cc1ec75ef0671e3a6e641a,.npz,reference_data
reference_data/experiment_benchmark/oa_mae_revision/predictions/shared/SCN_yao_0064_cloud_t1.npz,33689,fc6ef98d81a29366222012040cea33cdafb08c9089d655e969ce8d5b98b4b54c,.npz,reference_data
reference_data/experiment_benchmark/oa_mae_revision/predictions/shared/SCN_yao_0064_cloud_t2.npz,33606,3c0aed10a2fb60c32ceae32e54b304580bf5da0fbb6e25d628916088c3722f73,.npz,reference_data
reference_data/experiment_benchmark/oa_mae_revision/predictions/shared/SCN_yao_0064_ground_truth.npz,322,a12ffbec75cc769fb08ef6135890adc834fc01f41fa8c13a79a7659efa98b76b,.npz,reference_data
reference_data/experiment_benchmark/oa_mae_revision/predictions/shared/SCN_yao_0064_v12.npz,244,2d2b0d3b3cddc16e10284d19bdd457c8f76367c52ee0e15e65c0109dcd1ab8e1,.npz,reference_data
reference_data/experiment_benchmark/oa_mae_revision/predictions/shared/SCN_yao_0065_cloud_t1.npz,33621,dcfb00cdce9d6307e91b5207523b7202583864c8e9bf63d12eb15403a1ee3cb8,.npz,reference_data
reference_data/experiment_benchmark/oa_mae_revision/predictions/shared/SCN_yao_0065_cloud_t2.npz,33329,25b2062fc3f235826fc4ce4b2f7acca04265c69e7f148cb5fe0c4d50eec11f31,.npz,reference_data
reference_data/experiment_benchmark/oa_mae_revision/predictions/shared/SCN_yao_0065_ground_truth.npz,308,8d6c89335dbefecb61ffe556d4459f4ae62fb57d42e34ea0b447a20542736b26,.npz,reference_data
reference_data/experiment_benchmark/oa_mae_revision/predictions/shared/SCN_yao_0065_v12.npz,295,a507fb44736a27389011dfbcfe4a5f1347c24dba18b466c8f4cb46e386ce9ed6,.npz,reference_data
reference_data/experiment_benchmark/oa_mae_revision/predictions/shared/SCN_yao_0066_cloud_t1.npz,31722,1c102968cd9373daa872b55a61cbf5d488afb8740deffe5865769843daf26374,.npz,reference_data
reference_data/experiment_benchmark/oa_mae_revision/predictions/shared/SCN_yao_0066_cloud_t2.npz,31170,e326cddcd0eb5f11d66afda47f44744077b3cc947ed07f531f07f559225cb7b8,.npz,reference_data
reference_data/experiment_benchmark/oa_mae_revision/predictions/shared/SCN_yao_0066_ground_truth.npz,337,075952afce2415966b64beeb59e58e3f1691ca4305bae797bde9acfdd5234f2c,.npz,reference_data
reference_data/experiment_benchmark/oa_mae_revision/predictions/shared/SCN_yao_0066_v12.npz,438,023d864686c931e9c66856d6b8e5bbe007fc1b8baf2c1707eacb9da482a0f87d,.npz,reference_data
reference_data/experiment_benchmark/oa_mae_revision/predictions/shared/SCN_yao_0067_cloud_t1.npz,33339,dce33e727a03ba8ae7279c92f2dc0be66bc9f9b49411eadf5eb609ffdba232ab,.npz,reference_data
reference_data/experiment_benchmark/oa_mae_revision/predictions/shared/SCN_yao_0067_cloud_t2.npz,33497,a916448f66e204c88715011baefc46bd1d8d746c6a07ee0eff8706f7301e8439,.npz,reference_data
reference_data/experiment_benchmark/oa_mae_revision/predictions/shared/SCN_yao_0067_ground_truth.npz,322,5010de9e7568006e264d3247cc8dde699dabd3beda6cbc2e4486d712dd3aba9e,.npz,reference_data
reference_data/experiment_benchmark/oa_mae_revision/predictions/shared/SCN_yao_0067_v12.npz,244,2d2b0d3b3cddc16e10284d19bdd457c8f76367c52ee0e15e65c0109dcd1ab8e1,.npz,reference_data
reference_data/experiment_benchmark/oa_mae_revision/predictions/shared/SCN_yao_0068_cloud_t1.npz,32658,e48a91008cc3f524525d044914d27bbfd10ecc039a0fb10966b466428050be9f,.npz,reference_data
reference_data/experiment_benchmark/oa_mae_revision/predictions/shared/SCN_yao_0068_cloud_t2.npz,32616,5041df149698707d5da38d1e69147b2b2e5277e1559211025ce47577b52f306c,.npz,reference_data
reference_data/experiment_benchmark/oa_mae_revision/predictions/shared/SCN_yao_0068_ground_truth.npz,292,c0fc22fa094b2782070e512000442df906199a2b9fa83288784153f5ba26d912,.npz,reference_data
reference_data/experiment_benchmark/oa_mae_revision/predictions/shared/SCN_yao_0068_v12.npz,480,e396dcbd482f4415b5cc76b2c2431276a19e3da5b5e1e836c3b1d2dfa9df78f4,.npz,reference_data
reference_data/experiment_benchmark/oa_mae_revision/predictions/shared/SCN_yao_0069_cloud_t1.npz,32121,d73e8fc25cf6ed0ba4e73e473117dc4c832632b8c0eac484124fbd4e671fa367,.npz,reference_data
reference_data/experiment_benchmark/oa_mae_revision/predictions/shared/SCN_yao_0069_cloud_t2.npz,31834,044979db668525531d3f373ee3d97dce2cc63eb7923f134c60b2a2e415764a14,.npz,reference_data
reference_data/experiment_benchmark/oa_mae_revision/predictions/shared/SCN_yao_0069_ground_truth.npz,313,2c422d191bffe88e4f96147f2bc08f7e4bf05326adb7d7a1e7ab9c7d0467e4da,.npz,reference_data
reference_data/experiment_benchmark/oa_mae_revision/predictions/shared/SCN_yao_0069_v12.npz,517,519a2e9e67834be3c58fcfec165fea61e1322ad2b271907f5eeddbd33fab8db8,.npz,reference_data
reference_data/experiment_benchmark/oa_mae_revision/predictions/unet_s1s2/SCN_dak_0058_binary.npz,452,61fb38c4e52af3c1de5a1caf6d7df31b5f10980efd5757dc186ec6b0bf34ea60,.npz,reference_data
reference_data/experiment_benchmark/oa_mae_revision/predictions/unet_s1s2/SCN_dak_0058_probability.npz,32694,e480ab3d6ed97b45d7e1dd72b0243effeda4d05e4d1e0eedc0777332a838fd14,.npz,reference_data
reference_data/experiment_benchmark/oa_mae_revision/predictions/unet_s1s2/SCN_dak_0059_binary.npz,494,f99269ffad2377ea182bb6edf52c88c14c5dd57d68473881ea525b592c014377,.npz,reference_data
reference_data/experiment_benchmark/oa_mae_revision/predictions/unet_s1s2/SCN_dak_0059_probability.npz,32726,6928287669680dfdcfb7d48b6863501c60a707f8c8df1fcc87972841ca7db55b,.npz,reference_data
reference_data/experiment_benchmark/oa_mae_revision/predictions/unet_s1s2/SCN_dak_0060_binary.npz,495,f68a8744c20cffb38730fc32c7f0f0881f5f240289786e3f78770ecd59b5d10f,.npz,reference_data
reference_data/experiment_benchmark/oa_mae_revision/predictions/unet_s1s2/SCN_dak_0060_probability.npz,32741,13f58faa98e51be14d6f0ee54c6327c107f536f349a0abe5c03339395b1f0786,.npz,reference_data
reference_data/experiment_benchmark/oa_mae_revision/predictions/unet_s1s2/SCN_dak_0061_binary.npz,535,e6d6aaf2eefc6669c105edb6b1ef37b4d54be9fcc81a403d3450451f40182e6f,.npz,reference_data
reference_data/experiment_benchmark/oa_mae_revision/predictions/unet_s1s2/SCN_dak_0061_probability.npz,32853,8ce8ab09a5683d56751d265b9558fefdc09af09438b0a568ce1332b8de7ce014,.npz,reference_data
reference_data/experiment_benchmark/oa_mae_revision/predictions/unet_s1s2/SCN_dak_0062_binary.npz,511,ae1ea86c6778b7dcf4f4e1cef4509dfc00d4c73f596b736b4a32397984add077,.npz,reference_data
reference_data/experiment_benchmark/oa_mae_revision/predictions/unet_s1s2/SCN_dak_0062_probability.npz,32796,25348f6fe535f2edb0424b8e60e5bd81b462907198f5ed8992773c54c3e3f860,.npz,reference_data
reference_data/experiment_benchmark/oa_mae_revision/predictions/unet_s1s2/SCN_dak_0063_binary.npz,461,e3d82f2939f42d96df85cd80838b40f28988ffc8d5f201662e7a271d3871b734,.npz,reference_data
reference_data/experiment_benchmark/oa_mae_revision/predictions/unet_s1s2/SCN_dak_0063_probability.npz,32704,79b5f9ec4c35684b200cac0d598ba0563ca61bd8d90aa232871ce9567f83f31c,.npz,reference_data
reference_data/experiment_benchmark/oa_mae_revision/predictions/unet_s1s2/SCN_dak_0064_binary.npz,494,31ababe3bd001ecfa4f76d0d218b2a3afc2ffb9d98bdcb02565e546544cae714,.npz,reference_data
reference_data/experiment_benchmark/oa_mae_revision/predictions/unet_s1s2/SCN_dak_0064_probability.npz,32848,00319227fb50426359b35e0d3b08f869eb30a1ccd81af8a9262d11c9ce84bde9,.npz,reference_data
reference_data/experiment_benchmark/oa_mae_revision/predictions/unet_s1s2/SCN_dak_0065_binary.npz,541,b441f9d80b43f6e4eb09e7bd2bba0538ed7216fa0281285b20de863f0bdfce35,.npz,reference_data
reference_data/experiment_benchmark/oa_mae_revision/predictions/unet_s1s2/SCN_dak_0065_probability.npz,32893,1e3c3c01a247cada0538bb6d20ccaf5879d756935cac890ca8c9b36e6385e323,.npz,reference_data
reference_data/experiment_benchmark/oa_mae_revision/predictions/unet_s1s2/SCN_dak_0066_binary.npz,482,5769152b16b5abcfdded2f5009815952d5fb3626f8b2f6bb4630d6945a903954,.npz,reference_data
reference_data/experiment_benchmark/oa_mae_revision/predictions/unet_s1s2/SCN_dak_0066_probability.npz,32732,05eb5a5598e6a7648b54769848fabaab5d931609a217ca60927e93438c5d6151,.npz,reference_data
reference_data/experiment_benchmark/oa_mae_revision/predictions/unet_s1s2/SCN_dak_0067_binary.npz,482,45c4d73e0b797c3847b39ccd7b07cd71d57ad5eccadb4864c9731b2730ff9c52,.npz,reference_data
reference_data/experiment_benchmark/oa_mae_revision/predictions/unet_s1s2/SCN_dak_0067_probability.npz,32730,225b78229aca5ea747218050d50c21322961afbf4d756d8e9bdf5878a03bd4ae,.npz,reference_data
reference_data/experiment_benchmark/oa_mae_revision/predictions/unet_s1s2/SCN_dak_0068_binary.npz,808,7729a3860e13148dfe491d412756d73cc389c44c4f90b1a1f6889f8a22ef99fa,.npz,reference_data
reference_data/experiment_benchmark/oa_mae_revision/predictions/unet_s1s2/SCN_dak_0068_probability.npz,33024,397a49e824829f633b9ba58660a30c21b906be0aac96a1061ac2323653b757ad,.npz,reference_data
reference_data/experiment_benchmark/oa_mae_revision/predictions/unet_s1s2/SCN_dak_0069_binary.npz,550,39879fbe63105fd9de7bee5f162f7231f4feb978a89928585c8d4d5fcd7ffa89,.npz,reference_data
reference_data/experiment_benchmark/oa_mae_revision/predictions/unet_s1s2/SCN_dak_0069_probability.npz,32824,54377cbd8602c013f75fc39a335a92d7066f1cc023e1398f3aeb7479c8830728,.npz,reference_data
reference_data/experiment_benchmark/oa_mae_revision/predictions/unet_s1s2/SCN_dar_0058_binary.npz,626,fbf32f1088daabf0d940b3b4e24d257634e444da9520e3a27b154c135167a3ff,.npz,reference_data
reference_data/experiment_benchmark/oa_mae_revision/predictions/unet_s1s2/SCN_dar_0058_probability.npz,32863,748bbe30f90dd03f08ead508ac9dd1ddc60c1731f0c0ecdfd4d319d4f0b74e8e,.npz,reference_data
reference_data/experiment_benchmark/oa_mae_revision/predictions/unet_s1s2/SCN_dar_0059_binary.npz,918,537092ca5616949efe149dc32103fd6fce59114388a753702fb59e9878067116,.npz,reference_data
reference_data/experiment_benchmark/oa_mae_revision/predictions/unet_s1s2/SCN_dar_0059_probability.npz,33077,9e4fcb4158d8a17a045815c5f582c419e65e6818f53c8d7c3e9274c3e5859063,.npz,reference_data
reference_data/experiment_benchmark/oa_mae_revision/predictions/unet_s1s2/SCN_dar_0060_binary.npz,531,c438ca2045676e4af9ea5a1ce1ac6c32c7b29c9741d35f37469fe13f3824cfce,.npz,reference_data
reference_data/experiment_benchmark/oa_mae_revision/predictions/unet_s1s2/SCN_dar_0060_probability.npz,32707,416422c052f01e08371ad975ea91efd38b5b1d0f5d1b879aba27d8489ee15d4b,.npz,reference_data
reference_data/experiment_benchmark/oa_mae_revision/predictions/unet_s1s2/SCN_dar_0061_binary.npz,536,b64403577756f3ea0a935628c89a33b80395528656cc4cbb665fa6cfaa14dcb4,.npz,reference_data
reference_data/experiment_benchmark/oa_mae_revision/predictions/unet_s1s2/SCN_dar_0061_probability.npz,32863,9158c44c2d1fa099016cd68787dcdc9951f651779b3b8028b4950648d38589e2,.npz,reference_data
reference_data/experiment_benchmark/oa_mae_revision/predictions/unet_s1s2/SCN_dar_0062_binary.npz,849,708aba4737269a221240a94c321d45b448c88fe5852f92b8763932c1cfa53a08,.npz,reference_data
reference_data/experiment_benchmark/oa_mae_revision/predictions/unet_s1s2/SCN_dar_0062_probability.npz,33031,e4fd5c8927c7473be079335392e344074cb6d31e1f837a9b81669afcd2ddb2ea,.npz,reference_data
reference_data/experiment_benchmark/oa_mae_revision/predictions/unet_s1s2/SCN_dar_0063_binary.npz,578,64983fecdee1be3f4143dd6418ff869c11ed8ffe84a1fd48a6e219b363f5b8ae,.npz,reference_data
reference_data/experiment_benchmark/oa_mae_revision/predictions/unet_s1s2/SCN_dar_0063_probability.npz,32823,08b834e061c7c99792d5688e2136c445c7e8e39cad302769b0f456620dc0f5bf,.npz,reference_data
reference_data/experiment_benchmark/oa_mae_revision/predictions/unet_s1s2/SCN_dar_0064_binary.npz,695,8438cb2f8dfd591b46d85000915ab7b46a39c81b6141017bf7c822043db700b1,.npz,reference_data
reference_data/experiment_benchmark/oa_mae_revision/predictions/unet_s1s2/SCN_dar_0064_probability.npz,32966,92dcad27a2bfb14dda2b82372c86aa4d03255043deb7543cd8266b5782b56531,.npz,reference_data
reference_data/experiment_benchmark/oa_mae_revision/predictions/unet_s1s2/SCN_dar_0065_binary.npz,530,907e9f6d5f7c2664889f94178d470fb2eb2fa5413c1d8b8c6732486df99c7366,.npz,reference_data
reference_data/experiment_benchmark/oa_mae_revision/predictions/unet_s1s2/SCN_dar_0065_probability.npz,32756,f94706c5259030431bf4d5992cb4ebfa74ef2071f1c98df21a5bb761f034906c,.npz,reference_data
reference_data/experiment_benchmark/oa_mae_revision/predictions/unet_s1s2/SCN_dar_0066_binary.npz,535,54fa44fb8a36aba31e184da9404ff2d5dd8a325f2af856a29db3a6494df8a377,.npz,reference_data
reference_data/experiment_benchmark/oa_mae_revision/predictions/unet_s1s2/SCN_dar_0066_probability.npz,32779,5d52a21c43d126a35c797e7709d7e9c86b9c18f144f14fe7517d4ba881a42e6c,.npz,reference_data
reference_data/experiment_benchmark/oa_mae_revision/predictions/unet_s1s2/SCN_dar_0067_binary.npz,903,2cb660905f84ca6e665ded7e73b9c33aef852fb86ed3b83eb3da97eebc175f01,.npz,reference_data
reference_data/experiment_benchmark/oa_mae_revision/predictions/unet_s1s2/SCN_dar_0067_probability.npz,33030,dda78d425ca602f33ad9fb1f26a4a1017402f63a84bcfb93e07470666c970fb0,.npz,reference_data
reference_data/experiment_benchmark/oa_mae_revision/predictions/unet_s1s2/SCN_dar_0068_binary.npz,605,d4f5bc13058171c65dc70e8f67e6b8998aaf94e6a1ca57bf552c370e2f49472c,.npz,reference_data
reference_data/experiment_benchmark/oa_mae_revision/predictions/unet_s1s2/SCN_dar_0068_probability.npz,32896,ae4935adbf0c188e709a484b77b042cde75997d79d709eb93c432450aa0d4887,.npz,reference_data
reference_data/experiment_benchmark/oa_mae_revision/predictions/unet_s1s2/SCN_dar_0069_binary.npz,532,e696fbc1011ca6b3e72bb2bd6e0ad2b380ad8eab2424e80050eb32b224c61be5,.npz,reference_data
reference_data/experiment_benchmark/oa_mae_revision/predictions/unet_s1s2/SCN_dar_0069_probability.npz,32768,0c38f9482c57d7c3eaa853aa0b6fbe71a87554e25fb14fee18f2f6c94ab5a32a,.npz,reference_data
reference_data/experiment_benchmark/oa_mae_revision/predictions/unet_s1s2/SCN_dou_0058_binary.npz,714,3ef5db262cb8675017e73434b3c1e9955b2864239abb90659ee27277eabf2007,.npz,reference_data
reference_data/experiment_benchmark/oa_mae_revision/predictions/unet_s1s2/SCN_dou_0058_probability.npz,32927,ba848002912f9753700d19702b5f14ca1f5ced233b96e0fe92426bc72d9af7a4,.npz,reference_data
reference_data/experiment_benchmark/oa_mae_revision/predictions/unet_s1s2/SCN_dou_0059_binary.npz,763,7b8cc5f8dcf8162ce1488c686508d5fade5cb4c46d324d663cf75b22c0e444a5,.npz,reference_data
reference_data/experiment_benchmark/oa_mae_revision/predictions/unet_s1s2/SCN_dou_0059_probability.npz,32976,0a07c2379bf22ca91de1836a7659aa1fc4dfadcf38f509c04a31d941f89fe55a,.npz,reference_data
reference_data/experiment_benchmark/oa_mae_revision/predictions/unet_s1s2/SCN_dou_0060_binary.npz,515,a04a6fcd5b74a36429f8e9e1b097513b4cfedc0d5c85b2a13466bb6d6b803554,.npz,reference_data
reference_data/experiment_benchmark/oa_mae_revision/predictions/unet_s1s2/SCN_dou_0060_probability.npz,32730,535c6687737efa32c23f2b2304d11deecc6045785f3aa7596b432e3f47cf287f,.npz,reference_data
reference_data/experiment_benchmark/oa_mae_revision/predictions/unet_s1s2/SCN_dou_0061_binary.npz,843,222a5bff20a187dc81233cc8de2285ed14cb1fe3d10fd0be2c6c0865809ddb74,.npz,reference_data
reference_data/experiment_benchmark/oa_mae_revision/predictions/unet_s1s2/SCN_dou_0061_probability.npz,33007,023cc87544d815a4f5d0c1a5742e67be900bac43e564b18b8b1e618d2cbdd422,.npz,reference_data
reference_data/experiment_benchmark/oa_mae_revision/predictions/unet_s1s2/SCN_dou_0062_binary.npz,894,588b6666978348db3158496e218584be00da0f9e1497cedf81b43109aa2a5ec4,.npz,reference_data
reference_data/experiment_benchmark/oa_mae_revision/predictions/unet_s1s2/SCN_dou_0062_probability.npz,33045,d959e112c0a08d4f5fc4024470e663b674067b1ee772e68fb5b301a02d49a2d7,.npz,reference_data
reference_data/experiment_benchmark/oa_mae_revision/predictions/unet_s1s2/SCN_dou_0063_binary.npz,500,a07baa92dd6ee407a5c3fbdd665aa8a0af58d5159f9d8061f14d2734ada74b17,.npz,reference_data
reference_data/experiment_benchmark/oa_mae_revision/predictions/unet_s1s2/SCN_dou_0063_probability.npz,32716,b1a27e104ccd4a33a5316eb25a7b43933ec2a4fda536d1060e7e1131ec1a55e2,.npz,reference_data
reference_data/experiment_benchmark/oa_mae_revision/predictions/unet_s1s2/SCN_dou_0064_binary.npz,802,b54c76fc794c2027c2b5f36834f2480d7638d035c1b099399b12107f55878f3b,.npz,reference_data
reference_data/experiment_benchmark/oa_mae_revision/predictions/unet_s1s2/SCN_dou_0064_probability.npz,32937,b063e7048cc6005c77ebf7b998402f46dcb996d759c1285f8feaceab34ccfc68,.npz,reference_data
reference_data/experiment_benchmark/oa_mae_revision/predictions/unet_s1s2/SCN_dou_0065_binary.npz,817,8ea9db0793374a7069a7cd96af74949405854267fce6e7e96dc486b54b26e7ca,.npz,reference_data
reference_data/experiment_benchmark/oa_mae_revision/predictions/unet_s1s2/SCN_dou_0065_probability.npz,32995,79cc7bc351569fa6bcaf352d2e9f600ff856a666233354103e3ced17c8389711,.npz,reference_data
reference_data/experiment_benchmark/oa_mae_revision/predictions/unet_s1s2/SCN_dou_0066_binary.npz,473,6a6ee99a30fc9bc477a49cba2bd113cd51468c9190cbc3906b77b6bde21182c2,.npz,reference_data
reference_data/experiment_benchmark/oa_mae_revision/predictions/unet_s1s2/SCN_dou_0066_probability.npz,32731,5029365c78fa718ea2db6106e711aafa57550814dec0fecf905fcd28fcc258b7,.npz,reference_data
reference_data/experiment_benchmark/oa_mae_revision/predictions/unet_s1s2/SCN_dou_0067_binary.npz,769,036e40da2982e5ada401fa6342776bdf86adbdfe0630586bc2aa92296f3087aa,.npz,reference_data
reference_data/experiment_benchmark/oa_mae_revision/predictions/unet_s1s2/SCN_dou_0067_probability.npz,33016,551de14e87f2c2b21cc015ccfa588322199f4efed1ea9912ca165024671be920,.npz,reference_data
reference_data/experiment_benchmark/oa_mae_revision/predictions/unet_s1s2/SCN_dou_0068_binary.npz,484,9d821063df4fa6728e826ecadf4b26b81fd0bc45f8defcfd6b2a82eb580f5a66,.npz,reference_data
reference_data/experiment_benchmark/oa_mae_revision/predictions/unet_s1s2/SCN_dou_0068_probability.npz,32724,8c36a86de8cf13485856c3f7637a9b7609d061545a721fe9a2c0e15d71850a9e,.npz,reference_data
reference_data/experiment_benchmark/oa_mae_revision/predictions/unet_s1s2/SCN_dou_0069_binary.npz,524,96420bd20ede0ed9cd5834cb5b233983591057249e1758938d5c90618ed4183f,.npz,reference_data
reference_data/experiment_benchmark/oa_mae_revision/predictions/unet_s1s2/SCN_dou_0069_probability.npz,32741,01fd5b59b41256b4429f80095bd385882de0738fd67933cbfe2763fb9cb7b291,.npz,reference_data
reference_data/experiment_benchmark/oa_mae_revision/predictions/unet_s1s2/SCN_gar_0058_binary.npz,782,37905697739a11db3b4f3c1d8a3e14035c015b78c5cf603ce6f2cebcc867b68a,.npz,reference_data
reference_data/experiment_benchmark/oa_mae_revision/predictions/unet_s1s2/SCN_gar_0058_probability.npz,33021,ba2466f4894294e8e2a0a95c711ab3e57e385951804e384f05e70a18f3793f07,.npz,reference_data
reference_data/experiment_benchmark/oa_mae_revision/predictions/unet_s1s2/SCN_gar_0059_binary.npz,890,7a89d9e4b249f81951ba962f1275eac84ce861a34a220b5d13b877d721c6ae16,.npz,reference_data
reference_data/experiment_benchmark/oa_mae_revision/predictions/unet_s1s2/SCN_gar_0059_probability.npz,33069,bf4332cc665c28fc301b058942d5c67829cdc701a211e2c0d9d25d2b33da6fc7,.npz,reference_data
reference_data/experiment_benchmark/oa_mae_revision/predictions/unet_s1s2/SCN_gar_0060_binary.npz,504,a0e487253dd946e7433b3a87418fa26a28e31fab45ab101297ecdd78dcb2e06c,.npz,reference_data
reference_data/experiment_benchmark/oa_mae_revision/predictions/unet_s1s2/SCN_gar_0060_probability.npz,32726,6a84d39084aaa8a66381614edb0803afe3a018e4ea74aed7023279ea57cf58af,.npz,reference_data
reference_data/experiment_benchmark/oa_mae_revision/predictions/unet_s1s2/SCN_gar_0061_binary.npz,581,aaca9a1589a1e74a7e2edbb73e464c000d557322a0fe450db532964f8dc6428a,.npz,reference_data
reference_data/experiment_benchmark/oa_mae_revision/predictions/unet_s1s2/SCN_gar_0061_probability.npz,32811,12220c26915cc079b5282e64ae9fbf3221c98e43e5d12838ea54d66a321cc716,.npz,reference_data
reference_data/experiment_benchmark/oa_mae_revision/predictions/unet_s1s2/SCN_gar_0062_binary.npz,808,dee64520d609983eb208e1ece4d5d55c8c37ad146fed2009088f5f9a2a01b96b,.npz,reference_data
reference_data/experiment_benchmark/oa_mae_revision/predictions/unet_s1s2/SCN_gar_0062_probability.npz,32989,e71ba3bea67b185fc4ed561839f95509bc1b246d7922f6815ac5b28a268f7836,.npz,reference_data
reference_data/experiment_benchmark/oa_mae_revision/predictions/unet_s1s2/SCN_gar_0063_binary.npz,471,a92a04855fe7a78c07fb25e3c3bc336bb6fa01c673e4b8a558b173bccf543a6e,.npz,reference_data
reference_data/experiment_benchmark/oa_mae_revision/predictions/unet_s1s2/SCN_gar_0063_probability.npz,32738,40acdac281083d79032ab1fb145e7630e50cad0ae9b86da488e8b4a332e91366,.npz,reference_data
reference_data/experiment_benchmark/oa_mae_revision/predictions/unet_s1s2/SCN_gar_0064_binary.npz,798,5ff8c2365dc88eec69a67225b941e970cb9b293d8183310739477c2ee1994d42,.npz,reference_data
reference_data/experiment_benchmark/oa_mae_revision/predictions/unet_s1s2/SCN_gar_0064_probability.npz,33021,31b724fa0c98760ca621214c2c9b410c45c34ff7132cd25bf4d2e1c02a975f16,.npz,reference_data
reference_data/experiment_benchmark/oa_mae_revision/predictions/unet_s1s2/SCN_gar_0065_binary.npz,677,cdd0222ec57120bec8078fe265b0bff3a4b9c4071bba3cbbd97856ca068018cf,.npz,reference_data
reference_data/experiment_benchmark/oa_mae_revision/predictions/unet_s1s2/SCN_gar_0065_probability.npz,32995,4e295015268de4830837653ed8764107e9130277fb87d2c701c7589f7a8d1aed,.npz,reference_data
reference_data/experiment_benchmark/oa_mae_revision/predictions/unet_s1s2/SCN_gar_0066_binary.npz,494,ba38f93d9fd7d6711340312c04f7d65eb60de3312aac7d743cdfdb1aba69924f,.npz,reference_data
reference_data/experiment_benchmark/oa_mae_revision/predictions/unet_s1s2/SCN_gar_0066_probability.npz,32754,149acde0d61c56ccdd8701bf5f215328b3ed76cf87b4e5e2094a1cd09f7e0e3e,.npz,reference_data
reference_data/experiment_benchmark/oa_mae_revision/predictions/unet_s1s2/SCN_gar_0067_binary.npz,447,8905c9c84573d0e55bad1ca3429ce9793cf4650de65f645ee86d0fbb5e48742f,.npz,reference_data
reference_data/experiment_benchmark/oa_mae_revision/predictions/unet_s1s2/SCN_gar_0067_probability.npz,32697,ac8c73e2bfb20063721b46d50fb815eef87cdd5f389ec91ad032684edb78a7c6,.npz,reference_data
reference_data/experiment_benchmark/oa_mae_revision/predictions/unet_s1s2/SCN_gar_0068_binary.npz,753,f6e436a0eea7931d39a695937a9974b7285a4bb2c5f91284255c5c3534742226,.npz,reference_data
reference_data/experiment_benchmark/oa_mae_revision/predictions/unet_s1s2/SCN_gar_0068_probability.npz,32964,79d47d391cbe50eeeae83cf60d44d90ece87163c04f8245476ed0a6cc6209bea,.npz,reference_data
reference_data/experiment_benchmark/oa_mae_revision/predictions/unet_s1s2/SCN_gar_0069_binary.npz,534,d2d6dca93d427f97bc85123a0b7fa5c7850d67749852e631646d246f4f5e2c64,.npz,reference_data
reference_data/experiment_benchmark/oa_mae_revision/predictions/unet_s1s2/SCN_gar_0069_probability.npz,32831,1af9374976b0fc5098c21cfc7cdbf619fdbf0e1680d477f41e4287f4b25059f6,.npz,reference_data
reference_data/experiment_benchmark/oa_mae_revision/predictions/unet_s1s2/SCN_kig_0058_binary.npz,520,cf0ef823ce8be5875af697e34322683e33e46bc0b2d67dcef651e3e3da578156,.npz,reference_data
reference_data/experiment_benchmark/oa_mae_revision/predictions/unet_s1s2/SCN_kig_0058_probability.npz,32786,d89898203b48426aa187299646a4b4d8444ad8d261d758e73a95515377eb959b,.npz,reference_data
reference_data/experiment_benchmark/oa_mae_revision/predictions/unet_s1s2/SCN_kig_0059_binary.npz,520,7ed76abfa58fb52d751dc84bdc47a6c0911e4155057716e085af4f44ea1bf417,.npz,reference_data
reference_data/experiment_benchmark/oa_mae_revision/predictions/unet_s1s2/SCN_kig_0059_probability.npz,32891,d5e8424342fc0d2f28725eaf1c755b7227b33bfd24f2d199766bfabf80b9a12e,.npz,reference_data
reference_data/experiment_benchmark/oa_mae_revision/predictions/unet_s1s2/SCN_kig_0060_binary.npz,496,2854c7884107231c80db31a58e11df66f6340a551a47ae3567934373f8256c7a,.npz,reference_data
reference_data/experiment_benchmark/oa_mae_revision/predictions/unet_s1s2/SCN_kig_0060_probability.npz,32731,889cb13bc89ea9c93dda4cdeb9d2ce3ca7820fee739590dca9493de75d47ad1d,.npz,reference_data
reference_data/experiment_benchmark/oa_mae_revision/predictions/unet_s1s2/SCN_kig_0061_binary.npz,464,39b75400766ac93c6e5abbafcc2a15ebf4a59a59b32118752511b34034cf1eb1,.npz,reference_data
reference_data/experiment_benchmark/oa_mae_revision/predictions/unet_s1s2/SCN_kig_0061_probability.npz,32708,aed01a1088eb6b0194e97a720ad36798c43734dc797aa74ea5fe0df6bb975a7f,.npz,reference_data
reference_data/experiment_benchmark/oa_mae_revision/predictions/unet_s1s2/SCN_kig_0062_binary.npz,859,6d35076f55b02d9ef965bfc38f39ce15a9b78df4e7282ca38f8fd62f2b6211bd,.npz,reference_data
reference_data/experiment_benchmark/oa_mae_revision/predictions/unet_s1s2/SCN_kig_0062_probability.npz,33011,b45e485079965ff0b4a80a908eaff5d1be46748543e7354a9004feacf378194b,.npz,reference_data
reference_data/experiment_benchmark/oa_mae_revision/predictions/unet_s1s2/SCN_kig_0063_binary.npz,530,f1b40266196affe9a856c0e64bd47a0ae10d454b40bbada468db1a47db66f18c,.npz,reference_data
reference_data/experiment_benchmark/oa_mae_revision/predictions/unet_s1s2/SCN_kig_0063_probability.npz,32756,4bea212514d859d1c08cd912c7b1510ce33e22e26c95eac758714f6f8dd26152,.npz,reference_data
reference_data/experiment_benchmark/oa_mae_revision/predictions/unet_s1s2/SCN_kig_0064_binary.npz,626,d6a371b77a7b230e535e55c06c8e7e24a0a13493d3ff33b92ab308ea08c5f298,.npz,reference_data
reference_data/experiment_benchmark/oa_mae_revision/predictions/unet_s1s2/SCN_kig_0064_probability.npz,32918,386d34e34ca989bfbcc9093893c22c4d94098dd9b27e666942b190f649ce5817,.npz,reference_data
reference_data/experiment_benchmark/oa_mae_revision/predictions/unet_s1s2/SCN_kig_0065_binary.npz,605,5df3ec80ad974e5589f1064e0e5cd8c2445067906c3218f4946aa07d02738a84,.npz,reference_data
reference_data/experiment_benchmark/oa_mae_revision/predictions/unet_s1s2/SCN_kig_0065_probability.npz,32934,abc3e540cd19c56e38dbf296d7d59d00f2b62d5a79e08ece66d9e44585a791cb,.npz,reference_data
reference_data/experiment_benchmark/oa_mae_revision/predictions/unet_s1s2/SCN_kig_0066_binary.npz,485,bcf2198bf2a8d7e34b7a6aaae9b9b9fd836c8fb2fa32abf55accb4466421a6b2,.npz,reference_data
reference_data/experiment_benchmark/oa_mae_revision/predictions/unet_s1s2/SCN_kig_0066_probability.npz,32725,fad6d7564a83244e39d37a47fb06238e73d80ac2ade392ac112276753e31853b,.npz,reference_data
reference_data/experiment_benchmark/oa_mae_revision/predictions/unet_s1s2/SCN_kig_0067_binary.npz,669,f9380584ac1bac4973cce98907bbbb416b41622ba4ba63bb0436a7afb5d49aac,.npz,reference_data
reference_data/experiment_benchmark/oa_mae_revision/predictions/unet_s1s2/SCN_kig_0067_probability.npz,32976,948d3cbf2cdfc87f74cd8d5119321155634e9dfa2f4ad4b33138d8e33bec7a54,.npz,reference_data
reference_data/experiment_benchmark/oa_mae_revision/predictions/unet_s1s2/SCN_kig_0068_binary.npz,709,e97cc297372350cb1b72bd7d12a633ebbc917f2b6c685cdaccca9c56eb434538,.npz,reference_data
reference_data/experiment_benchmark/oa_mae_revision/predictions/unet_s1s2/SCN_kig_0068_probability.npz,32987,ca112534fbb36e32cda87738001c4d0f2dc57cfa57dae17d0e46cae02d7ef821,.npz,reference_data
reference_data/experiment_benchmark/oa_mae_revision/predictions/unet_s1s2/SCN_kig_0069_binary.npz,491,3d2c5be5765978b5bc15b213d07f212bac1281b4b22fc3d13b72aec3573657b9,.npz,reference_data
reference_data/experiment_benchmark/oa_mae_revision/predictions/unet_s1s2/SCN_kig_0069_probability.npz,32714,cf0859ac9a5f82280f3399847411a6547ae6ff5302ab759318d8c46440a4cbae,.npz,reference_data
reference_data/experiment_benchmark/oa_mae_revision/predictions/unet_s1s2/SCN_yao_0058_binary.npz,892,0e80ccee1c82b19935c957cb5580c33cce0ca519600c6ab9318807cc18cdcbde,.npz,reference_data
reference_data/experiment_benchmark/oa_mae_revision/predictions/unet_s1s2/SCN_yao_0058_probability.npz,33051,957af986afbc8de23b3f702b6b9379168849abe989afb7aaa4834293d255db16,.npz,reference_data
reference_data/experiment_benchmark/oa_mae_revision/predictions/unet_s1s2/SCN_yao_0059_binary.npz,864,87f7e6fb89922374b679ec4a324daaf63a04a6ff33438e1597eb9055aff53bfe,.npz,reference_data
reference_data/experiment_benchmark/oa_mae_revision/predictions/unet_s1s2/SCN_yao_0059_probability.npz,33032,1c56992d4ad9476bd98ad0f371b4f4f4d61158c22676f11109ac4474418479e9,.npz,reference_data
reference_data/experiment_benchmark/oa_mae_revision/predictions/unet_s1s2/SCN_yao_0060_binary.npz,533,66ae0d9b09feac4295f2e7d2792789952b030fb792ddb4420c9465da2627e234,.npz,reference_data
reference_data/experiment_benchmark/oa_mae_revision/predictions/unet_s1s2/SCN_yao_0060_probability.npz,32791,ee9825f0b99d82391299452f441c54815bb56534f2c8e557148cd29b003a48ff,.npz,reference_data
reference_data/experiment_benchmark/oa_mae_revision/predictions/unet_s1s2/SCN_yao_0061_binary.npz,549,f3e562baa1b2323c8c10901ad164c071fb1aa9eb08b4ee4b890b401af88da42f,.npz,reference_data
reference_data/experiment_benchmark/oa_mae_revision/predictions/unet_s1s2/SCN_yao_0061_probability.npz,32798,c13a02db003d2456e1464ae529d8b97bc36abe2d6c9f5bf0231169a94250fcf5,.npz,reference_data
reference_data/experiment_benchmark/oa_mae_revision/predictions/unet_s1s2/SCN_yao_0062_binary.npz,808,e234da9343e1f81f14b88239198ec38c2587fecb56630f1e8a01ee551a8ab66c,.npz,reference_data
reference_data/experiment_benchmark/oa_mae_revision/predictions/unet_s1s2/SCN_yao_0062_probability.npz,33020,e0d569aaa5f5cdc368562c0b6ff4b195cdbfa2e41072679c4b7510afbb0d6291,.npz,reference_data
reference_data/experiment_benchmark/oa_mae_revision/predictions/unet_s1s2/SCN_yao_0063_binary.npz,484,c0b7809f88c21516127ec76f6beb26c518b8db46a3ae99973d241437a10795c9,.npz,reference_data
reference_data/experiment_benchmark/oa_mae_revision/predictions/unet_s1s2/SCN_yao_0063_probability.npz,32738,ec4dae1cd68650c9c519a4964e6bdfad90782910555c634150ce533436f480dd,.npz,reference_data
reference_data/experiment_benchmark/oa_mae_revision/predictions/unet_s1s2/SCN_yao_0064_binary.npz,871,370b0fb594e2993f770e0f1cc8443c0789647a33f11c533ee426f451329e6c7b,.npz,reference_data
reference_data/experiment_benchmark/oa_mae_revision/predictions/unet_s1s2/SCN_yao_0064_probability.npz,33033,d148a11e5a235c0f1591e426fce459d8b38cfa0a2b8f33e0edda91a93049a528,.npz,reference_data
reference_data/experiment_benchmark/oa_mae_revision/predictions/unet_s1s2/SCN_yao_0065_binary.npz,688,5c861246d58e947565ee5e6f80f47aa955312940c230e3465d73675f6a55cfae,.npz,reference_data
reference_data/experiment_benchmark/oa_mae_revision/predictions/unet_s1s2/SCN_yao_0065_probability.npz,32962,b8af0b9eaad56cc8802f16e841d6a70c1316fe75054e2174887018a7869056b0,.npz,reference_data
reference_data/experiment_benchmark/oa_mae_revision/predictions/unet_s1s2/SCN_yao_0066_binary.npz,499,502691fc054161df7857936410024843c3dc0360f71569f107eae1f5a94dadc4,.npz,reference_data
reference_data/experiment_benchmark/oa_mae_revision/predictions/unet_s1s2/SCN_yao_0066_probability.npz,32746,052357b6b761e08dedaa8cb2461a9cff0efedd88f661c2f8d7b1edef7957a11e,.npz,reference_data
reference_data/experiment_benchmark/oa_mae_revision/predictions/unet_s1s2/SCN_yao_0067_binary.npz,820,ffe509b02659274a034866772915d75604b8c3372f8f8594ae0da54dbf9089a9,.npz,reference_data
reference_data/experiment_benchmark/oa_mae_revision/predictions/unet_s1s2/SCN_yao_0067_probability.npz,33002,7d9359ab251cb3e5f3e88f054aaea0e96ce60392f4974263a3cc17759d8d29dd,.npz,reference_data
reference_data/experiment_benchmark/oa_mae_revision/predictions/unet_s1s2/SCN_yao_0068_binary.npz,569,358094e50f301945be7bd2b1eeeaa03393e5ccdb2a4d6a8488c363d25deeeb94,.npz,reference_data
reference_data/experiment_benchmark/oa_mae_revision/predictions/unet_s1s2/SCN_yao_0068_probability.npz,32888,7973418ee9e162bb31a417e2990c1bb96f1332f7d08dc9e05902d852bda766b3,.npz,reference_data
reference_data/experiment_benchmark/oa_mae_revision/predictions/unet_s1s2/SCN_yao_0069_binary.npz,520,4be72ad5e3e9d6d4d898b9b695856129c6df18d950901ae3a1182665c737c84e,.npz,reference_data
reference_data/experiment_benchmark/oa_mae_revision/predictions/unet_s1s2/SCN_yao_0069_probability.npz,32753,02d3a9135f5e85a03fcaaa662d4bd044c240585006389c0798f2b20dd5495d3d,.npz,reference_data
reference_data/experiment_benchmark/oa_mae_revision/predictions/unet_s2/SCN_dak_0058_binary.npz,463,a261f6a59fb141cada01135215143fa04c4eb2830bcf469faf4a22bccf19515a,.npz,reference_data
reference_data/experiment_benchmark/oa_mae_revision/predictions/unet_s2/SCN_dak_0058_probability.npz,32719,938e49eadec5489d47bc58f3a21a5edad39de284cdba1a2721c4cb7acaf0fd3c,.npz,reference_data
reference_data/experiment_benchmark/oa_mae_revision/predictions/unet_s2/SCN_dak_0059_binary.npz,505,a7814cca268a44e5b1399ecd5226d59889428469791828e235cab18ed56eeb31,.npz,reference_data
reference_data/experiment_benchmark/oa_mae_revision/predictions/unet_s2/SCN_dak_0059_probability.npz,32721,c42aa6c1498d29aa8f8fd5018d6e9a58fa673c8d2e7f9a4fddf3357aa520f1c4,.npz,reference_data
reference_data/experiment_benchmark/oa_mae_revision/predictions/unet_s2/SCN_dak_0060_binary.npz,513,d9cd7d0509157f35dfc23886cf11a9fb256034528dbf8e54ea625ba9d666feda,.npz,reference_data
reference_data/experiment_benchmark/oa_mae_revision/predictions/unet_s2/SCN_dak_0060_probability.npz,32754,92920121c920e7f73a18a62daf03d32957aa8f615313cefa265167fbd8f4f6cc,.npz,reference_data
reference_data/experiment_benchmark/oa_mae_revision/predictions/unet_s2/SCN_dak_0061_binary.npz,555,269834b1b4eb6ee82ac26a362cc7c49ededea7edc328f8a711e60ad839ac41bb,.npz,reference_data
reference_data/experiment_benchmark/oa_mae_revision/predictions/unet_s2/SCN_dak_0061_probability.npz,32860,9c7ce4be8844c45176d04cfafa403dfdfa8b3aae457e4cd44a33197fe624b65e,.npz,reference_data
reference_data/experiment_benchmark/oa_mae_revision/predictions/unet_s2/SCN_dak_0062_binary.npz,519,09ef01b36f2f9e8a3a5b8e857fa7c1c35b28ac81341cf9062d44a1233760232d,.npz,reference_data
reference_data/experiment_benchmark/oa_mae_revision/predictions/unet_s2/SCN_dak_0062_probability.npz,32776,170881c615e46aff7521d29959742eccdf8af0e65666ecdab289b5c9ee1b5060,.npz,reference_data
reference_data/experiment_benchmark/oa_mae_revision/predictions/unet_s2/SCN_dak_0063_binary.npz,500,52151564758cbdf6b8e54cf45b2de5a96dd3174404c5b0632bf14ccde415e84b,.npz,reference_data
reference_data/experiment_benchmark/oa_mae_revision/predictions/unet_s2/SCN_dak_0063_probability.npz,32762,6a4d488cb1699bbbba9c1fac166e40e8938f9085114fd61046b6020b17538e1f,.npz,reference_data
reference_data/experiment_benchmark/oa_mae_revision/predictions/unet_s2/SCN_dak_0064_binary.npz,509,e30c12754c2a4c5416959e132826c94e6c61fdb1bd9c9cae455f46a833f7a2d1,.npz,reference_data
reference_data/experiment_benchmark/oa_mae_revision/predictions/unet_s2/SCN_dak_0064_probability.npz,32860,6d9198ffd9c71f0482a39c6899471355ebc65b43b1087019b8bd5402832bf28e,.npz,reference_data
reference_data/experiment_benchmark/oa_mae_revision/predictions/unet_s2/SCN_dak_0065_binary.npz,554,406b49c7ddddd2f250549144789c32fbc52e84ce3055a830340673879c0679b7,.npz,reference_data
reference_data/experiment_benchmark/oa_mae_revision/predictions/unet_s2/SCN_dak_0065_probability.npz,32878,d26bb48da7a967062471b5e3fdd2a2798740a2655fa66603bc686ee90cf0b7d8,.npz,reference_data
reference_data/experiment_benchmark/oa_mae_revision/predictions/unet_s2/SCN_dak_0066_binary.npz,484,c5597979719300f5472a06c62dd5c7c033b05864f30fa817180c7593c4ab4751,.npz,reference_data
reference_data/experiment_benchmark/oa_mae_revision/predictions/unet_s2/SCN_dak_0066_probability.npz,32726,510be4bc62d5b55c27bc1d21dfa7158a1d8912b3b2835e8dfdd4c0419553cd48,.npz,reference_data
reference_data/experiment_benchmark/oa_mae_revision/predictions/unet_s2/SCN_dak_0067_binary.npz,478,020a7b2cefe3d64fbd827c2a24aded012a4f15698b375ca4bb9c45d2b9181343,.npz,reference_data
reference_data/experiment_benchmark/oa_mae_revision/predictions/unet_s2/SCN_dak_0067_probability.npz,32737,00faa606f1d074a8f79011e08cbbaa4aa2a5a1d73fb14c970cb86679476352ff,.npz,reference_data
reference_data/experiment_benchmark/oa_mae_revision/predictions/unet_s2/SCN_dak_0068_binary.npz,847,2ef88e7e7f9cfe7dfe8e30a71385236673effa2c86fc606ed0a96fb19730984d,.npz,reference_data
reference_data/experiment_benchmark/oa_mae_revision/predictions/unet_s2/SCN_dak_0068_probability.npz,33036,9fda359efe74affbf2164fc0446082b7688edc115435550be90dc1819174101f,.npz,reference_data
reference_data/experiment_benchmark/oa_mae_revision/predictions/unet_s2/SCN_dak_0069_binary.npz,588,fbe8a4c24be4b9d772588a0e5eb4c472b88b345f3d64ca570dc09d80dcd67b29,.npz,reference_data
reference_data/experiment_benchmark/oa_mae_revision/predictions/unet_s2/SCN_dak_0069_probability.npz,32843,f8866519ea99860a36db264fa5e3e2f9b0e9c94f8099abe9481aa265020f90d2,.npz,reference_data
reference_data/experiment_benchmark/oa_mae_revision/predictions/unet_s2/SCN_dar_0058_binary.npz,693,e6e23cc8a9a1e9b781a598fec8439137875de48e014add870fa0a47ce61b3e77,.npz,reference_data
reference_data/experiment_benchmark/oa_mae_revision/predictions/unet_s2/SCN_dar_0058_probability.npz,32881,a3471ececa49eedaa135f719b8db98bc88cae034c0085ea71519631b77c3277b,.npz,reference_data
reference_data/experiment_benchmark/oa_mae_revision/predictions/unet_s2/SCN_dar_0059_binary.npz,970,f1002f838e7f64651d49d4856b6feebb8377cb7fa1f359b20413aa7f710a8613,.npz,reference_data
reference_data/experiment_benchmark/oa_mae_revision/predictions/unet_s2/SCN_dar_0059_probability.npz,33084,0a488efc3b96511192b34c19a7a9d6d375137cde350bf1c36b0f84ab137eff0a,.npz,reference_data
reference_data/experiment_benchmark/oa_mae_revision/predictions/unet_s2/SCN_dar_0060_binary.npz,567,0daca4b4706d0b0eef6d3873d471f594f989fe729ab829705d6a7feb51432710,.npz,reference_data
reference_data/experiment_benchmark/oa_mae_revision/predictions/unet_s2/SCN_dar_0060_probability.npz,32796,d9d5964fdb83c849379ce3a9c2d9b29ca0fc3c7fcd172b49545461ce507c0345,.npz,reference_data
reference_data/experiment_benchmark/oa_mae_revision/predictions/unet_s2/SCN_dar_0061_binary.npz,626,2e1e4732743a26f90df8b85bb90126c10a6a9ed920536cece9336c6e24251711,.npz,reference_data
reference_data/experiment_benchmark/oa_mae_revision/predictions/unet_s2/SCN_dar_0061_probability.npz,32906,45d6a1c307c4ae7a67f5e816b42ac3016a1982518a11d993bab63f9255449c90,.npz,reference_data
reference_data/experiment_benchmark/oa_mae_revision/predictions/unet_s2/SCN_dar_0062_binary.npz,971,185f3f2df2e9c68092816679e9bdf6358a97917715e2881f3eda04778d42bc77,.npz,reference_data
reference_data/experiment_benchmark/oa_mae_revision/predictions/unet_s2/SCN_dar_0062_probability.npz,33075,18f9e667c30c50a08e820311ea625a3f9315ee25b72f56b7ce001b8b1c7c02ba,.npz,reference_data
reference_data/experiment_benchmark/oa_mae_revision/predictions/unet_s2/SCN_dar_0063_binary.npz,610,046db3596463747ad9ff28d7beb98e1fd88d2f8e3b4b71d475c421414f894cf9,.npz,reference_data
reference_data/experiment_benchmark/oa_mae_revision/predictions/unet_s2/SCN_dar_0063_probability.npz,32788,6c06d002e6250f3b3176bc5d853256ff6cd2ba7223bbab8b4f817c790fcc695f,.npz,reference_data
reference_data/experiment_benchmark/oa_mae_revision/predictions/unet_s2/SCN_dar_0064_binary.npz,768,5eb728df4cdd5e3fe6d49f92caaedcadbaf515acfe6ab868169f6d03e1346af6,.npz,reference_data
reference_data/experiment_benchmark/oa_mae_revision/predictions/unet_s2/SCN_dar_0064_probability.npz,33002,d6b9fc70c1cfe35375e6b6ddfca537719177c681e56ed7307bdfb090df397e83,.npz,reference_data
reference_data/experiment_benchmark/oa_mae_revision/predictions/unet_s2/SCN_dar_0065_binary.npz,619,d156d35908955aa45830a59beee7c228be06da4670a6a6d413803db14eb0e193,.npz,reference_data
reference_data/experiment_benchmark/oa_mae_revision/predictions/unet_s2/SCN_dar_0065_probability.npz,32819,92eebb5ccca5231a52938b0af8c27bdbc78b86f6a14e111b22f6de00ac31f832,.npz,reference_data
reference_data/experiment_benchmark/oa_mae_revision/predictions/unet_s2/SCN_dar_0066_binary.npz,570,1b9007561328cc5131205227b87ca22f4d7dd9c27104f29f610c783df0c70b6c,.npz,reference_data
reference_data/experiment_benchmark/oa_mae_revision/predictions/unet_s2/SCN_dar_0066_probability.npz,32768,a0f38fde45df0ff2d337724bdb0c2d136dee0a4b860d4222926c5e9c896c066a,.npz,reference_data
reference_data/experiment_benchmark/oa_mae_revision/predictions/unet_s2/SCN_dar_0067_binary.npz,1009,59567655e8722b76ccec5e4b5fc40b302e23a5814005836d95942eb1b5f589da,.npz,reference_data
reference_data/experiment_benchmark/oa_mae_revision/predictions/unet_s2/SCN_dar_0067_probability.npz,33117,32e932c288ba19a78c845989761935dd08855a18a86c5f41a024e1d6619d35e3,.npz,reference_data
reference_data/experiment_benchmark/oa_mae_revision/predictions/unet_s2/SCN_dar_0068_binary.npz,675,1ed36943cf561462c93df274ab3ae066cf136e1d34f33dcb160aba73fbb11e64,.npz,reference_data
reference_data/experiment_benchmark/oa_mae_revision/predictions/unet_s2/SCN_dar_0068_probability.npz,32962,1de370cc629bd667bfe4070bedd5abb236dc0f38794249b5273ca3f47ce90827,.npz,reference_data
reference_data/experiment_benchmark/oa_mae_revision/predictions/unet_s2/SCN_dar_0069_binary.npz,556,283bdd59560b64e5ef2f51a3ad6d1649a9c2850dcb55f8299b6e34c5d1f8053e,.npz,reference_data
reference_data/experiment_benchmark/oa_mae_revision/predictions/unet_s2/SCN_dar_0069_probability.npz,32756,2799d48c42a7057b18cd35435ca228b55387537011bcb386e6923334e5700acb,.npz,reference_data
reference_data/experiment_benchmark/oa_mae_revision/predictions/unet_s2/SCN_dou_0058_binary.npz,771,22552c4cd9b3a226af11436e6ac8864379706e98de46a1c2a3dec39050b1f1ff,.npz,reference_data
reference_data/experiment_benchmark/oa_mae_revision/predictions/unet_s2/SCN_dou_0058_probability.npz,33004,31d70dd1d6ccc186ceb42b5db9ef87ffc6311adda106d23fd2ab92458514fd7c,.npz,reference_data
reference_data/experiment_benchmark/oa_mae_revision/predictions/unet_s2/SCN_dou_0059_binary.npz,804,73840ec03de7df85e45cbeda59d4416915fea1adeb10324835d8256d23a64b7d,.npz,reference_data
reference_data/experiment_benchmark/oa_mae_revision/predictions/unet_s2/SCN_dou_0059_probability.npz,32994,bc78d86880118b96d2c77e34f5ed15655ef32762faaf8c68c01c9524025a930c,.npz,reference_data
reference_data/experiment_benchmark/oa_mae_revision/predictions/unet_s2/SCN_dou_0060_binary.npz,529,45d02bd83ccf8d58853358cf2d0eac97ca1cdb4bcfe8436c56485fe70c2f99f5,.npz,reference_data
reference_data/experiment_benchmark/oa_mae_revision/predictions/unet_s2/SCN_dou_0060_probability.npz,32762,cc9ac653fdc19d25e2a514c67af31e189c2b0b321dc3940619182e072a3e1c26,.npz,reference_data
reference_data/experiment_benchmark/oa_mae_revision/predictions/unet_s2/SCN_dou_0061_binary.npz,1002,7973a6b22aa14e0d147f1dee89418af004750555200dbc12b8f5dd1f46007cba,.npz,reference_data
reference_data/experiment_benchmark/oa_mae_revision/predictions/unet_s2/SCN_dou_0061_probability.npz,33096,0600a4e2cf68027b7988e374a7f06bc552dba42fd488cfc6446646897e7b18c2,.npz,reference_data
reference_data/experiment_benchmark/oa_mae_revision/predictions/unet_s2/SCN_dou_0062_binary.npz,948,93240de9a299da26c0d523a080efe01f4085d1c9d9f69da82839b594093d3039,.npz,reference_data
reference_data/experiment_benchmark/oa_mae_revision/predictions/unet_s2/SCN_dou_0062_probability.npz,33082,8e3c0bf5156f087d5c1fcca58dc5b02f9620c694e4758a028f3661dec379f130,.npz,reference_data
reference_data/experiment_benchmark/oa_mae_revision/predictions/unet_s2/SCN_dou_0063_binary.npz,522,cf756736365811c80bbebb8c0ec2b7c2417e15a10d6afca3228c1dcf5577c3ef,.npz,reference_data
reference_data/experiment_benchmark/oa_mae_revision/predictions/unet_s2/SCN_dou_0063_probability.npz,32773,eac2b0e32035b583bb9d983b4e83782bbf03d7532d375b2490c05dbe6985b193,.npz,reference_data
reference_data/experiment_benchmark/oa_mae_revision/predictions/unet_s2/SCN_dou_0064_binary.npz,838,55fe94a6c4cff0f4e88b4a89c34a4d872d81b38f977e44df49dd0e090cd2fbaa,.npz,reference_data
reference_data/experiment_benchmark/oa_mae_revision/predictions/unet_s2/SCN_dou_0064_probability.npz,32978,4a1b534555f2e93c8bdf476ab887051053a33f8d10d1bce490722b3d044160d4,.npz,reference_data
reference_data/experiment_benchmark/oa_mae_revision/predictions/unet_s2/SCN_dou_0065_binary.npz,852,4804b188f73e925d22fe75c5a0d1852f1ca1662358c7fedf43a08c423a58ccfe,.npz,reference_data
reference_data/experiment_benchmark/oa_mae_revision/predictions/unet_s2/SCN_dou_0065_probability.npz,33040,bfe5caae7a0f100fb37bd31b45e4488b201a27d0a7ff4bb2e9e53295935a206f,.npz,reference_data
reference_data/experiment_benchmark/oa_mae_revision/predictions/unet_s2/SCN_dou_0066_binary.npz,521,8ef16e3e8b8ae2800782bfa727ee2adbbb5b70eb9e8005c3cf2770a6c93ecf74,.npz,reference_data
reference_data/experiment_benchmark/oa_mae_revision/predictions/unet_s2/SCN_dou_0066_probability.npz,32730,77cd1b0c95b38275601017980f13802b22fdaf8cfff45cdc2e3ebfa956e280a2,.npz,reference_data
reference_data/experiment_benchmark/oa_mae_revision/predictions/unet_s2/SCN_dou_0067_binary.npz,919,9f49f92227b59120dafc411d58bd3552d24bacce585f64397f371626a3189678,.npz,reference_data
reference_data/experiment_benchmark/oa_mae_revision/predictions/unet_s2/SCN_dou_0067_probability.npz,33029,a6584c0dcbdf0a7d5076e888105ff845150c0dcef148b74577198f83ad7e2060,.npz,reference_data
reference_data/experiment_benchmark/oa_mae_revision/predictions/unet_s2/SCN_dou_0068_binary.npz,497,2cab8f239641d44052dae3a3fa910c4ff772865a2f88a246b1b10620631d3316,.npz,reference_data
reference_data/experiment_benchmark/oa_mae_revision/predictions/unet_s2/SCN_dou_0068_probability.npz,32760,a6414be0d7e58a1ee3834d3d97ca166cfe49116d35ca23992a74f0a8795b4ca8,.npz,reference_data
reference_data/experiment_benchmark/oa_mae_revision/predictions/unet_s2/SCN_dou_0069_binary.npz,568,56f51e6e77f183e4b0d026be93f3313bae030ad79d7ede6b0049e9f86bf6e520,.npz,reference_data
reference_data/experiment_benchmark/oa_mae_revision/predictions/unet_s2/SCN_dou_0069_probability.npz,32769,d7e27cfb57926d8882e6b2c0138e8f922dd054d119134e4474c02d0abad8f526,.npz,reference_data
reference_data/experiment_benchmark/oa_mae_revision/predictions/unet_s2/SCN_gar_0058_binary.npz,831,133ee5ac63ac20e22e4416a5e06cbabba2cdb3d0143a5838b2a18efbb83b6b77,.npz,reference_data
reference_data/experiment_benchmark/oa_mae_revision/predictions/unet_s2/SCN_gar_0058_probability.npz,33036,4e94898d957df9e62352b779c75a3b3d7e8c6f321be682ec8f77297d4dd152f8,.npz,reference_data
reference_data/experiment_benchmark/oa_mae_revision/predictions/unet_s2/SCN_gar_0059_binary.npz,932,e117b01066ff484d3e924f6af9bb7e2707942cc83dca3ee25c11782ab9c72950,.npz,reference_data
reference_data/experiment_benchmark/oa_mae_revision/predictions/unet_s2/SCN_gar_0059_probability.npz,33056,4be933f50dfe0ae4fa6acf3a592643d3aead4ef2f6d6485cffd4d6bb4a657fdc,.npz,reference_data
reference_data/experiment_benchmark/oa_mae_revision/predictions/unet_s2/SCN_gar_0060_binary.npz,484,4d0278726268e0cae16bc0ef551ffe269e7389c0fba7ce4c5b0cd01878b584cc,.npz,reference_data
reference_data/experiment_benchmark/oa_mae_revision/predictions/unet_s2/SCN_gar_0060_probability.npz,32747,9c45c25313edc3d3ceecc43881606144ebb395d9833c2e503ea2e5e3feb54da2,.npz,reference_data
reference_data/experiment_benchmark/oa_mae_revision/predictions/unet_s2/SCN_gar_0061_binary.npz,600,5712051f5c73e1a27eca9519755b1af823807c0fc7594e5a8f9db74d8ab88919,.npz,reference_data
reference_data/experiment_benchmark/oa_mae_revision/predictions/unet_s2/SCN_gar_0061_probability.npz,32837,271cc1297894b83b8b4a649d30c2104b4fb4c1c9fba910d831990eef43fcf39b,.npz,reference_data
reference_data/experiment_benchmark/oa_mae_revision/predictions/unet_s2/SCN_gar_0062_binary.npz,864,d961602f42f755aceb508121bbbeea2a1ddbc72e2668d0a9a0c8ca0688bede89,.npz,reference_data
reference_data/experiment_benchmark/oa_mae_revision/predictions/unet_s2/SCN_gar_0062_probability.npz,33056,18a07af0cdfddfc9839aeab6055af79f179dab2f74c595a736604dcbb4a817c0,.npz,reference_data
reference_data/experiment_benchmark/oa_mae_revision/predictions/unet_s2/SCN_gar_0063_binary.npz,486,94fcae900ef61c0f18edc0009f04afc0d8cca56fb783ed4114277d2b668f1ee3,.npz,reference_data
reference_data/experiment_benchmark/oa_mae_revision/predictions/unet_s2/SCN_gar_0063_probability.npz,32758,160027dd829c6e385903a1de63392fc653ecd15c59e26dd2f056797d33815e71,.npz,reference_data
reference_data/experiment_benchmark/oa_mae_revision/predictions/unet_s2/SCN_gar_0064_binary.npz,841,e1b3571c3f25922914801d8c797e65f6d173b11538294a9c680b730babbc03a4,.npz,reference_data
reference_data/experiment_benchmark/oa_mae_revision/predictions/unet_s2/SCN_gar_0064_probability.npz,33053,32047b0ca70a3e837cfa579753d8ad68b359024e6833a503b6d57dab543abda8,.npz,reference_data
reference_data/experiment_benchmark/oa_mae_revision/predictions/unet_s2/SCN_gar_0065_binary.npz,694,a330bac29e4436f928d92ec804f6c4e49ac5027f3e52e4246460d6009bb6e79c,.npz,reference_data
reference_data/experiment_benchmark/oa_mae_revision/predictions/unet_s2/SCN_gar_0065_probability.npz,32977,fa3292fd0218fa55dc343a1a98bd5bac7f429dcbf2c0b67fa1db7d36324043ac,.npz,reference_data
reference_data/experiment_benchmark/oa_mae_revision/predictions/unet_s2/SCN_gar_0066_binary.npz,520,bdc916b20da56768c570ba76fec250ca9f1fccac09c3ec0c1626cfe32e989fd7,.npz,reference_data
reference_data/experiment_benchmark/oa_mae_revision/predictions/unet_s2/SCN_gar_0066_probability.npz,32787,77987cb3e46b173fe6e6fcf0969813e5dfa2c500ba264634fee7189b2b95637d,.npz,reference_data
reference_data/experiment_benchmark/oa_mae_revision/predictions/unet_s2/SCN_gar_0067_binary.npz,477,1f830f62419cbc5e5cc5e57de2b7b4e607de71344abf67206ca53976cce43394,.npz,reference_data
reference_data/experiment_benchmark/oa_mae_revision/predictions/unet_s2/SCN_gar_0067_probability.npz,32707,60e8fa2a95b0a70097bd6680b12598edd9143f2f748bec939ff2e836b96ea75f,.npz,reference_data
reference_data/experiment_benchmark/oa_mae_revision/predictions/unet_s2/SCN_gar_0068_binary.npz,733,60b99098b084c35e0834db6d44ec211cc6dea79589df2fb165f380f3d4301c00,.npz,reference_data
reference_data/experiment_benchmark/oa_mae_revision/predictions/unet_s2/SCN_gar_0068_probability.npz,32980,c18e1a8b5e5a013e864ef75971ad2a2ba9abbb930e6e62417f17ad169bce8fdb,.npz,reference_data
reference_data/experiment_benchmark/oa_mae_revision/predictions/unet_s2/SCN_gar_0069_binary.npz,562,b8977029b61cab6a4bf16c8882ea734940dbeea8f2bcf1885ebae1dd7f045183,.npz,reference_data
reference_data/experiment_benchmark/oa_mae_revision/predictions/unet_s2/SCN_gar_0069_probability.npz,32826,84b219e5ac8cefacbb9f39303a6e72ca8da4128363b07e908ca9201ba042d519,.npz,reference_data
reference_data/experiment_benchmark/oa_mae_revision/predictions/unet_s2/SCN_kig_0058_binary.npz,527,e168b03f099194b8d61707b7383b9777d2b4cf0a02cce2f90018bdccfe37a0cd,.npz,reference_data
reference_data/experiment_benchmark/oa_mae_revision/predictions/unet_s2/SCN_kig_0058_probability.npz,32750,787c02c2d0d10702c73abd5b3432c66d5e826d3f3f78b448273835a4fe165e8e,.npz,reference_data
reference_data/experiment_benchmark/oa_mae_revision/predictions/unet_s2/SCN_kig_0059_binary.npz,551,b54d161573cd5e7050f3ded71828a807636bff6725b4db4b66fb2ca43172c4d4,.npz,reference_data
reference_data/experiment_benchmark/oa_mae_revision/predictions/unet_s2/SCN_kig_0059_probability.npz,32879,8f407285d953359c040469b5c078c9c545944da3e5ca3a8e8b1f64d0d730e2ca,.npz,reference_data
reference_data/experiment_benchmark/oa_mae_revision/predictions/unet_s2/SCN_kig_0060_binary.npz,501,2864044fee5364674defcbec1303393a273953c0725712fd5b61211badcf4d6e,.npz,reference_data
reference_data/experiment_benchmark/oa_mae_revision/predictions/unet_s2/SCN_kig_0060_probability.npz,32727,ceb9530ce9ebb5f32632092aff93dd6f3fdb9bd60d31c72fccbce6ba178ab979,.npz,reference_data
reference_data/experiment_benchmark/oa_mae_revision/predictions/unet_s2/SCN_kig_0061_binary.npz,510,2624a29f9d07212cc7ca835571c03d701f4a2a23b7f291ee49095570b6b47f1c,.npz,reference_data
reference_data/experiment_benchmark/oa_mae_revision/predictions/unet_s2/SCN_kig_0061_probability.npz,32744,67484a842900da65d8a147f4deaff51290a0a96812f7d4e130c2b390d415a3be,.npz,reference_data
reference_data/experiment_benchmark/oa_mae_revision/predictions/unet_s2/SCN_kig_0062_binary.npz,963,c4244f4db729c77a8f874c54ebe57f3515209b17edc4a05fccf618f99f3869cd,.npz,reference_data
reference_data/experiment_benchmark/oa_mae_revision/predictions/unet_s2/SCN_kig_0062_probability.npz,33047,c4635b39274710975923a68611ec8b6ddd1f6b76dd0129f69d6afad898522b0e,.npz,reference_data
reference_data/experiment_benchmark/oa_mae_revision/predictions/unet_s2/SCN_kig_0063_binary.npz,536,62a0b4e25fa860d4227ffe28cc3551ea2693b831e1a1992e5fffea4858e63898,.npz,reference_data
reference_data/experiment_benchmark/oa_mae_revision/predictions/unet_s2/SCN_kig_0063_probability.npz,32795,ce53e9b357f04fd631994998e8adf93fc754246cf6a4209918f2b80b8cdb4c97,.npz,reference_data
reference_data/experiment_benchmark/oa_mae_revision/predictions/unet_s2/SCN_kig_0064_binary.npz,670,b84fbb177620e04d4b832c45a904ec8fe57d59c73a6ab0d48efa092ac9c64c17,.npz,reference_data
reference_data/experiment_benchmark/oa_mae_revision/predictions/unet_s2/SCN_kig_0064_probability.npz,32939,2137e971a1a3c4b0b278480565ecef4e80b14beadbe2a850ae3168bc9fe62a17,.npz,reference_data
reference_data/experiment_benchmark/oa_mae_revision/predictions/unet_s2/SCN_kig_0065_binary.npz,688,21adcee0af810e47927a440e68774d8fa8c9ad7f0e16f81c302afb9750fc99c3,.npz,reference_data
reference_data/experiment_benchmark/oa_mae_revision/predictions/unet_s2/SCN_kig_0065_probability.npz,32972,2310a5c8427cd97838a231621061e0804a5ba6bd1979fbbc225cee3035a293de,.npz,reference_data
reference_data/experiment_benchmark/oa_mae_revision/predictions/unet_s2/SCN_kig_0066_binary.npz,524,9996d235b5bfb8f2770449e6130ded67cb94457ec4922e6f09842d107ede9f1a,.npz,reference_data
reference_data/experiment_benchmark/oa_mae_revision/predictions/unet_s2/SCN_kig_0066_probability.npz,32761,d572bf1f9e9fcd35be843d2aaaea4d80074093ca78384b499ea5a14c7a1faa61,.npz,reference_data
reference_data/experiment_benchmark/oa_mae_revision/predictions/unet_s2/SCN_kig_0067_binary.npz,690,be10a12537d0a5758976f53a8e70ce7312006d53208f9e14efcc5e514daf68ec,.npz,reference_data
reference_data/experiment_benchmark/oa_mae_revision/predictions/unet_s2/SCN_kig_0067_probability.npz,32995,c813b64a3bcdccc7adcad1fbaaf94e7593670d449622feafa580126e193bdca8,.npz,reference_data
reference_data/experiment_benchmark/oa_mae_revision/predictions/unet_s2/SCN_kig_0068_binary.npz,750,474d5de3587e663dc448fe393767ac66d380c111ca0e9bc5ccf2ec995c1854fc,.npz,reference_data
reference_data/experiment_benchmark/oa_mae_revision/predictions/unet_s2/SCN_kig_0068_probability.npz,32999,2fd27b05b0689380152cbcf29efe604fe51e0d03bab2d666c6f2adf2d3bb9051,.npz,reference_data
reference_data/experiment_benchmark/oa_mae_revision/predictions/unet_s2/SCN_kig_0069_binary.npz,499,0deb3e4bc507776ed1f703ce2ed6db7e50e9bb48685ac0d4353cd2ed3d58636b,.npz,reference_data
reference_data/experiment_benchmark/oa_mae_revision/predictions/unet_s2/SCN_kig_0069_probability.npz,32768,a567fae5e826bc451caf9a27c19999ea29e0bd6466eeeb71b0f613a9797dc686,.npz,reference_data
reference_data/experiment_benchmark/oa_mae_revision/predictions/unet_s2/SCN_yao_0058_binary.npz,990,0f7a2f7ba2bb5d3f37dce157451213c8b6b360a23ce2e9f8f44473502b90024d,.npz,reference_data
reference_data/experiment_benchmark/oa_mae_revision/predictions/unet_s2/SCN_yao_0058_probability.npz,33066,c9af67522da88325d41f8c0923b3a7bae687273f82916ed5e20eb706d9deb442,.npz,reference_data
reference_data/experiment_benchmark/oa_mae_revision/predictions/unet_s2/SCN_yao_0059_binary.npz,875,697235bbc7e75e2d6d77b684ddbcbe79767eaaf317e43410fd56104c25bb2703,.npz,reference_data
reference_data/experiment_benchmark/oa_mae_revision/predictions/unet_s2/SCN_yao_0059_probability.npz,33070,ff04edaee99eabc82c74da1d547c1cc0f080f00787821df73d13c500e19beaf8,.npz,reference_data
reference_data/experiment_benchmark/oa_mae_revision/predictions/unet_s2/SCN_yao_0060_binary.npz,594,f1015e6ba6c5a3146b55f1e6e2a62f9a3d8dbc93654e657e367ea8de70bd55d2,.npz,reference_data
reference_data/experiment_benchmark/oa_mae_revision/predictions/unet_s2/SCN_yao_0060_probability.npz,32791,050b6a8fb3fa367d60e3d9581ad05bd8ebf8d804e8fc29ec869ffd094301c972,.npz,reference_data
reference_data/experiment_benchmark/oa_mae_revision/predictions/unet_s2/SCN_yao_0061_binary.npz,583,4d9ebbc065d4d1b2d6aaac1362a9a210d6e3c7fea5cc8fe4079a690ce2180d7e,.npz,reference_data
reference_data/experiment_benchmark/oa_mae_revision/predictions/unet_s2/SCN_yao_0061_probability.npz,32812,88f977e34e65ae0a5c673850ddd241453d7ad81de6996280bfd638a34869aa4b,.npz,reference_data
reference_data/experiment_benchmark/oa_mae_revision/predictions/unet_s2/SCN_yao_0062_binary.npz,870,3e3d26cad2f105914b2d78660aa3f1de67ec17afa0927bbcb05361cf05eb80dc,.npz,reference_data
reference_data/experiment_benchmark/oa_mae_revision/predictions/unet_s2/SCN_yao_0062_probability.npz,33032,3e0e903889a042786beb225b4893aa428867901ca27195b2e03f966be7adbf6e,.npz,reference_data
reference_data/experiment_benchmark/oa_mae_revision/predictions/unet_s2/SCN_yao_0063_binary.npz,497,45de4119d45c19e2e63cc6284f7b4e176d782b88161ce73ceccd841037463e7f,.npz,reference_data
reference_data/experiment_benchmark/oa_mae_revision/predictions/unet_s2/SCN_yao_0063_probability.npz,32750,99d2ccf22d8cdd223221668ca7532c248a33c5e8cf531c87222b150c02340caa,.npz,reference_data
reference_data/experiment_benchmark/oa_mae_revision/predictions/unet_s2/SCN_yao_0064_binary.npz,956,e2c804e0b3187c8af8231dc5e93da68ff10eba3e7ebd43e8768dd8860b9d68a9,.npz,reference_data
reference_data/experiment_benchmark/oa_mae_revision/predictions/unet_s2/SCN_yao_0064_probability.npz,33091,88526a94f5f3ad7a6c6f044de397338cfa43c557e7c29ea0cca0023edfadf0ca,.npz,reference_data
reference_data/experiment_benchmark/oa_mae_revision/predictions/unet_s2/SCN_yao_0065_binary.npz,777,96d81a1ddc0a49331963ef47dd9eec36b30b14d0b691e40701d77c58a274f1c2,.npz,reference_data
reference_data/experiment_benchmark/oa_mae_revision/predictions/unet_s2/SCN_yao_0065_probability.npz,33002,6689769fadba8e21700223bf76b661cb656bdc05d44a468c8bd01f1b03a22bb7,.npz,reference_data
reference_data/experiment_benchmark/oa_mae_revision/predictions/unet_s2/SCN_yao_0066_binary.npz,582,8f0064c314a1ed20927d28939495d7de2b595a9a37e67aa14eb0ed46d7b12240,.npz,reference_data
reference_data/experiment_benchmark/oa_mae_revision/predictions/unet_s2/SCN_yao_0066_probability.npz,32758,ca49ee8efd93510c8eb8d2bcf4b756cc79f3acc55f49057c8b86f09d28b6b6ec,.npz,reference_data
reference_data/experiment_benchmark/oa_mae_revision/predictions/unet_s2/SCN_yao_0067_binary.npz,992,d33804846323952c3ea5e76ebce9766b5c3b56b3a184e48699632a8771edbb82,.npz,reference_data
reference_data/experiment_benchmark/oa_mae_revision/predictions/unet_s2/SCN_yao_0067_probability.npz,33075,2f3d5f9ebb9a68b42cd754edc7c242a25988104903c4871670b7dd50d9d2449b,.npz,reference_data
reference_data/experiment_benchmark/oa_mae_revision/predictions/unet_s2/SCN_yao_0068_binary.npz,610,e3b33907550abca937982bf912b288ab2538327a714778d40eb35a606b855a92,.npz,reference_data
reference_data/experiment_benchmark/oa_mae_revision/predictions/unet_s2/SCN_yao_0068_probability.npz,32855,8f7b5c5abd71ecbd9182f6f5acdd38938c2bdb159ac49148ea247dec314dd97e,.npz,reference_data
reference_data/experiment_benchmark/oa_mae_revision/predictions/unet_s2/SCN_yao_0069_binary.npz,530,69378d232152e5065c48eafd906dc9924515aa283c6eb98d78a64ce6d6bdfeee,.npz,reference_data
reference_data/experiment_benchmark/oa_mae_revision/predictions/unet_s2/SCN_yao_0069_probability.npz,32757,677befc568a1560a3d3fcfe85aa35506a877521f069ad51ee08c871e16812956,.npz,reference_data
reference_data/experiment_benchmark/oa_mae_revision/qualitative/cases/failure_SCN_kig_0066/binary_CROMA.npz,459,ec5f877a88c9c768408b158385d15bde6673d25d119fbe08a9826d45b215f78f,.npz,reference_data
reference_data/experiment_benchmark/oa_mae_revision/qualitative/cases/failure_SCN_kig_0066/binary_OA_MAE.npz,478,b129e64b4ddcce19b32ff64eac67ba5443f06ce94c0b9944ab722e270183f24f,.npz,reference_data
reference_data/experiment_benchmark/oa_mae_revision/qualitative/cases/failure_SCN_kig_0066/binary_UNet_S1S2.npz,485,bcf2198bf2a8d7e34b7a6aaae9b9b9fd836c8fb2fa32abf55accb4466421a6b2,.npz,reference_data
reference_data/experiment_benchmark/oa_mae_revision/qualitative/cases/failure_SCN_kig_0066/binary_UNet_S2.npz,524,9996d235b5bfb8f2770449e6130ded67cb94457ec4922e6f09842d107ede9f1a,.npz,reference_data
reference_data/experiment_benchmark/oa_mae_revision/qualitative/cases/failure_SCN_kig_0066/probability_CROMA.npz,32727,bfad2ae646b52fd9a1bde008d91a787f5bbeb056657af1a9d409c0467cc37f65,.npz,reference_data
reference_data/experiment_benchmark/oa_mae_revision/qualitative/cases/failure_SCN_kig_0066/probability_OA_MAE.npz,32728,964e8dacf6deef3a45b89bc14862280cd7d884018d78b97dab2dfc9b51f9e01b,.npz,reference_data
reference_data/experiment_benchmark/oa_mae_revision/qualitative/cases/failure_SCN_kig_0066/probability_UNet_S1S2.npz,32725,fad6d7564a83244e39d37a47fb06238e73d80ac2ade392ac112276753e31853b,.npz,reference_data
reference_data/experiment_benchmark/oa_mae_revision/qualitative/cases/failure_SCN_kig_0066/probability_UNet_S2.npz,32761,d572bf1f9e9fcd35be843d2aaaea4d80074093ca78384b499ea5a14c7a1faa61,.npz,reference_data
reference_data/experiment_benchmark/oa_mae_revision/qualitative/cases/failure_SCN_kig_0066/shared_scene.npz,365693,f09e42c68ca1a5773916c67d9387baa27f7277f552c50c519646d8434b1cda9e,.npz,reference_data
reference_data/experiment_benchmark/oa_mae_revision/qualitative/cases/median_gain_SCN_kig_0069/binary_CROMA.npz,464,00aabe2202174ce4704b63dcb95b45273e0a38bb9be2db355956943478c7d9cf,.npz,reference_data
reference_data/experiment_benchmark/oa_mae_revision/qualitative/cases/median_gain_SCN_kig_0069/binary_OA_MAE.npz,447,0ff7058c6937234c834bb4e6b4fb42f81517d7577a64135adb1cc95c1bd699ee,.npz,reference_data
reference_data/experiment_benchmark/oa_mae_revision/qualitative/cases/median_gain_SCN_kig_0069/binary_UNet_S1S2.npz,491,3d2c5be5765978b5bc15b213d07f212bac1281b4b22fc3d13b72aec3573657b9,.npz,reference_data
reference_data/experiment_benchmark/oa_mae_revision/qualitative/cases/median_gain_SCN_kig_0069/binary_UNet_S2.npz,499,0deb3e4bc507776ed1f703ce2ed6db7e50e9bb48685ac0d4353cd2ed3d58636b,.npz,reference_data
reference_data/experiment_benchmark/oa_mae_revision/qualitative/cases/median_gain_SCN_kig_0069/probability_CROMA.npz,32725,d049012c1ecebd6bdb3affa215c5cf04a9fcbe5eec471d232869b1e977daf278,.npz,reference_data
reference_data/experiment_benchmark/oa_mae_revision/qualitative/cases/median_gain_SCN_kig_0069/probability_OA_MAE.npz,32701,bb6e2562621430a6c1d88588f7ede149c3a8b7da2d4aaa5f1ccdfdd18e160831,.npz,reference_data
reference_data/experiment_benchmark/oa_mae_revision/qualitative/cases/median_gain_SCN_kig_0069/probability_UNet_S1S2.npz,32714,cf0859ac9a5f82280f3399847411a6547ae6ff5302ab759318d8c46440a4cbae,.npz,reference_data
reference_data/experiment_benchmark/oa_mae_revision/qualitative/cases/median_gain_SCN_kig_0069/probability_UNet_S2.npz,32768,a567fae5e826bc451caf9a27c19999ea29e0bd6466eeeb71b0f613a9797dc686,.npz,reference_data
reference_data/experiment_benchmark/oa_mae_revision/qualitative/cases/median_gain_SCN_kig_0069/shared_scene.npz,370414,1f80b935dcf2a6af2a8682906449d26abe0dca79eab25b92b88cd65c00ebb994,.npz,reference_data
reference_data/experiment_benchmark/oa_mae_revision/qualitative/cases/p75_gain_SCN_dak_0067/binary_CROMA.npz,477,79a24e488c90318e7c6730b064cb22888730bd4e94697dda6ae0f21a8f55db22,.npz,reference_data
reference_data/experiment_benchmark/oa_mae_revision/qualitative/cases/p75_gain_SCN_dak_0067/binary_OA_MAE.npz,450,63aa0df0e7b08619d7562dc26136af8a5e5dc3f146231c77308c5eeeeb3ffb89,.npz,reference_data
reference_data/experiment_benchmark/oa_mae_revision/qualitative/cases/p75_gain_SCN_dak_0067/binary_UNet_S1S2.npz,482,45c4d73e0b797c3847b39ccd7b07cd71d57ad5eccadb4864c9731b2730ff9c52,.npz,reference_data
reference_data/experiment_benchmark/oa_mae_revision/qualitative/cases/p75_gain_SCN_dak_0067/binary_UNet_S2.npz,478,020a7b2cefe3d64fbd827c2a24aded012a4f15698b375ca4bb9c45d2b9181343,.npz,reference_data
reference_data/experiment_benchmark/oa_mae_revision/qualitative/cases/p75_gain_SCN_dak_0067/probability_CROMA.npz,32718,08a3490dc8323a0b5edecc82a9c2e876550b48cf3eff14d4fda52332b01362e2,.npz,reference_data
reference_data/experiment_benchmark/oa_mae_revision/qualitative/cases/p75_gain_SCN_dak_0067/probability_OA_MAE.npz,32714,337b14ed178033591325d986f52fa0e1924d8d7fceca7978bc88a8d46ba2dc4d,.npz,reference_data
reference_data/experiment_benchmark/oa_mae_revision/qualitative/cases/p75_gain_SCN_dak_0067/probability_UNet_S1S2.npz,32730,225b78229aca5ea747218050d50c21322961afbf4d756d8e9bdf5878a03bd4ae,.npz,reference_data
reference_data/experiment_benchmark/oa_mae_revision/qualitative/cases/p75_gain_SCN_dak_0067/probability_UNet_S2.npz,32737,00faa606f1d074a8f79011e08cbbaa4aa2a5a1d73fb14c970cb86679476352ff,.npz,reference_data
reference_data/experiment_benchmark/oa_mae_revision/qualitative/cases/p75_gain_SCN_dak_0067/shared_scene.npz,355866,1a5775da55afa3e452a019ee29394144a0e2e935085014a6d4085c3d698a2d83,.npz,reference_data
reference_data/experiment_benchmark/oa_mae_revision/qualitative/cases.csv,655,a4978f012dc90176b35e3d8c8cb48570f997456a5ab9c02083d24f7446358ffa,.csv,reference_data
reference_data/experiment_benchmark/oa_mae_revision/runs/logs/run_SCN_CROMA_fold_Dakar_K10_s1.jsonl,7006,2e9c163425dd5c894cc2bd17092037523a683cc82dccdfe8ae6f7b204825bc9d,.jsonl,reference_data
reference_data/experiment_benchmark/oa_mae_revision/runs/logs/run_SCN_CROMA_fold_Dakar_K10_s10.jsonl,7027,1bfa0f82f0aaf99a56010bdd7fa1af6817fda24358ba819c952ceafbe303f1a9,.jsonl,reference_data
reference_data/experiment_benchmark/oa_mae_revision/runs/logs/run_SCN_CROMA_fold_Dakar_K10_s2.jsonl,7021,94c02aad0ba6f2fb46479d0dedc5ff530f5a90849703885a2acbd902a504d792,.jsonl,reference_data
reference_data/experiment_benchmark/oa_mae_revision/runs/logs/run_SCN_CROMA_fold_Dakar_K10_s3.jsonl,7026,4032ae0063beb730bb3855f80d565c157fd36bd66079826331f40ccc7e38cee4,.jsonl,reference_data
reference_data/experiment_benchmark/oa_mae_revision/runs/logs/run_SCN_CROMA_fold_Dakar_K10_s4.jsonl,7021,bb96709c4126012f3ff27d3ac5f373f4785ca1529b81c8402fb04743144f67fe,.jsonl,reference_data
reference_data/experiment_benchmark/oa_mae_revision/runs/logs/run_SCN_CROMA_fold_Dakar_K10_s5.jsonl,7028,59637887ecb29d74391fbb8365d8a625a6956ea00b882fb4cc3bbe935faf9fe9,.jsonl,reference_data
reference_data/experiment_benchmark/oa_mae_revision/runs/logs/run_SCN_CROMA_fold_Dakar_K10_s6.jsonl,7026,633ac45aa2ce0d8a78c74a057cb5248b9df5b083cbd18b7ffcf59dcd5a528af2,.jsonl,reference_data
reference_data/experiment_benchmark/oa_mae_revision/runs/logs/run_SCN_CROMA_fold_Dakar_K10_s7.jsonl,7017,3610e0697c60bb83fd0ffe4245f8e6bd93371b5e351fddc37716cc8d0bcb55c3,.jsonl,reference_data
reference_data/experiment_benchmark/oa_mae_revision/runs/logs/run_SCN_CROMA_fold_Dakar_K10_s8.jsonl,7021,5f79051a287142bb2c130a44f53a69062d80bc4a09f1b46962be16f93bc7231a,.jsonl,reference_data
reference_data/experiment_benchmark/oa_mae_revision/runs/logs/run_SCN_CROMA_fold_Dakar_K10_s9.jsonl,7011,f112b05602194d28d9c673dd06ec34069f0efcf874a2766b09836533e44454aa,.jsonl,reference_data
reference_data/experiment_benchmark/oa_mae_revision/runs/logs/run_SCN_CROMA_fold_Dakar_K25_s1.jsonl,7024,97f838ee8a3d813cca051eca56dc82f7a51a269381b416db86710c4848358e00,.jsonl,reference_data
reference_data/experiment_benchmark/oa_mae_revision/runs/logs/run_SCN_CROMA_fold_Dakar_K25_s10.jsonl,7023,6ed6cf360cd7941c4c9c3d1b9c12b3d4285bd970354aaf4be8b05e265aea3314,.jsonl,reference_data
reference_data/experiment_benchmark/oa_mae_revision/runs/logs/run_SCN_CROMA_fold_Dakar_K25_s2.jsonl,7025,754df64f1fc09f9796f7cc130b81867a08a3bf341e7cc66d9d8401860c444f07,.jsonl,reference_data
reference_data/experiment_benchmark/oa_mae_revision/runs/logs/run_SCN_CROMA_fold_Dakar_K25_s3.jsonl,7028,01909327f72cad3eb6878d7333b03ee1239a7e155961cfec6c8487618f67f85b,.jsonl,reference_data
reference_data/experiment_benchmark/oa_mae_revision/runs/logs/run_SCN_CROMA_fold_Dakar_K25_s4.jsonl,7014,971ec4e0b70b901916f4efe3b5aea9d8eef06ccfd2896866496e5fb7cbbdca18,.jsonl,reference_data
reference_data/experiment_benchmark/oa_mae_revision/runs/logs/run_SCN_CROMA_fold_Dakar_K25_s5.jsonl,7026,2c8b24710de91d9e4be1a4c794a6bab509652d9d851cf68650203fd4b4fe432d,.jsonl,reference_data
reference_data/experiment_benchmark/oa_mae_revision/runs/logs/run_SCN_CROMA_fold_Dakar_K25_s6.jsonl,7021,e0aca1d807a68c66843fc685237fced21a4585b89906c7151aeac5445784a6b1,.jsonl,reference_data
reference_data/experiment_benchmark/oa_mae_revision/runs/logs/run_SCN_CROMA_fold_Dakar_K25_s7.jsonl,7005,b813d1e3128b8b4e6836835eb03b94a0707bd3af3a755ee9b2362ebdc845b2c6,.jsonl,reference_data
reference_data/experiment_benchmark/oa_mae_revision/runs/logs/run_SCN_CROMA_fold_Dakar_K25_s8.jsonl,7028,7e2cc5c58faf9e2beb873bd31bfdac6a9a2f8be1c3c6c10c87e88ba3f673f103,.jsonl,reference_data
reference_data/experiment_benchmark/oa_mae_revision/runs/logs/run_SCN_CROMA_fold_Dakar_K25_s9.jsonl,7014,b7b50d8ee78669f56d88eb8e3f9ed752e51b7827313d11de5f2b447fb438ca12,.jsonl,reference_data
reference_data/experiment_benchmark/oa_mae_revision/runs/logs/run_SCN_CROMA_fold_Dakar_K50_s1.jsonl,7021,609e156062162e18caa26c401345ea7c67665514f9be7678242000c21fbef0d9,.jsonl,reference_data
reference_data/experiment_benchmark/oa_mae_revision/runs/logs/run_SCN_CROMA_fold_Dakar_K50_s10.jsonl,7011,dab76de0f547a87dda0b6797504716dc9359d665247a22fc92f5b603a2c89bd7,.jsonl,reference_data
reference_data/experiment_benchmark/oa_mae_revision/runs/logs/run_SCN_CROMA_fold_Dakar_K50_s2.jsonl,7021,73b614898a5a576709ab9c55c0586bc7ee37ed6a2f16a1edfc490a2398d7770c,.jsonl,reference_data
reference_data/experiment_benchmark/oa_mae_revision/runs/logs/run_SCN_CROMA_fold_Dakar_K50_s3.jsonl,7000,26d2b31430437c1f54b3164bb99196a7b33d26fc11781a47772f1fb850c3ba61,.jsonl,reference_data
reference_data/experiment_benchmark/oa_mae_revision/runs/logs/run_SCN_CROMA_fold_Dakar_K50_s4.jsonl,7026,efd460df00fddec65aeeef09fe0a5474e1734094317e1b58b49a9a94407747ad,.jsonl,reference_data
reference_data/experiment_benchmark/oa_mae_revision/runs/logs/run_SCN_CROMA_fold_Dakar_K50_s5.jsonl,7023,431a595a3e038c1cda45ea540c8dfe80d8c7808b1eb805fee741efc9d6f13bf7,.jsonl,reference_data
reference_data/experiment_benchmark/oa_mae_revision/runs/logs/run_SCN_CROMA_fold_Dakar_K50_s6.jsonl,7025,fb46d5a951d355971dc7e5544c2f33851854cf2efcca6e0fcfb8ed41ccb821d7,.jsonl,reference_data
reference_data/experiment_benchmark/oa_mae_revision/runs/logs/run_SCN_CROMA_fold_Dakar_K50_s7.jsonl,7013,49eabc24b768eee5651d716dca96acf20f2ab297c8886a9d78b9507c81fc4495,.jsonl,reference_data
reference_data/experiment_benchmark/oa_mae_revision/runs/logs/run_SCN_CROMA_fold_Dakar_K50_s8.jsonl,7024,45b66ef70a37072ad0a4af66d531668c513aaa2e059b6ad00aff9b66ec756a54,.jsonl,reference_data
reference_data/experiment_benchmark/oa_mae_revision/runs/logs/run_SCN_CROMA_fold_Dakar_K50_s9.jsonl,7024,bfec4bee057f6364dd1ca9e50aff72b1568728b60f46a999e1b771fbf40dfd47,.jsonl,reference_data
reference_data/experiment_benchmark/oa_mae_revision/runs/logs/run_SCN_CROMA_fold_DarEsSalaam_K10_s1.jsonl,7036,47653c3cf25c303ee959dfc2772ab4010fe1800e9807dec34e713d88b13c97a3,.jsonl,reference_data
reference_data/experiment_benchmark/oa_mae_revision/runs/logs/run_SCN_CROMA_fold_DarEsSalaam_K10_s10.jsonl,7039,26ba4ee723ed092fb19aaaf4360653625034cf68fb854f013351d4019afc30fa,.jsonl,reference_data
reference_data/experiment_benchmark/oa_mae_revision/runs/logs/run_SCN_CROMA_fold_DarEsSalaam_K10_s2.jsonl,7038,5a75b87a0367f5b67e5690466c5a535b645f631b92ec939aa31b3a7a41be7890,.jsonl,reference_data
reference_data/experiment_benchmark/oa_mae_revision/runs/logs/run_SCN_CROMA_fold_DarEsSalaam_K10_s3.jsonl,7032,b9b2c1dccf728181ec0cca1678135398986285f894c0daf98d6e94901772f943,.jsonl,reference_data
reference_data/experiment_benchmark/oa_mae_revision/runs/logs/run_SCN_CROMA_fold_DarEsSalaam_K10_s4.jsonl,7037,2b5123d91161639d689f2370b4f6700f0acf8288ff4fda0ec39ca0882d0f0155,.jsonl,reference_data
reference_data/experiment_benchmark/oa_mae_revision/runs/logs/run_SCN_CROMA_fold_DarEsSalaam_K10_s5.jsonl,7036,1210b499a5a60a1eb96f32aec4d8f17d3608574a7fce9222802e4cde19d19d6c,.jsonl,reference_data
reference_data/experiment_benchmark/oa_mae_revision/runs/logs/run_SCN_CROMA_fold_DarEsSalaam_K10_s6.jsonl,7035,88a951da49feb52befa89cae555a1423ff0e070377c4183e0ee7e8c11e876bdb,.jsonl,reference_data
reference_data/experiment_benchmark/oa_mae_revision/runs/logs/run_SCN_CROMA_fold_DarEsSalaam_K10_s7.jsonl,7035,555ea8200ff0f16f669c0ef9f0496ec132b295b18240db02a3aceffc0a4e8595,.jsonl,reference_data
reference_data/experiment_benchmark/oa_mae_revision/runs/logs/run_SCN_CROMA_fold_DarEsSalaam_K10_s8.jsonl,7039,e352149f23d62463143e8b305570e17bbd82c395c64d3570bf5f2e58b37927a0,.jsonl,reference_data
reference_data/experiment_benchmark/oa_mae_revision/runs/logs/run_SCN_CROMA_fold_DarEsSalaam_K10_s9.jsonl,7037,e9c7f40051efcb04cb504d99e861666a033109ec665d0c695180bcdfee5143b2,.jsonl,reference_data
reference_data/experiment_benchmark/oa_mae_revision/runs/logs/run_SCN_CROMA_fold_DarEsSalaam_K25_s1.jsonl,7041,b9806cfdcc6ed30b268ee8498f709911356b1589ad814a7f52b2497ff3d4dca9,.jsonl,reference_data
reference_data/experiment_benchmark/oa_mae_revision/runs/logs/run_SCN_CROMA_fold_DarEsSalaam_K25_s10.jsonl,7039,6872db3c9f4383c26ed27c10f72bfb7ef0be245c2254a206c37f27a510b29377,.jsonl,reference_data
reference_data/experiment_benchmark/oa_mae_revision/runs/logs/run_SCN_CROMA_fold_DarEsSalaam_K25_s2.jsonl,7011,f925f043eaa7e51113aea08f9a4b7e145ee617ef93be3f48cd01c5917f936582,.jsonl,reference_data
reference_data/experiment_benchmark/oa_mae_revision/runs/logs/run_SCN_CROMA_fold_DarEsSalaam_K25_s3.jsonl,7036,324ca8f2b893c776ca59ea89ed1ab57ea7360c19e9728f483315c6c86aa7d558,.jsonl,reference_data
reference_data/experiment_benchmark/oa_mae_revision/runs/logs/run_SCN_CROMA_fold_DarEsSalaam_K25_s4.jsonl,7026,1cfa12de1ae1476ef943a0c8ee5be712a224d58c2eaa9e0ade8e4a03b9480e7b,.jsonl,reference_data
reference_data/experiment_benchmark/oa_mae_revision/runs/logs/run_SCN_CROMA_fold_DarEsSalaam_K25_s5.jsonl,7038,50c798c1508dcb1f2ac890b777fab5df964fb2aac9a4ea2100f10d18ef111d3d,.jsonl,reference_data
reference_data/experiment_benchmark/oa_mae_revision/runs/logs/run_SCN_CROMA_fold_DarEsSalaam_K25_s6.jsonl,7041,56f3a7bc29e18b650214614039c006dc82f5b58c2858236370f6da3cf7e69b67,.jsonl,reference_data
reference_data/experiment_benchmark/oa_mae_revision/runs/logs/run_SCN_CROMA_fold_DarEsSalaam_K25_s7.jsonl,7036,ab01feb2c60ee813a014d6bf48af47f201a669cfe297da028d0ec041c9ea6c7e,.jsonl,reference_data
reference_data/experiment_benchmark/oa_mae_revision/runs/logs/run_SCN_CROMA_fold_DarEsSalaam_K25_s8.jsonl,7035,a3414acebf658f394164b8bd70f8d06fad86991db0183d68e309edef5ef27efb,.jsonl,reference_data
reference_data/experiment_benchmark/oa_mae_revision/runs/logs/run_SCN_CROMA_fold_DarEsSalaam_K25_s9.jsonl,7040,069fec89398678c115e4304aacbb329f02b9b1dc6219f8891aaaa2e37fde294d,.jsonl,reference_data
reference_data/experiment_benchmark/oa_mae_revision/runs/logs/run_SCN_CROMA_fold_DarEsSalaam_K50_s1.jsonl,7035,9a3c974e5ad90803aa396a743b8e8ffd5aefb0a8b80c8cb0000a109094737857,.jsonl,reference_data
reference_data/experiment_benchmark/oa_mae_revision/runs/logs/run_SCN_CROMA_fold_DarEsSalaam_K50_s10.jsonl,7036,36cdc878c23b9bbaf065dc74ccdd54c0c121b96a8ebc5e8ae1615b7d3aba0b28,.jsonl,reference_data
reference_data/experiment_benchmark/oa_mae_revision/runs/logs/run_SCN_CROMA_fold_DarEsSalaam_K50_s2.jsonl,7036,958aeb43cee255704d48982335c0a5e8aa85468ee9db1e9a2ae77599a2aac94d,.jsonl,reference_data
reference_data/experiment_benchmark/oa_mae_revision/runs/logs/run_SCN_CROMA_fold_DarEsSalaam_K50_s3.jsonl,7040,adf36f04d15abac0097d117e06b93dc79cee18b32755e6bb09548905e4e8ed2d,.jsonl,reference_data
reference_data/experiment_benchmark/oa_mae_revision/runs/logs/run_SCN_CROMA_fold_DarEsSalaam_K50_s4.jsonl,7037,5a6ecea6cfe09dc8a961f257b69560099f6b1a5538ae36d0b2b7fafb18876e32,.jsonl,reference_data
reference_data/experiment_benchmark/oa_mae_revision/runs/logs/run_SCN_CROMA_fold_DarEsSalaam_K50_s5.jsonl,7018,60ccef85b67641dd9b129e6f15be56fb1ebd80587d78c04716312e2e6be6e901,.jsonl,reference_data
reference_data/experiment_benchmark/oa_mae_revision/runs/logs/run_SCN_CROMA_fold_DarEsSalaam_K50_s6.jsonl,7036,c5566a1610d58e3fd7ee7c7a314ba782f24387acead707c1fcff611e7db817fd,.jsonl,reference_data
reference_data/experiment_benchmark/oa_mae_revision/runs/logs/run_SCN_CROMA_fold_DarEsSalaam_K50_s7.jsonl,7034,32f643fcce53291dd5dd1fda74a066de89daca7fa3a8a13d575505f87e1c984e,.jsonl,reference_data
reference_data/experiment_benchmark/oa_mae_revision/runs/logs/run_SCN_CROMA_fold_DarEsSalaam_K50_s8.jsonl,7033,6eebfd95434118be62f73e711f78c5a4bfc3eb8403fa323c9f6108c064fc420e,.jsonl,reference_data
reference_data/experiment_benchmark/oa_mae_revision/runs/logs/run_SCN_CROMA_fold_DarEsSalaam_K50_s9.jsonl,7036,843ce66f6f16d329b6f3df82a65522d605a82cf90dc097d57e51c467ee6250b1,.jsonl,reference_data
reference_data/experiment_benchmark/oa_mae_revision/runs/logs/run_SCN_CROMA_fold_Douala_K10_s1.jsonl,7015,80320e6fe497025f9e4778c3b57a8699bde4d9946934ddd4e05a560146408ad3,.jsonl,reference_data
reference_data/experiment_benchmark/oa_mae_revision/runs/logs/run_SCN_CROMA_fold_Douala_K10_s10.jsonl,7022,d29afb029ec7484b2bfdc7f0fd4dd9cd1d70d42ca4b7d6264e0292b397b63573,.jsonl,reference_data
reference_data/experiment_benchmark/oa_mae_revision/runs/logs/run_SCN_CROMA_fold_Douala_K10_s2.jsonl,7023,dc9aaa87b5026edc8dd616cd598f47de56e3697dd5734990487d942790b90000,.jsonl,reference_data
reference_data/experiment_benchmark/oa_mae_revision/runs/logs/run_SCN_CROMA_fold_Douala_K10_s3.jsonl,7029,b61d74c31766e9742e6de06d1363a02a8f3e7898adbb1f0ef278bcad156540d7,.jsonl,reference_data
reference_data/experiment_benchmark/oa_mae_revision/runs/logs/run_SCN_CROMA_fold_Douala_K10_s4.jsonl,7025,1a544e369962a7895e7f7a359c13e6557248571e9769997a2aa94688785bca6f,.jsonl,reference_data
reference_data/experiment_benchmark/oa_mae_revision/runs/logs/run_SCN_CROMA_fold_Douala_K10_s5.jsonl,7024,be219b794f2712079b363b236fedd4bfaf97d7ff81e7a5ef9bdb6a437d17c518,.jsonl,reference_data
reference_data/experiment_benchmark/oa_mae_revision/runs/logs/run_SCN_CROMA_fold_Douala_K10_s6.jsonl,7028,f60b2a7ceabbdfa0fde7bda54cc897863e478f74a05eae9b0ac4216ad6970e94,.jsonl,reference_data
reference_data/experiment_benchmark/oa_mae_revision/runs/logs/run_SCN_CROMA_fold_Douala_K10_s7.jsonl,7009,0a95e9445acfdc2cd6ed43c7db4e2d0e709148746bce33faeb92336fe3865561,.jsonl,reference_data
reference_data/experiment_benchmark/oa_mae_revision/runs/logs/run_SCN_CROMA_fold_Douala_K10_s8.jsonl,7031,b58c67b5122abda8cd111572fb85e0c953d9b49951ca2fcd5d1db5d5bb5fda24,.jsonl,reference_data
reference_data/experiment_benchmark/oa_mae_revision/runs/logs/run_SCN_CROMA_fold_Douala_K10_s9.jsonl,7024,2ba7e7af8772cf566a383f4f2709a5140e299bdfaeb7cf1a0f0d7e743953710d,.jsonl,reference_data
reference_data/experiment_benchmark/oa_mae_revision/runs/logs/run_SCN_CROMA_fold_Douala_K25_s1.jsonl,7026,83631ec1a11ddf8e9bbf9f47bb2e0909d377cdf2007137b859d4b6652fe7fc8a,.jsonl,reference_data
reference_data/experiment_benchmark/oa_mae_revision/runs/logs/run_SCN_CROMA_fold_Douala_K25_s10.jsonl,7034,f5e4824b86a12940d06067cf9ed713f5d62d9c5eeab4ec5b115570009a7d6bf5,.jsonl,reference_data
reference_data/experiment_benchmark/oa_mae_revision/runs/logs/run_SCN_CROMA_fold_Douala_K25_s2.jsonl,7027,c4709188d480d4cd73f9323dbabcb1df9950d1b10dfc0bb7a90be1d172320ee7,.jsonl,reference_data
reference_data/experiment_benchmark/oa_mae_revision/runs/logs/run_SCN_CROMA_fold_Douala_K25_s3.jsonl,7021,8d4b98945168ccd7d68b93fc8daa5ab417bfe32d986dd8ea96ca89f8f7e03ecc,.jsonl,reference_data
reference_data/experiment_benchmark/oa_mae_revision/runs/logs/run_SCN_CROMA_fold_Douala_K25_s4.jsonl,7021,934417ab64c7bc2a5ff2b895c0eb8a1f9a9d3c068a0734eec68842088916e628,.jsonl,reference_data
reference_data/experiment_benchmark/oa_mae_revision/runs/logs/run_SCN_CROMA_fold_Douala_K25_s5.jsonl,7024,8ab8d49f05a278452bd89950569877f2351970d8a6b1e248f228b35a57e55e9c,.jsonl,reference_data
reference_data/experiment_benchmark/oa_mae_revision/runs/logs/run_SCN_CROMA_fold_Douala_K25_s6.jsonl,7021,a5741a00b667a446a039e8060569b9b63331cbed73e890de062c558cfb0c5101,.jsonl,reference_data
reference_data/experiment_benchmark/oa_mae_revision/runs/logs/run_SCN_CROMA_fold_Douala_K25_s7.jsonl,7014,c3dcaec43633d48a7a1289f49a131bc83059237601ad0bf485884addefeff5da,.jsonl,reference_data
reference_data/experiment_benchmark/oa_mae_revision/runs/logs/run_SCN_CROMA_fold_Douala_K25_s8.jsonl,7028,90c9407c8f4e22c2f2ce688e4f93b9900237a092ca1a9b68a0012a2ec110a8d8,.jsonl,reference_data
reference_data/experiment_benchmark/oa_mae_revision/runs/logs/run_SCN_CROMA_fold_Douala_K25_s9.jsonl,7025,8b4188f03b512d90564d5ec64437ca58e7d9daabf978fcb8d70f13e4e95bf7a9,.jsonl,reference_data
reference_data/experiment_benchmark/oa_mae_revision/runs/logs/run_SCN_CROMA_fold_Douala_K50_s1.jsonl,7018,4194e5e3e3a11e39b5828696210f6c54fcd6f7ef1d4568df3c77174470e67f53,.jsonl,reference_data
reference_data/experiment_benchmark/oa_mae_revision/runs/logs/run_SCN_CROMA_fold_Douala_K50_s10.jsonl,7008,4a2ed897e823ca95d4c6719614bdbce9c6d0d3610446b99211e61466351e7515,.jsonl,reference_data
reference_data/experiment_benchmark/oa_mae_revision/runs/logs/run_SCN_CROMA_fold_Douala_K50_s2.jsonl,7015,5359b4f8d124e2d7a4c39e71dc63dc6cf1ac660c6d8006820f9c566e86f4a679,.jsonl,reference_data
reference_data/experiment_benchmark/oa_mae_revision/runs/logs/run_SCN_CROMA_fold_Douala_K50_s3.jsonl,7030,10815f676ffa469e94e7315295074994eb2dff4d22f0671106642e0fb4920ea3,.jsonl,reference_data
reference_data/experiment_benchmark/oa_mae_revision/runs/logs/run_SCN_CROMA_fold_Douala_K50_s4.jsonl,7025,11f4e2a93f2ce22a0958958f2de55eca630af8be275028e39440103d52bfb495,.jsonl,reference_data
reference_data/experiment_benchmark/oa_mae_revision/runs/logs/run_SCN_CROMA_fold_Douala_K50_s5.jsonl,7023,770c5eb4042f23501dbb0231e530714e203626ad7f62e2fe0cb1b6e5a23c354f,.jsonl,reference_data
reference_data/experiment_benchmark/oa_mae_revision/runs/logs/run_SCN_CROMA_fold_Douala_K50_s6.jsonl,7028,6079c85e08117b879c59aa3799a20f486a8daea9c6f8a110fcc7eca7060c9e20,.jsonl,reference_data
reference_data/experiment_benchmark/oa_mae_revision/runs/logs/run_SCN_CROMA_fold_Douala_K50_s7.jsonl,7025,c8b5815ae33e8d2dd866a98212adc7bca4059b725a2ec2cccd2bcc4af991335b,.jsonl,reference_data
reference_data/experiment_benchmark/oa_mae_revision/runs/logs/run_SCN_CROMA_fold_Douala_K50_s8.jsonl,7029,8089b4b73729b1ac51798485edab691ea67a86e2b7a3eb4389cf01aef18b3da1,.jsonl,reference_data
reference_data/experiment_benchmark/oa_mae_revision/runs/logs/run_SCN_CROMA_fold_Douala_K50_s9.jsonl,7022,d29a2695b43db230bf5ec40376bb97d5db5b9b85f5a9a75592072e8e0e9a80ab,.jsonl,reference_data
reference_data/experiment_benchmark/oa_mae_revision/runs/logs/run_SCN_CROMA_fold_Garoua_K10_s1.jsonl,7028,fe464de54d2a33b3c405d0fe5a7fbfa7739bd2dec159d2f161130c6249492cf6,.jsonl,reference_data
reference_data/experiment_benchmark/oa_mae_revision/runs/logs/run_SCN_CROMA_fold_Garoua_K10_s10.jsonl,7028,50f57cc1e6092f0ff22e090d218518f04c9ed84f6c3b3c612754bca9acb5a565,.jsonl,reference_data
reference_data/experiment_benchmark/oa_mae_revision/runs/logs/run_SCN_CROMA_fold_Garoua_K10_s2.jsonl,7020,704a5f819d05d88c682d296166f2e9d31350d43d320a7fb21e12388fbcae8090,.jsonl,reference_data
reference_data/experiment_benchmark/oa_mae_revision/runs/logs/run_SCN_CROMA_fold_Garoua_K10_s3.jsonl,7023,fd3810e4cedcf3adc97708cdbe35c6a224041f53992c53681cf9adfc57dfd547,.jsonl,reference_data
reference_data/experiment_benchmark/oa_mae_revision/runs/logs/run_SCN_CROMA_fold_Garoua_K10_s4.jsonl,7033,1f41aea3d41b48f0b93127393775e44fb7558d0e8b9fecf1b96d72d5f2036b25,.jsonl,reference_data
reference_data/experiment_benchmark/oa_mae_revision/runs/logs/run_SCN_CROMA_fold_Garoua_K10_s5.jsonl,7021,8d011de4210509daf2699d3cdf63142f00b820a02215e24ef4b21fda151a5292,.jsonl,reference_data
reference_data/experiment_benchmark/oa_mae_revision/runs/logs/run_SCN_CROMA_fold_Garoua_K10_s6.jsonl,7027,7afecb2834b6e9b4b729df0d33ad493f22c1bb687d9b7c0199d1631336096720,.jsonl,reference_data
reference_data/experiment_benchmark/oa_mae_revision/runs/logs/run_SCN_CROMA_fold_Garoua_K10_s7.jsonl,7026,b1b2809bc307958b4ac480f08b6ab027c419d6117cb65bf6f0849fa6fb53437c,.jsonl,reference_data
reference_data/experiment_benchmark/oa_mae_revision/runs/logs/run_SCN_CROMA_fold_Garoua_K10_s8.jsonl,7023,4288975653dd57c00a1090dd110e4c79f474747a4bda9ed6fcca035c38aa81b7,.jsonl,reference_data
reference_data/experiment_benchmark/oa_mae_revision/runs/logs/run_SCN_CROMA_fold_Garoua_K10_s9.jsonl,7025,ba87196b5bc252dba9ab73a2d3399f9282243ca3db2196400228a9db41c80de4,.jsonl,reference_data
reference_data/experiment_benchmark/oa_mae_revision/runs/logs/run_SCN_CROMA_fold_Garoua_K25_s1.jsonl,7018,c2b7d2184e5b1901fbd38960f68ff6ba1e458e6c4d6c48aa15a1f03cbf390f55,.jsonl,reference_data
reference_data/experiment_benchmark/oa_mae_revision/runs/logs/run_SCN_CROMA_fold_Garoua_K25_s10.jsonl,7025,d4ea6add09258333ee2842b1f3f3e7ea7ed566ea40888cf0489589de5c4745ef,.jsonl,reference_data
reference_data/experiment_benchmark/oa_mae_revision/runs/logs/run_SCN_CROMA_fold_Garoua_K25_s2.jsonl,7030,efea3079127e1d2326e8e31a2646313b7d7a719b0190d8dea9ff3d25bbd3f8a9,.jsonl,reference_data
reference_data/experiment_benchmark/oa_mae_revision/runs/logs/run_SCN_CROMA_fold_Garoua_K25_s3.jsonl,7019,a9e2c4bf0c3d8efaf42b768a4e9bf7bf5fc886476ff8a63bb7aae3686c27ec52,.jsonl,reference_data
reference_data/experiment_benchmark/oa_mae_revision/runs/logs/run_SCN_CROMA_fold_Garoua_K25_s4.jsonl,7029,289b8be3a0994ed76f836e0194669afcc6a8ae1c73c66d3b50262c2dba5a6a8c,.jsonl,reference_data
reference_data/experiment_benchmark/oa_mae_revision/runs/logs/run_SCN_CROMA_fold_Garoua_K25_s5.jsonl,7023,ebabb5b55710590977b0f0198f63b853b387661cafcf7b4203de4d7c3583ff3f,.jsonl,reference_data
reference_data/experiment_benchmark/oa_mae_revision/runs/logs/run_SCN_CROMA_fold_Garoua_K25_s6.jsonl,7029,6e803457b4ffeae7916187f58c3d365cc4d0b3c511d1b8653af3f49e7b1837c7,.jsonl,reference_data
reference_data/experiment_benchmark/oa_mae_revision/runs/logs/run_SCN_CROMA_fold_Garoua_K25_s7.jsonl,7027,4c3f6c5ec71f610bbd41b85367e686a5467d194353cf817fb70ce8fb547f76b6,.jsonl,reference_data
reference_data/experiment_benchmark/oa_mae_revision/runs/logs/run_SCN_CROMA_fold_Garoua_K25_s8.jsonl,7018,786a5d11d855bd4a446a4ef4009d315e0a1ab514cee48c22f631b756ad82265b,.jsonl,reference_data
reference_data/experiment_benchmark/oa_mae_revision/runs/logs/run_SCN_CROMA_fold_Garoua_K25_s9.jsonl,7016,a4dd67ce2ffb87cfa3fcbd0c5c1a55d5b853f741179f86af929667c838737161,.jsonl,reference_data
reference_data/experiment_benchmark/oa_mae_revision/runs/logs/run_SCN_CROMA_fold_Garoua_K50_s1.jsonl,7026,e70a34f88a886d6ee02c74a542a846045c4170a2e9ca37e72f97873ff410fe57,.jsonl,reference_data
reference_data/experiment_benchmark/oa_mae_revision/runs/logs/run_SCN_CROMA_fold_Garoua_K50_s10.jsonl,7030,4deabe829ee23cc3e95f1640526a53ee9aed4a9fced730c59966d61b0d04edb9,.jsonl,reference_data
reference_data/experiment_benchmark/oa_mae_revision/runs/logs/run_SCN_CROMA_fold_Garoua_K50_s2.jsonl,7029,93fd5eaff6097a9d0ac368237f4efdc954abcb6dedd528df8d859c63e68a7ff3,.jsonl,reference_data
reference_data/experiment_benchmark/oa_mae_revision/runs/logs/run_SCN_CROMA_fold_Garoua_K50_s3.jsonl,7022,3c8016ff7bca26c783b2bda96102c9817e751cf1365d23b7f083f8a4879d272b,.jsonl,reference_data
reference_data/experiment_benchmark/oa_mae_revision/runs/logs/run_SCN_CROMA_fold_Garoua_K50_s4.jsonl,7030,8379e54bb0cb9d69f5c879645e54ad0d07c7896e86acfc6bf4417a4c1ded34d0,.jsonl,reference_data
reference_data/experiment_benchmark/oa_mae_revision/runs/logs/run_SCN_CROMA_fold_Garoua_K50_s5.jsonl,7007,1118ce8d0132e10ccc21074889e63536f7e6433a32482b10aebefcfc80003015,.jsonl,reference_data
reference_data/experiment_benchmark/oa_mae_revision/runs/logs/run_SCN_CROMA_fold_Garoua_K50_s6.jsonl,7023,7881b386a41e764aabe2f197e351b77c22073f29c91f130b63fcaa61fb31792b,.jsonl,reference_data
reference_data/experiment_benchmark/oa_mae_revision/runs/logs/run_SCN_CROMA_fold_Garoua_K50_s7.jsonl,7030,fd2d0b6f55ab4c3b9313f47a9cd45771ce689e17fc095b974e4b40ad85fb6fad,.jsonl,reference_data
reference_data/experiment_benchmark/oa_mae_revision/runs/logs/run_SCN_CROMA_fold_Garoua_K50_s8.jsonl,7031,a69beeb766dcaf9076ae8d15503e9b8f746f4407e47958cb8d2959ae2365a6f8,.jsonl,reference_data
reference_data/experiment_benchmark/oa_mae_revision/runs/logs/run_SCN_CROMA_fold_Garoua_K50_s9.jsonl,7027,1fb6e3036b573ee567f6e01456d043634f7187219ebc07eaabd64d5b6e2b8ff6,.jsonl,reference_data
reference_data/experiment_benchmark/oa_mae_revision/runs/logs/run_SCN_CROMA_fold_Kigali_K10_s1.jsonl,7030,7921c401bed968ecf8d7a740d86e50b15746db62ae804de43ab21021fc1e2712,.jsonl,reference_data
reference_data/experiment_benchmark/oa_mae_revision/runs/logs/run_SCN_CROMA_fold_Kigali_K10_s10.jsonl,7024,5c0ad64ca30bd83063ecd1d157e575739548137946d6a69b95d7e53f0f232cd7,.jsonl,reference_data
reference_data/experiment_benchmark/oa_mae_revision/runs/logs/run_SCN_CROMA_fold_Kigali_K10_s2.jsonl,7029,33fa102a41cd10b9ab299d740952f681f6ab3c039e00bedc9a14fb3cee9f2ea4,.jsonl,reference_data
reference_data/experiment_benchmark/oa_mae_revision/runs/logs/run_SCN_CROMA_fold_Kigali_K10_s3.jsonl,7023,33ce0fe833a22887d103fdca5db044aa3e8da87567682a4f1a6f0ec781d7e60e,.jsonl,reference_data
reference_data/experiment_benchmark/oa_mae_revision/runs/logs/run_SCN_CROMA_fold_Kigali_K10_s4.jsonl,7030,0415581b63f92b4fdf60543b451f375aee1ec9695ea3cec02b054bb014acf294,.jsonl,reference_data
reference_data/experiment_benchmark/oa_mae_revision/runs/logs/run_SCN_CROMA_fold_Kigali_K10_s5.jsonl,7028,67e702ad797639c32bb4fe2352f18dd1d1c5e1086e2622c48d2aa788bab8b819,.jsonl,reference_data
reference_data/experiment_benchmark/oa_mae_revision/runs/logs/run_SCN_CROMA_fold_Kigali_K10_s6.jsonl,7025,bf028b363a5ad19dd82a634991b9bc5fd1a3e7052378c661e2a2dd3673e93c7f,.jsonl,reference_data
reference_data/experiment_benchmark/oa_mae_revision/runs/logs/run_SCN_CROMA_fold_Kigali_K10_s7.jsonl,7008,785108a2d75fb574a4021753402dc9d5c9f84dfe68cd37647e025652451615f4,.jsonl,reference_data
reference_data/experiment_benchmark/oa_mae_revision/runs/logs/run_SCN_CROMA_fold_Kigali_K10_s8.jsonl,7029,7aad0cd8803422f2ef35f083f96347f165fc438d54f5903119ffc1fe77455074,.jsonl,reference_data
reference_data/experiment_benchmark/oa_mae_revision/runs/logs/run_SCN_CROMA_fold_Kigali_K10_s9.jsonl,7025,c1f4062b5ec347e0f32d5a876541e1731822820e2d61fd4c44a841c548b052cf,.jsonl,reference_data
reference_data/experiment_benchmark/oa_mae_revision/runs/logs/run_SCN_CROMA_fold_Kigali_K25_s1.jsonl,7028,4f2ccd7af5225fccad27b84b38d4c043de7e28bc7f0a54b2dc839a984cb7be83,.jsonl,reference_data
reference_data/experiment_benchmark/oa_mae_revision/runs/logs/run_SCN_CROMA_fold_Kigali_K25_s10.jsonl,7020,59c6802ac477d561983955285f0202dcf6ee1081e0cb87e309a57f43b1550acc,.jsonl,reference_data
reference_data/experiment_benchmark/oa_mae_revision/runs/logs/run_SCN_CROMA_fold_Kigali_K25_s2.jsonl,7025,f287eb1d97df0b95695e40caa480d3836491d987b1795ae01a8317cdcdc46ad2,.jsonl,reference_data
reference_data/experiment_benchmark/oa_mae_revision/runs/logs/run_SCN_CROMA_fold_Kigali_K25_s3.jsonl,7023,d9fb538d9b00fde13b61555f2f53581521a4bbbd85b7b980c05cfdf22dd70346,.jsonl,reference_data
reference_data/experiment_benchmark/oa_mae_revision/runs/logs/run_SCN_CROMA_fold_Kigali_K25_s4.jsonl,7029,946949fd28c1eb327715dd3b85d9a88ebead3e4b4a7a78761e58763f1a440f7e,.jsonl,reference_data
reference_data/experiment_benchmark/oa_mae_revision/runs/logs/run_SCN_CROMA_fold_Kigali_K25_s5.jsonl,7028,f37992ede2e896024dfee97bdb2b82423b352040074fec252f60f0861894cb3b,.jsonl,reference_data
reference_data/experiment_benchmark/oa_mae_revision/runs/logs/run_SCN_CROMA_fold_Kigali_K25_s6.jsonl,7028,fedbc93e76f1aeb015faee2ce94621c4aeea7b5bab8c662120047761facb5b86,.jsonl,reference_data
reference_data/experiment_benchmark/oa_mae_revision/runs/logs/run_SCN_CROMA_fold_Kigali_K25_s7.jsonl,7031,6484910f462fc7c63d625d38909e075c903a0d00ebc64f855a3beccd8d109b23,.jsonl,reference_data
reference_data/experiment_benchmark/oa_mae_revision/runs/logs/run_SCN_CROMA_fold_Kigali_K25_s8.jsonl,7010,86f459eb7472a838290cdb309ca22a80a989b167d749a2ca64bf484b0b131518,.jsonl,reference_data
reference_data/experiment_benchmark/oa_mae_revision/runs/logs/run_SCN_CROMA_fold_Kigali_K25_s9.jsonl,7029,5e82493c415373bcc9ffad3dd1aa3b0cf13fb30ad50249ce774d1df139468dc0,.jsonl,reference_data
reference_data/experiment_benchmark/oa_mae_revision/runs/logs/run_SCN_CROMA_fold_Kigali_K50_s1.jsonl,7025,1d275169b92037c73430cc87ea66af7365fcbd1dedb8f4c1cbf52ebe1c785512,.jsonl,reference_data
reference_data/experiment_benchmark/oa_mae_revision/runs/logs/run_SCN_CROMA_fold_Kigali_K50_s10.jsonl,7020,b901abbc2289f0933e04249603714f0930e8fdbc6e6bb23c6bd78600b920e971,.jsonl,reference_data
reference_data/experiment_benchmark/oa_mae_revision/runs/logs/run_SCN_CROMA_fold_Kigali_K50_s2.jsonl,7024,d516558064d6ce1c37ac5ce7fb3dd61206330bcc7f2c9bdd3769cda265cfd6b8,.jsonl,reference_data
reference_data/experiment_benchmark/oa_mae_revision/runs/logs/run_SCN_CROMA_fold_Kigali_K50_s3.jsonl,7023,dab79acf7436199e9c9ba7960c67f5678f7229e4ee5c807cfe525b79e8c819e4,.jsonl,reference_data
reference_data/experiment_benchmark/oa_mae_revision/runs/logs/run_SCN_CROMA_fold_Kigali_K50_s4.jsonl,7028,dab9183beba25230f758761448a9e4bd2c42bbd556dd5d3278adb2adec116e85,.jsonl,reference_data
reference_data/experiment_benchmark/oa_mae_revision/runs/logs/run_SCN_CROMA_fold_Kigali_K50_s5.jsonl,7029,59dfb198c126a0b3f076865e69a82097e36c22c4e6cd9c20e81a8584fe595217,.jsonl,reference_data
reference_data/experiment_benchmark/oa_mae_revision/runs/logs/run_SCN_CROMA_fold_Kigali_K50_s6.jsonl,7026,d5f6f0f7309be50b192032c09e1b39fab492ef9d25ca2148873bbc0ba0611bf2,.jsonl,reference_data
reference_data/experiment_benchmark/oa_mae_revision/runs/logs/run_SCN_CROMA_fold_Kigali_K50_s7.jsonl,7029,7f7ef4a861e4e7f20b203f2f44d64bde245d278aa3e8e2f60097592828c1fedb,.jsonl,reference_data
reference_data/experiment_benchmark/oa_mae_revision/runs/logs/run_SCN_CROMA_fold_Kigali_K50_s8.jsonl,7012,07cf86996e88abec984a87db5abc67b47e59415ee6bb38dcd3051022cfde67fa,.jsonl,reference_data
reference_data/experiment_benchmark/oa_mae_revision/runs/logs/run_SCN_CROMA_fold_Kigali_K50_s9.jsonl,7023,bd6d33af515148bb42838102ee0ffdd76fd5263d3c9647b5b6d9b5bf40148c34,.jsonl,reference_data
reference_data/experiment_benchmark/oa_mae_revision/runs/logs/run_SCN_CROMA_fold_Yaounde_K10_s1.jsonl,7020,df11caadb88c7bf521f16cbf9bfb26d65d54deada79e23fcf46d60e95db77aac,.jsonl,reference_data
reference_data/experiment_benchmark/oa_mae_revision/runs/logs/run_SCN_CROMA_fold_Yaounde_K10_s10.jsonl,7029,25a009fd2787695157e6ce5f596fe8017ca4f6fc6fb6251bed0bb7f8581bf9d8,.jsonl,reference_data
reference_data/experiment_benchmark/oa_mae_revision/runs/logs/run_SCN_CROMA_fold_Yaounde_K10_s2.jsonl,7025,207f1be787a5d5ac7061b27bffef1d0b5f81138e860ee1303b837b453c8817b8,.jsonl,reference_data
reference_data/experiment_benchmark/oa_mae_revision/runs/logs/run_SCN_CROMA_fold_Yaounde_K10_s3.jsonl,7025,d0f081063c7864b045cd7e1432cd81f48ee718f6954ba23b7a98e2a8bf74241d,.jsonl,reference_data
reference_data/experiment_benchmark/oa_mae_revision/runs/logs/run_SCN_CROMA_fold_Yaounde_K10_s4.jsonl,7026,3e001e1b48010ef7011ace3bb6819925bcb115804344deaffca9986536456c81,.jsonl,reference_data
reference_data/experiment_benchmark/oa_mae_revision/runs/logs/run_SCN_CROMA_fold_Yaounde_K10_s5.jsonl,7028,3ebf71cfe537820e7d1712664fbd3199f01b096c46f5b9ef2af862c2b84e1241,.jsonl,reference_data
reference_data/experiment_benchmark/oa_mae_revision/runs/logs/run_SCN_CROMA_fold_Yaounde_K10_s6.jsonl,7031,008b77c283800ef27aa0efb2bd55c11e169212f625ac4320d9d7eb88078d7d5d,.jsonl,reference_data
reference_data/experiment_benchmark/oa_mae_revision/runs/logs/run_SCN_CROMA_fold_Yaounde_K10_s7.jsonl,7028,33918356f4b119cf8cded4aba38b74a5358c04fcd58761d1f3bb2c97b6c6d67b,.jsonl,reference_data
reference_data/experiment_benchmark/oa_mae_revision/runs/logs/run_SCN_CROMA_fold_Yaounde_K10_s8.jsonl,7031,22eb7da389c931b9f2fedcf5209d891c2a758646d07f7a26d9eb65febd326eaa,.jsonl,reference_data
reference_data/experiment_benchmark/oa_mae_revision/runs/logs/run_SCN_CROMA_fold_Yaounde_K10_s9.jsonl,7032,0b6e6ccf927cfb9a32403bfe28b33e1858db37355e1571ea4f174b1ee07c36ff,.jsonl,reference_data
reference_data/experiment_benchmark/oa_mae_revision/runs/logs/run_SCN_CROMA_fold_Yaounde_K25_s1.jsonl,7028,ff264c7bfd501fcdf8eafa4b7d327bff1486019b744de0461b6a24a41f9c5b4b,.jsonl,reference_data
reference_data/experiment_benchmark/oa_mae_revision/runs/logs/run_SCN_CROMA_fold_Yaounde_K25_s10.jsonl,7027,ae889aa400d2809671aa5ffa189410dfd46db886fd5d4cfa620a8115c77d920d,.jsonl,reference_data
reference_data/experiment_benchmark/oa_mae_revision/runs/logs/run_SCN_CROMA_fold_Yaounde_K25_s2.jsonl,7023,741aaa56dd9bc96772fc3a768a9662d762f723e8cc3dcff4282ee717f5809550,.jsonl,reference_data
reference_data/experiment_benchmark/oa_mae_revision/runs/logs/run_SCN_CROMA_fold_Yaounde_K25_s3.jsonl,7026,e6cb1428864285a23f0f2a912cf868ace14454c5eba0d879e6ac01421860f19c,.jsonl,reference_data
reference_data/experiment_benchmark/oa_mae_revision/runs/logs/run_SCN_CROMA_fold_Yaounde_K25_s4.jsonl,7030,40eba08604e014e0bb4ecde13c75198b7fc1fd7474a0555dabf482f23663ceec,.jsonl,reference_data
reference_data/experiment_benchmark/oa_mae_revision/runs/logs/run_SCN_CROMA_fold_Yaounde_K25_s5.jsonl,7034,f5a09b86b771143d9fdf0e7ebb825194b7982af3486c431c6f3bb7150c56d20a,.jsonl,reference_data
reference_data/experiment_benchmark/oa_mae_revision/runs/logs/run_SCN_CROMA_fold_Yaounde_K25_s6.jsonl,7007,5776e0f0cf1ea7f5b33a86b4d1c9556b5abbbcd699841bd0b193b52f743b6cca,.jsonl,reference_data
reference_data/experiment_benchmark/oa_mae_revision/runs/logs/run_SCN_CROMA_fold_Yaounde_K25_s7.jsonl,7030,a0a93f7cff340a225d4bbef779d418a037ccd65e8013b84b297d71e295fca912,.jsonl,reference_data
reference_data/experiment_benchmark/oa_mae_revision/runs/logs/run_SCN_CROMA_fold_Yaounde_K25_s8.jsonl,7014,843fba4e7bf2745c08ebbeab7c21c55c923229d428113672feab985b343bf24e,.jsonl,reference_data
reference_data/experiment_benchmark/oa_mae_revision/runs/logs/run_SCN_CROMA_fold_Yaounde_K25_s9.jsonl,7025,268f98d829c1ba237cfe48d0aff25455d740b09f5bb3dc816e12e3aa70df1729,.jsonl,reference_data
reference_data/experiment_benchmark/oa_mae_revision/runs/logs/run_SCN_CROMA_fold_Yaounde_K50_s1.jsonl,7022,7b0859a88452261d8523232952d3ad608c7104884554377e093a7ccef79d7e97,.jsonl,reference_data
reference_data/experiment_benchmark/oa_mae_revision/runs/logs/run_SCN_CROMA_fold_Yaounde_K50_s10.jsonl,7027,9a88f86a88f92c0938e6e54469ba26624d4c885ff2427e6a7c8214d3d779c98e,.jsonl,reference_data
reference_data/experiment_benchmark/oa_mae_revision/runs/logs/run_SCN_CROMA_fold_Yaounde_K50_s2.jsonl,7023,dc5d4f8d0e4b7139256ca71238c07dddf8d9cd738d7c0eedeff12e6292e0ad84,.jsonl,reference_data
reference_data/experiment_benchmark/oa_mae_revision/runs/logs/run_SCN_CROMA_fold_Yaounde_K50_s3.jsonl,7027,9d9992a1c3b0f2bb92b258d2bda05d3fd9621e12b872a795efa7c8cb50ebedcd,.jsonl,reference_data
reference_data/experiment_benchmark/oa_mae_revision/runs/logs/run_SCN_CROMA_fold_Yaounde_K50_s4.jsonl,7025,155bbf28c01f87d2d1b42508d9314bcf86a974f7e633f13766ba1c4cab143530,.jsonl,reference_data
reference_data/experiment_benchmark/oa_mae_revision/runs/logs/run_SCN_CROMA_fold_Yaounde_K50_s5.jsonl,7028,ad4429c3c1e97b59f10f6056cee328369c175698b05edc5d1449116fb41593cb,.jsonl,reference_data
reference_data/experiment_benchmark/oa_mae_revision/runs/logs/run_SCN_CROMA_fold_Yaounde_K50_s6.jsonl,7028,4c5f8824b48a8ca24ac7acb01193f1303a35b8565a47a62394b90c2c08a83cfd,.jsonl,reference_data
reference_data/experiment_benchmark/oa_mae_revision/runs/logs/run_SCN_CROMA_fold_Yaounde_K50_s7.jsonl,7011,88f7948f28cf6a7f548c6d58a0bd5518af19d43728fa64abee22a1215571456c,.jsonl,reference_data
reference_data/experiment_benchmark/oa_mae_revision/runs/logs/run_SCN_CROMA_fold_Yaounde_K50_s8.jsonl,7008,1afa84aab9516a1099ebcbad03d9c1dff62b65ec58b076fd324a07895b590aef,.jsonl,reference_data
reference_data/experiment_benchmark/oa_mae_revision/runs/logs/run_SCN_CROMA_fold_Yaounde_K50_s9.jsonl,7025,a7cec1abb2b287b64a12a90c295556113949a43ebd15cdacfacf1de162818710,.jsonl,reference_data
reference_data/experiment_benchmark/oa_mae_revision/runs/logs/run_SCN_OA_MAE_fold_Dakar_K10_s1.jsonl,7028,82a6dc3c2e76e0f9a9627cbdbc776b5c4aea0a248b0ae89b16342766c4200194,.jsonl,reference_data
reference_data/experiment_benchmark/oa_mae_revision/runs/logs/run_SCN_OA_MAE_fold_Dakar_K10_s10.jsonl,7032,3ecf594fcab653f92b733f3194e67fa571d4b4894ad7fae787cb552ab8177d06,.jsonl,reference_data
reference_data/experiment_benchmark/oa_mae_revision/runs/logs/run_SCN_OA_MAE_fold_Dakar_K10_s2.jsonl,7026,d74ffc3b65b216ef3dcdc11c07d79b7efdc0d2db0753388b27df84c66ab429e5,.jsonl,reference_data
reference_data/experiment_benchmark/oa_mae_revision/runs/logs/run_SCN_OA_MAE_fold_Dakar_K10_s3.jsonl,7029,dcd52346fb193cdb9745fb331c259622085df36b843a5b5614470c15fa6fb1a9,.jsonl,reference_data
reference_data/experiment_benchmark/oa_mae_revision/runs/logs/run_SCN_OA_MAE_fold_Dakar_K10_s4.jsonl,7025,c587c0c1738d2d25e530c955c42f751758b3f1d26ef39974e8bb38e382d32013,.jsonl,reference_data
reference_data/experiment_benchmark/oa_mae_revision/runs/logs/run_SCN_OA_MAE_fold_Dakar_K10_s5.jsonl,7028,170015b7a4c836cff9d90bcd39e4f097a0c1badd39f40b97d916100f98ef0c51,.jsonl,reference_data
reference_data/experiment_benchmark/oa_mae_revision/runs/logs/run_SCN_OA_MAE_fold_Dakar_K10_s6.jsonl,7026,d307aeffd461b0fbfdbe777dd6123f959ed5eb3d43022f4b72596113699b33fe,.jsonl,reference_data
reference_data/experiment_benchmark/oa_mae_revision/runs/logs/run_SCN_OA_MAE_fold_Dakar_K10_s7.jsonl,7029,bd705c8346f8c50dbbc83e1f067d825a734d987ca1a9a2521f148eae47285d56,.jsonl,reference_data
reference_data/experiment_benchmark/oa_mae_revision/runs/logs/run_SCN_OA_MAE_fold_Dakar_K10_s8.jsonl,7008,d6ff93ccc076cad2a3ce02ee6403957e48867ff16d29370e7def3afc2bfbd4e5,.jsonl,reference_data
reference_data/experiment_benchmark/oa_mae_revision/runs/logs/run_SCN_OA_MAE_fold_Dakar_K10_s9.jsonl,7021,df604853f6cbc88d009c15a77da688037d84d1e6c2f9b11edef41f4e7809a025,.jsonl,reference_data
reference_data/experiment_benchmark/oa_mae_revision/runs/logs/run_SCN_OA_MAE_fold_Dakar_K25_s1.jsonl,7028,ddbf8b740be30bca28bf67c6cb0f3b5d130abe18ccd256f0dca2362722b2c45c,.jsonl,reference_data
reference_data/experiment_benchmark/oa_mae_revision/runs/logs/run_SCN_OA_MAE_fold_Dakar_K25_s10.jsonl,7026,d823c9c15fb0510de202c2e664112138812799919d6749fc2eebbdfe690fa171,.jsonl,reference_data
reference_data/experiment_benchmark/oa_mae_revision/runs/logs/run_SCN_OA_MAE_fold_Dakar_K25_s2.jsonl,7027,daeba4fd9b0b9cacaff4892edae10d1b161bd5b682071d0ec1bd8bf161214b23,.jsonl,reference_data
reference_data/experiment_benchmark/oa_mae_revision/runs/logs/run_SCN_OA_MAE_fold_Dakar_K25_s3.jsonl,7025,17d4f91a4964b947d9b7e2a5d59d75249758e9ca6f4fcab2f1864e23f4a24983,.jsonl,reference_data
reference_data/experiment_benchmark/oa_mae_revision/runs/logs/run_SCN_OA_MAE_fold_Dakar_K25_s4.jsonl,7021,6416fb1595f3a3463ce353a618ac0089ebcbb2ce7cdb173f9c0d77438ef0acf4,.jsonl,reference_data
reference_data/experiment_benchmark/oa_mae_revision/runs/logs/run_SCN_OA_MAE_fold_Dakar_K25_s5.jsonl,7026,21abd65894d823aa09a2adcca6df7e7aad52ae870a97f3423fe6ce9f5fc28755,.jsonl,reference_data
reference_data/experiment_benchmark/oa_mae_revision/runs/logs/run_SCN_OA_MAE_fold_Dakar_K25_s6.jsonl,7025,d3e9efad4c62e1fa416bb630d89d9d829c5ff404683cf8da1a6ca2641c92f19c,.jsonl,reference_data
reference_data/experiment_benchmark/oa_mae_revision/runs/logs/run_SCN_OA_MAE_fold_Dakar_K25_s7.jsonl,7027,92e7f0875a5ef06eac3141af97bdf8770ddc18b12182667862fd901fb77e0074,.jsonl,reference_data
reference_data/experiment_benchmark/oa_mae_revision/runs/logs/run_SCN_OA_MAE_fold_Dakar_K25_s8.jsonl,7025,65b3c43ba127db6c23fe87a9367c36999b9223d280c64457be46607b79c7e888,.jsonl,reference_data
reference_data/experiment_benchmark/oa_mae_revision/runs/logs/run_SCN_OA_MAE_fold_Dakar_K25_s9.jsonl,7035,d3acf0d3f5145d840e1ccd96319ebac59970e4f4ff1d84ae90b0bc2e4477a040,.jsonl,reference_data
reference_data/experiment_benchmark/oa_mae_revision/runs/logs/run_SCN_OA_MAE_fold_Dakar_K50_s1.jsonl,7002,793ff3d3cc86265bf6c23ff7f10c6a6efba0ca75d48dcaa7e6df9803b5c32ee3,.jsonl,reference_data
reference_data/experiment_benchmark/oa_mae_revision/runs/logs/run_SCN_OA_MAE_fold_Dakar_K50_s10.jsonl,7028,396b303abdcb8eeca8d71a7a2839be9c725d77d21216a51f8a7cb2c4c1d8ee62,.jsonl,reference_data
reference_data/experiment_benchmark/oa_mae_revision/runs/logs/run_SCN_OA_MAE_fold_Dakar_K50_s2.jsonl,7028,c911340e3479aeb45c6b705767a7907d89157379ff002060f13af84a9b3dc4ab,.jsonl,reference_data
reference_data/experiment_benchmark/oa_mae_revision/runs/logs/run_SCN_OA_MAE_fold_Dakar_K50_s3.jsonl,7024,19ec1a3ab30636b033f0335a1a00b982f9786cbbefc8abab7cffea9be15094e6,.jsonl,reference_data
reference_data/experiment_benchmark/oa_mae_revision/runs/logs/run_SCN_OA_MAE_fold_Dakar_K50_s4.jsonl,7028,abc07579b352ac9156160040090ca92ee21e68f00798839415574859f2f3ba53,.jsonl,reference_data
reference_data/experiment_benchmark/oa_mae_revision/runs/logs/run_SCN_OA_MAE_fold_Dakar_K50_s5.jsonl,7014,c7848cfc4eeb32819967620f99f802d85d7839f8d72777305d0519948e6d6e8a,.jsonl,reference_data
reference_data/experiment_benchmark/oa_mae_revision/runs/logs/run_SCN_OA_MAE_fold_Dakar_K50_s6.jsonl,7029,8320ba35c0021449ab522458dc38d0032b923c64d304fe79b9b83941429c1217,.jsonl,reference_data
reference_data/experiment_benchmark/oa_mae_revision/runs/logs/run_SCN_OA_MAE_fold_Dakar_K50_s7.jsonl,7017,35716f0a4ca8ef67537d268f9be2709efa4792d37b7160463d8ea24be4e7e0b1,.jsonl,reference_data
reference_data/experiment_benchmark/oa_mae_revision/runs/logs/run_SCN_OA_MAE_fold_Dakar_K50_s8.jsonl,7027,fc05b86d784c12a7253323d6cb958423e13662acf2f0d18e418cf398a10bc86f,.jsonl,reference_data
reference_data/experiment_benchmark/oa_mae_revision/runs/logs/run_SCN_OA_MAE_fold_Dakar_K50_s9.jsonl,7028,8c2c0e5fc5a8526b5dc03196a1e93bc7c1e8dbe70a63c80d54b196d28755c1bc,.jsonl,reference_data
reference_data/experiment_benchmark/oa_mae_revision/runs/logs/run_SCN_OA_MAE_fold_DarEsSalaam_K10_s1.jsonl,7025,1641aa9ff0e8eb5573d46acc94aa7750fb4fd5d8c89ff4d5f01558e0bfe3822a,.jsonl,reference_data
reference_data/experiment_benchmark/oa_mae_revision/runs/logs/run_SCN_OA_MAE_fold_DarEsSalaam_K10_s10.jsonl,7041,391b77cbdd85a5dd79036dd90a577572c73dd63240795d0da923997a194dd6ca,.jsonl,reference_data
reference_data/experiment_benchmark/oa_mae_revision/runs/logs/run_SCN_OA_MAE_fold_DarEsSalaam_K10_s2.jsonl,7040,13cc76bcd703f516c71b1e92569c9e57179a3e83e0b698bfa0c9857b292bce0b,.jsonl,reference_data
reference_data/experiment_benchmark/oa_mae_revision/runs/logs/run_SCN_OA_MAE_fold_DarEsSalaam_K10_s3.jsonl,7042,293c160071eba8b1f3b1aab61732724e13112330f8aade98399d258380805d1a,.jsonl,reference_data
reference_data/experiment_benchmark/oa_mae_revision/runs/logs/run_SCN_OA_MAE_fold_DarEsSalaam_K10_s4.jsonl,7037,457fcbeb7e8f0fddb767206e8e73153955c68c48ce43c029a60edb4215dd00e7,.jsonl,reference_data
reference_data/experiment_benchmark/oa_mae_revision/runs/logs/run_SCN_OA_MAE_fold_DarEsSalaam_K10_s5.jsonl,7040,6ed18c7f5d3b9b8eefdaf43e4969117dce6414a26b89932eacfc14ea007b0d19,.jsonl,reference_data
reference_data/experiment_benchmark/oa_mae_revision/runs/logs/run_SCN_OA_MAE_fold_DarEsSalaam_K10_s6.jsonl,7038,49a990ad94b2184f71bf30343aab78e4abe0ddb6496d0f498bc9321c3e27da6d,.jsonl,reference_data
reference_data/experiment_benchmark/oa_mae_revision/runs/logs/run_SCN_OA_MAE_fold_DarEsSalaam_K10_s7.jsonl,7035,a7ec6f1b0e89faa43fd3fa0a0361fe2daec10f1b3e6ca57f8dc755d1a1a00f88,.jsonl,reference_data
reference_data/experiment_benchmark/oa_mae_revision/runs/logs/run_SCN_OA_MAE_fold_DarEsSalaam_K10_s8.jsonl,7037,4e715890be0b9d6a50ab550a3cf3153211dea547ca0904fc38432cdb39c30429,.jsonl,reference_data
reference_data/experiment_benchmark/oa_mae_revision/runs/logs/run_SCN_OA_MAE_fold_DarEsSalaam_K10_s9.jsonl,7031,ada4a8c69dff7607ef07c0fccc918ab9e699247ff2b498af648ef4a59cca3fd7,.jsonl,reference_data
reference_data/experiment_benchmark/oa_mae_revision/runs/logs/run_SCN_OA_MAE_fold_DarEsSalaam_K25_s1.jsonl,7039,8ee2f26dc940898f30bd04b34376907eb6ebdeb98e9fae255f5d6957cad79d3f,.jsonl,reference_data
reference_data/experiment_benchmark/oa_mae_revision/runs/logs/run_SCN_OA_MAE_fold_DarEsSalaam_K25_s10.jsonl,7037,f749a757c4c89dce2dfd452d1d50fbd073f04873d76e324c28ce902a48b09579,.jsonl,reference_data
reference_data/experiment_benchmark/oa_mae_revision/runs/logs/run_SCN_OA_MAE_fold_DarEsSalaam_K25_s2.jsonl,7039,c4a68885178f10a949d6bed2810c3e2e9657267a0e85af92550b361f0c00d537,.jsonl,reference_data
reference_data/experiment_benchmark/oa_mae_revision/runs/logs/run_SCN_OA_MAE_fold_DarEsSalaam_K25_s3.jsonl,7032,b6371e221936e3b8e51487b57dcf96b7b585759a7be1b0ff07031f4ffc86c82d,.jsonl,reference_data
reference_data/experiment_benchmark/oa_mae_revision/runs/logs/run_SCN_OA_MAE_fold_DarEsSalaam_K25_s4.jsonl,7042,0b63a5a2d9ca2341c285cd37105fa847a06ba1d777f141490307bf02a5bf5159,.jsonl,reference_data
reference_data/experiment_benchmark/oa_mae_revision/runs/logs/run_SCN_OA_MAE_fold_DarEsSalaam_K25_s5.jsonl,7040,18e3cd691be94c5fc59d40816f00c47b28aae51d88f16d93069dc0d535b00d6a,.jsonl,reference_data
reference_data/experiment_benchmark/oa_mae_revision/runs/logs/run_SCN_OA_MAE_fold_DarEsSalaam_K25_s6.jsonl,7035,8c96326be9188a0e9ae25ee17aa5f97a70c774ea86bbe931e7778d813e1582a7,.jsonl,reference_data
reference_data/experiment_benchmark/oa_mae_revision/runs/logs/run_SCN_OA_MAE_fold_DarEsSalaam_K25_s7.jsonl,7032,125055316acc557701764c7ef1c5b33acb6c3ec86495ef6f9c7304729e26d7d8,.jsonl,reference_data
reference_data/experiment_benchmark/oa_mae_revision/runs/logs/run_SCN_OA_MAE_fold_DarEsSalaam_K25_s8.jsonl,7036,16552f2168f4058eccb53555de58699da51b2013205800bb01cf191728b7ca6a,.jsonl,reference_data
reference_data/experiment_benchmark/oa_mae_revision/runs/logs/run_SCN_OA_MAE_fold_DarEsSalaam_K25_s9.jsonl,7036,74d4ca7583fe6b75cd16947c10641144e327b0af83777c99a1bd8c3ba1f1de11,.jsonl,reference_data
reference_data/experiment_benchmark/oa_mae_revision/runs/logs/run_SCN_OA_MAE_fold_DarEsSalaam_K50_s1.jsonl,7038,b6bd1598e52f2e842f7e5384036ec30a21d8c7f0720f380495e150666b3ca188,.jsonl,reference_data
reference_data/experiment_benchmark/oa_mae_revision/runs/logs/run_SCN_OA_MAE_fold_DarEsSalaam_K50_s10.jsonl,7031,8310f062d6563400c7add41d33b5aa4d906e6fb1ac093b60f882f68d94550565,.jsonl,reference_data
reference_data/experiment_benchmark/oa_mae_revision/runs/logs/run_SCN_OA_MAE_fold_DarEsSalaam_K50_s2.jsonl,7043,d2f3f9a2d84884cbb76537afdfb0bd613784504bdfb96fa88a080b58c64887e1,.jsonl,reference_data
reference_data/experiment_benchmark/oa_mae_revision/runs/logs/run_SCN_OA_MAE_fold_DarEsSalaam_K50_s3.jsonl,7041,b3d94568fd5f855162a6c5ce052f8c3a61757407637253123d8112d8ca474424,.jsonl,reference_data
reference_data/experiment_benchmark/oa_mae_revision/runs/logs/run_SCN_OA_MAE_fold_DarEsSalaam_K50_s4.jsonl,7032,cbdbc1b88b7d62abb275fa05b183884977722ff5e755661198656baef3f407b6,.jsonl,reference_data
reference_data/experiment_benchmark/oa_mae_revision/runs/logs/run_SCN_OA_MAE_fold_DarEsSalaam_K50_s5.jsonl,7041,b911c3eabefb213879f697d88333e17e080e9c94a87ef0995a7b68cc3d5ea544,.jsonl,reference_data
reference_data/experiment_benchmark/oa_mae_revision/runs/logs/run_SCN_OA_MAE_fold_DarEsSalaam_K50_s6.jsonl,7024,085fd9db2f95030fa63c4bd2cff93b25373b606ce9cda3bceef2b2528323d648,.jsonl,reference_data
reference_data/experiment_benchmark/oa_mae_revision/runs/logs/run_SCN_OA_MAE_fold_DarEsSalaam_K50_s7.jsonl,7018,f58aac933ccec2981b8ed80685c7d82316ae989705fcbfc0fc658ce50eb39355,.jsonl,reference_data
reference_data/experiment_benchmark/oa_mae_revision/runs/logs/run_SCN_OA_MAE_fold_DarEsSalaam_K50_s8.jsonl,7028,50558a2365fcc12a1b4f0ae9600128f8867207cd633913b6c345fe4fedc5c9fa,.jsonl,reference_data
reference_data/experiment_benchmark/oa_mae_revision/runs/logs/run_SCN_OA_MAE_fold_DarEsSalaam_K50_s9.jsonl,7044,17a833df0c343e3098092a60217a3035ed79c4da9db96bcbe97eeefa06caa577,.jsonl,reference_data
reference_data/experiment_benchmark/oa_mae_revision/runs/logs/run_SCN_OA_MAE_fold_Douala_K10_s1.jsonl,7028,3d8101426d3ed2904260bbe914d363743d24038ec74b13b96cfec88416570968,.jsonl,reference_data
reference_data/experiment_benchmark/oa_mae_revision/runs/logs/run_SCN_OA_MAE_fold_Douala_K10_s10.jsonl,7009,7336cbfef14f05ebfad25e8fa3849f9d1101a4ad7e2d3611c0c47716db71af43,.jsonl,reference_data
reference_data/experiment_benchmark/oa_mae_revision/runs/logs/run_SCN_OA_MAE_fold_Douala_K10_s2.jsonl,7030,6df91b522b2840d8da97059badc7c8c626daa8154ea6148b7cc80869e3fd85ea,.jsonl,reference_data
reference_data/experiment_benchmark/oa_mae_revision/runs/logs/run_SCN_OA_MAE_fold_Douala_K10_s3.jsonl,7012,15c1051b79f348837826566b0042b7d66bbb1726a78457ba1718570bd674d0d4,.jsonl,reference_data
reference_data/experiment_benchmark/oa_mae_revision/runs/logs/run_SCN_OA_MAE_fold_Douala_K10_s4.jsonl,7023,39144054454dc04c2f0e987fc99e8900672f1b3f15054246ee73f2b4b1d4b583,.jsonl,reference_data
reference_data/experiment_benchmark/oa_mae_revision/runs/logs/run_SCN_OA_MAE_fold_Douala_K10_s5.jsonl,7026,a95d596ec7979678574bcd5bd369bacd4ad249f23f7dbe78ef2c327f1163aefe,.jsonl,reference_data
reference_data/experiment_benchmark/oa_mae_revision/runs/logs/run_SCN_OA_MAE_fold_Douala_K10_s6.jsonl,7027,edf2d4df6c1cdce9e7b467dbc7b5647c0abdb936fab23e3b37735062d0eb704c,.jsonl,reference_data
reference_data/experiment_benchmark/oa_mae_revision/runs/logs/run_SCN_OA_MAE_fold_Douala_K10_s7.jsonl,7026,b529b54ba154be2c1acfdb34caf11dfb358eb384f2c98b8d187f6462ed4e6254,.jsonl,reference_data
reference_data/experiment_benchmark/oa_mae_revision/runs/logs/run_SCN_OA_MAE_fold_Douala_K10_s8.jsonl,7026,795917466ab5fa3adf599297dfc34b63932d1159a9b0a708f1b285b643d68b7b,.jsonl,reference_data
reference_data/experiment_benchmark/oa_mae_revision/runs/logs/run_SCN_OA_MAE_fold_Douala_K10_s9.jsonl,7029,8606a95b41848aa25716a420d3401bb38267b8a114e94326242f53fcd5fa31ce,.jsonl,reference_data
reference_data/experiment_benchmark/oa_mae_revision/runs/logs/run_SCN_OA_MAE_fold_Douala_K25_s1.jsonl,7028,e551f452419c9b21229c688f8d9b655be9ac0a2819c024f543677042e864ef8a,.jsonl,reference_data
reference_data/experiment_benchmark/oa_mae_revision/runs/logs/run_SCN_OA_MAE_fold_Douala_K25_s10.jsonl,7029,d33bc2411e6dd9dd7185ac57588ab37eed6d4390ecc39c28cdaf933d16d2462c,.jsonl,reference_data
reference_data/experiment_benchmark/oa_mae_revision/runs/logs/run_SCN_OA_MAE_fold_Douala_K25_s2.jsonl,7005,a37062657963d06f17e153e32fd3f6d3971bb5e67f22fc0e20937d7eb09ae2c9,.jsonl,reference_data
reference_data/experiment_benchmark/oa_mae_revision/runs/logs/run_SCN_OA_MAE_fold_Douala_K25_s3.jsonl,7027,d5a3a1738b9cc2c966238be51f6c568dff5f9b11f016f5f3c1338fc85ca5ecf7,.jsonl,reference_data
reference_data/experiment_benchmark/oa_mae_revision/runs/logs/run_SCN_OA_MAE_fold_Douala_K25_s4.jsonl,7008,ebfa16f5d42bb02ed7cb6aae3d16ad3bb88db0e83930934dc698d247ae937485,.jsonl,reference_data
reference_data/experiment_benchmark/oa_mae_revision/runs/logs/run_SCN_OA_MAE_fold_Douala_K25_s5.jsonl,7024,9e7f2b98704926d3489dd1193ea7dc99cdf52f746ecc25cecaabab09869c8f7b,.jsonl,reference_data
reference_data/experiment_benchmark/oa_mae_revision/runs/logs/run_SCN_OA_MAE_fold_Douala_K25_s6.jsonl,7017,91f91199a0a54954f8c2406b28d504fd6846b6a6d4a672e7bd30f07429759625,.jsonl,reference_data
reference_data/experiment_benchmark/oa_mae_revision/runs/logs/run_SCN_OA_MAE_fold_Douala_K25_s7.jsonl,7026,9f60cf6d2c3b499ccedea45dcbb58e122d3a25119d17e7ff51fd65c45be2841a,.jsonl,reference_data
reference_data/experiment_benchmark/oa_mae_revision/runs/logs/run_SCN_OA_MAE_fold_Douala_K25_s8.jsonl,7029,0a0f1e1c3e66c2574e48458f17441deda46e446da0de032960aa1c8f1c480485,.jsonl,reference_data
reference_data/experiment_benchmark/oa_mae_revision/runs/logs/run_SCN_OA_MAE_fold_Douala_K25_s9.jsonl,7021,0d239cdbea73646acdaa77f4ae14d2485a2dfa6dcbf2a278504282210d7084f0,.jsonl,reference_data
reference_data/experiment_benchmark/oa_mae_revision/runs/logs/run_SCN_OA_MAE_fold_Douala_K50_s1.jsonl,7004,d308f8c3251186ac82da5fa9eb00c374f0b0e5389030a94b6cf0b1dee09fd174,.jsonl,reference_data
reference_data/experiment_benchmark/oa_mae_revision/runs/logs/run_SCN_OA_MAE_fold_Douala_K50_s10.jsonl,7031,b0b6d3c1030e80bd222bd57f8402fa3b9e168c63aaa751cb70fd1f066e5c0b75,.jsonl,reference_data
reference_data/experiment_benchmark/oa_mae_revision/runs/logs/run_SCN_OA_MAE_fold_Douala_K50_s2.jsonl,7027,1fa3c0675b498bf79f6b1c5c92f372f38811687f95e9a14c60f79103edaa13dd,.jsonl,reference_data
reference_data/experiment_benchmark/oa_mae_revision/runs/logs/run_SCN_OA_MAE_fold_Douala_K50_s3.jsonl,7026,f5ebd7b27375942a526958cad3e0507dcae1980963d796920d759e62216703f9,.jsonl,reference_data
reference_data/experiment_benchmark/oa_mae_revision/runs/logs/run_SCN_OA_MAE_fold_Douala_K50_s4.jsonl,7027,72600864aa6bc8906de4378908a3f237c3a15fccc79d6d7b7bf95888974dd93c,.jsonl,reference_data
reference_data/experiment_benchmark/oa_mae_revision/runs/logs/run_SCN_OA_MAE_fold_Douala_K50_s5.jsonl,7005,e5a6b976efc24acee47ea6f34fea31909d5c4430d4fe3a0b98dfc3f660871c02,.jsonl,reference_data
reference_data/experiment_benchmark/oa_mae_revision/runs/logs/run_SCN_OA_MAE_fold_Douala_K50_s6.jsonl,7020,c514bf08defd3cf1823afe3ce80b950083ff59adf173631d691e3381d9f3ef0c,.jsonl,reference_data
reference_data/experiment_benchmark/oa_mae_revision/runs/logs/run_SCN_OA_MAE_fold_Douala_K50_s7.jsonl,7008,4848ca44aba6a2340af1504c8863a208bce19532ea6a6a25d422521ab56e7b40,.jsonl,reference_data
reference_data/experiment_benchmark/oa_mae_revision/runs/logs/run_SCN_OA_MAE_fold_Douala_K50_s8.jsonl,7026,860d943a4e0136dd9cd926eff99158b1b91f13bf8ce2deddef8c64861dc49623,.jsonl,reference_data
reference_data/experiment_benchmark/oa_mae_revision/runs/logs/run_SCN_OA_MAE_fold_Douala_K50_s9.jsonl,7031,b1c1d7edde7ebe966d99ba350b9da99a569dd7a1860351c3fb58bb2f63a64b92,.jsonl,reference_data
reference_data/experiment_benchmark/oa_mae_revision/runs/logs/run_SCN_OA_MAE_fold_Garoua_K10_s1.jsonl,7023,ff4d9b043dd08cdb9393a3f051523bf6adabc54e40a67f44f185a47260080b3d,.jsonl,reference_data
reference_data/experiment_benchmark/oa_mae_revision/runs/logs/run_SCN_OA_MAE_fold_Garoua_K10_s10.jsonl,7035,8c9e17db204632e610a9a825e83e3e9021c2bf5d3125d9290de2fe430ee38766,.jsonl,reference_data
reference_data/experiment_benchmark/oa_mae_revision/runs/logs/run_SCN_OA_MAE_fold_Garoua_K10_s2.jsonl,7025,3829c519c370c9e3c8b03670e5b55acf5eac3f69a7a82e45f9f3aa42f24c7293,.jsonl,reference_data
reference_data/experiment_benchmark/oa_mae_revision/runs/logs/run_SCN_OA_MAE_fold_Garoua_K10_s3.jsonl,7030,22fe4d242c951564e4036fc116db04035230da26ba7781ce86e25f58f12a2726,.jsonl,reference_data
reference_data/experiment_benchmark/oa_mae_revision/runs/logs/run_SCN_OA_MAE_fold_Garoua_K10_s4.jsonl,7027,130f39a36db61696359cb810d071c8ec7342100d944ad5e8294faf68b8cdd30a,.jsonl,reference_data
reference_data/experiment_benchmark/oa_mae_revision/runs/logs/run_SCN_OA_MAE_fold_Garoua_K10_s5.jsonl,7030,ae555904d4a8a942963f7208c6a99a12d56e57759d749cd3465a315e7dd2937c,.jsonl,reference_data
reference_data/experiment_benchmark/oa_mae_revision/runs/logs/run_SCN_OA_MAE_fold_Garoua_K10_s6.jsonl,7030,3d8359f0e2f44b569f58879222eff28aea7bb903603f7a0e146af8c2845a6e72,.jsonl,reference_data
reference_data/experiment_benchmark/oa_mae_revision/runs/logs/run_SCN_OA_MAE_fold_Garoua_K10_s7.jsonl,7025,7f75268850f315c7043dd7d8eca67d4dabf2fa1f93e049e170b59f1dbc060a7d,.jsonl,reference_data
reference_data/experiment_benchmark/oa_mae_revision/runs/logs/run_SCN_OA_MAE_fold_Garoua_K10_s8.jsonl,7020,3ac80e4268998e0759afda75a444a9d6245682d4e23e8eab00c55e0b188d583e,.jsonl,reference_data
reference_data/experiment_benchmark/oa_mae_revision/runs/logs/run_SCN_OA_MAE_fold_Garoua_K10_s9.jsonl,7021,e10483e6aeaa4da0c8ba93fcb36cb099573f5913d26ed61687643dc8d7fdbcb9,.jsonl,reference_data
reference_data/experiment_benchmark/oa_mae_revision/runs/logs/run_SCN_OA_MAE_fold_Garoua_K25_s1.jsonl,7027,3a1f435beab88246237be6b0753f17e1c7ed1eeaeac7f5f4ad791b2c1ad974a3,.jsonl,reference_data
reference_data/experiment_benchmark/oa_mae_revision/runs/logs/run_SCN_OA_MAE_fold_Garoua_K25_s10.jsonl,7025,ba92f51197ce6d400497be1c6bec0b3f54b789740add16100807f078fb7f5ce9,.jsonl,reference_data
reference_data/experiment_benchmark/oa_mae_revision/runs/logs/run_SCN_OA_MAE_fold_Garoua_K25_s2.jsonl,7028,1c6e6efd0b5c8fb6332d7b0074d223509d3f67c70729c29ac923e175ee30b04b,.jsonl,reference_data
reference_data/experiment_benchmark/oa_mae_revision/runs/logs/run_SCN_OA_MAE_fold_Garoua_K25_s3.jsonl,7027,3e6bdb0606cd11ceb7ca5b87645f62935b334399729fae6306cfd9f89d8bd497,.jsonl,reference_data
reference_data/experiment_benchmark/oa_mae_revision/runs/logs/run_SCN_OA_MAE_fold_Garoua_K25_s4.jsonl,7022,381058846d084cabd6a36748af1521adb236f81cd7ba2fe2e0a1f593a5c3f0aa,.jsonl,reference_data
reference_data/experiment_benchmark/oa_mae_revision/runs/logs/run_SCN_OA_MAE_fold_Garoua_K25_s5.jsonl,7028,2ca3e8693ce58650102b9a55d91473fe0515aa26f1c7075e64ee3c69b2cb11e4,.jsonl,reference_data
reference_data/experiment_benchmark/oa_mae_revision/runs/logs/run_SCN_OA_MAE_fold_Garoua_K25_s6.jsonl,7026,605d6a7a7574968e999b4758cd708fb36e42d0e680a889260925d79cb4b238b7,.jsonl,reference_data
reference_data/experiment_benchmark/oa_mae_revision/runs/logs/run_SCN_OA_MAE_fold_Garoua_K25_s7.jsonl,7028,7d14c7a438c7ce94c1bbb0ce5ddd1a2e053219418d999f10acd32f2719fd063e,.jsonl,reference_data
reference_data/experiment_benchmark/oa_mae_revision/runs/logs/run_SCN_OA_MAE_fold_Garoua_K25_s8.jsonl,7025,ea6b5f6b3aba520a915c867c86595cd606bca2feea81f0a4241ce30c11786539,.jsonl,reference_data
reference_data/experiment_benchmark/oa_mae_revision/runs/logs/run_SCN_OA_MAE_fold_Garoua_K25_s9.jsonl,7024,af3e725be3dd24ff9239f997c83b0e8950f6ebce11a11b8058be83a149a288f2,.jsonl,reference_data
reference_data/experiment_benchmark/oa_mae_revision/runs/logs/run_SCN_OA_MAE_fold_Garoua_K50_s1.jsonl,7030,98ea29c88c8005239f7c428574fe1af2489aa7b9d4705292a1457903c004595e,.jsonl,reference_data
reference_data/experiment_benchmark/oa_mae_revision/runs/logs/run_SCN_OA_MAE_fold_Garoua_K50_s10.jsonl,7035,424fc7a8901c46a57f5e3e2a90da4035b42c80a24dc1a6cdf98d1fefe0374397,.jsonl,reference_data
reference_data/experiment_benchmark/oa_mae_revision/runs/logs/run_SCN_OA_MAE_fold_Garoua_K50_s2.jsonl,7023,30c4e4efdf7cc10147d60aa8cd63a95cceb8fbccdda56bd8fdecf179cef9305e,.jsonl,reference_data
reference_data/experiment_benchmark/oa_mae_revision/runs/logs/run_SCN_OA_MAE_fold_Garoua_K50_s3.jsonl,7023,8cc09918486f8bef70468b8d815bafa9c272e52e61dac80b3d8638e2490f62cf,.jsonl,reference_data
reference_data/experiment_benchmark/oa_mae_revision/runs/logs/run_SCN_OA_MAE_fold_Garoua_K50_s4.jsonl,7026,ac6ad72c3f4e31f25ed90ff907cf1e6a2efd85dfa58e36fa40c021b6d7e8014c,.jsonl,reference_data
reference_data/experiment_benchmark/oa_mae_revision/runs/logs/run_SCN_OA_MAE_fold_Garoua_K50_s5.jsonl,7017,2b1fa837670e8bc432eab400b04b00969c84ad365ab357bd6b0e1b94292a277c,.jsonl,reference_data
reference_data/experiment_benchmark/oa_mae_revision/runs/logs/run_SCN_OA_MAE_fold_Garoua_K50_s6.jsonl,7021,6b7c8e431c47008af0c603842b6d6ba93b24fd68ba8691e85a9109c0aa703c8f,.jsonl,reference_data
reference_data/experiment_benchmark/oa_mae_revision/runs/logs/run_SCN_OA_MAE_fold_Garoua_K50_s7.jsonl,7027,cb39cf4b3ba1b1b3278566d3b0972aaae7e04e40a0dbd06b956f4f3f2961b819,.jsonl,reference_data
reference_data/experiment_benchmark/oa_mae_revision/runs/logs/run_SCN_OA_MAE_fold_Garoua_K50_s8.jsonl,7018,ae69745347f01e560b9eb83bf28b73db7fddf4c83a9150be02526d27d0d3aca1,.jsonl,reference_data
reference_data/experiment_benchmark/oa_mae_revision/runs/logs/run_SCN_OA_MAE_fold_Garoua_K50_s9.jsonl,7032,bb04242d44659a651e5b1129fadaa6e4f95cd4d8f7870813fb0aff7a148c3632,.jsonl,reference_data
reference_data/experiment_benchmark/oa_mae_revision/runs/logs/run_SCN_OA_MAE_fold_Kigali_K10_s1.jsonl,7022,28df66c8cd7eb443557552afa04c57e5ab776c8570c93cb37b15b11904250f13,.jsonl,reference_data
reference_data/experiment_benchmark/oa_mae_revision/runs/logs/run_SCN_OA_MAE_fold_Kigali_K10_s10.jsonl,7033,ee2b53c8714be3c1b11da7593de43c511382555c76652cdf0ccb4f39d258852d,.jsonl,reference_data
reference_data/experiment_benchmark/oa_mae_revision/runs/logs/run_SCN_OA_MAE_fold_Kigali_K10_s2.jsonl,7030,959f5ad85d5ef505ab447af17001a17fdc74613d3d754c0f7fec7dac0c681366,.jsonl,reference_data
reference_data/experiment_benchmark/oa_mae_revision/runs/logs/run_SCN_OA_MAE_fold_Kigali_K10_s3.jsonl,7030,249e8edb58ca112d95fad3ccf77609cc74720c00338bf464aa711bc4889e271c,.jsonl,reference_data
reference_data/experiment_benchmark/oa_mae_revision/runs/logs/run_SCN_OA_MAE_fold_Kigali_K10_s4.jsonl,7027,e1b588f77a36020815aba63a8e79f6fab05b9e7fa50bd3e2328a08b4f8ad9835,.jsonl,reference_data
reference_data/experiment_benchmark/oa_mae_revision/runs/logs/run_SCN_OA_MAE_fold_Kigali_K10_s5.jsonl,7025,d8a7c8138230794e346cc1750df16abeef9cf98e3458264464746a28178a2f07,.jsonl,reference_data
reference_data/experiment_benchmark/oa_mae_revision/runs/logs/run_SCN_OA_MAE_fold_Kigali_K10_s6.jsonl,7029,362a66f2597aa0c5126183ca121652aa06e92ec1830e34d50fb07caf4da23984,.jsonl,reference_data
reference_data/experiment_benchmark/oa_mae_revision/runs/logs/run_SCN_OA_MAE_fold_Kigali_K10_s7.jsonl,7024,d57d304f5f49f80161837c308c5349cca7cc7e71f1d527a268d3ebe2a643d038,.jsonl,reference_data
reference_data/experiment_benchmark/oa_mae_revision/runs/logs/run_SCN_OA_MAE_fold_Kigali_K10_s8.jsonl,7030,ca19cfc0fd3e94c235afe47cdb84ef7cfb32d44be94ebd3fa7d4029892e1267a,.jsonl,reference_data
reference_data/experiment_benchmark/oa_mae_revision/runs/logs/run_SCN_OA_MAE_fold_Kigali_K10_s9.jsonl,7030,89d2104b047073ce80bd606f2324431d1b07de1b10a27c7acb7f5f0c0db48a60,.jsonl,reference_data
reference_data/experiment_benchmark/oa_mae_revision/runs/logs/run_SCN_OA_MAE_fold_Kigali_K25_s1.jsonl,7035,23d03efaefb7dc6401055ba8ab0dea5a5a3374a0fe2cf95e1d98e213f897d38d,.jsonl,reference_data
reference_data/experiment_benchmark/oa_mae_revision/runs/logs/run_SCN_OA_MAE_fold_Kigali_K25_s10.jsonl,7013,1d3354732b83a2fd0e1ba6d0c4828832ae20652406c7e64898f66167f67caaac,.jsonl,reference_data
reference_data/experiment_benchmark/oa_mae_revision/runs/logs/run_SCN_OA_MAE_fold_Kigali_K25_s2.jsonl,7017,278b331b691f86d14c1e97d73f8f642359609ec191386a3d723dd5eeac33925a,.jsonl,reference_data
reference_data/experiment_benchmark/oa_mae_revision/runs/logs/run_SCN_OA_MAE_fold_Kigali_K25_s3.jsonl,7030,09be57cecda095859b3a21f8f400394388d1e6dcaf443811e2752b39f3db96b2,.jsonl,reference_data
reference_data/experiment_benchmark/oa_mae_revision/runs/logs/run_SCN_OA_MAE_fold_Kigali_K25_s4.jsonl,7028,1e22a30ec30ed65986c8dc588f36d2795df4d484ee4ef37e52530caddcd3d642,.jsonl,reference_data
reference_data/experiment_benchmark/oa_mae_revision/runs/logs/run_SCN_OA_MAE_fold_Kigali_K25_s5.jsonl,7031,d0a849b77e22e19f23c4fcc01a663d24890eb5108b187041de481f83bd6baca5,.jsonl,reference_data
reference_data/experiment_benchmark/oa_mae_revision/runs/logs/run_SCN_OA_MAE_fold_Kigali_K25_s6.jsonl,7027,d3cf074108eb43106ca46db9f0a4393e25e9c7a5d8416a849850e62e72bde4dd,.jsonl,reference_data
reference_data/experiment_benchmark/oa_mae_revision/runs/logs/run_SCN_OA_MAE_fold_Kigali_K25_s7.jsonl,7031,d654f7408868233736bf63268bb82fbf396a08efee320e856c48c4c7b9135358,.jsonl,reference_data
reference_data/experiment_benchmark/oa_mae_revision/runs/logs/run_SCN_OA_MAE_fold_Kigali_K25_s8.jsonl,7029,667d446f71e11d461b4bf384bedc4d699f6d68394dbf773dc3154dc39000420a,.jsonl,reference_data
reference_data/experiment_benchmark/oa_mae_revision/runs/logs/run_SCN_OA_MAE_fold_Kigali_K25_s9.jsonl,7031,52fe326b358e1ce1f8dc4e7fcaa24eb1879b2f16571fe4d1f89fb3a7a3c9ea57,.jsonl,reference_data
reference_data/experiment_benchmark/oa_mae_revision/runs/logs/run_SCN_OA_MAE_fold_Kigali_K50_s1.jsonl,7015,17fa6f831b3caa609877a2dc455ba2d56a43b72fa5210a93574092d8ff6ad366,.jsonl,reference_data
reference_data/experiment_benchmark/oa_mae_revision/runs/logs/run_SCN_OA_MAE_fold_Kigali_K50_s10.jsonl,7024,d67e925a2066eae9d7b989ffc886e84646634fa60e3d025726e45d81c3ed6c87,.jsonl,reference_data
reference_data/experiment_benchmark/oa_mae_revision/runs/logs/run_SCN_OA_MAE_fold_Kigali_K50_s2.jsonl,7030,03f09455bdb76219bce274a44fea24b2a9ca7e7c895d6591a299a948a804fe91,.jsonl,reference_data
reference_data/experiment_benchmark/oa_mae_revision/runs/logs/run_SCN_OA_MAE_fold_Kigali_K50_s3.jsonl,7024,7be6f03fbd8499cce609249e2302ecc1937350f3d4fb52d84fed5be91b81b24c,.jsonl,reference_data
reference_data/experiment_benchmark/oa_mae_revision/runs/logs/run_SCN_OA_MAE_fold_Kigali_K50_s4.jsonl,7025,eefed70ed0646f6275804e4d681b9c152f2c0873b49d07d51043f94bee66066f,.jsonl,reference_data
reference_data/experiment_benchmark/oa_mae_revision/runs/logs/run_SCN_OA_MAE_fold_Kigali_K50_s5.jsonl,7028,2497a807f17ea165ffeaaebf4d39cfbb7403629ed814473ec151017a7927d643,.jsonl,reference_data
reference_data/experiment_benchmark/oa_mae_revision/runs/logs/run_SCN_OA_MAE_fold_Kigali_K50_s6.jsonl,7020,8d8baca1376c222a07e3a433b8100f89973f0d72cea7d96204c7da9a7da83386,.jsonl,reference_data
reference_data/experiment_benchmark/oa_mae_revision/runs/logs/run_SCN_OA_MAE_fold_Kigali_K50_s7.jsonl,7027,4d064c3ee1671c113b8d9bb2d7a24750f57919679c3a4416b2d9deabf240e594,.jsonl,reference_data
reference_data/experiment_benchmark/oa_mae_revision/runs/logs/run_SCN_OA_MAE_fold_Kigali_K50_s8.jsonl,7027,c4d957ed5336f61c9fa5745ff42e593e8dc40d62d48b86ff44d41286a7c09fad,.jsonl,reference_data
reference_data/experiment_benchmark/oa_mae_revision/runs/logs/run_SCN_OA_MAE_fold_Kigali_K50_s9.jsonl,7031,8e05b2f410875e901466f26dcab0a93539c08fed132dacbf7808452161b80d2d,.jsonl,reference_data
reference_data/experiment_benchmark/oa_mae_revision/runs/logs/run_SCN_OA_MAE_fold_Yaounde_K10_s1.jsonl,7031,a5e2ccbdce5e6f1c6fccdfc9265562e7028c10857789b8747b460720f8bb63cd,.jsonl,reference_data
reference_data/experiment_benchmark/oa_mae_revision/runs/logs/run_SCN_OA_MAE_fold_Yaounde_K10_s10.jsonl,7031,ff5da9bda2a1ff48827577fed60d670bdca3b7ab14ef9806fbae0e0fc2fc156b,.jsonl,reference_data
reference_data/experiment_benchmark/oa_mae_revision/runs/logs/run_SCN_OA_MAE_fold_Yaounde_K10_s2.jsonl,7034,e9e674cb50c877da39acffc8392808d63b3a660f0a565c505e4430ce3290882b,.jsonl,reference_data
reference_data/experiment_benchmark/oa_mae_revision/runs/logs/run_SCN_OA_MAE_fold_Yaounde_K10_s3.jsonl,7031,fb6a168180c4432a1f31456198e454c47054cf4f870774435f3186f4bea38118,.jsonl,reference_data
reference_data/experiment_benchmark/oa_mae_revision/runs/logs/run_SCN_OA_MAE_fold_Yaounde_K10_s4.jsonl,7027,aea62cf1375d814bbeffcd00657bec6cb2295b7959e95e0749317b8dc47e4ce9,.jsonl,reference_data
reference_data/experiment_benchmark/oa_mae_revision/runs/logs/run_SCN_OA_MAE_fold_Yaounde_K10_s5.jsonl,7026,02ea38417b231ca9fd00dac37e28121934258bc3f5fa993e5957e0a979ef6991,.jsonl,reference_data
reference_data/experiment_benchmark/oa_mae_revision/runs/logs/run_SCN_OA_MAE_fold_Yaounde_K10_s6.jsonl,7029,826f26da8b6c8eb2d4035a4ba30831fbc665cc4e5f7aeed1b09552d49f1b55f9,.jsonl,reference_data
reference_data/experiment_benchmark/oa_mae_revision/runs/logs/run_SCN_OA_MAE_fold_Yaounde_K10_s7.jsonl,7030,eb37b313ef45704b276553b28bc362ca4e79f2916f26470e5b5ea66637f74c6a,.jsonl,reference_data
reference_data/experiment_benchmark/oa_mae_revision/runs/logs/run_SCN_OA_MAE_fold_Yaounde_K10_s8.jsonl,7035,be4e11875d4da7d78750bbb0d4e21b50c597d2122f8a3deefa8b0f32a8200a05,.jsonl,reference_data
reference_data/experiment_benchmark/oa_mae_revision/runs/logs/run_SCN_OA_MAE_fold_Yaounde_K10_s9.jsonl,7025,9a3a6e9c5fc5b86f30f9b622dc45388468c8e4327b7544c2c39f82cf7888bd7b,.jsonl,reference_data
reference_data/experiment_benchmark/oa_mae_revision/runs/logs/run_SCN_OA_MAE_fold_Yaounde_K25_s1.jsonl,7025,f2955cd5a626bc881a78ec6e3d818e5028564bcbab0086599e5a580c6d1bee42,.jsonl,reference_data
reference_data/experiment_benchmark/oa_mae_revision/runs/logs/run_SCN_OA_MAE_fold_Yaounde_K25_s10.jsonl,7022,81819c8e466c282933e10d1dc986b183190fa1d038d85e5e7946f00554014def,.jsonl,reference_data
reference_data/experiment_benchmark/oa_mae_revision/runs/logs/run_SCN_OA_MAE_fold_Yaounde_K25_s2.jsonl,7032,8699b0975754571b6a4f53faf5c2abd870d721f15002d5927264ef2f4e33a12d,.jsonl,reference_data
reference_data/experiment_benchmark/oa_mae_revision/runs/logs/run_SCN_OA_MAE_fold_Yaounde_K25_s3.jsonl,7031,212870ca7ba9f2f4743a198f0af3ebeb844719cf22cd1decb59512cc45008aa7,.jsonl,reference_data
reference_data/experiment_benchmark/oa_mae_revision/runs/logs/run_SCN_OA_MAE_fold_Yaounde_K25_s4.jsonl,7018,8c1e9318118756d8e8596b73b1cdaad487b6f0112394fd40c175232d9fec39f5,.jsonl,reference_data
reference_data/experiment_benchmark/oa_mae_revision/runs/logs/run_SCN_OA_MAE_fold_Yaounde_K25_s5.jsonl,7028,d095ed422a5c9cfe55bd04481d610b21bcdc1b91f78222f4c14a216788d79bb9,.jsonl,reference_data
reference_data/experiment_benchmark/oa_mae_revision/runs/logs/run_SCN_OA_MAE_fold_Yaounde_K25_s6.jsonl,7025,8b16f18e2a806a55dc480e72a7bef2896048e625b38b7193d01e6d2f3665d9e6,.jsonl,reference_data
reference_data/experiment_benchmark/oa_mae_revision/runs/logs/run_SCN_OA_MAE_fold_Yaounde_K25_s7.jsonl,7032,8968cbe7f8a9463f62a6652d0ae72bc0b6804b5ee881554df48ab0f93327e091,.jsonl,reference_data
reference_data/experiment_benchmark/oa_mae_revision/runs/logs/run_SCN_OA_MAE_fold_Yaounde_K25_s8.jsonl,7023,2f694fc3af66c5f7d735af783c853b46d9761e03a49adee22b4229fa54fcb6b3,.jsonl,reference_data
reference_data/experiment_benchmark/oa_mae_revision/runs/logs/run_SCN_OA_MAE_fold_Yaounde_K25_s9.jsonl,7029,cb44cb92da7997b70fc9c7a946306c658b4774b07ab3e701c4a25548e35da05d,.jsonl,reference_data
reference_data/experiment_benchmark/oa_mae_revision/runs/logs/run_SCN_OA_MAE_fold_Yaounde_K50_s1.jsonl,7030,286ce5873a5eb3356066ad5ca0822713385a28f6be07c4e10edbed5da7c3bf86,.jsonl,reference_data
reference_data/experiment_benchmark/oa_mae_revision/runs/logs/run_SCN_OA_MAE_fold_Yaounde_K50_s10.jsonl,7036,5531f7139aa03d0709f5bc800a6ba4754c03ab1c113d0709bbae6cd336155b3d,.jsonl,reference_data
reference_data/experiment_benchmark/oa_mae_revision/runs/logs/run_SCN_OA_MAE_fold_Yaounde_K50_s2.jsonl,7027,823bba79fe393f788f924a4d8173d1aeb992ae662e6cfc740c1a58b703bf833a,.jsonl,reference_data
reference_data/experiment_benchmark/oa_mae_revision/runs/logs/run_SCN_OA_MAE_fold_Yaounde_K50_s3.jsonl,6993,74c99d1aec69e9ee4a8f8bd76864e3a52e96472656fca8942bf861a98b9c8f5e,.jsonl,reference_data
reference_data/experiment_benchmark/oa_mae_revision/runs/logs/run_SCN_OA_MAE_fold_Yaounde_K50_s4.jsonl,7027,68f9d1208e997c293c760aea70ea53c86675fed1a19717818a4aa733c3b67ef7,.jsonl,reference_data
reference_data/experiment_benchmark/oa_mae_revision/runs/logs/run_SCN_OA_MAE_fold_Yaounde_K50_s5.jsonl,7031,3db1680576161b195974fac8c47b6f0103a21660d2a17203a50151a830fa2e96,.jsonl,reference_data
reference_data/experiment_benchmark/oa_mae_revision/runs/logs/run_SCN_OA_MAE_fold_Yaounde_K50_s6.jsonl,7035,33a14e3c3ecac85b2ebaa994fa5dbb67ff21c06c09c5d806784db8094508d304,.jsonl,reference_data
reference_data/experiment_benchmark/oa_mae_revision/runs/logs/run_SCN_OA_MAE_fold_Yaounde_K50_s7.jsonl,7030,6b1a531e10d10bc505d8bffaa7f4ecc9cf9b9c1b94b9b13171c900b6b8d1a72f,.jsonl,reference_data
reference_data/experiment_benchmark/oa_mae_revision/runs/logs/run_SCN_OA_MAE_fold_Yaounde_K50_s8.jsonl,7020,6d2ff69e256a7275215e55cff01d2ca72072dd97f93be768e3bb3bc9836ba124,.jsonl,reference_data
reference_data/experiment_benchmark/oa_mae_revision/runs/logs/run_SCN_OA_MAE_fold_Yaounde_K50_s9.jsonl,7029,fafeb745d486c8176d5714e46f995f4192de8668d5d7a6ab9ffef44e4ac6b396,.jsonl,reference_data
reference_data/experiment_benchmark/oa_mae_revision/runs/logs/run_SCN_UNet_S1S2_fold_Dakar_K10_s1.jsonl,7036,b15be7035773d0d3689398abad09e65d57dd5cfcec41edb5317ed87118a551ad,.jsonl,reference_data
reference_data/experiment_benchmark/oa_mae_revision/runs/logs/run_SCN_UNet_S1S2_fold_Dakar_K10_s10.jsonl,7034,0f7ef11739f494013808b9b37b07ad9edb8083dad3ddc81de139e14aaf4cb17e,.jsonl,reference_data
reference_data/experiment_benchmark/oa_mae_revision/runs/logs/run_SCN_UNet_S1S2_fold_Dakar_K10_s2.jsonl,7032,af8f3851dd319668c2e195e1a906ed9588fd36a07b36cd8279d50ca95ec2b6ba,.jsonl,reference_data
reference_data/experiment_benchmark/oa_mae_revision/runs/logs/run_SCN_UNet_S1S2_fold_Dakar_K10_s3.jsonl,7028,2a975cf33536d0c4f03d77018740d5464ad236f18ad2bf7fcb368e0b58c85c36,.jsonl,reference_data
reference_data/experiment_benchmark/oa_mae_revision/runs/logs/run_SCN_UNet_S1S2_fold_Dakar_K10_s4.jsonl,7036,931d9a745fadb51da691b3c78f21c8d76876d16b50016de715e8c2ec2fca99ef,.jsonl,reference_data
reference_data/experiment_benchmark/oa_mae_revision/runs/logs/run_SCN_UNet_S1S2_fold_Dakar_K10_s5.jsonl,7033,cd11726b79863e2a705791e8290300b0f4fdb3876032a8300d2ed9e356e35d23,.jsonl,reference_data
reference_data/experiment_benchmark/oa_mae_revision/runs/logs/run_SCN_UNet_S1S2_fold_Dakar_K10_s6.jsonl,7035,a86e90e410017c4d60cc6a7ec7580dd83d1c9f2b78a2ff8eda19002992d8c46c,.jsonl,reference_data
reference_data/experiment_benchmark/oa_mae_revision/runs/logs/run_SCN_UNet_S1S2_fold_Dakar_K10_s7.jsonl,7031,edefc6f16e365d9a05510a8cb42d3187cca979d1ded8c10c76d4fec7def49b03,.jsonl,reference_data
reference_data/experiment_benchmark/oa_mae_revision/runs/logs/run_SCN_UNet_S1S2_fold_Dakar_K10_s8.jsonl,7028,5aa42ade9a18c69808cc009d9c851cbe77b53bc997e49e5b91137bee839eb949,.jsonl,reference_data
reference_data/experiment_benchmark/oa_mae_revision/runs/logs/run_SCN_UNet_S1S2_fold_Dakar_K10_s9.jsonl,7037,a72e9f87394ab436114b8f2918810a96f02e39766aca963bb291961f1388ef3f,.jsonl,reference_data
reference_data/experiment_benchmark/oa_mae_revision/runs/logs/run_SCN_UNet_S1S2_fold_Dakar_K25_s1.jsonl,7016,9908c209e2aa79bc90cd8227497fb66cfee2d7417b66a73cf479559e7c9a0b76,.jsonl,reference_data
reference_data/experiment_benchmark/oa_mae_revision/runs/logs/run_SCN_UNet_S1S2_fold_Dakar_K25_s10.jsonl,7034,8330ce93c9e7b3e47bca24cbe56534a089b5a0324d11d485d38ba9a70c8d1a45,.jsonl,reference_data
reference_data/experiment_benchmark/oa_mae_revision/runs/logs/run_SCN_UNet_S1S2_fold_Dakar_K25_s2.jsonl,7032,ad97d1d3a0987f298d2cadda915776598dd0570c9d9b7cc4b96c1cf2fc8dfa80,.jsonl,reference_data
reference_data/experiment_benchmark/oa_mae_revision/runs/logs/run_SCN_UNet_S1S2_fold_Dakar_K25_s3.jsonl,7021,5ed11e452d416a5f09ff816aff17d246d79f88dff450869fe9e69e4cdb437278,.jsonl,reference_data
reference_data/experiment_benchmark/oa_mae_revision/runs/logs/run_SCN_UNet_S1S2_fold_Dakar_K25_s4.jsonl,7031,d2b587e87922fa413dd9f04a6f83bd7899e069afe93b93dc51178b57ebbd5c05,.jsonl,reference_data
reference_data/experiment_benchmark/oa_mae_revision/runs/logs/run_SCN_UNet_S1S2_fold_Dakar_K25_s5.jsonl,7027,db6258d0a442adb78efd58953673da6b7eb085b9f6684354d305028a644cd2e7,.jsonl,reference_data
reference_data/experiment_benchmark/oa_mae_revision/runs/logs/run_SCN_UNet_S1S2_fold_Dakar_K25_s6.jsonl,7036,e1f740fa3a0c7e06e5db290e841196f74aeb7a77cc09f7514a4da86ef7254e0a,.jsonl,reference_data
reference_data/experiment_benchmark/oa_mae_revision/runs/logs/run_SCN_UNet_S1S2_fold_Dakar_K25_s7.jsonl,7027,ad5e3fb3177aa3858a051c5eebebf0c648ff2fb9d4cc7e19e671ff6f7b8a4e4d,.jsonl,reference_data
reference_data/experiment_benchmark/oa_mae_revision/runs/logs/run_SCN_UNet_S1S2_fold_Dakar_K25_s8.jsonl,7027,af1456aa0fa8cec57094169401cf4b46e884aedde57a7517b6c2e23318c8c85c,.jsonl,reference_data
reference_data/experiment_benchmark/oa_mae_revision/runs/logs/run_SCN_UNet_S1S2_fold_Dakar_K25_s9.jsonl,7032,3a21fbe61ef6ea965d9c12bec06b4037947787618f7dfe7af7a31e3a25ad10df,.jsonl,reference_data
reference_data/experiment_benchmark/oa_mae_revision/runs/logs/run_SCN_UNet_S1S2_fold_Dakar_K50_s1.jsonl,7022,c2fd676383850de53a882eb0267764caf56c10dca586ef0edfddf3753ed73814,.jsonl,reference_data
reference_data/experiment_benchmark/oa_mae_revision/runs/logs/run_SCN_UNet_S1S2_fold_Dakar_K50_s10.jsonl,7032,9288bd0b5c5928c2ae68ead185ae3c45ef3f00944e8db42f9ff83ac92e51a1f0,.jsonl,reference_data
reference_data/experiment_benchmark/oa_mae_revision/runs/logs/run_SCN_UNet_S1S2_fold_Dakar_K50_s2.jsonl,7027,862c8d8f4a26552f5f1face4846c6eaa7a101fad026d314721f55b20a3444f89,.jsonl,reference_data
reference_data/experiment_benchmark/oa_mae_revision/runs/logs/run_SCN_UNet_S1S2_fold_Dakar_K50_s3.jsonl,7015,7334a1bd97268350981b9731fe8ca788a26bca29c8048ce8c8446723c75c8952,.jsonl,reference_data
reference_data/experiment_benchmark/oa_mae_revision/runs/logs/run_SCN_UNet_S1S2_fold_Dakar_K50_s4.jsonl,7037,de8dbf1a97d62af510ce93d2018a187fb89111c90b80d7799ad42d3cdae40354,.jsonl,reference_data
reference_data/experiment_benchmark/oa_mae_revision/runs/logs/run_SCN_UNet_S1S2_fold_Dakar_K50_s5.jsonl,7031,0c2bb4e751fe8cf224f9fa829c05208826bb72903b67ccca8a768b96ab5d86a6,.jsonl,reference_data
reference_data/experiment_benchmark/oa_mae_revision/runs/logs/run_SCN_UNet_S1S2_fold_Dakar_K50_s6.jsonl,7027,c6feb2035045fb3a59f70c02eb7ce5e2115eb89fc7392a5e8dae1ef02d1922ea,.jsonl,reference_data
reference_data/experiment_benchmark/oa_mae_revision/runs/logs/run_SCN_UNet_S1S2_fold_Dakar_K50_s7.jsonl,7034,5db37937a5d66fce7530afc306731d7c6a41462aee9ea6276aaf6829c85e49ae,.jsonl,reference_data
reference_data/experiment_benchmark/oa_mae_revision/runs/logs/run_SCN_UNet_S1S2_fold_Dakar_K50_s8.jsonl,7032,b8d3fec913e4eae80db4b9272a7e0e085a7b8f16d4606be8c23e86f2b32035bd,.jsonl,reference_data
reference_data/experiment_benchmark/oa_mae_revision/runs/logs/run_SCN_UNet_S1S2_fold_Dakar_K50_s9.jsonl,7027,8cf5fc4ad42e39b291837e7f22e09040c395068cf38fa4c5984d9a5523f2506d,.jsonl,reference_data
reference_data/experiment_benchmark/oa_mae_revision/runs/logs/run_SCN_UNet_S1S2_fold_DarEsSalaam_K10_s1.jsonl,7025,a6ede2eeff72d2db1c12657bc61d660798903c9b005745746a5251937ad738f6,.jsonl,reference_data
reference_data/experiment_benchmark/oa_mae_revision/runs/logs/run_SCN_UNet_S1S2_fold_DarEsSalaam_K10_s10.jsonl,7052,09776254a9801b509c93a4fa56b3c8565c103338db3f4d3e265d76fb0a6d539b,.jsonl,reference_data
reference_data/experiment_benchmark/oa_mae_revision/runs/logs/run_SCN_UNet_S1S2_fold_DarEsSalaam_K10_s2.jsonl,7036,2e4040c09c0285501b12b09464d1832a983ac174081e3fd4424418f7b6d7b1e7,.jsonl,reference_data
reference_data/experiment_benchmark/oa_mae_revision/runs/logs/run_SCN_UNet_S1S2_fold_DarEsSalaam_K10_s3.jsonl,7049,6b7bd220169535511db909ababfa4c7d30d084bc21e1e3f6adafe58257b1b563,.jsonl,reference_data
reference_data/experiment_benchmark/oa_mae_revision/runs/logs/run_SCN_UNet_S1S2_fold_DarEsSalaam_K10_s4.jsonl,7037,7fd242764eeccf6746fb54deb6e0c9f415742e8e7fb6245da060e73902eff2e3,.jsonl,reference_data
reference_data/experiment_benchmark/oa_mae_revision/runs/logs/run_SCN_UNet_S1S2_fold_DarEsSalaam_K10_s5.jsonl,7042,c6009fa07f939fc2904ce19988d1fd4a8f70f08d4283ff367c4cfbd0c63a7359,.jsonl,reference_data
reference_data/experiment_benchmark/oa_mae_revision/runs/logs/run_SCN_UNet_S1S2_fold_DarEsSalaam_K10_s6.jsonl,7040,e9410ab8d8e1e19c61f20e5576aa91c6452fde55938744552c5cbff42c0ab6f3,.jsonl,reference_data
reference_data/experiment_benchmark/oa_mae_revision/runs/logs/run_SCN_UNet_S1S2_fold_DarEsSalaam_K10_s7.jsonl,7046,b4c31de4f8f5b6a623624e435c4e8f7c83ee9835bf29e1bf79b5c7a1ccb57766,.jsonl,reference_data
reference_data/experiment_benchmark/oa_mae_revision/runs/logs/run_SCN_UNet_S1S2_fold_DarEsSalaam_K10_s8.jsonl,7043,8c1c9a7dccb578d46d0fc636b519d75378dceff50f7a80d9aa7b9a31fe6dc471,.jsonl,reference_data
reference_data/experiment_benchmark/oa_mae_revision/runs/logs/run_SCN_UNet_S1S2_fold_DarEsSalaam_K10_s9.jsonl,7036,1e2efc9a4e72ee11632cab55aad194b8b2eeb5255023e6af4414fcc1a3749ff2,.jsonl,reference_data
reference_data/experiment_benchmark/oa_mae_revision/runs/logs/run_SCN_UNet_S1S2_fold_DarEsSalaam_K25_s1.jsonl,7045,963d052053d1cf1716e1e67437bf4daba9ef1cc6fab288a22d52cc798e9d5407,.jsonl,reference_data
reference_data/experiment_benchmark/oa_mae_revision/runs/logs/run_SCN_UNet_S1S2_fold_DarEsSalaam_K25_s10.jsonl,7043,e8b1afabe216f5f5e676a6b1989804a8fd56f3d84b6071a1ce494e3eef1cf049,.jsonl,reference_data
reference_data/experiment_benchmark/oa_mae_revision/runs/logs/run_SCN_UNet_S1S2_fold_DarEsSalaam_K25_s2.jsonl,7026,a955a538e461d0e9ee79883318f5c192ba22eca6c45a36df3e2600973c3c9847,.jsonl,reference_data
reference_data/experiment_benchmark/oa_mae_revision/runs/logs/run_SCN_UNet_S1S2_fold_DarEsSalaam_K25_s3.jsonl,7036,e33a96584f2fab56217f0b18ef5de37371b6b67b96ef871c9ce11e72985cd944,.jsonl,reference_data
reference_data/experiment_benchmark/oa_mae_revision/runs/logs/run_SCN_UNet_S1S2_fold_DarEsSalaam_K25_s4.jsonl,7042,c776169c610b52e66593ee9b907aab39ae6531a20511c442355c8645b4c59e92,.jsonl,reference_data
reference_data/experiment_benchmark/oa_mae_revision/runs/logs/run_SCN_UNet_S1S2_fold_DarEsSalaam_K25_s5.jsonl,7035,70fcf1add01d1efe23da5d30f0ab34e241e34d93d8a81e18a3dd3ba936b63e4e,.jsonl,reference_data
reference_data/experiment_benchmark/oa_mae_revision/runs/logs/run_SCN_UNet_S1S2_fold_DarEsSalaam_K25_s6.jsonl,7035,5841474d44608f9e806852bdea238b396ecb7c06aea189a359c6800e117153e6,.jsonl,reference_data
reference_data/experiment_benchmark/oa_mae_revision/runs/logs/run_SCN_UNet_S1S2_fold_DarEsSalaam_K25_s7.jsonl,7046,6e496d9b0f38ee4a652409db190d622268c1b77bdd6ac60d1dd88305be055356,.jsonl,reference_data
reference_data/experiment_benchmark/oa_mae_revision/runs/logs/run_SCN_UNet_S1S2_fold_DarEsSalaam_K25_s8.jsonl,7045,aa876b8558efbaadfa5e31aa4c9aeba2bfb8f6328cf21fd6e82abede06726425,.jsonl,reference_data
reference_data/experiment_benchmark/oa_mae_revision/runs/logs/run_SCN_UNet_S1S2_fold_DarEsSalaam_K25_s9.jsonl,7040,3a16067a0a7e2e72c1aa6bc376d6e360bbdd07f3638603c6a08ae44e04da462d,.jsonl,reference_data
reference_data/experiment_benchmark/oa_mae_revision/runs/logs/run_SCN_UNet_S1S2_fold_DarEsSalaam_K50_s1.jsonl,7043,289c2a3538f6c2e17bbca7de502e14c55530787c55e2869eef62875938bcc469,.jsonl,reference_data
reference_data/experiment_benchmark/oa_mae_revision/runs/logs/run_SCN_UNet_S1S2_fold_DarEsSalaam_K50_s10.jsonl,7046,26645950f391b7612585195fdfa3fc2d7a32f0daf047160264e2c88264b3206a,.jsonl,reference_data
reference_data/experiment_benchmark/oa_mae_revision/runs/logs/run_SCN_UNet_S1S2_fold_DarEsSalaam_K50_s2.jsonl,7050,e2ed8f10013cb1e8f7680caeae2f4e310665f9ad5c0fc5862ac604b5ea725644,.jsonl,reference_data
reference_data/experiment_benchmark/oa_mae_revision/runs/logs/run_SCN_UNet_S1S2_fold_DarEsSalaam_K50_s3.jsonl,7041,08ae1f116a4e1c076555ae269d7f3394f7cc267acef722eb501160b2999ee37e,.jsonl,reference_data
reference_data/experiment_benchmark/oa_mae_revision/runs/logs/run_SCN_UNet_S1S2_fold_DarEsSalaam_K50_s4.jsonl,7042,4d4bd8d2a07e0b2349b1c26bcedc890f26d961df4da3e0800fc164db5c3dc633,.jsonl,reference_data
reference_data/experiment_benchmark/oa_mae_revision/runs/logs/run_SCN_UNet_S1S2_fold_DarEsSalaam_K50_s5.jsonl,7048,f6cda26339fffa42fbf50bc1b54459bef3041fb5bf732eb909a78054a3fe63fd,.jsonl,reference_data
reference_data/experiment_benchmark/oa_mae_revision/runs/logs/run_SCN_UNet_S1S2_fold_DarEsSalaam_K50_s6.jsonl,7044,86ce471fa4bd9a8996790ca31ae7285bbca4e87de2d8333cf8277f781f04e921,.jsonl,reference_data
reference_data/experiment_benchmark/oa_mae_revision/runs/logs/run_SCN_UNet_S1S2_fold_DarEsSalaam_K50_s7.jsonl,7043,238c2a4c86b467837c9dedc755684b0bc6261fb66163a9e1fab4c83abb0a1290,.jsonl,reference_data
reference_data/experiment_benchmark/oa_mae_revision/runs/logs/run_SCN_UNet_S1S2_fold_DarEsSalaam_K50_s8.jsonl,7040,10052e74d190b7ed27529ad06788fa87a2cd091393fab6009a9120c14507ba52,.jsonl,reference_data
reference_data/experiment_benchmark/oa_mae_revision/runs/logs/run_SCN_UNet_S1S2_fold_DarEsSalaam_K50_s9.jsonl,7043,37da6c73c6843f7223dae7a65370dbb5a0ce42995602a5d96558b3db05937c93,.jsonl,reference_data
reference_data/experiment_benchmark/oa_mae_revision/runs/logs/run_SCN_UNet_S1S2_fold_Douala_K10_s1.jsonl,7029,7bcb3d751a07ac7816251178851b3dcdb49c42f4fe63a813dc46c0b949a062ea,.jsonl,reference_data
reference_data/experiment_benchmark/oa_mae_revision/runs/logs/run_SCN_UNet_S1S2_fold_Douala_K10_s10.jsonl,7032,5bdd48560bb6931a728ab4960db94cda6aef65daaf2de4c2455b0af1ecb6921a,.jsonl,reference_data
reference_data/experiment_benchmark/oa_mae_revision/runs/logs/run_SCN_UNet_S1S2_fold_Douala_K10_s2.jsonl,7036,c476e8d0589c9063f77085bc7b7219e02133b2bf1ab626f15c1721a8509cdf72,.jsonl,reference_data
reference_data/experiment_benchmark/oa_mae_revision/runs/logs/run_SCN_UNet_S1S2_fold_Douala_K10_s3.jsonl,7036,993c3ac793ef92e65b36e640f3662bda329fc800c245f4633d4264404a738469,.jsonl,reference_data
reference_data/experiment_benchmark/oa_mae_revision/runs/logs/run_SCN_UNet_S1S2_fold_Douala_K10_s4.jsonl,7032,07757a5367a40aa90982b3f900149a6dbeb16269a0a5326281e9d9e2a4f9c9cf,.jsonl,reference_data
reference_data/experiment_benchmark/oa_mae_revision/runs/logs/run_SCN_UNet_S1S2_fold_Douala_K10_s5.jsonl,7033,b60e8ccb295fdaeb89c623c217383d7e39d41c6ae954a02b9221e1c53cfd0395,.jsonl,reference_data
reference_data/experiment_benchmark/oa_mae_revision/runs/logs/run_SCN_UNet_S1S2_fold_Douala_K10_s6.jsonl,7037,9582225197541f031c4836925d1aa713c3ba17065e9fe38c06bba66dff8af557,.jsonl,reference_data
reference_data/experiment_benchmark/oa_mae_revision/runs/logs/run_SCN_UNet_S1S2_fold_Douala_K10_s7.jsonl,7036,1d3267f8a21976124504ddb86d3ef0a4624e52facb4355fec810499a8d148c3d,.jsonl,reference_data
reference_data/experiment_benchmark/oa_mae_revision/runs/logs/run_SCN_UNet_S1S2_fold_Douala_K10_s8.jsonl,7028,af57313d106af2ef0d12f86328b1a50fef6af84e2114d77a0d80e398d622d3d6,.jsonl,reference_data
reference_data/experiment_benchmark/oa_mae_revision/runs/logs/run_SCN_UNet_S1S2_fold_Douala_K10_s9.jsonl,7030,ece46e339e6cf25bddf00ee183119a5cbe7bac3efd634fdaa5e1758a1cbac875,.jsonl,reference_data
reference_data/experiment_benchmark/oa_mae_revision/runs/logs/run_SCN_UNet_S1S2_fold_Douala_K25_s1.jsonl,7036,106db409dd5f79fbbbd47e815bfac72cd290192cdd9432755f165ec613c8e91f,.jsonl,reference_data
reference_data/experiment_benchmark/oa_mae_revision/runs/logs/run_SCN_UNet_S1S2_fold_Douala_K25_s10.jsonl,7038,d1fd01ddd82d897d3dfd98ccac5af7aec8d361997f62115ee0dad932b49c5dae,.jsonl,reference_data
reference_data/experiment_benchmark/oa_mae_revision/runs/logs/run_SCN_UNet_S1S2_fold_Douala_K25_s2.jsonl,7029,a3388cae76dcf5ecef8c61a1efd72afafe49257cfed556c04da30e638d0e9726,.jsonl,reference_data
reference_data/experiment_benchmark/oa_mae_revision/runs/logs/run_SCN_UNet_S1S2_fold_Douala_K25_s3.jsonl,7040,7f30614cfcd6c04817277c1c9eca7d4420de4c814ff374d2ab178f7010f00ac4,.jsonl,reference_data
reference_data/experiment_benchmark/oa_mae_revision/runs/logs/run_SCN_UNet_S1S2_fold_Douala_K25_s4.jsonl,7035,678b5a0576bbd751e3fb78fcb158a64ba171096bd34bff9e9ddbc50e52cc8b5d,.jsonl,reference_data
reference_data/experiment_benchmark/oa_mae_revision/runs/logs/run_SCN_UNet_S1S2_fold_Douala_K25_s5.jsonl,7037,5271c126be945723b3c74e81254f3c4152962016fa02b896edb4a64f0176c81e,.jsonl,reference_data
reference_data/experiment_benchmark/oa_mae_revision/runs/logs/run_SCN_UNet_S1S2_fold_Douala_K25_s6.jsonl,7033,6501dd57c29adcbc16d2728b1295de9416db70495afe0932a7e1666857a2de3d,.jsonl,reference_data
reference_data/experiment_benchmark/oa_mae_revision/runs/logs/run_SCN_UNet_S1S2_fold_Douala_K25_s7.jsonl,7029,d29604a23b4f73b05216e6c35435d3bec8b15d518f18a6a93ec6149d4a666014,.jsonl,reference_data
reference_data/experiment_benchmark/oa_mae_revision/runs/logs/run_SCN_UNet_S1S2_fold_Douala_K25_s8.jsonl,7035,5f0abdf21ebe0071d80a2864429caf42728abfe64a7d6fef6195ee513f713c47,.jsonl,reference_data
reference_data/experiment_benchmark/oa_mae_revision/runs/logs/run_SCN_UNet_S1S2_fold_Douala_K25_s9.jsonl,7040,d3f0e6917e49c8cf10db522b605086167fc8e4908281ca365d197c30e46855fc,.jsonl,reference_data
reference_data/experiment_benchmark/oa_mae_revision/runs/logs/run_SCN_UNet_S1S2_fold_Douala_K50_s1.jsonl,7035,41ab9a9af9e2b076bf07e179dfa1e5b4a0f0224488f700d45ebc0a9076ce7716,.jsonl,reference_data
reference_data/experiment_benchmark/oa_mae_revision/runs/logs/run_SCN_UNet_S1S2_fold_Douala_K50_s10.jsonl,7032,f5ba899e2ec3eb95800328234fe47463aa529244d79a65c15c239204ba50264a,.jsonl,reference_data
reference_data/experiment_benchmark/oa_mae_revision/runs/logs/run_SCN_UNet_S1S2_fold_Douala_K50_s2.jsonl,7035,3816d01dae8baa7416dbd0fdc2a8f52a006c2682ecabc5c3c5b6793c1753c0b2,.jsonl,reference_data
reference_data/experiment_benchmark/oa_mae_revision/runs/logs/run_SCN_UNet_S1S2_fold_Douala_K50_s3.jsonl,7042,eb63a2a2b2815066512950e2058946c4e39f479af4aa99776a69893ffefe7e08,.jsonl,reference_data
reference_data/experiment_benchmark/oa_mae_revision/runs/logs/run_SCN_UNet_S1S2_fold_Douala_K50_s4.jsonl,7034,ea559089c0e22d137baeaa7a2f53f71166b77216fa965509927de0b907ae85c9,.jsonl,reference_data
reference_data/experiment_benchmark/oa_mae_revision/runs/logs/run_SCN_UNet_S1S2_fold_Douala_K50_s5.jsonl,7031,77142f4b5c25e424f5307db9152ab24a1436b64dec33b97b48db439a9de9373e,.jsonl,reference_data
reference_data/experiment_benchmark/oa_mae_revision/runs/logs/run_SCN_UNet_S1S2_fold_Douala_K50_s6.jsonl,7037,56b47c86a0a36271f8e64abc83355eb6521a38f595398da17d8f4abee7cd19b1,.jsonl,reference_data
reference_data/experiment_benchmark/oa_mae_revision/runs/logs/run_SCN_UNet_S1S2_fold_Douala_K50_s7.jsonl,7037,569947d36067cdd3f928e068e6659967ac69b73234eab2e6a8fe958007828e81,.jsonl,reference_data
reference_data/experiment_benchmark/oa_mae_revision/runs/logs/run_SCN_UNet_S1S2_fold_Douala_K50_s8.jsonl,7035,0785b4bee284b7fcd5d81eff85433f3db5b2d42ff2991e834644a60984100451,.jsonl,reference_data
reference_data/experiment_benchmark/oa_mae_revision/runs/logs/run_SCN_UNet_S1S2_fold_Douala_K50_s9.jsonl,7027,1fc9da88ad8d5bada4e28470acbbd59c9a869e629f1dd1e91d4ac46f8119c1c5,.jsonl,reference_data
reference_data/experiment_benchmark/oa_mae_revision/runs/logs/run_SCN_UNet_S1S2_fold_Garoua_K10_s1.jsonl,7026,b7e0422c7f16b94ffcf7d515ca4a0977c32e7be633c1a20e69ad11eea14ba1bc,.jsonl,reference_data
reference_data/experiment_benchmark/oa_mae_revision/runs/logs/run_SCN_UNet_S1S2_fold_Garoua_K10_s10.jsonl,7034,13c7c9125813d037e91f5a0dd35899541093f402934905a781b753afa7116c89,.jsonl,reference_data
reference_data/experiment_benchmark/oa_mae_revision/runs/logs/run_SCN_UNet_S1S2_fold_Garoua_K10_s2.jsonl,7034,22c53dc24a7edb2128d6d58488658aea1e6ae344bbb04f71b998d52dcaf6785f,.jsonl,reference_data
reference_data/experiment_benchmark/oa_mae_revision/runs/logs/run_SCN_UNet_S1S2_fold_Garoua_K10_s3.jsonl,7030,962e37ff2a090cb8b351bb63e8b17274330142673d6917ea5879f25d7ebc3342,.jsonl,reference_data
reference_data/experiment_benchmark/oa_mae_revision/runs/logs/run_SCN_UNet_S1S2_fold_Garoua_K10_s4.jsonl,7030,343272676c45a7e6c65dee01bb19093ae0c9507e1c08120fd4d6b8cdfce60c63,.jsonl,reference_data
reference_data/experiment_benchmark/oa_mae_revision/runs/logs/run_SCN_UNet_S1S2_fold_Garoua_K10_s5.jsonl,7033,92b14d52e8b305d8f883ab676ccdcc84e6e3a2fd5cb6e8d58085f7bd1ee10472,.jsonl,reference_data
reference_data/experiment_benchmark/oa_mae_revision/runs/logs/run_SCN_UNet_S1S2_fold_Garoua_K10_s6.jsonl,7039,7916d67d4916dcf8c578d04be63bd8115f893841dc96668c8e80d8676bd37d8d,.jsonl,reference_data
reference_data/experiment_benchmark/oa_mae_revision/runs/logs/run_SCN_UNet_S1S2_fold_Garoua_K10_s7.jsonl,7033,cf3f457109169a0503d88c24c48f97a58e6d205a62db54aa0ebfbbf4f2f95ef8,.jsonl,reference_data
reference_data/experiment_benchmark/oa_mae_revision/runs/logs/run_SCN_UNet_S1S2_fold_Garoua_K10_s8.jsonl,7039,85c23f30bcdf4d24fe098cbf575287a9b05df71ec814975436d8037d80a75946,.jsonl,reference_data
reference_data/experiment_benchmark/oa_mae_revision/runs/logs/run_SCN_UNet_S1S2_fold_Garoua_K10_s9.jsonl,7033,e5568ce26d4ed840aee2ecd0034020b07274016eb38a11ebba72d866046bba7f,.jsonl,reference_data
reference_data/experiment_benchmark/oa_mae_revision/runs/logs/run_SCN_UNet_S1S2_fold_Garoua_K25_s1.jsonl,7038,3b85cabcab2f9c6d1796a9cf17c87479348eb86741782aafc9c5107428e5ac73,.jsonl,reference_data
reference_data/experiment_benchmark/oa_mae_revision/runs/logs/run_SCN_UNet_S1S2_fold_Garoua_K25_s10.jsonl,7035,17539ccb96a6f4af2f9de4985574ed4b1c38f1a7b4623c94a6cb2c20dff8a167,.jsonl,reference_data
reference_data/experiment_benchmark/oa_mae_revision/runs/logs/run_SCN_UNet_S1S2_fold_Garoua_K25_s2.jsonl,7033,10e6dcbf1161a511d09186036566e425040eae8ebb8f9b0473cd697e116d183f,.jsonl,reference_data
reference_data/experiment_benchmark/oa_mae_revision/runs/logs/run_SCN_UNet_S1S2_fold_Garoua_K25_s3.jsonl,7029,9228372d812b8edd325cbf7474916ec5628c086297cc9fabed58d7cdd542bfb8,.jsonl,reference_data
reference_data/experiment_benchmark/oa_mae_revision/runs/logs/run_SCN_UNet_S1S2_fold_Garoua_K25_s4.jsonl,7035,07d919c6f7bef92f60e93130402cc9e3dbfaeacbf2f737ed0096380c2c3c0962,.jsonl,reference_data
reference_data/experiment_benchmark/oa_mae_revision/runs/logs/run_SCN_UNet_S1S2_fold_Garoua_K25_s5.jsonl,7017,1c7378e2e06d0b96bece6edfeec8bead1d20bb917404fb577973beb25514fba4,.jsonl,reference_data
reference_data/experiment_benchmark/oa_mae_revision/runs/logs/run_SCN_UNet_S1S2_fold_Garoua_K25_s6.jsonl,7031,8809b285fd0f2f5b1fd391a143e5ab03cb5de2eca7aeeabc66a6659b104c3bce,.jsonl,reference_data
reference_data/experiment_benchmark/oa_mae_revision/runs/logs/run_SCN_UNet_S1S2_fold_Garoua_K25_s7.jsonl,7032,5fca2174e6f95f55ba4360498d44a5952945fcdbc9359293e3c019de5e6eee29,.jsonl,reference_data
reference_data/experiment_benchmark/oa_mae_revision/runs/logs/run_SCN_UNet_S1S2_fold_Garoua_K25_s8.jsonl,7018,ac2bcc890eab86823cd69ffb5e71ea5754377e10b009594b6396b5950d34733d,.jsonl,reference_data
reference_data/experiment_benchmark/oa_mae_revision/runs/logs/run_SCN_UNet_S1S2_fold_Garoua_K25_s9.jsonl,7032,b1f3b43d0704bf7420fc39199367386cae1a31eeb9725bb7547b367eaca0dedb,.jsonl,reference_data
reference_data/experiment_benchmark/oa_mae_revision/runs/logs/run_SCN_UNet_S1S2_fold_Garoua_K50_s1.jsonl,7037,1a15e1a5c92b49ad756771a515f6548237b68702acc446812cf768b268bb9797,.jsonl,reference_data
reference_data/experiment_benchmark/oa_mae_revision/runs/logs/run_SCN_UNet_S1S2_fold_Garoua_K50_s10.jsonl,7027,4dbe3adafc27071126727996c3d65d264895d23b4c3f3f4dd75f97ff3cafc65e,.jsonl,reference_data
reference_data/experiment_benchmark/oa_mae_revision/runs/logs/run_SCN_UNet_S1S2_fold_Garoua_K50_s2.jsonl,7035,a9327e1635cee14452de006adad16ccd6cdcb77a393d619010cdafa3bd38bd9a,.jsonl,reference_data
reference_data/experiment_benchmark/oa_mae_revision/runs/logs/run_SCN_UNet_S1S2_fold_Garoua_K50_s3.jsonl,7037,46a25500da9d08eec5b9bde838299d4190fed94584655d653c663ae7acf0be7b,.jsonl,reference_data
reference_data/experiment_benchmark/oa_mae_revision/runs/logs/run_SCN_UNet_S1S2_fold_Garoua_K50_s4.jsonl,7034,8845d9cb68a3702d7f6df7763efcd6781b5495034369ef5050bdf7d727cdc9cb,.jsonl,reference_data
reference_data/experiment_benchmark/oa_mae_revision/runs/logs/run_SCN_UNet_S1S2_fold_Garoua_K50_s5.jsonl,7038,2debe2b327cb7bf18b7ba855064f2130baaaadb4449a8e0ad177df6751e6394f,.jsonl,reference_data
reference_data/experiment_benchmark/oa_mae_revision/runs/logs/run_SCN_UNet_S1S2_fold_Garoua_K50_s6.jsonl,7040,c1ff1101ec10d88bda12c193f1996ad86bf3a75351f3fdc74ddea706c0b94eb6,.jsonl,reference_data
reference_data/experiment_benchmark/oa_mae_revision/runs/logs/run_SCN_UNet_S1S2_fold_Garoua_K50_s7.jsonl,7033,441b44791c36955fae8592ccfb34ab4e6fab72b2992e52e948e153ca2c1e9818,.jsonl,reference_data
reference_data/experiment_benchmark/oa_mae_revision/runs/logs/run_SCN_UNet_S1S2_fold_Garoua_K50_s8.jsonl,7031,c5f37e7d042c8fb749a7f9d9664b723a92b821e3e3d394111faca140f9296eed,.jsonl,reference_data
reference_data/experiment_benchmark/oa_mae_revision/runs/logs/run_SCN_UNet_S1S2_fold_Garoua_K50_s9.jsonl,7032,fbabacc6284b54427c378ddfebeb63242bb9f5197e41a681b9fc686b86ed5082,.jsonl,reference_data
reference_data/experiment_benchmark/oa_mae_revision/runs/logs/run_SCN_UNet_S1S2_fold_Kigali_K10_s1.jsonl,7037,9b385bf59d6c82c17289864ad3e83e75a83f9a870c7c74c530a70604728ef901,.jsonl,reference_data
reference_data/experiment_benchmark/oa_mae_revision/runs/logs/run_SCN_UNet_S1S2_fold_Kigali_K10_s10.jsonl,7037,4d917b12defc04dc4fbd871cc30fdc8cf34ef93b2d925695458d4048f253d898,.jsonl,reference_data
reference_data/experiment_benchmark/oa_mae_revision/runs/logs/run_SCN_UNet_S1S2_fold_Kigali_K10_s2.jsonl,7024,9fdf4474c2721b383e4f1e66b39733ee1c8fd35d84003166b2ec9c85d275c8fb,.jsonl,reference_data
reference_data/experiment_benchmark/oa_mae_revision/runs/logs/run_SCN_UNet_S1S2_fold_Kigali_K10_s3.jsonl,7025,d30e80e187f3a63a9c87a4c528c28b164806c416bafc9a82c4c37abf04b8a94d,.jsonl,reference_data
reference_data/experiment_benchmark/oa_mae_revision/runs/logs/run_SCN_UNet_S1S2_fold_Kigali_K10_s4.jsonl,7033,42b7c7f550b453b9ac528f11ae538af53bcc8158962ba0f683f7825e263cc0c3,.jsonl,reference_data
reference_data/experiment_benchmark/oa_mae_revision/runs/logs/run_SCN_UNet_S1S2_fold_Kigali_K10_s5.jsonl,7031,46e77ceeb4cb9e38e8518130db4698cb6fbbc5cb0feb9cada59bb7b4328a8af3,.jsonl,reference_data
reference_data/experiment_benchmark/oa_mae_revision/runs/logs/run_SCN_UNet_S1S2_fold_Kigali_K10_s6.jsonl,7024,c2c43074756c4646162efedd164092cffc51e47219252f50ba256f12fdccd6b8,.jsonl,reference_data
reference_data/experiment_benchmark/oa_mae_revision/runs/logs/run_SCN_UNet_S1S2_fold_Kigali_K10_s7.jsonl,7038,66bf47bde3fc3196f80ddb6be7644ec123147bf2070baeda7a129788f9799f1f,.jsonl,reference_data
reference_data/experiment_benchmark/oa_mae_revision/runs/logs/run_SCN_UNet_S1S2_fold_Kigali_K10_s8.jsonl,7040,483f3b40032f7c3cb2278388bf8eaf878cadf4bcf144730bf47a832ff32709c7,.jsonl,reference_data
reference_data/experiment_benchmark/oa_mae_revision/runs/logs/run_SCN_UNet_S1S2_fold_Kigali_K10_s9.jsonl,7013,0464bdbabfd001ae017cd7e4c08ad9ed8f5964f54a4fc1a4eea7e3ede0a45b4a,.jsonl,reference_data
reference_data/experiment_benchmark/oa_mae_revision/runs/logs/run_SCN_UNet_S1S2_fold_Kigali_K25_s1.jsonl,7036,03abfeb0c41fbf340494b597b720cfc00045149e8a4cfe7796fe37d47502d86c,.jsonl,reference_data
reference_data/experiment_benchmark/oa_mae_revision/runs/logs/run_SCN_UNet_S1S2_fold_Kigali_K25_s10.jsonl,7028,63669de2a1765b8274ee4bf1330787666e486b179a31aa1290bf471dbd7231b1,.jsonl,reference_data
reference_data/experiment_benchmark/oa_mae_revision/runs/logs/run_SCN_UNet_S1S2_fold_Kigali_K25_s2.jsonl,7018,caef06c6a698411832caec39c7ad40c9ae4997eb2c037c114235a352cf51a69b,.jsonl,reference_data
reference_data/experiment_benchmark/oa_mae_revision/runs/logs/run_SCN_UNet_S1S2_fold_Kigali_K25_s3.jsonl,7038,e2e0b778db5503138b0412e41e7be2f845a94b07e8a17be99e568bd94ac2abd9,.jsonl,reference_data
reference_data/experiment_benchmark/oa_mae_revision/runs/logs/run_SCN_UNet_S1S2_fold_Kigali_K25_s4.jsonl,7023,e3b90ac459988b67cc1476109445c715e7a4fdd2c27abe1c09f5e570e0110921,.jsonl,reference_data
reference_data/experiment_benchmark/oa_mae_revision/runs/logs/run_SCN_UNet_S1S2_fold_Kigali_K25_s5.jsonl,7034,f541f7b17ef05b2bffea3f6fe72ddcdbfe43c3589fe5a9f27e00bf4ff077f099,.jsonl,reference_data
reference_data/experiment_benchmark/oa_mae_revision/runs/logs/run_SCN_UNet_S1S2_fold_Kigali_K25_s6.jsonl,7031,21f2c552ac2e5e222892318fbfd3d85497a615e226ede9523bf3ea6a95a4a40b,.jsonl,reference_data
reference_data/experiment_benchmark/oa_mae_revision/runs/logs/run_SCN_UNet_S1S2_fold_Kigali_K25_s7.jsonl,7036,ebfc3af0b8e3a93ad71fbbfde2035d3104054e7e1ac237829d19359725f6fd73,.jsonl,reference_data
reference_data/experiment_benchmark/oa_mae_revision/runs/logs/run_SCN_UNet_S1S2_fold_Kigali_K25_s8.jsonl,7035,02c749c40c640d8fcf242f43353b75d49d207ee8c1ddfef65c612979c56fb0e7,.jsonl,reference_data
reference_data/experiment_benchmark/oa_mae_revision/runs/logs/run_SCN_UNet_S1S2_fold_Kigali_K25_s9.jsonl,7042,aef46ba33042ca0534ca3cfe9bee4ef4cbbe5561149c402b7b4bc789cf535af8,.jsonl,reference_data
reference_data/experiment_benchmark/oa_mae_revision/runs/logs/run_SCN_UNet_S1S2_fold_Kigali_K50_s1.jsonl,7036,2b82ffe7982689046db36528864e8ed9fb88351f2efb2d64d8cece15c8647c09,.jsonl,reference_data
reference_data/experiment_benchmark/oa_mae_revision/runs/logs/run_SCN_UNet_S1S2_fold_Kigali_K50_s10.jsonl,7028,9edafae97cb6b6da9fb965a790d7c7e35327b707078e5dfc0f489ccf23985d5b,.jsonl,reference_data
reference_data/experiment_benchmark/oa_mae_revision/runs/logs/run_SCN_UNet_S1S2_fold_Kigali_K50_s2.jsonl,7032,96d27abb1c925e487da50b462e2667834a6025c1dbf9e3eb569cb2b3c87f8286,.jsonl,reference_data
reference_data/experiment_benchmark/oa_mae_revision/runs/logs/run_SCN_UNet_S1S2_fold_Kigali_K50_s3.jsonl,7037,dfeb4c44bf2fae23a3fcc24016f5faa88cde57ff8341e6438d6e76f5945fbb67,.jsonl,reference_data
reference_data/experiment_benchmark/oa_mae_revision/runs/logs/run_SCN_UNet_S1S2_fold_Kigali_K50_s4.jsonl,7030,83c979c3a7b755a84497459212188c74e6f4c123408b48be3077c02fb943ec7c,.jsonl,reference_data
reference_data/experiment_benchmark/oa_mae_revision/runs/logs/run_SCN_UNet_S1S2_fold_Kigali_K50_s5.jsonl,7037,f8ead28ce4369f1c2a6da7e2582fb73d313ab4522e5da54b87a80e9be1a671d0,.jsonl,reference_data
reference_data/experiment_benchmark/oa_mae_revision/runs/logs/run_SCN_UNet_S1S2_fold_Kigali_K50_s6.jsonl,7038,add111371f0eb7d630aefc90380bbe93f085043397165707792f98a535a1ea29,.jsonl,reference_data
reference_data/experiment_benchmark/oa_mae_revision/runs/logs/run_SCN_UNet_S1S2_fold_Kigali_K50_s7.jsonl,7030,5c90386836f1e0c0a1066a40893dde56951b92a54ff25da75df3b7fd620259b7,.jsonl,reference_data
reference_data/experiment_benchmark/oa_mae_revision/runs/logs/run_SCN_UNet_S1S2_fold_Kigali_K50_s8.jsonl,7034,1d2da140868e71f0f76bb249e8cb767faf2118cc172557f6a6ed05e1b95b202b,.jsonl,reference_data
reference_data/experiment_benchmark/oa_mae_revision/runs/logs/run_SCN_UNet_S1S2_fold_Kigali_K50_s9.jsonl,7024,baae31f4abdb760380b64fdd2cbe4cc82c0c6c8a4184685e09ac4246f036a906,.jsonl,reference_data
reference_data/experiment_benchmark/oa_mae_revision/runs/logs/run_SCN_UNet_S1S2_fold_Yaounde_K10_s1.jsonl,7014,bcbc3efd6391266f901c899428fa438c955484651867c927a261b8feb7c51438,.jsonl,reference_data
reference_data/experiment_benchmark/oa_mae_revision/runs/logs/run_SCN_UNet_S1S2_fold_Yaounde_K10_s10.jsonl,7040,eef67a47121ce8a9bf323a6dda6dde00a03b012f473b45f7060490219f7b1e28,.jsonl,reference_data
reference_data/experiment_benchmark/oa_mae_revision/runs/logs/run_SCN_UNet_S1S2_fold_Yaounde_K10_s2.jsonl,7039,67532517f9fc58cc4d92206caa3455e6e38adec528543bd65a19b5d2f34eb431,.jsonl,reference_data
reference_data/experiment_benchmark/oa_mae_revision/runs/logs/run_SCN_UNet_S1S2_fold_Yaounde_K10_s3.jsonl,7037,20dd1685214e4f6e4391d115f7f1acae9d5a2eafe1bcb2e598809fe4206ef1f8,.jsonl,reference_data
reference_data/experiment_benchmark/oa_mae_revision/runs/logs/run_SCN_UNet_S1S2_fold_Yaounde_K10_s4.jsonl,7029,b011985cb0bc3b464ee634c2f8e4ce7c61ad7a501f8ad77f81138485af9c52f2,.jsonl,reference_data
reference_data/experiment_benchmark/oa_mae_revision/runs/logs/run_SCN_UNet_S1S2_fold_Yaounde_K10_s5.jsonl,7032,2e28f779d1d5a0a257cbf29f6db18c4904a0a57df53bbc419935866580e34002,.jsonl,reference_data
reference_data/experiment_benchmark/oa_mae_revision/runs/logs/run_SCN_UNet_S1S2_fold_Yaounde_K10_s6.jsonl,7014,14770821fa3352ebb1c5556b137f628d20606c5eacbe42c64295de79abf62fc4,.jsonl,reference_data
reference_data/experiment_benchmark/oa_mae_revision/runs/logs/run_SCN_UNet_S1S2_fold_Yaounde_K10_s7.jsonl,7037,92593e93d367bde5de380e176b7e08137c3a34a31ecb964c9c000da0865cc7b6,.jsonl,reference_data
reference_data/experiment_benchmark/oa_mae_revision/runs/logs/run_SCN_UNet_S1S2_fold_Yaounde_K10_s8.jsonl,7033,209d99c4e4e73acfaac1179d2edbee0f49f4f8753b2db461cb76e5c179d07eeb,.jsonl,reference_data
reference_data/experiment_benchmark/oa_mae_revision/runs/logs/run_SCN_UNet_S1S2_fold_Yaounde_K10_s9.jsonl,7033,566cbb6b25e6040bc12ed67530f5ba2fa62056ae3cfd921aa8d78843218018dc,.jsonl,reference_data
reference_data/experiment_benchmark/oa_mae_revision/runs/logs/run_SCN_UNet_S1S2_fold_Yaounde_K25_s1.jsonl,7040,546e61983337c342a7d9abc2e7e133e407d8983576d0c9811defc4ede165521f,.jsonl,reference_data
reference_data/experiment_benchmark/oa_mae_revision/runs/logs/run_SCN_UNet_S1S2_fold_Yaounde_K25_s10.jsonl,7020,bee40ffbc69b72ae126cd17738071b282f563e050760f405c62f6c2625cdb486,.jsonl,reference_data
reference_data/experiment_benchmark/oa_mae_revision/runs/logs/run_SCN_UNet_S1S2_fold_Yaounde_K25_s2.jsonl,7033,cc97a61c5ac0341fdbd93f71986c5a924b3a640829b7e42d7264cd9e7e3208b6,.jsonl,reference_data
reference_data/experiment_benchmark/oa_mae_revision/runs/logs/run_SCN_UNet_S1S2_fold_Yaounde_K25_s3.jsonl,7037,747a1fd1e95d4a3fe482f8802f9f1f4a1dc04d60bb45000dfe30d08e232bf88f,.jsonl,reference_data
reference_data/experiment_benchmark/oa_mae_revision/runs/logs/run_SCN_UNet_S1S2_fold_Yaounde_K25_s4.jsonl,7039,eb28b6359009e5abfdba4902e24b64469565973588d8f616fb9979b2fb379d10,.jsonl,reference_data
reference_data/experiment_benchmark/oa_mae_revision/runs/logs/run_SCN_UNet_S1S2_fold_Yaounde_K25_s5.jsonl,7036,4e6ceb43db9877b731d2afa92eade86c29cc5bfd88c0989ee8cabfb1a4d935a4,.jsonl,reference_data
reference_data/experiment_benchmark/oa_mae_revision/runs/logs/run_SCN_UNet_S1S2_fold_Yaounde_K25_s6.jsonl,7035,19705e27148b27c8ddcf5368256bd7e0378213789ca2ea5dc9ed7625a892eeb0,.jsonl,reference_data
reference_data/experiment_benchmark/oa_mae_revision/runs/logs/run_SCN_UNet_S1S2_fold_Yaounde_K25_s7.jsonl,7034,7089fd4fcd8a81c503c14128883204851ba90ba4a5ebf93f8dcd9463052d051d,.jsonl,reference_data
reference_data/experiment_benchmark/oa_mae_revision/runs/logs/run_SCN_UNet_S1S2_fold_Yaounde_K25_s8.jsonl,7034,38340f1c3382f2d1b8e39ed6255e1df4fb7e742ef5aae2ce2391ebb7d75685c2,.jsonl,reference_data
reference_data/experiment_benchmark/oa_mae_revision/runs/logs/run_SCN_UNet_S1S2_fold_Yaounde_K25_s9.jsonl,7036,bfca8e982222fc73e6cd7e2eed4d7d82358814bd59c34606a671419896f47cec,.jsonl,reference_data
reference_data/experiment_benchmark/oa_mae_revision/runs/logs/run_SCN_UNet_S1S2_fold_Yaounde_K50_s1.jsonl,7032,3c6138a35e66d34737a2d3082f218cc04622d006f2943feb59187a035aea301a,.jsonl,reference_data
reference_data/experiment_benchmark/oa_mae_revision/runs/logs/run_SCN_UNet_S1S2_fold_Yaounde_K50_s10.jsonl,7034,31bcb7ea0e2bad942d7d8da1abaf61315194d3309e048a54c6f1d05b9acaf536,.jsonl,reference_data
reference_data/experiment_benchmark/oa_mae_revision/runs/logs/run_SCN_UNet_S1S2_fold_Yaounde_K50_s2.jsonl,7030,ddc6797c84a3ea5a49fabe0d8a054b3ba5d1cb120c46cca0b3f01772727a0f1d,.jsonl,reference_data
reference_data/experiment_benchmark/oa_mae_revision/runs/logs/run_SCN_UNet_S1S2_fold_Yaounde_K50_s3.jsonl,7027,7722dff67bbf8d4dc4cdb205653dcfb73097bca502d13b2a6f4ddf7be9c7e268,.jsonl,reference_data
reference_data/experiment_benchmark/oa_mae_revision/runs/logs/run_SCN_UNet_S1S2_fold_Yaounde_K50_s4.jsonl,7033,3eed85237bca337a616b39ebc6a27d6161980a15d429671572fb9f8926b897c5,.jsonl,reference_data
reference_data/experiment_benchmark/oa_mae_revision/runs/logs/run_SCN_UNet_S1S2_fold_Yaounde_K50_s5.jsonl,7039,a849c1e8a8d9edd08b81e84482b8bd0ca4fc981cc5af964ac09bcb69f3e953c5,.jsonl,reference_data
reference_data/experiment_benchmark/oa_mae_revision/runs/logs/run_SCN_UNet_S1S2_fold_Yaounde_K50_s6.jsonl,7039,5cd297955ab59288b8c50c786ec6957185f8b702278e4b3777a010129d111053,.jsonl,reference_data
reference_data/experiment_benchmark/oa_mae_revision/runs/logs/run_SCN_UNet_S1S2_fold_Yaounde_K50_s7.jsonl,7040,8d0774c9c8f37cee27c8a7f8ec374e7c6d898fe988433f1b00b3dbd8ea2bf1ac,.jsonl,reference_data
reference_data/experiment_benchmark/oa_mae_revision/runs/logs/run_SCN_UNet_S1S2_fold_Yaounde_K50_s8.jsonl,7035,b76e9751f5a87036ae070207b3157734de699ccd15b4a76a48b365e1a4293fdd,.jsonl,reference_data
reference_data/experiment_benchmark/oa_mae_revision/runs/logs/run_SCN_UNet_S1S2_fold_Yaounde_K50_s9.jsonl,7039,f47c8fe9f1b201ea569d8d34aed98a19ceecd66869381cddf089fb5e672b2c47,.jsonl,reference_data
reference_data/experiment_benchmark/oa_mae_revision/runs/logs/run_SCN_UNet_S2_fold_Dakar_K10_s1.jsonl,7032,fe1295fed5f0e0e6981d46e8e8fb13fd2840202da3adf0f8214ba45e85cb0db4,.jsonl,reference_data
reference_data/experiment_benchmark/oa_mae_revision/runs/logs/run_SCN_UNet_S2_fold_Dakar_K10_s10.jsonl,7027,05baeec660b60bc0df7a6e884b58d47135dcb9bb9d13ed75eb80069e3595f200,.jsonl,reference_data
reference_data/experiment_benchmark/oa_mae_revision/runs/logs/run_SCN_UNet_S2_fold_Dakar_K10_s2.jsonl,7029,b8f8389823527f09f9a6c465103d9d3edc1049e68da54a51eae34311471075ee,.jsonl,reference_data
reference_data/experiment_benchmark/oa_mae_revision/runs/logs/run_SCN_UNet_S2_fold_Dakar_K10_s3.jsonl,7028,07426bf0b992554840f000e7d911dbfc59bf60e2c5887b97652c571ddb76889a,.jsonl,reference_data
reference_data/experiment_benchmark/oa_mae_revision/runs/logs/run_SCN_UNet_S2_fold_Dakar_K10_s4.jsonl,7030,ed9c2d616aa4185e3314db0aa3704a6e25afdd6685e4a96625877829ddd02484,.jsonl,reference_data
reference_data/experiment_benchmark/oa_mae_revision/runs/logs/run_SCN_UNet_S2_fold_Dakar_K10_s5.jsonl,7026,f53bda68d525b24757e2c17e6a6373843d83b48a935784691526270dfb03f0f8,.jsonl,reference_data
reference_data/experiment_benchmark/oa_mae_revision/runs/logs/run_SCN_UNet_S2_fold_Dakar_K10_s6.jsonl,7029,f97b19cc35042115cf1b3faa8c8b95f49bd4338c8ef988adfe080e6b44ec640d,.jsonl,reference_data
reference_data/experiment_benchmark/oa_mae_revision/runs/logs/run_SCN_UNet_S2_fold_Dakar_K10_s7.jsonl,7024,791014b40eacd4e41eb1f0a6b5c888691dec91b7f23c676cf72bd6143c1b7d5b,.jsonl,reference_data
reference_data/experiment_benchmark/oa_mae_revision/runs/logs/run_SCN_UNet_S2_fold_Dakar_K10_s8.jsonl,7030,864cf63cab97421e17688e18b6e4d43a7a9857c7beb775d9785f8b525e92c415,.jsonl,reference_data
reference_data/experiment_benchmark/oa_mae_revision/runs/logs/run_SCN_UNet_S2_fold_Dakar_K10_s9.jsonl,7033,2ae01b15effa994b2d04ecaa0cfe944350955c9d17a6b3b13d6ec65730da2692,.jsonl,reference_data
reference_data/experiment_benchmark/oa_mae_revision/runs/logs/run_SCN_UNet_S2_fold_Dakar_K25_s1.jsonl,7026,76d8e04530ab4d404bf08745c7d8afb27963d50477c4627e34e4c8a0a44ed0e8,.jsonl,reference_data
reference_data/experiment_benchmark/oa_mae_revision/runs/logs/run_SCN_UNet_S2_fold_Dakar_K25_s10.jsonl,7029,682d86376e7df94ab4bf2c9f52386a6f9b0c58ad122900948f85c92b57142548,.jsonl,reference_data
reference_data/experiment_benchmark/oa_mae_revision/runs/logs/run_SCN_UNet_S2_fold_Dakar_K25_s2.jsonl,7028,46e89c6cefd345cd3577dce171bb14b0821b348917ed9c10ad0201d18660eba3,.jsonl,reference_data
reference_data/experiment_benchmark/oa_mae_revision/runs/logs/run_SCN_UNet_S2_fold_Dakar_K25_s3.jsonl,7032,c7a2e154377230e53cc04b6ce47fd9855eb92cae5d331173aa5fd25ae2cfe810,.jsonl,reference_data
reference_data/experiment_benchmark/oa_mae_revision/runs/logs/run_SCN_UNet_S2_fold_Dakar_K25_s4.jsonl,7025,fb6547aa8a357f170e28822404a9508f1d8da62113dda40b5f23f7bcc3b77947,.jsonl,reference_data
reference_data/experiment_benchmark/oa_mae_revision/runs/logs/run_SCN_UNet_S2_fold_Dakar_K25_s5.jsonl,7033,fe4ea0a232e6ae6fcf882f7a83dd66a34b2cf41c260f4cc367299d9629ffceca,.jsonl,reference_data
reference_data/experiment_benchmark/oa_mae_revision/runs/logs/run_SCN_UNet_S2_fold_Dakar_K25_s6.jsonl,7022,6c5fd9b617eef71fc223b4ccee506a705a76567455d3bf67e882191ab350ac56,.jsonl,reference_data
reference_data/experiment_benchmark/oa_mae_revision/runs/logs/run_SCN_UNet_S2_fold_Dakar_K25_s7.jsonl,7006,0a20419d1a8dc588e70a57907d565b344c9d4f3ac66de5f41294f8d5c8e4d801,.jsonl,reference_data
reference_data/experiment_benchmark/oa_mae_revision/runs/logs/run_SCN_UNet_S2_fold_Dakar_K25_s8.jsonl,7030,cca754595444d866cfa9e20b16167e905c4362791d179252cd63ac368be774dc,.jsonl,reference_data
reference_data/experiment_benchmark/oa_mae_revision/runs/logs/run_SCN_UNet_S2_fold_Dakar_K25_s9.jsonl,7028,cc131603da1c7a12c3b3787eafa65dcf3ad065c7241368f82187c7a6eb412e64,.jsonl,reference_data
reference_data/experiment_benchmark/oa_mae_revision/runs/logs/run_SCN_UNet_S2_fold_Dakar_K50_s1.jsonl,7027,0d9c925d6ad46bb5dec09e67c7508ffb4cf404a94ac66da000664919ebe13043,.jsonl,reference_data
reference_data/experiment_benchmark/oa_mae_revision/runs/logs/run_SCN_UNet_S2_fold_Dakar_K50_s10.jsonl,7027,ce903dd0a9c0f7c71d8bc36855d517f3cb9998cf7cef2ed6ac9ab43f7cc92555,.jsonl,reference_data
reference_data/experiment_benchmark/oa_mae_revision/runs/logs/run_SCN_UNet_S2_fold_Dakar_K50_s2.jsonl,7029,e2ed22ffd98f773fda0a47b46c65ad3162323b5d9287ca3acaacc12d4e558d19,.jsonl,reference_data
reference_data/experiment_benchmark/oa_mae_revision/runs/logs/run_SCN_UNet_S2_fold_Dakar_K50_s3.jsonl,7034,5dda8f64d37c42d9a5b1061a8d889ac3772bf06865dad8ae9065575e84be9240,.jsonl,reference_data
reference_data/experiment_benchmark/oa_mae_revision/runs/logs/run_SCN_UNet_S2_fold_Dakar_K50_s4.jsonl,7022,95e669e69f5973c114dd6300767fa3d9b301d997be0e11164efca6a7a8541856,.jsonl,reference_data
reference_data/experiment_benchmark/oa_mae_revision/runs/logs/run_SCN_UNet_S2_fold_Dakar_K50_s5.jsonl,7026,561659d3b9d8ac07a013f161dfd2b9b454f2bc680dcf6f84ef32caa655b4ab0c,.jsonl,reference_data
reference_data/experiment_benchmark/oa_mae_revision/runs/logs/run_SCN_UNet_S2_fold_Dakar_K50_s6.jsonl,7032,c49078deea2246b053d32584a2263988c86d9223c0070c5f6319f27c12b5b75c,.jsonl,reference_data
reference_data/experiment_benchmark/oa_mae_revision/runs/logs/run_SCN_UNet_S2_fold_Dakar_K50_s7.jsonl,7021,53ce0683ce5ebaedc3b38a9d49d466c161a746577d13399022f7c744707da696,.jsonl,reference_data
reference_data/experiment_benchmark/oa_mae_revision/runs/logs/run_SCN_UNet_S2_fold_Dakar_K50_s8.jsonl,7030,f1bae46e3b59df3070596223a13293403111cefb084ff8934035019358b2e5f1,.jsonl,reference_data
reference_data/experiment_benchmark/oa_mae_revision/runs/logs/run_SCN_UNet_S2_fold_Dakar_K50_s9.jsonl,7025,d3700a3b78f6e4ee8a5b3904f10d6a17822e5df8b627be73ff3f9f398af9f488,.jsonl,reference_data
reference_data/experiment_benchmark/oa_mae_revision/runs/logs/run_SCN_UNet_S2_fold_DarEsSalaam_K10_s1.jsonl,7040,285aca6ad433a2144087013f91dacfb326d99869f9587247729032f2ec7aed5b,.jsonl,reference_data
reference_data/experiment_benchmark/oa_mae_revision/runs/logs/run_SCN_UNet_S2_fold_DarEsSalaam_K10_s10.jsonl,7044,422c30d0b88cb9a7f28fd7827a5947f4a68dfa4bad45ee5311fed2895006a8c6,.jsonl,reference_data
reference_data/experiment_benchmark/oa_mae_revision/runs/logs/run_SCN_UNet_S2_fold_DarEsSalaam_K10_s2.jsonl,7035,020c78c3706b5f80f4aaa4390174831ba0cb238a57f1008ca022e83422a450fa,.jsonl,reference_data
reference_data/experiment_benchmark/oa_mae_revision/runs/logs/run_SCN_UNet_S2_fold_DarEsSalaam_K10_s3.jsonl,7032,75f710e3203831464ab4e75787397ce13d36cede1031756742380945e68a7bf2,.jsonl,reference_data
reference_data/experiment_benchmark/oa_mae_revision/runs/logs/run_SCN_UNet_S2_fold_DarEsSalaam_K10_s4.jsonl,7040,841670207764db89800a684378357c3a0011473d821457f9eafb78b6863dcd26,.jsonl,reference_data
reference_data/experiment_benchmark/oa_mae_revision/runs/logs/run_SCN_UNet_S2_fold_DarEsSalaam_K10_s5.jsonl,7048,02625a7b799bcd6990022e951077fad5b5e242e616a3356626aca11658eec122,.jsonl,reference_data
reference_data/experiment_benchmark/oa_mae_revision/runs/logs/run_SCN_UNet_S2_fold_DarEsSalaam_K10_s6.jsonl,7030,0d883cc14738145b8d6e63affb88df6b5d2b4e619403632ab1ffc38b204a4c49,.jsonl,reference_data
reference_data/experiment_benchmark/oa_mae_revision/runs/logs/run_SCN_UNet_S2_fold_DarEsSalaam_K10_s7.jsonl,7045,5b5de7143099cdd691282162d32ecc51059445cad137b87fd59499f1926e9dea,.jsonl,reference_data
reference_data/experiment_benchmark/oa_mae_revision/runs/logs/run_SCN_UNet_S2_fold_DarEsSalaam_K10_s8.jsonl,7041,cee5ebf14b151cb7a563e6bb8e5570c7375b9f047b2f73a01fb30dd101f7d291,.jsonl,reference_data
reference_data/experiment_benchmark/oa_mae_revision/runs/logs/run_SCN_UNet_S2_fold_DarEsSalaam_K10_s9.jsonl,7043,53b7e8778d8f9610befb768b75f2d15f7bca01771269b1fb94398f440cc93c13,.jsonl,reference_data
reference_data/experiment_benchmark/oa_mae_revision/runs/logs/run_SCN_UNet_S2_fold_DarEsSalaam_K25_s1.jsonl,7038,e2b4596038f143fd3d626b6ba7d5d7c9b8ec386dfc336afd234cc7986cfe762a,.jsonl,reference_data
reference_data/experiment_benchmark/oa_mae_revision/runs/logs/run_SCN_UNet_S2_fold_DarEsSalaam_K25_s10.jsonl,7039,a960bff529d6301157a2a9e56cee1189f97ecd051f3690fe9513b4164fdad0a6,.jsonl,reference_data
reference_data/experiment_benchmark/oa_mae_revision/runs/logs/run_SCN_UNet_S2_fold_DarEsSalaam_K25_s2.jsonl,7036,75ef6e328880012bb615579a24c3a83968e4c93cafbad3b8cce06da6e3ec5aed,.jsonl,reference_data
reference_data/experiment_benchmark/oa_mae_revision/runs/logs/run_SCN_UNet_S2_fold_DarEsSalaam_K25_s3.jsonl,7047,88e64d1be0aecb96813493ed5b49b8a1500223a45ae9fa3c8b4b2c852099a3ba,.jsonl,reference_data
reference_data/experiment_benchmark/oa_mae_revision/runs/logs/run_SCN_UNet_S2_fold_DarEsSalaam_K25_s4.jsonl,7040,a70e5ce256f77e490af717daab84cacddbee9a1fc06724c89ab3c7eed1ec8ee2,.jsonl,reference_data
reference_data/experiment_benchmark/oa_mae_revision/runs/logs/run_SCN_UNet_S2_fold_DarEsSalaam_K25_s5.jsonl,7044,1dc0b3d3a215e637f01809e48776049ee9afb49d82c85f0cb999461e686eb2d5,.jsonl,reference_data
reference_data/experiment_benchmark/oa_mae_revision/runs/logs/run_SCN_UNet_S2_fold_DarEsSalaam_K25_s6.jsonl,7034,30db46ee14e5754bb81bb82e6859486fbcd09537ca0a642acfc3ecf87accb1f4,.jsonl,reference_data
reference_data/experiment_benchmark/oa_mae_revision/runs/logs/run_SCN_UNet_S2_fold_DarEsSalaam_K25_s7.jsonl,7037,87bf2c33857c8f653f89f08f64d8c829a6feb3b3fb7c16fca027494dcc915155,.jsonl,reference_data
reference_data/experiment_benchmark/oa_mae_revision/runs/logs/run_SCN_UNet_S2_fold_DarEsSalaam_K25_s8.jsonl,7041,5652213d96b96eaa00667bcb6303a3eaf921a95e3532d60d66784b6d17915180,.jsonl,reference_data
reference_data/experiment_benchmark/oa_mae_revision/runs/logs/run_SCN_UNet_S2_fold_DarEsSalaam_K25_s9.jsonl,7039,ca2cf5ae578be721f297df28c222125f22b60bd050538c72dccf2d57e1b72200,.jsonl,reference_data
reference_data/experiment_benchmark/oa_mae_revision/runs/logs/run_SCN_UNet_S2_fold_DarEsSalaam_K50_s1.jsonl,7021,37a333fa988fd7261d13487495c6770bbdf5bb9b74ca81caa37d8827f1d4ee8f,.jsonl,reference_data
reference_data/experiment_benchmark/oa_mae_revision/runs/logs/run_SCN_UNet_S2_fold_DarEsSalaam_K50_s10.jsonl,7040,d9ea2ef538060efed8d8cca83af207ea23215aa9c6f9233913a05201b98e9136,.jsonl,reference_data
reference_data/experiment_benchmark/oa_mae_revision/runs/logs/run_SCN_UNet_S2_fold_DarEsSalaam_K50_s2.jsonl,7037,6631d2b1231832f74df4e0e99b61d322739b8dad9b4fb05e2cbb59816a2f7b29,.jsonl,reference_data
reference_data/experiment_benchmark/oa_mae_revision/runs/logs/run_SCN_UNet_S2_fold_DarEsSalaam_K50_s3.jsonl,7035,cfbe32f753b09918244b34beed25626247469d8d6962b8ce491a1875faa4a12a,.jsonl,reference_data
reference_data/experiment_benchmark/oa_mae_revision/runs/logs/run_SCN_UNet_S2_fold_DarEsSalaam_K50_s4.jsonl,7041,f1be2d75893e4bc4edad2b355eb4bc28392483858b098eae2cb42803f29b8b45,.jsonl,reference_data
reference_data/experiment_benchmark/oa_mae_revision/runs/logs/run_SCN_UNet_S2_fold_DarEsSalaam_K50_s5.jsonl,7034,c1bb77ca5aa11e379974aa0e6964c994812c618977659ea24e1d9e2b5d425d81,.jsonl,reference_data
reference_data/experiment_benchmark/oa_mae_revision/runs/logs/run_SCN_UNet_S2_fold_DarEsSalaam_K50_s6.jsonl,7044,4836280a9f7ae5480b877842a7e5340d2dbc2dadfe9557bef6ebb29d26000073,.jsonl,reference_data
reference_data/experiment_benchmark/oa_mae_revision/runs/logs/run_SCN_UNet_S2_fold_DarEsSalaam_K50_s7.jsonl,7037,d7f1e4db5c4476355e3dc05be08d7a3f9d37b23c5d265cba97d1fdaa94ccd362,.jsonl,reference_data
reference_data/experiment_benchmark/oa_mae_revision/runs/logs/run_SCN_UNet_S2_fold_DarEsSalaam_K50_s8.jsonl,7040,6391500408d41d0ac4918eda877e4fe7e36d7c1adaa6f066db8d7297c5aee6e4,.jsonl,reference_data
reference_data/experiment_benchmark/oa_mae_revision/runs/logs/run_SCN_UNet_S2_fold_DarEsSalaam_K50_s9.jsonl,7041,3b23824371b16c5d616fdaa8f25de861ee228593054b08a2c2e7de0dbe76c593,.jsonl,reference_data
reference_data/experiment_benchmark/oa_mae_revision/runs/logs/run_SCN_UNet_S2_fold_Douala_K10_s1.jsonl,7030,1a37c4e058943a075d73f7b6f9107e71dfa364b1462099077eb5e5e700b7864c,.jsonl,reference_data
reference_data/experiment_benchmark/oa_mae_revision/runs/logs/run_SCN_UNet_S2_fold_Douala_K10_s10.jsonl,7027,78ebbd2f2742033c3596b5654e7977313a67b78e58f1061508a8cfaa7a8b6031,.jsonl,reference_data
reference_data/experiment_benchmark/oa_mae_revision/runs/logs/run_SCN_UNet_S2_fold_Douala_K10_s2.jsonl,7032,f1a09aa8c10d6a44fcd57d1a6ac8cf9247e47d09709ac34e8d5eab7b96a5fb5f,.jsonl,reference_data
reference_data/experiment_benchmark/oa_mae_revision/runs/logs/run_SCN_UNet_S2_fold_Douala_K10_s3.jsonl,7010,71096a8a34bd532b0b36b96d844e31af69c9114d2d7ba812097f5b9db3005a06,.jsonl,reference_data
reference_data/experiment_benchmark/oa_mae_revision/runs/logs/run_SCN_UNet_S2_fold_Douala_K10_s4.jsonl,7026,cb73c0cbbe0e3edcad08db45961da40cf5976137ca6190366a9470dcf7ed6498,.jsonl,reference_data
reference_data/experiment_benchmark/oa_mae_revision/runs/logs/run_SCN_UNet_S2_fold_Douala_K10_s5.jsonl,7027,02580bdc0160b25d52fd746773ebea124dd9aa3a7c839f0773b168da82e66702,.jsonl,reference_data
reference_data/experiment_benchmark/oa_mae_revision/runs/logs/run_SCN_UNet_S2_fold_Douala_K10_s6.jsonl,7031,dd38ffc3cb90ef378d36866d9ec4b6a0e15d28d418ba66cf7d5030ffbe27a849,.jsonl,reference_data
reference_data/experiment_benchmark/oa_mae_revision/runs/logs/run_SCN_UNet_S2_fold_Douala_K10_s7.jsonl,7036,f53bb60e9fce3d735e220efd354b90cff6e8404765f673da6a3580c310eed67e,.jsonl,reference_data
reference_data/experiment_benchmark/oa_mae_revision/runs/logs/run_SCN_UNet_S2_fold_Douala_K10_s8.jsonl,7026,249a0ecbeac52eee6e16acd418243bca1d05db391e1b23789ca9914525b22fbe,.jsonl,reference_data
reference_data/experiment_benchmark/oa_mae_revision/runs/logs/run_SCN_UNet_S2_fold_Douala_K10_s9.jsonl,7029,8f00a862d2c589f70b9fd3b7ce792e99f28693da95b24488b5f3d04afcad34ce,.jsonl,reference_data
reference_data/experiment_benchmark/oa_mae_revision/runs/logs/run_SCN_UNet_S2_fold_Douala_K25_s1.jsonl,7031,411d9131fade66c6bf2a614fc7dc684d49e34ad1a4c1751128bfa427c440d914,.jsonl,reference_data
reference_data/experiment_benchmark/oa_mae_revision/runs/logs/run_SCN_UNet_S2_fold_Douala_K25_s10.jsonl,7037,0f8530b984f8a761541accdf549a88604a4dfe20a4a47e00d0120461fd1bb554,.jsonl,reference_data
reference_data/experiment_benchmark/oa_mae_revision/runs/logs/run_SCN_UNet_S2_fold_Douala_K25_s2.jsonl,7032,7a107a3f222e789bb83809c4df5c52d2453d0ab0e07c2cbf3fc8baf35ff50574,.jsonl,reference_data
reference_data/experiment_benchmark/oa_mae_revision/runs/logs/run_SCN_UNet_S2_fold_Douala_K25_s3.jsonl,7022,b415395d24f096c5d978e1bdde67596e4041f8c744394277038c3924b7ead783,.jsonl,reference_data
reference_data/experiment_benchmark/oa_mae_revision/runs/logs/run_SCN_UNet_S2_fold_Douala_K25_s4.jsonl,7031,f762000976dbd72081ce47385bdaf04caccda89583011771c7f3f04f0216c518,.jsonl,reference_data
reference_data/experiment_benchmark/oa_mae_revision/runs/logs/run_SCN_UNet_S2_fold_Douala_K25_s5.jsonl,7028,10af9ae6b62649933314290e57df16445e6a5ca2c12d584bd47d9095b313b8ac,.jsonl,reference_data
reference_data/experiment_benchmark/oa_mae_revision/runs/logs/run_SCN_UNet_S2_fold_Douala_K25_s6.jsonl,7022,5895b89db7a3d00dcb7cbe850d402c794dcffe72f23e1a892e4f00dcf35fa9e6,.jsonl,reference_data
reference_data/experiment_benchmark/oa_mae_revision/runs/logs/run_SCN_UNet_S2_fold_Douala_K25_s7.jsonl,7025,574e1be0b8131f80377f8278fbfe8259ee0d7f3efbb72635dc0c51814798495f,.jsonl,reference_data
reference_data/experiment_benchmark/oa_mae_revision/runs/logs/run_SCN_UNet_S2_fold_Douala_K25_s8.jsonl,7027,ac1ff910128c10ed44a7435eee2840b42539baf09408a83676c7534a2eda864e,.jsonl,reference_data
reference_data/experiment_benchmark/oa_mae_revision/runs/logs/run_SCN_UNet_S2_fold_Douala_K25_s9.jsonl,7028,613434259617f1f3376b40c822a3cacf204831d8c596988e4f6590b2e6344956,.jsonl,reference_data
reference_data/experiment_benchmark/oa_mae_revision/runs/logs/run_SCN_UNet_S2_fold_Douala_K50_s1.jsonl,7012,35936ad73f0c8c9fdc0564cc7674a3456572da07b4bb77c6618504f7724e8317,.jsonl,reference_data
reference_data/experiment_benchmark/oa_mae_revision/runs/logs/run_SCN_UNet_S2_fold_Douala_K50_s10.jsonl,7031,78ffeb49d90495b262336638fb89a425771a720f9667f879f57f5a63101df223,.jsonl,reference_data
reference_data/experiment_benchmark/oa_mae_revision/runs/logs/run_SCN_UNet_S2_fold_Douala_K50_s2.jsonl,7032,fda2e49195fbc87a323050ace9a030d92ccb1ca5d7d8903a401cc3558ee72cd5,.jsonl,reference_data
reference_data/experiment_benchmark/oa_mae_revision/runs/logs/run_SCN_UNet_S2_fold_Douala_K50_s3.jsonl,7033,ae66fcad28b1b85287e2832e0f22179b4782b162c9e8267e4daa9d55fa187f36,.jsonl,reference_data
reference_data/experiment_benchmark/oa_mae_revision/runs/logs/run_SCN_UNet_S2_fold_Douala_K50_s4.jsonl,7025,bde43c3e4c7555897b07c8b53153be4f5ba239df1d17937d49cf8375692a0332,.jsonl,reference_data
reference_data/experiment_benchmark/oa_mae_revision/runs/logs/run_SCN_UNet_S2_fold_Douala_K50_s5.jsonl,7026,712ec7184dd9bcb121ec2b912a23db88f51020bc764f2a248c69ec8949800703,.jsonl,reference_data
reference_data/experiment_benchmark/oa_mae_revision/runs/logs/run_SCN_UNet_S2_fold_Douala_K50_s6.jsonl,7026,6f70c22b948988b584d44bf4ca8d3f6818611d70ec41b56e8ca6fa8f57903d70,.jsonl,reference_data
reference_data/experiment_benchmark/oa_mae_revision/runs/logs/run_SCN_UNet_S2_fold_Douala_K50_s7.jsonl,7030,8531ff471a607283a8fa2d4f6524b5e9e7a8f75f465dfc11cd0610cd2cf035c7,.jsonl,reference_data
reference_data/experiment_benchmark/oa_mae_revision/runs/logs/run_SCN_UNet_S2_fold_Douala_K50_s8.jsonl,7014,a73b2350d70a5efd48f1e27dd35a9f21c78128598252418435d73f0d11ce181d,.jsonl,reference_data
reference_data/experiment_benchmark/oa_mae_revision/runs/logs/run_SCN_UNet_S2_fold_Douala_K50_s9.jsonl,7034,e4f6c7c97194a789da8df7cd5c47ef9773d8baad955c608f2da0b6369b8684c4,.jsonl,reference_data
reference_data/experiment_benchmark/oa_mae_revision/runs/logs/run_SCN_UNet_S2_fold_Garoua_K10_s1.jsonl,7025,7d10e339616e052bbf5a7381fc04d5e9919efc4d685c3111da53e997cb64870c,.jsonl,reference_data
reference_data/experiment_benchmark/oa_mae_revision/runs/logs/run_SCN_UNet_S2_fold_Garoua_K10_s10.jsonl,7031,3e4f88eb26a0c8c0f97d0356df14b858800f9db9940d418f4d3aad3bf13129cb,.jsonl,reference_data
reference_data/experiment_benchmark/oa_mae_revision/runs/logs/run_SCN_UNet_S2_fold_Garoua_K10_s2.jsonl,7023,2f290211352a93afce26b488c38591f005be651c064f8e9e171934b10fdb3f9f,.jsonl,reference_data
reference_data/experiment_benchmark/oa_mae_revision/runs/logs/run_SCN_UNet_S2_fold_Garoua_K10_s3.jsonl,7032,5f94f1721f35db287b5b2f30a121f59f9d46b00355931bda3aa7c5d97a653900,.jsonl,reference_data
reference_data/experiment_benchmark/oa_mae_revision/runs/logs/run_SCN_UNet_S2_fold_Garoua_K10_s4.jsonl,7030,b41dd46f2f59f5a0d8dd21b60e23107c7ef9f29398d475d46f6ca5d082debd38,.jsonl,reference_data
reference_data/experiment_benchmark/oa_mae_revision/runs/logs/run_SCN_UNet_S2_fold_Garoua_K10_s5.jsonl,7026,4468c2707fca9a1a3d59d5d06d522fc8b2398c08854d31b0f122e14ed6be9a01,.jsonl,reference_data
reference_data/experiment_benchmark/oa_mae_revision/runs/logs/run_SCN_UNet_S2_fold_Garoua_K10_s6.jsonl,7025,6c50d75d460ae2ffa244085aa1b842b461ec20a127deb27d526a6b3395d3e227,.jsonl,reference_data
reference_data/experiment_benchmark/oa_mae_revision/runs/logs/run_SCN_UNet_S2_fold_Garoua_K10_s7.jsonl,7028,12b267f706ac778065634cd0492fdad5c4602e574d36c4fe7b79c9293b17352c,.jsonl,reference_data
reference_data/experiment_benchmark/oa_mae_revision/runs/logs/run_SCN_UNet_S2_fold_Garoua_K10_s8.jsonl,7023,d98bd25f966d5e8ec385dc2d3e5f284a48e0c9b6aba185002b107c1653584295,.jsonl,reference_data
reference_data/experiment_benchmark/oa_mae_revision/runs/logs/run_SCN_UNet_S2_fold_Garoua_K10_s9.jsonl,7025,faaf524f0eb49a38c9e2903cee7197b1264af56b6f45f76c23315af095f721e8,.jsonl,reference_data
reference_data/experiment_benchmark/oa_mae_revision/runs/logs/run_SCN_UNet_S2_fold_Garoua_K25_s1.jsonl,7024,b49abe6cf18a8ae42fd95ce5f804fa83a663428eecd0a065005ca8b35cadb8b6,.jsonl,reference_data
reference_data/experiment_benchmark/oa_mae_revision/runs/logs/run_SCN_UNet_S2_fold_Garoua_K25_s10.jsonl,7029,a4986c2dcf6304ce50cda951f0488c4b0107bf99f9d345a2df60cd97834b100b,.jsonl,reference_data
reference_data/experiment_benchmark/oa_mae_revision/runs/logs/run_SCN_UNet_S2_fold_Garoua_K25_s2.jsonl,7028,e51e58096fddd1107dcbc31506ace2e209896d2b984c0f5204c19715b4329b9c,.jsonl,reference_data
reference_data/experiment_benchmark/oa_mae_revision/runs/logs/run_SCN_UNet_S2_fold_Garoua_K25_s3.jsonl,7018,a06b7e184f996b7061028f640685058a17c4f7ea75dd4f44e54c59a768322600,.jsonl,reference_data
reference_data/experiment_benchmark/oa_mae_revision/runs/logs/run_SCN_UNet_S2_fold_Garoua_K25_s4.jsonl,7025,4806c8636d132066317586c77d59e847310a2beda5871455ce259a07c453d7d2,.jsonl,reference_data
reference_data/experiment_benchmark/oa_mae_revision/runs/logs/run_SCN_UNet_S2_fold_Garoua_K25_s5.jsonl,7028,739ed199b415363f53e29c402f77d29f7fc2da4d0474f676804f18de3d28138b,.jsonl,reference_data
reference_data/experiment_benchmark/oa_mae_revision/runs/logs/run_SCN_UNet_S2_fold_Garoua_K25_s6.jsonl,7016,f53922ef0bdbdbb3ed5bd26ee6ddb3560fcbd5a1dcc93252da0a2e35a863ed9b,.jsonl,reference_data
reference_data/experiment_benchmark/oa_mae_revision/runs/logs/run_SCN_UNet_S2_fold_Garoua_K25_s7.jsonl,7034,fa229a9589ff65b0405811f425467c01b8926e362004d12840fb9d24ea08cac3,.jsonl,reference_data
reference_data/experiment_benchmark/oa_mae_revision/runs/logs/run_SCN_UNet_S2_fold_Garoua_K25_s8.jsonl,7033,5a38c66c46c3132a947415a0b9b0b36c8c2936ecd8fa2c0ef51d6829ecdaccfe,.jsonl,reference_data
reference_data/experiment_benchmark/oa_mae_revision/runs/logs/run_SCN_UNet_S2_fold_Garoua_K25_s9.jsonl,7034,29544f6f3f0f186a00cd018a17e6ade94cc6e66620ce68289ab7f8ce8858074d,.jsonl,reference_data
reference_data/experiment_benchmark/oa_mae_revision/runs/logs/run_SCN_UNet_S2_fold_Garoua_K50_s1.jsonl,7007,fb39532b80bea5aeceb92b184d523e941684f512ed23d23a0609eb573b9ef1e5,.jsonl,reference_data
reference_data/experiment_benchmark/oa_mae_revision/runs/logs/run_SCN_UNet_S2_fold_Garoua_K50_s10.jsonl,7032,12a28306f860c71ec79d064db22aac68a85da9be7942440b7f001dd2d5070e72,.jsonl,reference_data
reference_data/experiment_benchmark/oa_mae_revision/runs/logs/run_SCN_UNet_S2_fold_Garoua_K50_s2.jsonl,7033,53a1ed818f42ef63b565edb3f085f791457a498225dd20f3bc11dd1ed7a14959,.jsonl,reference_data
reference_data/experiment_benchmark/oa_mae_revision/runs/logs/run_SCN_UNet_S2_fold_Garoua_K50_s3.jsonl,7032,68dad37fc27c19369905431205fcb2666e336bc626270272287bdd7d4655b812,.jsonl,reference_data
reference_data/experiment_benchmark/oa_mae_revision/runs/logs/run_SCN_UNet_S2_fold_Garoua_K50_s4.jsonl,7030,833903c4789ccfa3b4095147a0bc2e93d62ec4bba1e546545c98292e69a85624,.jsonl,reference_data
reference_data/experiment_benchmark/oa_mae_revision/runs/logs/run_SCN_UNet_S2_fold_Garoua_K50_s5.jsonl,7032,c1a1c10f04da72bc716a6e058b7d49a83f496e21b0e86e0d14e69d81aeceebe1,.jsonl,reference_data
reference_data/experiment_benchmark/oa_mae_revision/runs/logs/run_SCN_UNet_S2_fold_Garoua_K50_s6.jsonl,7034,1eae2ed9532275563d189de83519cbfecfcc9230f0f626433ac9e151af36da12,.jsonl,reference_data
reference_data/experiment_benchmark/oa_mae_revision/runs/logs/run_SCN_UNet_S2_fold_Garoua_K50_s7.jsonl,7020,241a85a6cc084d2c8755c48683697307804097064e69f8e23bc6b6ac4ed94f07,.jsonl,reference_data
reference_data/experiment_benchmark/oa_mae_revision/runs/logs/run_SCN_UNet_S2_fold_Garoua_K50_s8.jsonl,7023,d35bd7b9fc93df4df16fde75bd8896475cc2fd72357158873d4976cdc3d18ca2,.jsonl,reference_data
reference_data/experiment_benchmark/oa_mae_revision/runs/logs/run_SCN_UNet_S2_fold_Garoua_K50_s9.jsonl,7025,bbeed9617eea2249fddea5323ad318dc03370311d4e6de465cc310c5587f8215,.jsonl,reference_data
reference_data/experiment_benchmark/oa_mae_revision/runs/logs/run_SCN_UNet_S2_fold_Kigali_K10_s1.jsonl,7033,7ddbd57e76b38dff1a0aadaa013fb280981b1598fb920b1d25aa8b2b77c5514f,.jsonl,reference_data
reference_data/experiment_benchmark/oa_mae_revision/runs/logs/run_SCN_UNet_S2_fold_Kigali_K10_s10.jsonl,7036,16a67f25b39fef2a6961192ec0ca5d47caf44353af8827a846635776fd8fa7b3,.jsonl,reference_data
reference_data/experiment_benchmark/oa_mae_revision/runs/logs/run_SCN_UNet_S2_fold_Kigali_K10_s2.jsonl,7031,50b8c92d22a8bb4796b6eed0cca667f8056ba39a11a1442c3083a809bbb576a1,.jsonl,reference_data
reference_data/experiment_benchmark/oa_mae_revision/runs/logs/run_SCN_UNet_S2_fold_Kigali_K10_s3.jsonl,7029,33381cef3acc5e5c0c217628e2cdf9c82aa4339779d9660c699e75b8ae7adceb,.jsonl,reference_data
reference_data/experiment_benchmark/oa_mae_revision/runs/logs/run_SCN_UNet_S2_fold_Kigali_K10_s4.jsonl,7013,9357742274a3be6a615c26339c1e90c369b073d55c5f8172926ce669d8337898,.jsonl,reference_data
reference_data/experiment_benchmark/oa_mae_revision/runs/logs/run_SCN_UNet_S2_fold_Kigali_K10_s5.jsonl,7024,7fcb79dee8368ea875295ae55ac4f2d3333f5d862747070a00db23b0afa7e4ce,.jsonl,reference_data
reference_data/experiment_benchmark/oa_mae_revision/runs/logs/run_SCN_UNet_S2_fold_Kigali_K10_s6.jsonl,7020,840d599dbd397f43a9845afc8c8b370f479df5a2586f4c869ebc809f2b22d0b9,.jsonl,reference_data
reference_data/experiment_benchmark/oa_mae_revision/runs/logs/run_SCN_UNet_S2_fold_Kigali_K10_s7.jsonl,7014,5d2a6ae9ba2d5ccba238d9a5ef0d58508b3cd279ab4fbf4c089357a8262fb79b,.jsonl,reference_data
reference_data/experiment_benchmark/oa_mae_revision/runs/logs/run_SCN_UNet_S2_fold_Kigali_K10_s8.jsonl,7013,76d99fa12251de81e3fd6a763cd3d465763025702431681540e57da61e4bfa8c,.jsonl,reference_data
reference_data/experiment_benchmark/oa_mae_revision/runs/logs/run_SCN_UNet_S2_fold_Kigali_K10_s9.jsonl,7028,4a42d4ee4a51e5238dde44f9b9df75667831f9b156f2c7289c880743e60063bc,.jsonl,reference_data
reference_data/experiment_benchmark/oa_mae_revision/runs/logs/run_SCN_UNet_S2_fold_Kigali_K25_s1.jsonl,7028,91ffbda1ca68f10886d2e2fd04d6b3699bc2e17fbfdd359d1c531d666e25aa59,.jsonl,reference_data
reference_data/experiment_benchmark/oa_mae_revision/runs/logs/run_SCN_UNet_S2_fold_Kigali_K25_s10.jsonl,7029,dff5c3636d707454a4eba4804228c900bca47920d448c8fb8cf11a1563a7801c,.jsonl,reference_data
reference_data/experiment_benchmark/oa_mae_revision/runs/logs/run_SCN_UNet_S2_fold_Kigali_K25_s2.jsonl,7029,da9087301d4e7f92427029336b850e8af2960d1bd40bc78d58d50de3058fdd7d,.jsonl,reference_data
reference_data/experiment_benchmark/oa_mae_revision/runs/logs/run_SCN_UNet_S2_fold_Kigali_K25_s3.jsonl,7028,7464becfbf74a54f8699efa368190c7a9dfea0b92684b8189da9894abf3542e1,.jsonl,reference_data
reference_data/experiment_benchmark/oa_mae_revision/runs/logs/run_SCN_UNet_S2_fold_Kigali_K25_s4.jsonl,7031,21ad94dbdd9ea10b97f580918ea3dd8b8f7ac098d7ef257223914b7eb144f053,.jsonl,reference_data
reference_data/experiment_benchmark/oa_mae_revision/runs/logs/run_SCN_UNet_S2_fold_Kigali_K25_s5.jsonl,7013,fa55a19d58026dd224c94be9a9ada39f02f94a4a8c268fdf703ddca57493ca39,.jsonl,reference_data
reference_data/experiment_benchmark/oa_mae_revision/runs/logs/run_SCN_UNet_S2_fold_Kigali_K25_s6.jsonl,7034,da9f87d24cb2e920c677266326add02f7b21421dec4913a82f1e49c8a15bba0a,.jsonl,reference_data
reference_data/experiment_benchmark/oa_mae_revision/runs/logs/run_SCN_UNet_S2_fold_Kigali_K25_s7.jsonl,7018,4189d563c38384b3b25984934ba10ebe45b78ba1454acaa52a5a7b2966b4941a,.jsonl,reference_data
reference_data/experiment_benchmark/oa_mae_revision/runs/logs/run_SCN_UNet_S2_fold_Kigali_K25_s8.jsonl,7031,e92e6fe20619a1f8c4ad55e499e8e724bb23f1b104510a048ff561b757773486,.jsonl,reference_data
reference_data/experiment_benchmark/oa_mae_revision/runs/logs/run_SCN_UNet_S2_fold_Kigali_K25_s9.jsonl,7034,a990cbad3813dc2dc572e70a50bc3527b288124f1c8cd4b9e0083984100fcf99,.jsonl,reference_data
reference_data/experiment_benchmark/oa_mae_revision/runs/logs/run_SCN_UNet_S2_fold_Kigali_K50_s1.jsonl,7028,a57a758ee7ab3085e27d0a17957e55040fab03305a823624cdcf3be3f3c7a9da,.jsonl,reference_data
reference_data/experiment_benchmark/oa_mae_revision/runs/logs/run_SCN_UNet_S2_fold_Kigali_K50_s10.jsonl,7030,c3600decf472d0a365e5da915c39e2d0a980b62c36d051f3bd8999bd232061e4,.jsonl,reference_data
reference_data/experiment_benchmark/oa_mae_revision/runs/logs/run_SCN_UNet_S2_fold_Kigali_K50_s2.jsonl,7032,fe22cf73cd5eb0e9606114b110e1d21e8680f94fa18189671550eb3a44d209f0,.jsonl,reference_data
reference_data/experiment_benchmark/oa_mae_revision/runs/logs/run_SCN_UNet_S2_fold_Kigali_K50_s3.jsonl,7028,ddc6908bac855d3856e612e571a8fbf2ceeb5055bf4e516acf96a9ec1ea20087,.jsonl,reference_data
reference_data/experiment_benchmark/oa_mae_revision/runs/logs/run_SCN_UNet_S2_fold_Kigali_K50_s4.jsonl,7030,3a081ec2d70383842d1648035d900089de693738af420ac2e29ab839422e92a8,.jsonl,reference_data
reference_data/experiment_benchmark/oa_mae_revision/runs/logs/run_SCN_UNet_S2_fold_Kigali_K50_s5.jsonl,7034,1728f457f5063f092227acc28ab60593ee64ac669f4160ebf125fbb8ef776205,.jsonl,reference_data
reference_data/experiment_benchmark/oa_mae_revision/runs/logs/run_SCN_UNet_S2_fold_Kigali_K50_s6.jsonl,7020,8e409d841af957a6ca6b04ebe21d742ccdaa3f541dd8a3fe1b71a548d144ee09,.jsonl,reference_data
reference_data/experiment_benchmark/oa_mae_revision/runs/logs/run_SCN_UNet_S2_fold_Kigali_K50_s7.jsonl,7030,6aafc40f238584da90e38c1c070e8edcba4210e3a0a7e788910ab9c0ebf3fb79,.jsonl,reference_data
reference_data/experiment_benchmark/oa_mae_revision/runs/logs/run_SCN_UNet_S2_fold_Kigali_K50_s8.jsonl,7025,c846693d0c0cbd4fe177b3049474f1cf97804b3913f0c49a3f1c613e01d7b102,.jsonl,reference_data
reference_data/experiment_benchmark/oa_mae_revision/runs/logs/run_SCN_UNet_S2_fold_Kigali_K50_s9.jsonl,7021,a6afd70da3034dfa9ba867868f206b5fc9bb8d1b9618cbe98a3e9bf33e6248e0,.jsonl,reference_data
reference_data/experiment_benchmark/oa_mae_revision/runs/logs/run_SCN_UNet_S2_fold_Yaounde_K10_s1.jsonl,7010,9092c4f42c20b1c5798b5cb9879603522238ca0de86391669b5c6d7d5e934d93,.jsonl,reference_data
reference_data/experiment_benchmark/oa_mae_revision/runs/logs/run_SCN_UNet_S2_fold_Yaounde_K10_s10.jsonl,7028,8f231158bba3e30ac843d56bde0b8beebd7c958e0054bbfdf823334e4dc69abc,.jsonl,reference_data
reference_data/experiment_benchmark/oa_mae_revision/runs/logs/run_SCN_UNet_S2_fold_Yaounde_K10_s2.jsonl,7030,d06ff0af68ce44e5fdc32ef7f177e1edb81e6108a215c01387ba270e57a8ba5d,.jsonl,reference_data
reference_data/experiment_benchmark/oa_mae_revision/runs/logs/run_SCN_UNet_S2_fold_Yaounde_K10_s3.jsonl,7034,6788854409e11865f00c838800f20c704fde179f14c76af2cfca42e830966d43,.jsonl,reference_data
reference_data/experiment_benchmark/oa_mae_revision/runs/logs/run_SCN_UNet_S2_fold_Yaounde_K10_s4.jsonl,7033,f26bb6a91f997716f0add76e6ebc4ef1de02953d41f2b5e740896669095451cc,.jsonl,reference_data
reference_data/experiment_benchmark/oa_mae_revision/runs/logs/run_SCN_UNet_S2_fold_Yaounde_K10_s5.jsonl,7030,773dac40a4610e8d5481a2560d68da1826fb49b1c09599eb6f9755cc01988d14,.jsonl,reference_data
reference_data/experiment_benchmark/oa_mae_revision/runs/logs/run_SCN_UNet_S2_fold_Yaounde_K10_s6.jsonl,7025,1fbec2d47fa4126b676cb9a223d751d575cedbf19ec29a02aff08a57ef6cbfdc,.jsonl,reference_data
reference_data/experiment_benchmark/oa_mae_revision/runs/logs/run_SCN_UNet_S2_fold_Yaounde_K10_s7.jsonl,7035,da9f09d0e5e9633189059e62383ab662ee76ad0c3b5f98c0a44a945abafb4f58,.jsonl,reference_data
reference_data/experiment_benchmark/oa_mae_revision/runs/logs/run_SCN_UNet_S2_fold_Yaounde_K10_s8.jsonl,7031,bae09762eb7edccfc93a7ceeabf334b66e349c9a9186437e0e1d838fdd1bb3db,.jsonl,reference_data
reference_data/experiment_benchmark/oa_mae_revision/runs/logs/run_SCN_UNet_S2_fold_Yaounde_K10_s9.jsonl,7031,d83734ff9620208d071562aec89dc1f17522b21cbdda67eb8d847dfe38db53c5,.jsonl,reference_data
reference_data/experiment_benchmark/oa_mae_revision/runs/logs/run_SCN_UNet_S2_fold_Yaounde_K25_s1.jsonl,7028,277a4e0d8a945e7c0bbc49c462c1474b94927620e1cbc3967472546040c69841,.jsonl,reference_data
reference_data/experiment_benchmark/oa_mae_revision/runs/logs/run_SCN_UNet_S2_fold_Yaounde_K25_s10.jsonl,7013,0c998a5ffdb1439025a6af44fda668f91e8c9f3c21566f706f891de3ce047863,.jsonl,reference_data
reference_data/experiment_benchmark/oa_mae_revision/runs/logs/run_SCN_UNet_S2_fold_Yaounde_K25_s2.jsonl,7035,2043eba03d25489e76d6d1e676263a923fcf61aabd44d6a529849966eb2898e5,.jsonl,reference_data
reference_data/experiment_benchmark/oa_mae_revision/runs/logs/run_SCN_UNet_S2_fold_Yaounde_K25_s3.jsonl,7036,d3c1b24cab841369eb9d08f7b5def86ffcb1475cc27e0183091a3b8fc5dcebf2,.jsonl,reference_data
reference_data/experiment_benchmark/oa_mae_revision/runs/logs/run_SCN_UNet_S2_fold_Yaounde_K25_s4.jsonl,7025,bf064bdfe66caefdd25f569569ddd2a9b9a93d421dba4fcd5172ff411c540753,.jsonl,reference_data
reference_data/experiment_benchmark/oa_mae_revision/runs/logs/run_SCN_UNet_S2_fold_Yaounde_K25_s5.jsonl,7036,4f9ca228d72a4124c0c87b99f49c64943fc13500d1a487b43eb4c3152d5f437a,.jsonl,reference_data
reference_data/experiment_benchmark/oa_mae_revision/runs/logs/run_SCN_UNet_S2_fold_Yaounde_K25_s6.jsonl,7026,50a85d151c0df0bde08df5d08669fa771e62ce4cc722780cb69e5f14b2d75449,.jsonl,reference_data
reference_data/experiment_benchmark/oa_mae_revision/runs/logs/run_SCN_UNet_S2_fold_Yaounde_K25_s7.jsonl,7034,fb1002773bb530cdce25a489688d67239e88f90133352090a38b609c0df2e1a4,.jsonl,reference_data
reference_data/experiment_benchmark/oa_mae_revision/runs/logs/run_SCN_UNet_S2_fold_Yaounde_K25_s8.jsonl,7034,92ec14a7f70c2cbed1e28fabea5b41a46e0b4ff26d6d6affcebd75a39088666e,.jsonl,reference_data
reference_data/experiment_benchmark/oa_mae_revision/runs/logs/run_SCN_UNet_S2_fold_Yaounde_K25_s9.jsonl,7031,0600a98e76ba7a34ba2734c91af8f83c78a7076e6cae0e6ec5adbf9120c1d768,.jsonl,reference_data
reference_data/experiment_benchmark/oa_mae_revision/runs/logs/run_SCN_UNet_S2_fold_Yaounde_K50_s1.jsonl,7033,d472efe9f99d19dc5ee7db132ad2e004e4d602e639c928ba92ed1d67f75dcbee,.jsonl,reference_data
reference_data/experiment_benchmark/oa_mae_revision/runs/logs/run_SCN_UNet_S2_fold_Yaounde_K50_s10.jsonl,7022,bcb5265fc65df2808ed2fa5e5b2027dcf6a71347195906bc717e4c785e22a620,.jsonl,reference_data
reference_data/experiment_benchmark/oa_mae_revision/runs/logs/run_SCN_UNet_S2_fold_Yaounde_K50_s2.jsonl,7031,cbeea93c5f7c73c590161aaedc8319cf10f3a878a929a29e864ab01901dfe7b0,.jsonl,reference_data
reference_data/experiment_benchmark/oa_mae_revision/runs/logs/run_SCN_UNet_S2_fold_Yaounde_K50_s3.jsonl,7032,3e1d923581e7cd63b7076022fd8f98c89105342eb73bbbb2f19cd16db6c32038,.jsonl,reference_data
reference_data/experiment_benchmark/oa_mae_revision/runs/logs/run_SCN_UNet_S2_fold_Yaounde_K50_s4.jsonl,7032,3a8781de2dd6add08c5aeb644e76860452b225d1b9e907fd42476485d2b92b0e,.jsonl,reference_data
reference_data/experiment_benchmark/oa_mae_revision/runs/logs/run_SCN_UNet_S2_fold_Yaounde_K50_s5.jsonl,7031,028b0d3d79044215ef3e6edd401eb9c55541fee333e66ddb44e3241aaf044882,.jsonl,reference_data
reference_data/experiment_benchmark/oa_mae_revision/runs/logs/run_SCN_UNet_S2_fold_Yaounde_K50_s6.jsonl,7033,952930ee5951ebb8af5fc3d065e7d0f361de1bdb83eccd2c3e383f441ecce18b,.jsonl,reference_data
reference_data/experiment_benchmark/oa_mae_revision/runs/logs/run_SCN_UNet_S2_fold_Yaounde_K50_s7.jsonl,7030,7006d35f2895458eab7a4e0a232ab805ba16758adeb61de98f42b9515c49c120,.jsonl,reference_data
reference_data/experiment_benchmark/oa_mae_revision/runs/logs/run_SCN_UNet_S2_fold_Yaounde_K50_s8.jsonl,7030,b2d15546a061b201921728f579ec99100879423e71e3220ecebe56f6a71a1951,.jsonl,reference_data
reference_data/experiment_benchmark/oa_mae_revision/runs/logs/run_SCN_UNet_S2_fold_Yaounde_K50_s9.jsonl,7033,4277fa95d84e449883d0dcc87a36d1f16363bc366b73a49faddda082fe817bc1,.jsonl,reference_data
reference_data/experiment_benchmark/oa_mae_revision/runs/retrieval_journal.csv,34204,d1a640f1bbf905e192d3f442250f45fd2ef7f17df4404be77ce29329ee4fbda9,.csv,reference_data
reference_data/experiment_benchmark/oa_mae_revision/runs/runs.csv,228492,089db70930c6da4d6bac8599bf96a7c6c2e6080f0e70cbac0df5fb19f0a06a40,.csv,reference_data
reference_data/experiment_benchmark/oa_mae_revision/splits/fewshot_ids_fold_Dakar_K10_s1.txt,130,05a1cbb80b5beb4a4f6165c58493321f7c78acef5fa7188a1003b0e72aae46a3,.txt,reference_data
reference_data/experiment_benchmark/oa_mae_revision/splits/fewshot_ids_fold_Dakar_K10_s10.txt,130,0efdfce149b4c00da1f23f86851dbcc880f2935954aec9cf263e0d654b0b78ab,.txt,reference_data
reference_data/experiment_benchmark/oa_mae_revision/splits/fewshot_ids_fold_Dakar_K10_s2.txt,130,130000414c3ce3a9fba47bb447ba7dab9c4bed8040ffabd3868543f09246d53a,.txt,reference_data
reference_data/experiment_benchmark/oa_mae_revision/splits/fewshot_ids_fold_Dakar_K10_s3.txt,130,e493d9cdbaa39afe5a2a5c1129841c77d092082f57958a1b898152db948a5104,.txt,reference_data
reference_data/experiment_benchmark/oa_mae_revision/splits/fewshot_ids_fold_Dakar_K10_s4.txt,130,abdf875b6ffc92b76ac9b4fa23ea501aa5b1df6784ce6200cfed2c44e30e1e8c,.txt,reference_data
reference_data/experiment_benchmark/oa_mae_revision/splits/fewshot_ids_fold_Dakar_K10_s5.txt,130,d0efc8f91fc28ef87c354d88fd528c0cd9f373c03e8052bb9f0152e47a65c548,.txt,reference_data
reference_data/experiment_benchmark/oa_mae_revision/splits/fewshot_ids_fold_Dakar_K10_s6.txt,130,b3d69746ecdde3200ffdfdada3d85b42309e5b8f3fffc1368ec52d6fe0a2842f,.txt,reference_data
reference_data/experiment_benchmark/oa_mae_revision/splits/fewshot_ids_fold_Dakar_K10_s7.txt,130,fc00b1b367a61289ac33f777ce3167cc1635b5a8a5dae8156979f1bd363d38d5,.txt,reference_data
reference_data/experiment_benchmark/oa_mae_revision/splits/fewshot_ids_fold_Dakar_K10_s8.txt,130,293642e6b4f60ea823c9d51fbf355be7ed6276103ff46d31d46279864acd04a8,.txt,reference_data
reference_data/experiment_benchmark/oa_mae_revision/splits/fewshot_ids_fold_Dakar_K10_s9.txt,130,b9e978e5b476ce8dc4a0ae5a141165c62fda40e8ae640ae98ee9851e0bb2136b,.txt,reference_data
reference_data/experiment_benchmark/oa_mae_revision/splits/fewshot_ids_fold_Dakar_K25_s1.txt,325,c614d498e39d4463ab73d6e912e52b43367b93c6fb709ce3c6a39a7cd7f5626f,.txt,reference_data
reference_data/experiment_benchmark/oa_mae_revision/splits/fewshot_ids_fold_Dakar_K25_s10.txt,325,b90983a841187d2948abcb98ea393eeb790dbf9089030b2ed0ce39d6802b9277,.txt,reference_data
reference_data/experiment_benchmark/oa_mae_revision/splits/fewshot_ids_fold_Dakar_K25_s2.txt,325,3c23243d6e7e99df7a7d3fdda2c5245142e7fd4b565d2c2e730c8040580d6aa6,.txt,reference_data
reference_data/experiment_benchmark/oa_mae_revision/splits/fewshot_ids_fold_Dakar_K25_s3.txt,325,48fc92f1ea81d91c0fecbb0f56dcac9b09f1d95a481753c339ff001d6821778c,.txt,reference_data
reference_data/experiment_benchmark/oa_mae_revision/splits/fewshot_ids_fold_Dakar_K25_s4.txt,325,ed038702d9b4bdbc082ce69106df0492e0fd633905fa876f736addd7e5a5240f,.txt,reference_data
reference_data/experiment_benchmark/oa_mae_revision/splits/fewshot_ids_fold_Dakar_K25_s5.txt,325,90afc7538eb8831e614995c914b70f3bec85262d91ac6005c86b7ca00f8fb7c3,.txt,reference_data
reference_data/experiment_benchmark/oa_mae_revision/splits/fewshot_ids_fold_Dakar_K25_s6.txt,325,af20707935cbabf9f8ab52fab6e3a463625af1eb8cfb55b1e7905ab8b52cab3c,.txt,reference_data
reference_data/experiment_benchmark/oa_mae_revision/splits/fewshot_ids_fold_Dakar_K25_s7.txt,325,2dc67e6bdc2ef6281275af00ebb50464a2ca16012477050fbc78ee38de9de284,.txt,reference_data
reference_data/experiment_benchmark/oa_mae_revision/splits/fewshot_ids_fold_Dakar_K25_s8.txt,325,7180b6aaf3386088d59ef6506a30b4e23d6f64a2e4c56a418a7f603923055cd2,.txt,reference_data
reference_data/experiment_benchmark/oa_mae_revision/splits/fewshot_ids_fold_Dakar_K25_s9.txt,325,e633f45e8f6958fdb0f7561abeaa39d42b6565e4670c9309daa97bbeef0d5159,.txt,reference_data
reference_data/experiment_benchmark/oa_mae_revision/splits/fewshot_ids_fold_Dakar_K50_s1.txt,650,ab1d8b82be6d9a918d97bfc04294311bb539a561d1685c98fe84179b5e7ca84a,.txt,reference_data
reference_data/experiment_benchmark/oa_mae_revision/splits/fewshot_ids_fold_Dakar_K50_s10.txt,650,ef8bdca9fa295a52a52d2c98e32e9dd3d7f90d0ed39ac8a4f3cc49dcadde4c5c,.txt,reference_data
reference_data/experiment_benchmark/oa_mae_revision/splits/fewshot_ids_fold_Dakar_K50_s2.txt,650,b5fbba193eee87378902c3a637dab3c14ab9d3d5f8fe7a53ff2174567fb2b9f0,.txt,reference_data
reference_data/experiment_benchmark/oa_mae_revision/splits/fewshot_ids_fold_Dakar_K50_s3.txt,650,11a07724f0f59c4cc4203719b346fee0039767f3050dcc0a4dd811c4f9cb9648,.txt,reference_data
reference_data/experiment_benchmark/oa_mae_revision/splits/fewshot_ids_fold_Dakar_K50_s4.txt,650,21b2fea7288aa849858422bc822e75208050696abf1daacde164e3ec756dcc48,.txt,reference_data
reference_data/experiment_benchmark/oa_mae_revision/splits/fewshot_ids_fold_Dakar_K50_s5.txt,650,e7635eadf61ab54e7167f374975b8e4ae763aefced4be692c315a9a0062119cf,.txt,reference_data
reference_data/experiment_benchmark/oa_mae_revision/splits/fewshot_ids_fold_Dakar_K50_s6.txt,650,937428de2a2a752803f174e55290732a3eeeafce850b453ccffca942305f3c80,.txt,reference_data
reference_data/experiment_benchmark/oa_mae_revision/splits/fewshot_ids_fold_Dakar_K50_s7.txt,650,148b8aef59ca0d1af7abe2b8068ff477a58f6f75d65661eb219a371855f58977,.txt,reference_data
reference_data/experiment_benchmark/oa_mae_revision/splits/fewshot_ids_fold_Dakar_K50_s8.txt,650,6344d890fbed89008171f1ad939828daeba6e9a51d62d9e400fca56f2a3e7a1e,.txt,reference_data
reference_data/experiment_benchmark/oa_mae_revision/splits/fewshot_ids_fold_Dakar_K50_s9.txt,650,400b299060174b92865665246a3bd37ae7381f211267b24c298b673f452248ef,.txt,reference_data
reference_data/experiment_benchmark/oa_mae_revision/splits/fewshot_ids_fold_DarEsSalaam_K10_s1.txt,130,d5a2875f5bbf548e74483e7c6dc58c4c14b7ded51ad69f5a1d7c4439aad517f3,.txt,reference_data
reference_data/experiment_benchmark/oa_mae_revision/splits/fewshot_ids_fold_DarEsSalaam_K10_s10.txt,130,40e562299675a5a01d4dcb8a6108c7de152390634ac8ca91752c58d545123bc2,.txt,reference_data
reference_data/experiment_benchmark/oa_mae_revision/splits/fewshot_ids_fold_DarEsSalaam_K10_s2.txt,130,e6fbf2dce25fa13ac3db14a436d54e6e6cfb91e92e3bc53d93b905b9a5167b06,.txt,reference_data
reference_data/experiment_benchmark/oa_mae_revision/splits/fewshot_ids_fold_DarEsSalaam_K10_s3.txt,130,d3e26cf1a44eff6441f027bcbb567fcb336ddbe60bc90db153fb1f0ec8cdc239,.txt,reference_data
reference_data/experiment_benchmark/oa_mae_revision/splits/fewshot_ids_fold_DarEsSalaam_K10_s4.txt,130,722992af546191b699d31b97c192836569160d3526f9bf0df186051dd73acb62,.txt,reference_data
reference_data/experiment_benchmark/oa_mae_revision/splits/fewshot_ids_fold_DarEsSalaam_K10_s5.txt,130,95235c3ffffc8e247837d4a33fa53c645a08ab675c97d308f635e7df16512c8c,.txt,reference_data
reference_data/experiment_benchmark/oa_mae_revision/splits/fewshot_ids_fold_DarEsSalaam_K10_s6.txt,130,71340a1a746830fd92637d64392859ed863c3e1c0b6a0c5f2030d298454a7b8c,.txt,reference_data
reference_data/experiment_benchmark/oa_mae_revision/splits/fewshot_ids_fold_DarEsSalaam_K10_s7.txt,130,d6e6e63609cd2605e9957f8cb51e1f0c2371b80c0fa03e1bc620dd9178a586c1,.txt,reference_data
reference_data/experiment_benchmark/oa_mae_revision/splits/fewshot_ids_fold_DarEsSalaam_K10_s8.txt,130,8b87fda5ebf26f0e74a327399d3c3572bbe77c76e10e912b982c66a4b05e937a,.txt,reference_data
reference_data/experiment_benchmark/oa_mae_revision/splits/fewshot_ids_fold_DarEsSalaam_K10_s9.txt,130,9c8137c45f7f9069e80d118fa3e3d468f4d497cf1ebe50a9fd20d95e6ccba054,.txt,reference_data
reference_data/experiment_benchmark/oa_mae_revision/splits/fewshot_ids_fold_DarEsSalaam_K25_s1.txt,325,28a37e6041dee8125163d85f82c0059ce92c1164ea00835a4908b6d947d60d34,.txt,reference_data
reference_data/experiment_benchmark/oa_mae_revision/splits/fewshot_ids_fold_DarEsSalaam_K25_s10.txt,325,152a3b7492c997ab90032c69c05f98cf9e41f4413bd75c39c55af5273183b488,.txt,reference_data
reference_data/experiment_benchmark/oa_mae_revision/splits/fewshot_ids_fold_DarEsSalaam_K25_s2.txt,325,c26d28571b319b246771e6f06a44fd73c8ca6c7f743662a32969cbda8a522396,.txt,reference_data
reference_data/experiment_benchmark/oa_mae_revision/splits/fewshot_ids_fold_DarEsSalaam_K25_s3.txt,325,c50d055f65757afd2caabedb069fcbbf120a336bb3674ffffa026a8f639db5a7,.txt,reference_data
reference_data/experiment_benchmark/oa_mae_revision/splits/fewshot_ids_fold_DarEsSalaam_K25_s4.txt,325,960c7a3e504ba5d4e45af094357f16b24ae54a5417ce64c7b82dc5a151723500,.txt,reference_data
reference_data/experiment_benchmark/oa_mae_revision/splits/fewshot_ids_fold_DarEsSalaam_K25_s5.txt,325,002be300e00b4edbe0deb4ddf3d4593f71e02e65fcd0bd001e14fe17eae54496,.txt,reference_data
reference_data/experiment_benchmark/oa_mae_revision/splits/fewshot_ids_fold_DarEsSalaam_K25_s6.txt,325,2329395585200e62583c99a5316fefc64526b5e06bade825a3c188953153a3ee,.txt,reference_data
reference_data/experiment_benchmark/oa_mae_revision/splits/fewshot_ids_fold_DarEsSalaam_K25_s7.txt,325,1bf32ef1cafed334004de7d55a08915db55330a403d79f0f631c2deae48778e4,.txt,reference_data
reference_data/experiment_benchmark/oa_mae_revision/splits/fewshot_ids_fold_DarEsSalaam_K25_s8.txt,325,3d60b194ff1f5457dbf5026ebbff523ce25a0ad20fc6be9066ab621d95bcd131,.txt,reference_data
reference_data/experiment_benchmark/oa_mae_revision/splits/fewshot_ids_fold_DarEsSalaam_K25_s9.txt,325,f303cf44f6503b74b87dab8feeb83d3dc57dd47cf7d212b326b3a44e2ec7d881,.txt,reference_data
reference_data/experiment_benchmark/oa_mae_revision/splits/fewshot_ids_fold_DarEsSalaam_K50_s1.txt,650,4acc05c1e42973341074c43593e82479e0cbb7f069a65cccf46a7ecce74cc0ba,.txt,reference_data
reference_data/experiment_benchmark/oa_mae_revision/splits/fewshot_ids_fold_DarEsSalaam_K50_s10.txt,650,f573334823f47d8b3a2bff05853425e78b13da2c783fca60e614a0354bb24c05,.txt,reference_data
reference_data/experiment_benchmark/oa_mae_revision/splits/fewshot_ids_fold_DarEsSalaam_K50_s2.txt,650,8e3de547cfd7c745014d75cff02b8fa5f28ba81259800b764b3cbd61db2db394,.txt,reference_data
reference_data/experiment_benchmark/oa_mae_revision/splits/fewshot_ids_fold_DarEsSalaam_K50_s3.txt,650,dcad9b7418cc57a617c214f8aa90fa8ccb619e0c3d42e2e72970884b6f95964e,.txt,reference_data
reference_data/experiment_benchmark/oa_mae_revision/splits/fewshot_ids_fold_DarEsSalaam_K50_s4.txt,650,90d8998e98e91b45f8e0ea464b47fee11b56c8a05d6c3d922987bf2c742703bc,.txt,reference_data
reference_data/experiment_benchmark/oa_mae_revision/splits/fewshot_ids_fold_DarEsSalaam_K50_s5.txt,650,f8f42026163f6ac0bd2f95fd16a8145f0f61a702af37b0db1a195d4ad947f752,.txt,reference_data
reference_data/experiment_benchmark/oa_mae_revision/splits/fewshot_ids_fold_DarEsSalaam_K50_s6.txt,650,c52fa45276c73978650fcb1b1cabe7d73887e06721d827920a5e3589fffac4d5,.txt,reference_data
reference_data/experiment_benchmark/oa_mae_revision/splits/fewshot_ids_fold_DarEsSalaam_K50_s7.txt,650,0ea838e33537b03cc01f4817994bc69f7b65f5abd0302d99ea1ca41c3ddd5a21,.txt,reference_data
reference_data/experiment_benchmark/oa_mae_revision/splits/fewshot_ids_fold_DarEsSalaam_K50_s8.txt,650,46fffe22c45ae92250ac5eb380edc5f132b117481009cce17bb7132fd609a001,.txt,reference_data
reference_data/experiment_benchmark/oa_mae_revision/splits/fewshot_ids_fold_DarEsSalaam_K50_s9.txt,650,878923808bf25ca9223ad077e8664a0b71a85d4356f1e29ace87207be3b93fac,.txt,reference_data
reference_data/experiment_benchmark/oa_mae_revision/splits/fewshot_ids_fold_Douala_K10_s1.txt,130,2e836b65f0ba7d3b4af705f6f3252904cdd7d2c6299ad0be466001c0417b55a7,.txt,reference_data
reference_data/experiment_benchmark/oa_mae_revision/splits/fewshot_ids_fold_Douala_K10_s10.txt,130,a49836e2356ac6f9648365de74d9a027eda2e48f7232c90e9baee9c5125dd49c,.txt,reference_data
reference_data/experiment_benchmark/oa_mae_revision/splits/fewshot_ids_fold_Douala_K10_s2.txt,130,449f7144af9b1c6b73d02de612b29981e522c2c10b9824af9499c9fee985f607,.txt,reference_data
reference_data/experiment_benchmark/oa_mae_revision/splits/fewshot_ids_fold_Douala_K10_s3.txt,130,2dd4f18d7a909e2c323bddc0bd563c0a96fd6fa52cbdbb633626873050a71fa9,.txt,reference_data
reference_data/experiment_benchmark/oa_mae_revision/splits/fewshot_ids_fold_Douala_K10_s4.txt,130,44fc894629dfab6c44f89c744ff9fbcb517c00d086abe7fcac2ee8d8422ec322,.txt,reference_data
reference_data/experiment_benchmark/oa_mae_revision/splits/fewshot_ids_fold_Douala_K10_s5.txt,130,5c4219fed774abecda11d199779a77ad31f0cc055bc87144f40a8c584da0c6d6,.txt,reference_data
reference_data/experiment_benchmark/oa_mae_revision/splits/fewshot_ids_fold_Douala_K10_s6.txt,130,afb85cd8ee192507a9337eac7eafeda40a5f193d39cb3878da6edb8e6ae6d790,.txt,reference_data
reference_data/experiment_benchmark/oa_mae_revision/splits/fewshot_ids_fold_Douala_K10_s7.txt,130,4230bf1a9f8fd13748d3ce66d4058aa2a77cdebf93ac30d49204cbe99deeea1c,.txt,reference_data
reference_data/experiment_benchmark/oa_mae_revision/splits/fewshot_ids_fold_Douala_K10_s8.txt,130,c1d87570987f3704065a388fa774fac6ac62834a6c484b630118489b912d10a0,.txt,reference_data
reference_data/experiment_benchmark/oa_mae_revision/splits/fewshot_ids_fold_Douala_K10_s9.txt,130,c8b9f30bfe5053a5b80f7a58b2efd6c0c9990ea881b725954edae5eaf2288fcf,.txt,reference_data
reference_data/experiment_benchmark/oa_mae_revision/splits/fewshot_ids_fold_Douala_K25_s1.txt,325,0042337cb4a43bd54504ba4d8219c8791a0a74ef953dac8e3fb189f64cc04ac1,.txt,reference_data
reference_data/experiment_benchmark/oa_mae_revision/splits/fewshot_ids_fold_Douala_K25_s10.txt,325,683fe9a50da216ad963b2b6a7bbdbe40a67cdb71598b4e8f7d4b50879bdeb16f,.txt,reference_data
reference_data/experiment_benchmark/oa_mae_revision/splits/fewshot_ids_fold_Douala_K25_s2.txt,325,39435d9ad8852c5d89f4c668ef6edd069350a88b3308caa809a00c471474b8c2,.txt,reference_data
reference_data/experiment_benchmark/oa_mae_revision/splits/fewshot_ids_fold_Douala_K25_s3.txt,325,2c6b0dc8b6be7419c4ce9fe7f253d25bf6c50b38e1e70b775ee4a0f491db84c5,.txt,reference_data
reference_data/experiment_benchmark/oa_mae_revision/splits/fewshot_ids_fold_Douala_K25_s4.txt,325,5371acf70f4e2107081ae154503f6db35638a83e9e702f8c94e396cc0e162768,.txt,reference_data
reference_data/experiment_benchmark/oa_mae_revision/splits/fewshot_ids_fold_Douala_K25_s5.txt,325,3af4605fe5dc9cd629166e5a404a6d0af5162bd5f3ed47ad93f904777a9f9441,.txt,reference_data
reference_data/experiment_benchmark/oa_mae_revision/splits/fewshot_ids_fold_Douala_K25_s6.txt,325,58c9deee19d6606a443a5a0a9bbc7c401139a12c3a9c7400a6688006d551bb84,.txt,reference_data
reference_data/experiment_benchmark/oa_mae_revision/splits/fewshot_ids_fold_Douala_K25_s7.txt,325,9afe0e5b9aa745b8b8845fbf421fdef1933b2a37cb96c1699c2961ead12b7e4d,.txt,reference_data
reference_data/experiment_benchmark/oa_mae_revision/splits/fewshot_ids_fold_Douala_K25_s8.txt,325,5319abb6793eea2b252db236af9b0ec6e5168b7f8367da95eecd602b489df586,.txt,reference_data
reference_data/experiment_benchmark/oa_mae_revision/splits/fewshot_ids_fold_Douala_K25_s9.txt,325,3bb27fcdb728103a0e07ad7a200805124eaf93914e3eb04559e9a4abe5ac9dc8,.txt,reference_data
reference_data/experiment_benchmark/oa_mae_revision/splits/fewshot_ids_fold_Douala_K50_s1.txt,650,88b1f87fefec2b1dd6fbdcfa1b0d3ffb468901e58c8e4f96e97e54ea3e23bfb3,.txt,reference_data
reference_data/experiment_benchmark/oa_mae_revision/splits/fewshot_ids_fold_Douala_K50_s10.txt,650,951ffa84de80ffa396bc47b66fc8913064533e05118a336524bd6667474b1cb1,.txt,reference_data
reference_data/experiment_benchmark/oa_mae_revision/splits/fewshot_ids_fold_Douala_K50_s2.txt,650,095aee1e2fd634fb8385f37786672a500b46f41241dcf760127d479b35639b00,.txt,reference_data
reference_data/experiment_benchmark/oa_mae_revision/splits/fewshot_ids_fold_Douala_K50_s3.txt,650,c77c0dd50e99ce1be4f31fc3692d5d9d7afc4282d6208a87f4849cf850fe9540,.txt,reference_data
reference_data/experiment_benchmark/oa_mae_revision/splits/fewshot_ids_fold_Douala_K50_s4.txt,650,0c48be8b4776ec79fa0b103c54dac55b8451cb42790929ccd4aa523deaa8a3f7,.txt,reference_data
reference_data/experiment_benchmark/oa_mae_revision/splits/fewshot_ids_fold_Douala_K50_s5.txt,650,16fe15c26c6c0cba1b9da319ae5a2a199237adac1cd697dbfce6167e56e3247b,.txt,reference_data
reference_data/experiment_benchmark/oa_mae_revision/splits/fewshot_ids_fold_Douala_K50_s6.txt,650,0abd2157665d23db1d5e8fe31a9e89827df011ecce7bdcf860dc10ab8faf8d59,.txt,reference_data
reference_data/experiment_benchmark/oa_mae_revision/splits/fewshot_ids_fold_Douala_K50_s7.txt,650,34d0d280fa1da08d2e9870f90d488dd8c3532039951366cbe3d46bb8e20879c1,.txt,reference_data
reference_data/experiment_benchmark/oa_mae_revision/splits/fewshot_ids_fold_Douala_K50_s8.txt,650,672099141c7ce9f6cc5352e7370eadd8e1ee72754e30c39427c7de71f0b810e3,.txt,reference_data
reference_data/experiment_benchmark/oa_mae_revision/splits/fewshot_ids_fold_Douala_K50_s9.txt,650,713fec87636162776d42cffbb0ccbed463d60750a1faa7f205718bfd52f7c903,.txt,reference_data
reference_data/experiment_benchmark/oa_mae_revision/splits/fewshot_ids_fold_Garoua_K10_s1.txt,130,71d700b2a6135aad232df7f885e0880d301186038c1670e05ac602b94f6b9c50,.txt,reference_data
reference_data/experiment_benchmark/oa_mae_revision/splits/fewshot_ids_fold_Garoua_K10_s10.txt,130,b00ad3abe5fba0e2679ffe1af075a899fdd716b9ee21864475a0179f7e339822,.txt,reference_data
reference_data/experiment_benchmark/oa_mae_revision/splits/fewshot_ids_fold_Garoua_K10_s2.txt,130,b107a5284dd78ad23374578f9d9e8100877cabba0d391f842908aff135e3cb35,.txt,reference_data
reference_data/experiment_benchmark/oa_mae_revision/splits/fewshot_ids_fold_Garoua_K10_s3.txt,130,6a2ac11e3e4846c8856cfd93df85c3286b3bdaf7ef485968404811bbd9e2f23d,.txt,reference_data
reference_data/experiment_benchmark/oa_mae_revision/splits/fewshot_ids_fold_Garoua_K10_s4.txt,130,ba87aec4a1585c09cf26456386ef0b48093b9adb4cfd7ba05f595924aa02f620,.txt,reference_data
reference_data/experiment_benchmark/oa_mae_revision/splits/fewshot_ids_fold_Garoua_K10_s5.txt,130,b9ba5aabb19c686444bac59eaaed864bc27cb3b1e6c8238ef0345557adaf9342,.txt,reference_data
reference_data/experiment_benchmark/oa_mae_revision/splits/fewshot_ids_fold_Garoua_K10_s6.txt,130,22bfa8404e590b3a4d3cceda6947242adbcef9debc89857b995b596e52b8c7ed,.txt,reference_data
reference_data/experiment_benchmark/oa_mae_revision/splits/fewshot_ids_fold_Garoua_K10_s7.txt,130,45b12b969e689ff8f6115d6b849fdfe9d47e49fe73099b687d651c45a3555de3,.txt,reference_data
reference_data/experiment_benchmark/oa_mae_revision/splits/fewshot_ids_fold_Garoua_K10_s8.txt,130,30b112afc7e7f17091df247024daca4d8673d876eb9cc5dd2411293a36069794,.txt,reference_data
reference_data/experiment_benchmark/oa_mae_revision/splits/fewshot_ids_fold_Garoua_K10_s9.txt,130,403e9fa0fa37e3daaba4d16e4b40fd53519bffd974e158aaff85bb6a6bb01c87,.txt,reference_data
reference_data/experiment_benchmark/oa_mae_revision/splits/fewshot_ids_fold_Garoua_K25_s1.txt,325,a071af204f27db2e0023fc0fa753186ff01b6912c4ec69a1138021b7fffe2206,.txt,reference_data
reference_data/experiment_benchmark/oa_mae_revision/splits/fewshot_ids_fold_Garoua_K25_s10.txt,325,2752a7fbcba76eff0e487221f1edfffd7b14512c33cd9e7b750505ef0387d88a,.txt,reference_data
reference_data/experiment_benchmark/oa_mae_revision/splits/fewshot_ids_fold_Garoua_K25_s2.txt,325,ef61708512fd372d0ca51b1de3d736205d74af1ed53182005627a1ebf00f0de4,.txt,reference_data
reference_data/experiment_benchmark/oa_mae_revision/splits/fewshot_ids_fold_Garoua_K25_s3.txt,325,81e8fd4975c4a937a32c9a13c9d2e058667b3d7e5d3e082e876615627501e175,.txt,reference_data
reference_data/experiment_benchmark/oa_mae_revision/splits/fewshot_ids_fold_Garoua_K25_s4.txt,325,897a53bca9a1ab56546fe4b58f586db3481794a2e34d2f58fc3a19937598ff7f,.txt,reference_data
reference_data/experiment_benchmark/oa_mae_revision/splits/fewshot_ids_fold_Garoua_K25_s5.txt,325,5bcec738c2c7ea785954a81a5ddb1f93cece8770d34003c57e23217e81cac8b5,.txt,reference_data
reference_data/experiment_benchmark/oa_mae_revision/splits/fewshot_ids_fold_Garoua_K25_s6.txt,325,95b46f8abc6110932b2dad451222338f72db6fc4faf31adf4e6036a072b4cc0b,.txt,reference_data
reference_data/experiment_benchmark/oa_mae_revision/splits/fewshot_ids_fold_Garoua_K25_s7.txt,325,5cee2e88124f74ecb9b73d693338b622b5375d255caa26a477d89a001d504fd0,.txt,reference_data
reference_data/experiment_benchmark/oa_mae_revision/splits/fewshot_ids_fold_Garoua_K25_s8.txt,325,cda9a1038c80f0ed386b4c281bae4586d8fafcc44306af6be97e57f555a2dbd2,.txt,reference_data
reference_data/experiment_benchmark/oa_mae_revision/splits/fewshot_ids_fold_Garoua_K25_s9.txt,325,da3a8d6effee9003866e468d7550d0a676cc28dfdb02981091c2eb189a742e8e,.txt,reference_data
reference_data/experiment_benchmark/oa_mae_revision/splits/fewshot_ids_fold_Garoua_K50_s1.txt,650,6f9f562b686f33a8801c31f2a6689ff0d4b0613ee89ee05f60972e3588af157a,.txt,reference_data
reference_data/experiment_benchmark/oa_mae_revision/splits/fewshot_ids_fold_Garoua_K50_s10.txt,650,b6b11466257c1498e528cd84c305cfdc04c4901bc8e5d8e965acef4afb59ba99,.txt,reference_data
reference_data/experiment_benchmark/oa_mae_revision/splits/fewshot_ids_fold_Garoua_K50_s2.txt,650,ef061f5099f97143cf22603ea2c3161cd09aa273f8c54fbfc49b767d8937ea9c,.txt,reference_data
reference_data/experiment_benchmark/oa_mae_revision/splits/fewshot_ids_fold_Garoua_K50_s3.txt,650,8993bfd9842428e2a6b38568fa3f89f8010f013cbe44a60a669d75138dc13be9,.txt,reference_data
reference_data/experiment_benchmark/oa_mae_revision/splits/fewshot_ids_fold_Garoua_K50_s4.txt,650,9b395ef3c71a497abad2ba0134084e9045c0fc04b24ee767d3d144b8962bb607,.txt,reference_data
reference_data/experiment_benchmark/oa_mae_revision/splits/fewshot_ids_fold_Garoua_K50_s5.txt,650,1a509f3b829b84103f978cf5916527091ab8719135cf302504e2dc48774152a5,.txt,reference_data
reference_data/experiment_benchmark/oa_mae_revision/splits/fewshot_ids_fold_Garoua_K50_s6.txt,650,aa157a0f2f6315141ca8ffdeabc0ab0899aeeaa2132add5c37bec8ba1f0fbf3e,.txt,reference_data
reference_data/experiment_benchmark/oa_mae_revision/splits/fewshot_ids_fold_Garoua_K50_s7.txt,650,548f8f43032d105336a9b97531cc2a69018dfb2a8c7c27f5c64fab7f0c94008a,.txt,reference_data
reference_data/experiment_benchmark/oa_mae_revision/splits/fewshot_ids_fold_Garoua_K50_s8.txt,650,cc17818ebe27ba798fb68ecdc21513884ca3af1ec65e5dbbde02804588ed87d6,.txt,reference_data
reference_data/experiment_benchmark/oa_mae_revision/splits/fewshot_ids_fold_Garoua_K50_s9.txt,650,39f5546c200ec94c2de94678670b5ed699b3dbad8f210a4fd715cde9fe933d26,.txt,reference_data
reference_data/experiment_benchmark/oa_mae_revision/splits/fewshot_ids_fold_Kigali_K10_s1.txt,130,4b90cd417bc62d83da4f45d8599b7c794a4ad0dc95f683fa5a42e1abf0abdc99,.txt,reference_data
reference_data/experiment_benchmark/oa_mae_revision/splits/fewshot_ids_fold_Kigali_K10_s10.txt,130,b5aeec89c853cda879872e4f2d9a744c9d9c296f76acd904569cac1f41f0eadf,.txt,reference_data
reference_data/experiment_benchmark/oa_mae_revision/splits/fewshot_ids_fold_Kigali_K10_s2.txt,130,8b7db1f1eafd7bc2313d09e3cbae2e07a11b5317862253bbcdf5542a35865e9d,.txt,reference_data
reference_data/experiment_benchmark/oa_mae_revision/splits/fewshot_ids_fold_Kigali_K10_s3.txt,130,bce21f901ae40e25e0d619dc50a2dd4f24aea1549f1b49a72e10fd8a69fda818,.txt,reference_data
reference_data/experiment_benchmark/oa_mae_revision/splits/fewshot_ids_fold_Kigali_K10_s4.txt,130,11ee3a913782f1c216548abd119bea621a725fbc37ed871a62a2c6a38fc1d43e,.txt,reference_data
reference_data/experiment_benchmark/oa_mae_revision/splits/fewshot_ids_fold_Kigali_K10_s5.txt,130,642dff0d06f182e0bd97e3763817db282c71c00f90a39d13344dd271c35f13d3,.txt,reference_data
reference_data/experiment_benchmark/oa_mae_revision/splits/fewshot_ids_fold_Kigali_K10_s6.txt,130,a5a120558b56a4a31346afdd7ce2bdf90e5c33d188fe8a79fe60da9d0e497df3,.txt,reference_data
reference_data/experiment_benchmark/oa_mae_revision/splits/fewshot_ids_fold_Kigali_K10_s7.txt,130,799d5ee41765d1828cb092ed28b0ec0f5921a006f2a8f0c0881ad29109222e21,.txt,reference_data
reference_data/experiment_benchmark/oa_mae_revision/splits/fewshot_ids_fold_Kigali_K10_s8.txt,130,db908693ab77941c9ab1804bd42eca0e07c061ef980150afdade04b0feb83e57,.txt,reference_data
reference_data/experiment_benchmark/oa_mae_revision/splits/fewshot_ids_fold_Kigali_K10_s9.txt,130,3e9419b01e7ef8dbc75cfe6d069b7baf60cc14213af03536b94dc67a529c7dfa,.txt,reference_data
reference_data/experiment_benchmark/oa_mae_revision/splits/fewshot_ids_fold_Kigali_K25_s1.txt,325,a6840cb157451d9681b0b942a3e064e6be3d104e58193c6413423801e2e0f526,.txt,reference_data
reference_data/experiment_benchmark/oa_mae_revision/splits/fewshot_ids_fold_Kigali_K25_s10.txt,325,33e23d7f2adc0fa0eea2d5d93af92aed79938d9b3e34c66d90f20bc3e5306fb6,.txt,reference_data
reference_data/experiment_benchmark/oa_mae_revision/splits/fewshot_ids_fold_Kigali_K25_s2.txt,325,9a06a5e60ecebe8f93bace12e811fe21ed3a5a7889d4da8476b0ad36dcc98448,.txt,reference_data
reference_data/experiment_benchmark/oa_mae_revision/splits/fewshot_ids_fold_Kigali_K25_s3.txt,325,940f6d3eb8b3454121b973321b87e061428a417bdefcb4ac68cb12c41ae3677c,.txt,reference_data
reference_data/experiment_benchmark/oa_mae_revision/splits/fewshot_ids_fold_Kigali_K25_s4.txt,325,d4a6a2471195ebaacb7909a83d6ca129871686d549100875a3733d01ccd13cfa,.txt,reference_data
reference_data/experiment_benchmark/oa_mae_revision/splits/fewshot_ids_fold_Kigali_K25_s5.txt,325,a859f516adc92a67f02b4acbd3c2d5d23615f1b28f8f8276aa9503d81ef5f89b,.txt,reference_data
reference_data/experiment_benchmark/oa_mae_revision/splits/fewshot_ids_fold_Kigali_K25_s6.txt,325,1f11e76890e7ea5e61c6f6a16e359640a91c8abee3ff5b5d4f89f6f36c1d23f2,.txt,reference_data
reference_data/experiment_benchmark/oa_mae_revision/splits/fewshot_ids_fold_Kigali_K25_s7.txt,325,8110997ee42c7578f34565b76307ddda7784cd324e0f5b41ec4aa46c77963393,.txt,reference_data
reference_data/experiment_benchmark/oa_mae_revision/splits/fewshot_ids_fold_Kigali_K25_s8.txt,325,86888a61068bfe8e4985005599e6ab674222f3e9d11f7559316be7f4ecad2b91,.txt,reference_data
reference_data/experiment_benchmark/oa_mae_revision/splits/fewshot_ids_fold_Kigali_K25_s9.txt,325,96293e72cb519470a29fe352108c20b02f35a076758e2c0431e3fd1abb404ac5,.txt,reference_data
reference_data/experiment_benchmark/oa_mae_revision/splits/fewshot_ids_fold_Kigali_K50_s1.txt,650,75707f29d42df69b8c46e61c964e24990e8b4671c5fca8edda2241051dbac705,.txt,reference_data
reference_data/experiment_benchmark/oa_mae_revision/splits/fewshot_ids_fold_Kigali_K50_s10.txt,650,a5aff0e9d5984750e905bc0737cd485dab603fd34af3d0317be8216b495edbf0,.txt,reference_data
reference_data/experiment_benchmark/oa_mae_revision/splits/fewshot_ids_fold_Kigali_K50_s2.txt,650,649a4473402d54cd6ab4b4c6e33e7e4c1c41fab4cacff74c0fa6bccf6dd852de,.txt,reference_data
reference_data/experiment_benchmark/oa_mae_revision/splits/fewshot_ids_fold_Kigali_K50_s3.txt,650,d3cfebb1fd79ca92670c951529a719bcf141c64058c6ab63638bc7989b1cff5b,.txt,reference_data
reference_data/experiment_benchmark/oa_mae_revision/splits/fewshot_ids_fold_Kigali_K50_s4.txt,650,e784e44559475f76db94389e51dac26b774f44c64459768cb5d2777b9ca37c29,.txt,reference_data
reference_data/experiment_benchmark/oa_mae_revision/splits/fewshot_ids_fold_Kigali_K50_s5.txt,650,cb75acec9fe2a904d61aed2aabecd0551ed1bf2849fe8c9a2a2ab6d804fd97a3,.txt,reference_data
reference_data/experiment_benchmark/oa_mae_revision/splits/fewshot_ids_fold_Kigali_K50_s6.txt,650,2a4fee84d68b0eba526771c8990439604dcea9b205925c47163547f3760d936e,.txt,reference_data
reference_data/experiment_benchmark/oa_mae_revision/splits/fewshot_ids_fold_Kigali_K50_s7.txt,650,8bf86415c8bba2ded6ba6bca68f2bd150a5a917a2a302a80520f6afbefd09462,.txt,reference_data
reference_data/experiment_benchmark/oa_mae_revision/splits/fewshot_ids_fold_Kigali_K50_s8.txt,650,770a405e89b84e0c06afc6343828f83105d6494c00b6894d3949bee5d4c14f44,.txt,reference_data
reference_data/experiment_benchmark/oa_mae_revision/splits/fewshot_ids_fold_Kigali_K50_s9.txt,650,a32a9080d00f98961b795814122c3c286ea93f20558f2a1e7b03c5e38a70c68c,.txt,reference_data
reference_data/experiment_benchmark/oa_mae_revision/splits/fewshot_ids_fold_Yaounde_K10_s1.txt,130,ad64665433fa50239ca5c25178c4dcc33a03e43facc196b09dbe938142a1675c,.txt,reference_data
reference_data/experiment_benchmark/oa_mae_revision/splits/fewshot_ids_fold_Yaounde_K10_s10.txt,130,bbce58a5caaf90b5693d4e2abf384c0ac9aae43c6c69ef7b5d797f1766555848,.txt,reference_data
reference_data/experiment_benchmark/oa_mae_revision/splits/fewshot_ids_fold_Yaounde_K10_s2.txt,130,cbe644c6d14e9681f58010f05f3c2a9f2a99b24ef0db26875a8cdd2ac54dced6,.txt,reference_data
reference_data/experiment_benchmark/oa_mae_revision/splits/fewshot_ids_fold_Yaounde_K10_s3.txt,130,0211659e0ee85b216a77752eb553895909cd8e146bac8abc5a867876c134cb27,.txt,reference_data
reference_data/experiment_benchmark/oa_mae_revision/splits/fewshot_ids_fold_Yaounde_K10_s4.txt,130,6510958704334b90b0513a0edf0aa843a9a4c02b7346ccc454c1c776fb2477e9,.txt,reference_data
reference_data/experiment_benchmark/oa_mae_revision/splits/fewshot_ids_fold_Yaounde_K10_s5.txt,130,8055f9abd2df4541b2ec1ee0cfc00f3eb26f115329e18defc7d60227521f6e5c,.txt,reference_data
reference_data/experiment_benchmark/oa_mae_revision/splits/fewshot_ids_fold_Yaounde_K10_s6.txt,130,06316f466bc486b8016ba8c56b8e87838f858d4ea0585e7857d9ae6af71deb65,.txt,reference_data
reference_data/experiment_benchmark/oa_mae_revision/splits/fewshot_ids_fold_Yaounde_K10_s7.txt,130,13dd8760c974184a3667f770959348148aeaf8751dd5879e5c3b5149b6aca951,.txt,reference_data
reference_data/experiment_benchmark/oa_mae_revision/splits/fewshot_ids_fold_Yaounde_K10_s8.txt,130,3c47161e0eda671eb18afd255eba341625b76377cbcdb43d4e0bc44d9a7faea2,.txt,reference_data
reference_data/experiment_benchmark/oa_mae_revision/splits/fewshot_ids_fold_Yaounde_K10_s9.txt,130,fc6408eab5109cd2216362f2b9b055ad53b6ce3035a6c5c9b99aa5209fb28cff,.txt,reference_data
reference_data/experiment_benchmark/oa_mae_revision/splits/fewshot_ids_fold_Yaounde_K25_s1.txt,325,62124b41e79377d79f33171aa189ba95bd7573c1b39e5ed4d9f4ad78b2fb21d3,.txt,reference_data
reference_data/experiment_benchmark/oa_mae_revision/splits/fewshot_ids_fold_Yaounde_K25_s10.txt,325,6cd3b0025c3349fb88b111c14b01324dc34b5d454371f139bb98fdafd3698299,.txt,reference_data
reference_data/experiment_benchmark/oa_mae_revision/splits/fewshot_ids_fold_Yaounde_K25_s2.txt,325,7fa6ca1e168de09aea055b1f8a2c53f038cf5407f3ad1aa1ce51c545b8f5b8cd,.txt,reference_data
reference_data/experiment_benchmark/oa_mae_revision/splits/fewshot_ids_fold_Yaounde_K25_s3.txt,325,770ae3c2ba2ae2ef71b1fad9dac1450d82fc150b03a0223a6066d1d7360d9d8b,.txt,reference_data
reference_data/experiment_benchmark/oa_mae_revision/splits/fewshot_ids_fold_Yaounde_K25_s4.txt,325,baab1cc095557573b9bd70b36fff0bf8f17ab2839138f6a09857b8dedf192046,.txt,reference_data
reference_data/experiment_benchmark/oa_mae_revision/splits/fewshot_ids_fold_Yaounde_K25_s5.txt,325,acc90b71cd7741499b1abcc22f9eb7fc2dced4444d74877f5d429b3e9e06466c,.txt,reference_data
reference_data/experiment_benchmark/oa_mae_revision/splits/fewshot_ids_fold_Yaounde_K25_s6.txt,325,bc559f2a26ed0e16a40210456f3bbf8fa8442a73d5bddf80713a2dcf2f9e3665,.txt,reference_data
reference_data/experiment_benchmark/oa_mae_revision/splits/fewshot_ids_fold_Yaounde_K25_s7.txt,325,24fac4bd7997e34af8c2a67bd602d008ad9664646098b94471920511acb3bfb4,.txt,reference_data
reference_data/experiment_benchmark/oa_mae_revision/splits/fewshot_ids_fold_Yaounde_K25_s8.txt,325,4003b8af0a35b02f8cbf81bab3a81d9a59566ce9ab78731c99a60b7bd74a5ee0,.txt,reference_data
reference_data/experiment_benchmark/oa_mae_revision/splits/fewshot_ids_fold_Yaounde_K25_s9.txt,325,1358e472ba0bbfb5e5e29ff1295eae0d41722765bde0b28bc5c128c097cb45b8,.txt,reference_data
reference_data/experiment_benchmark/oa_mae_revision/splits/fewshot_ids_fold_Yaounde_K50_s1.txt,650,7ec0668e66ecb229016fb506a7af05d80ea8bab0f2be55ffc73158892e81b2a8,.txt,reference_data
reference_data/experiment_benchmark/oa_mae_revision/splits/fewshot_ids_fold_Yaounde_K50_s10.txt,650,9e30d8f1495f568fc2d256af0aefa2bce3ca7dfd62d7094b65df945bdc783518,.txt,reference_data
reference_data/experiment_benchmark/oa_mae_revision/splits/fewshot_ids_fold_Yaounde_K50_s2.txt,650,f2f994ffe16d8c8ad0932ea13f4e404965c4607785f98b3b5580b7e6d6a65135,.txt,reference_data
reference_data/experiment_benchmark/oa_mae_revision/splits/fewshot_ids_fold_Yaounde_K50_s3.txt,650,85ff2a9f97a4afc8a3387434cac2ee6cefff0296e01ad43deacc88a6e6fb93e8,.txt,reference_data
reference_data/experiment_benchmark/oa_mae_revision/splits/fewshot_ids_fold_Yaounde_K50_s4.txt,650,34f63ba6cb324bca0dacbbe4dff3dd46aa90b40021d1b98641baf6ba392c1d21,.txt,reference_data
reference_data/experiment_benchmark/oa_mae_revision/splits/fewshot_ids_fold_Yaounde_K50_s5.txt,650,2d4f3ebd06b9bc426cbca183f6a6babe6b713b7017aaa921dfef8afcf5c6fc47,.txt,reference_data
reference_data/experiment_benchmark/oa_mae_revision/splits/fewshot_ids_fold_Yaounde_K50_s6.txt,650,48a0c59920b57455e262ee52a14c1a55009d308ea322da7e750df1c44e57fd51,.txt,reference_data
reference_data/experiment_benchmark/oa_mae_revision/splits/fewshot_ids_fold_Yaounde_K50_s7.txt,650,ee116cbe9707f2bf9c036b6ee251f6345b8cc508e0b22c03d0d1fad6de3489ff,.txt,reference_data
reference_data/experiment_benchmark/oa_mae_revision/splits/fewshot_ids_fold_Yaounde_K50_s8.txt,650,f2d913d477a37f7364a5b9249c751b6e9151274ed8ad770026de1f457266bbe0,.txt,reference_data
reference_data/experiment_benchmark/oa_mae_revision/splits/fewshot_ids_fold_Yaounde_K50_s9.txt,650,17936b1fad39d28421cd2953a2ce965bab6d3174111579c7efdc7c44ce0d55ec,.txt,reference_data
reference_data/experiment_benchmark/oa_mae_revision/splits/fewshot_manifest.csv,1016750,76d6609f252e892b782d0d2ee9d363192cd76bc2769807fe73728faa8d982824,.csv,reference_data
reference_data/experiment_benchmark/oa_mae_revision/splits/leakage_report.json,1464,6d355b4c005c1fabc244f9de83b5ee8a9a3593cd552bb3755351b59ee68b2cda,.json,reference_data
reference_data/experiment_benchmark/oa_mae_revision/splits/loco_folds.csv,1924,13cb3831ce925ec4d4daceb4522738d0270c4ca30a51e8122d8e058b92e266df,.csv,reference_data
reference_data/experiment_benchmark/oa_mae_revision/splits/pretraining_ids_fold_Dakar.txt,1950,8a4788884bb5433e490b0ab592022f3471785a130a43ec106f2890d2ec0a8da0,.txt,reference_data
reference_data/experiment_benchmark/oa_mae_revision/splits/pretraining_ids_fold_DarEsSalaam.txt,1950,efe77106903f7ee1376e7cf0f1983f43b6e8a869e2b8a62447b2bc3c7074cdab,.txt,reference_data
reference_data/experiment_benchmark/oa_mae_revision/splits/pretraining_ids_fold_Douala.txt,1950,73e62e485b68e974b26b45a410b4ec061a8c3c9c74924c67a99bf692759a73bb,.txt,reference_data
reference_data/experiment_benchmark/oa_mae_revision/splits/pretraining_ids_fold_Garoua.txt,1950,e9acbdfd37c74d50ea44c43c82321ead39bb468d1b9ed1acf6f14ad16dbb1160,.txt,reference_data
reference_data/experiment_benchmark/oa_mae_revision/splits/pretraining_ids_fold_Kigali.txt,1950,4090432eb9e39e5e3ca4dac096b241f3c3e379d4e3e47b0c630fe9e7785c0585,.txt,reference_data
reference_data/experiment_benchmark/oa_mae_revision/splits/pretraining_ids_fold_Yaounde.txt,1950,f6a8034a2a4f440377cd4ec31c84c4d203157d4455d66c449db416df70f13c91,.txt,reference_data
reference_data/experiment_benchmark/oa_mae_revision/splits/seed_registry.csv,167723,81cdcd2a8a04e083cad78c5f0909ace1f5377d0a14334586dc025d5833321c88,.csv,reference_data
reference_data/experiment_benchmark/oa_mae_revision/splits/seeds.txt,78,cd81f31a9b02b604dc6bb8962538b751c3637834e97a5abbda1b83dff88fa64d,.txt,reference_data
reference_data/experiment_benchmark/oa_mae_revision/splits/test_ids_fold_Dakar.txt,156,885520fcf0a594e964f90b03f77d42a10a3c95db68a27ffba848771955ef2200,.txt,reference_data
reference_data/experiment_benchmark/oa_mae_revision/splits/test_ids_fold_DarEsSalaam.txt,156,70245a3b835b756f2956c49cfec8ba9c79d4b1743182df7a76688d92a69d0c61,.txt,reference_data
reference_data/experiment_benchmark/oa_mae_revision/splits/test_ids_fold_Douala.txt,156,8e32022273dee8ee7a99fbe17adbe18a57f311a44eabf5f925354554835cfcbd,.txt,reference_data
reference_data/experiment_benchmark/oa_mae_revision/splits/test_ids_fold_Garoua.txt,156,bf43c39690625c8eb2d6f960dc603a4288a6cb3ae2c7e2176d81da389513ce20,.txt,reference_data
reference_data/experiment_benchmark/oa_mae_revision/splits/test_ids_fold_Kigali.txt,156,9328a0df9d97cb95f9eb075263329b5f0e031180bf85f2fa96b95b4df3c63d0a,.txt,reference_data
reference_data/experiment_benchmark/oa_mae_revision/splits/test_ids_fold_Yaounde.txt,156,3f903961f0133a8722364f33d25f4db49df4e0df07c39521e301dcce118572a3,.txt,reference_data
reference_data/experiment_benchmark/oa_mae_revision/splits/train_ids_fold_Dakar.txt,650,6b0f828cc0b72b2ce7313df76ed4e9c8aecfcf2bc68a25808c8edaf39807b04b,.txt,reference_data
reference_data/experiment_benchmark/oa_mae_revision/splits/train_ids_fold_DarEsSalaam.txt,650,e380068d8741d9968709537f3c2a6db4a98eea714fa2194702841fd2b80bed96,.txt,reference_data
reference_data/experiment_benchmark/oa_mae_revision/splits/train_ids_fold_Douala.txt,650,69049c25273b4f8b93243f20d172824b61f20d09bc3a2a0e470f9003aad8099a,.txt,reference_data
reference_data/experiment_benchmark/oa_mae_revision/splits/train_ids_fold_Garoua.txt,650,e23002c97fb635a1acb685eefdb5426220405057cd0a6d3d432b9f15b7f66e4d,.txt,reference_data
reference_data/experiment_benchmark/oa_mae_revision/splits/train_ids_fold_Kigali.txt,650,edd229861365c06cedbc880975c6bf5ddd989e0c21eb711ee1ebc4a5eb5e0028,.txt,reference_data
reference_data/experiment_benchmark/oa_mae_revision/splits/train_ids_fold_Yaounde.txt,650,0ee90ad2cd2096b6401daa87864ed37d7d60649f8a683dcba147cf228af065a4,.txt,reference_data
reference_data/experiment_benchmark/oa_mae_revision/splits/validation_ids_fold_Dakar.txt,104,d764d9324d54193aad877e52f71f1e0b8fc77d0336310511ef98cb045cf262b4,.txt,reference_data
reference_data/experiment_benchmark/oa_mae_revision/splits/validation_ids_fold_DarEsSalaam.txt,104,168cf51a049a27b04dc234d4ae88760f22ff4070eb15e02266e5f7162a4ef86a,.txt,reference_data
reference_data/experiment_benchmark/oa_mae_revision/splits/validation_ids_fold_Douala.txt,104,2b27a72ab3a7d4eef9228674d1b5631f71b1956590b1780bf5471ced20e542c8,.txt,reference_data
reference_data/experiment_benchmark/oa_mae_revision/splits/validation_ids_fold_Garoua.txt,104,438831df4445d2a42011536aa2a3f0d52bba8921a9048af226dd99edbdaa851e,.txt,reference_data
reference_data/experiment_benchmark/oa_mae_revision/splits/validation_ids_fold_Kigali.txt,104,64890d57a0f3c258e2dd6edbda5854563fbaa8a183fb3a5ca580a856de18d736,.txt,reference_data
reference_data/experiment_benchmark/oa_mae_revision/splits/validation_ids_fold_Yaounde.txt,104,8babd6dd27c3aab6b893631cdf89fcfcf2777c804531d8fce1ad2eca96146d55,.txt,reference_data
reference_data/experiment_benchmark/results/ablation_deltas.json,6621,58f63575a6655bcb1604e29406c59cc6165e52d367b3447d04bf30c1b64a2768,.json,reference_data
reference_data/experiment_benchmark/results/ablation_summary.csv,1693,8ab719f71000b05eda9d8d8158c6dd3d9dff26f39f12a444f9e84282fc9e2527,.csv,reference_data
reference_data/experiment_benchmark/results/benchmark_ablation_runs.csv,17204,2e1e17aa0cbceee80476a8e6b274fba2a9e1ce5b1eae50019d771bb59fbaed36,.csv,reference_data
reference_data/experiment_benchmark/results/benchmark_ablation_runs_main.csv,1561,852c1d3885d2cef1e0d6a79722d44bd1f4d2efa902fe461db4c2838c411bf989,.csv,reference_data
reference_data/experiment_benchmark/results/benchmark_abstention_risk.csv,614,7391e70b12239d1c555cc4e3bb2dd9ac0482e05c7caf75a42b1c8e7ca41e1152,.csv,reference_data
reference_data/experiment_benchmark/results/benchmark_cloud_mask_sensitivity.csv,227,d20b70b6d49c54d4ecc04ca1c6401e0cbf50ee5cded2fde53849f025393dc9b6,.csv,reference_data
reference_data/experiment_benchmark/results/benchmark_cloud_stratified.csv,329,cdedcbf93af037b13c276a1e220531f9fc7c2b78a74a7ce6c9363e24f2f7d06c,.csv,reference_data
reference_data/experiment_benchmark/results/benchmark_compute.csv,945,1e2580cb85f1b73d5b6f7ba58437439f32c1ab3d837596401ee3e1a7995ecfb7,.csv,reference_data
reference_data/experiment_benchmark/results/benchmark_gold_subset_predictions.csv,17888,8cc759e1df9219b7b057efe60377929da81df0d1e8557289477bb24863f7f94a,.csv,reference_data
reference_data/experiment_benchmark/results/benchmark_inventory.csv,29382,3a0cbaf460f2f13ec4dbe6d1c984981caac189f2bc972aef084fc81fe4e58b9c,.csv,reference_data
reference_data/experiment_benchmark/results/benchmark_label_noise.csv,11943,a313464045a897e045ed391d002b63823f2696d42f8c3c6e66aeff3ad84bc988,.csv,reference_data
reference_data/experiment_benchmark/results/benchmark_main_runs.csv,57053,e2aeada3ea1019a491fea2122d54240df89840d5bf5d06e23f0e3061da26291a,.csv,reference_data
reference_data/experiment_benchmark/results/benchmark_main_summary.csv,1936,0e1ffe9c69f7dd9398832439209e1c343520d556598f4cedd4f78c204332c95e,.csv,reference_data
reference_data/experiment_benchmark/results/benchmark_prediction_slice_metrics.csv,52911,41dad993df2de2428cb41f287062afcff1a65f23298427b04bfca7684a004ca0,.csv,reference_data
reference_data/experiment_benchmark/results/benchmark_prediction_slice_summary.csv,2199,22d27e3aef26b9cbfd3cd2ee7e86ca7806b4ae5575bfaec409ebfbd83a563040,.csv,reference_data
reference_data/experiment_benchmark/results/benchmark_primary_comparison.json,421,722ebefad2ad116d3043c29171295541ea239818060fb5f66496c4f6fa419e47,.json,reference_data
reference_data/experiment_benchmark/results/benchmark_proposal_audit.csv,416,3b373ec9f6607335b5857e27eb66c5cdb71923deb4bcd9a39644ccd03c5990ec,.csv,reference_data
reference_data/experiment_benchmark/results/benchmark_qualitative_case_metrics.csv,837,bf5c15bf6a1082d448648f22af9230353ab7a6c8e145496a8a4e27c16c0054ce,.csv,reference_data
reference_data/experiment_benchmark/results/benchmark_runs.csv,19115,274e77aa9f8b21c1bf12a4fd63cc12d3e7264dd4b2806ec80658024ede9e30c3,.csv,reference_data
reference_data/experiment_benchmark/results/benchmark_runs_cloud.csv,13719,9ba35271f4c60923588c32153ab7e615338535431b9123002bdc500c4ff47cc2,.csv,reference_data
reference_data/experiment_benchmark/results/benchmark_summary.json,3212,a2a3ffb633ca0347d8c454079869115b5ebf361b90fe1ddb1e47ef0283e7a62b,.json,reference_data
reference_data/experiment_benchmark/results/benchmark_target_window.csv,294,12a9fdd609999759a4392f1ad1bc86e160f09bf929e68b42b9dc66457019e2a1,.csv,reference_data
reference_data/experiment_benchmark/results/benchmark_values_consolidated.csv,6426,efb241e31351d59a6424e2df023bf81592169c31c6a41ab6bab3fd46ac6cafa8,.csv,reference_data
reference_data/experiment_benchmark/results/compute.csv,530,d5b934713f11d973357656e3f92179ac181e643cfda2b1fb48c9ac1428e16f7e,.csv,reference_data
reference_data/experiment_benchmark/results/compute_env.json,366,50d36bd2f2793ade543e29f719f5a845a728b00cd52b40bd89179215ef308292,.json,reference_data
reference_data/experiment_benchmark/results/data_consistency_validation.json,840,7163e1841e661580a5c5fb88431b92a6a58e8a94f5dabc1718c5e994ee423746,.json,reference_data
reference_data/experiment_benchmark/results/fewshot_manifest.csv,154625,729127f0a0c242d23838225c3823769fd5adcb13f0b5d8649c3d3e3a63dd14cf,.csv,reference_data
reference_data/experiment_benchmark/results/gold_subset_delta.json,129,f853803d91a559168e93a623774b5ea7da2ab5fa47f18a35958f0ab26d302781,.json,reference_data
reference_data/experiment_benchmark/results/main_cloud_stratified.csv,94,36605cede8546e1c54aa54b8530c905c73c62fda5d03fe649a0b196e6cdab725,.csv,reference_data
reference_data/experiment_benchmark/results/main_primary_comparison.json,364,7b3d87400ea4f77b6b4bc8ba82aab750a3f68d323adf661ef5f48f722c903a41,.json,reference_data
reference_data/experiment_benchmark/results/main_summary.csv,421,b6c8f93c8c274065e0a995b5dbf221cb4a2d7f4c8466f63dde80929ba08b2df1,.csv,reference_data
reference_data/experiment_benchmark/results/proposal_audit.csv,405,3de146679196fa6ead7dc82a3206b161cf2ab8ebd35245d9922bd9c319dffdc9,.csv,reference_data
reference_data/experiment_benchmark/results/reference_ablation_deltas_container.json,6621,58f63575a6655bcb1604e29406c59cc6165e52d367b3447d04bf30c1b64a2768,.json,reference_data
reference_data/experiment_benchmark/results/reference_ablation_summary_container.csv,1693,8ab719f71000b05eda9d8d8158c6dd3d9dff26f39f12a444f9e84282fc9e2527,.csv,reference_data
reference_data/experiment_benchmark/results/reference_abstention_by_city_container.csv,321,86745264a56342889a42f55ea72c3ffda128a1daf6e42f1f2602e70a0240cb46,.csv,reference_data
reference_data/experiment_benchmark/results/reference_abstention_container.csv,687,5a4f8806f12c6e43eb08bbf67122f7e19b94ef57a56b2ad26fd2db985c6847fb,.csv,reference_data
reference_data/experiment_benchmark/results/reference_cloud_mask_agreement_container.csv,207,7ee3b8d6425074469a1fb6d3821922e9f8a4be8bbcb978c024e3c42ee4c28ca1,.csv,reference_data
reference_data/experiment_benchmark/results/reference_cloud_mask_by_city_container.csv,135,8c4e6c5b9ea1e1a1cfdcff3e3e5986825947656bb4f4cc78319a9f23e07b0953,.csv,reference_data
reference_data/experiment_benchmark/results/reference_cloud_mask_sensitivity_container.csv,305,accaad7276eebc89998f0b7a4150e161a7299a6be8062f8b34d70859a393c8c9,.csv,reference_data
reference_data/experiment_benchmark/results/reference_main_loco_cloud_container.csv,94,36605cede8546e1c54aa54b8530c905c73c62fda5d03fe649a0b196e6cdab725,.csv,reference_data
reference_data/experiment_benchmark/results/reference_main_loco_primary_container.json,364,7b3d87400ea4f77b6b4bc8ba82aab750a3f68d323adf661ef5f48f722c903a41,.json,reference_data
reference_data/experiment_benchmark/results/reference_main_loco_summary_container.csv,421,b6c8f93c8c274065e0a995b5dbf221cb4a2d7f4c8466f63dde80929ba08b2df1,.csv,reference_data
reference_data/experiment_benchmark/results/reference_smoke_container.csv,428,d164f224324ec45159e12b88d546b6c59d9c35b62adcf7db72618909f968c861,.csv,reference_data
reference_data/experiment_benchmark/results/reference_smoke_container_env.json,366,50d36bd2f2793ade543e29f719f5a845a728b00cd52b40bd89179215ef308292,.json,reference_data
reference_data/experiment_benchmark/results/reference_target_window_by_city_container.csv,435,67bc62d45e316428e574fdb08abd93cc3250636fadbbe98705a6995f2c86a827,.csv,reference_data
reference_data/experiment_benchmark/results/reference_target_window_by_season_container.csv,383,7db16bdeb03ddea249be3ce8c1e5585bc9f65b61bb0dd4f5aa985b568a575233,.csv,reference_data
reference_data/experiment_benchmark/results/reference_target_window_container.csv,322,c82e5052d4f5c1a6382eb38b36cc219066d256e59588ad7c2ef8b95d29ad86ad,.csv,reference_data
reference_data/experiment_benchmark/results/statistical_summary.json,154,e8ba2202024c67ec1a9a0af4781e8410a5cd4ef0dd7fe02b3f6063ea05e622ad,.json,reference_data
reference_data/manifests/ASSEMBLY_COUNTS.json,851,60ac7ad245702cdf9c236e02b6627afb9df7e7963bfb383ced1acb208447e00b,.json,reference_data
reference_data/manifests/CONTENT_INDEX.json,1962,1b8b11f966fc676bd254c7c41ef06ee31251b173b8cd8f421744adbf2466052e,.json,reference_data
reference_data/manifests/PACKAGE_MANIFEST.csv,909139,0ae64649e4612d1d864f9db76d609c81c1ab5f4b8f4d8ff24f3eda43165d9eed,.csv,reference_data
reference_data/manifests/SHA256SUMS.txt,753605,443d7595200044000b32e96d1ddf3fe1202e2ce0cc6f9540abacaaf6079ab798,.txt,reference_data
reference_data/qualitative_benchmark/figures/OA_MAE_ALL_QUALITATIVE_FIGURES.pdf,2399266,7bc015ca15e0c01e17d43d92c8ae5b0e1291904df42acac6b89bd8d9192d26f3,.pdf,reference_data
reference_data/qualitative_benchmark/figures/QF1_severe_cloud_comparison.pdf,328204,b6b92629b3360b036280a0128d243eb1ed4762be81d86d6c9dfbe0b41ffc1270,.pdf,reference_data
reference_data/qualitative_benchmark/figures/QF1_severe_cloud_comparison.png,1112441,6331650204aa5069df9bb74623e0d55800cdf378cee8bdc0d59bf332d3ba2903,.png,reference_data
reference_data/qualitative_benchmark/figures/QF2_observability_abstention_diagnostics.pdf,119510,f940c0be750b62a7999ab21fa43e7301bd706a0a2b0282af45e560d74716b550,.pdf,reference_data
reference_data/qualitative_benchmark/figures/QF2_observability_abstention_diagnostics.png,428855,4eca6995d33d5217c3ff428101f3915f457d17145ad8ea0e106ffdd6f3c439fb,.png,reference_data
reference_data/qualitative_benchmark/figures/QF3_past_only_retrieval_diagnostics.pdf,154844,5ede9bc3a51a6c72abda6c0f9f91b81849ce3caca10d0a927baed8978a102cda,.pdf,reference_data
reference_data/qualitative_benchmark/figures/QF3_past_only_retrieval_diagnostics.png,735965,09cb247ff210707fb00c2ddbe6fa720796fb83a303b69b54084d45e18cbe4d62,.png,reference_data
reference_data/qualitative_benchmark/figures/QF4_sar_optical_gate_mechanism.pdf,288949,5479a69838d3b6ca87c77014e328c5e7a7adfc7325e77892977d5e862a450266,.pdf,reference_data
reference_data/qualitative_benchmark/figures/QF4_sar_optical_gate_mechanism.png,1036379,621b75b8d32112017bd8e9f5cde9fe733a5e00819b605415fc7c15694d877854,.png,reference_data
reference_data/qualitative_benchmark/figures/QF5_proposal_annotation_audit.pdf,363529,8588028e6958566c862348d34511f08844cea9b2070be157b3b4df78d7a9ee5b,.pdf,reference_data
reference_data/qualitative_benchmark/figures/QF5_proposal_annotation_audit.png,539784,7271d44c1e01e8c8fbc582d2266db9d346104026a6387aaf82bd8cbca1df2ef8,.png,reference_data
reference_data/qualitative_benchmark/figures/QF5_proposal_annotation_audit_metrics.csv,432,c5c647e207374386567211ded32df4a0465d61e36a4b244a541ac156df977822,.csv,reference_data
reference_data/qualitative_benchmark/figures/QF6_failure_taxonomy.pdf,133591,cc9b1a194dabd3d562c962a06c61e4fbb1fd2b7045cc3a13d0bee1edeb8298c0,.pdf,reference_data
reference_data/qualitative_benchmark/figures/QF6_failure_taxonomy.png,678493,bb11dddcf54f60aa9907ff48dd4a0e4a8e9472ddf5d3e956e8f15f917ba0ee14,.png,reference_data
reference_data/qualitative_benchmark/figures/QF7_intercity_contact_sheet.pdf,995239,379f293a9c615dc316e1e9bc1daeeaba66246a4c23710e8e45e35ea0c14b382a,.pdf,reference_data
reference_data/qualitative_benchmark/figures/QF7_intercity_contact_sheet_page1.png,1228860,26166e395536c529e98448129aa36f6b148db625462834ec14760d711f939172,.png,reference_data
reference_data/qualitative_benchmark/figures/QF7_intercity_contact_sheet_page2.png,1350290,80c0f868080597204141b7d80c5ed24f3b6f45b18367ade973ff979793ad4632,.png,reference_data
reference_data/qualitative_benchmark/figures/S0_city_scene_atlas.pdf,1273009,e4d390c3744a7f681dd4619010b8d71ecdb3bbab7202dfb103625a2be8cf23e0,.pdf,reference_data
reference_data/qualitative_benchmark/figures/S0_city_scene_atlas.png,800352,4d57ded41b64ebaf955ce153682a9f17ffc8ac82e576a75c483f53e84270f5e7,.png,reference_data
reference_data/qualitative_benchmark/figures/S0_city_scene_atlas_manifest.csv,1024,7ad46065027567105cc66b1a81b2f24a072612522e996ffb40593034a90e4d35,.csv,reference_data
reference_data/qualitative_benchmark/figures/figure_manifest.csv,5673,d1b39fc84a425bea672737239dbfd41e7f067269f297267d310d96eea9c1c091,.csv,reference_data
reference_data/qualitative_benchmark/figures/figure_summary.json,4025,af7b0543e83c18f6a4c8466d8356eafac5c5d29a5e1e243ff051eabee790d9ec,.json,reference_data
reference_data/qualitative_benchmark/oa_mae_revision/data/arrays/SCN_dak_0058.npz,1055956,bdb12f352be37b4bc4a5d7bb2c4e2b64898b3ee534f6fc665fc056e05696e2a3,.npz,reference_data
reference_data/qualitative_benchmark/oa_mae_revision/data/arrays/SCN_dak_0059.npz,1076979,8d307ed7a35bf1df10c96bb98d47f9f025e00124ecc8af569b5bf282030bcd08,.npz,reference_data
reference_data/qualitative_benchmark/oa_mae_revision/data/arrays/SCN_dak_0060.npz,1058864,310ca5116f1a1911f2d7ac2875e696476e4b44ffaf9b0317df9c4145a0f53146,.npz,reference_data
reference_data/qualitative_benchmark/oa_mae_revision/data/arrays/SCN_dak_0061.npz,1057467,e344a3e905d9ea8dff585a3cb2cf522abdf7ab15d17f5487e2900885d73586f7,.npz,reference_data
reference_data/qualitative_benchmark/oa_mae_revision/data/arrays/SCN_dak_0062.npz,1065867,fedda33b8d4f296be7ab1c107aca28afed610f43e401f5387b1f79aa9bd7bf7c,.npz,reference_data
reference_data/qualitative_benchmark/oa_mae_revision/data/arrays/SCN_dak_0063.npz,1063275,c079f8c0f6e700292615fd85c8f97809397e5552488b70514b6ac532fda87d3c,.npz,reference_data
reference_data/qualitative_benchmark/oa_mae_revision/data/arrays/SCN_dak_0064.npz,1064407,10de2d0aa0de9596c9d626116510f77005dd6d31b9e10b1498497daea2c9e006,.npz,reference_data
reference_data/qualitative_benchmark/oa_mae_revision/data/arrays/SCN_dak_0065.npz,1066143,af827977164a4d6591cd7bc45272d3b3d1bdfee6fd9e5bb78452b69fd3879980,.npz,reference_data
reference_data/qualitative_benchmark/oa_mae_revision/data/arrays/SCN_dak_0066.npz,1110199,a7ad19eea37321058461b04667469f83166cd276f0fc2de3adb7e77db07453c7,.npz,reference_data
reference_data/qualitative_benchmark/oa_mae_revision/data/arrays/SCN_dak_0067.npz,1052464,45fcc55589eec4211d653fe9c9292790c9a11249939cd8036d22df835f33900f,.npz,reference_data
reference_data/qualitative_benchmark/oa_mae_revision/data/arrays/SCN_dak_0068.npz,1071993,3ee854283eae4e9ed42d6f29952560f1dfd162a472c0783bc305ced9e55640de,.npz,reference_data
reference_data/qualitative_benchmark/oa_mae_revision/data/arrays/SCN_dak_0069.npz,1054902,9557a65488174ec47ceb3249303640106c192928cb6de60921f2e29e6ce571d5,.npz,reference_data
reference_data/qualitative_benchmark/oa_mae_revision/data/arrays/SCN_dar_0058.npz,1070388,c4131f16affa9d883e9cf5ae1ceeb0f9cf768cbd488c2d9c286599f0123edc17,.npz,reference_data
reference_data/qualitative_benchmark/oa_mae_revision/data/arrays/SCN_dar_0059.npz,1079431,714dbb3e31aa3e470f7a03fa922c1a58c68c7f093d3e6104631ce6d4e466c5a0,.npz,reference_data
reference_data/qualitative_benchmark/oa_mae_revision/data/arrays/SCN_dar_0060.npz,1066756,f6ea3015f94433e877a94a94301bb8f27552963688e817c15ba96162c8d31e32,.npz,reference_data
reference_data/qualitative_benchmark/oa_mae_revision/data/arrays/SCN_dar_0061.npz,1065981,1c0c39e3e48b363de252a89b9368de37e25632a6084c6bf288ee3209181f913c,.npz,reference_data
reference_data/qualitative_benchmark/oa_mae_revision/data/arrays/SCN_dar_0062.npz,1075381,38e90acea0af02b60cfd26932c9fb89b948b7adb39fa65690fe2809fdae587e4,.npz,reference_data
reference_data/qualitative_benchmark/oa_mae_revision/data/arrays/SCN_dar_0063.npz,1067809,7cb6d9099069da8e2dc87847f6f7516927616f60d08e70b6f771d9510cf83da7,.npz,reference_data
reference_data/qualitative_benchmark/oa_mae_revision/data/arrays/SCN_dar_0064.npz,1079350,abfb390a0ebdf31eec74614d35e5f03203a71f08d485bc614909c83418f6b651,.npz,reference_data
reference_data/qualitative_benchmark/oa_mae_revision/data/arrays/SCN_dar_0065.npz,1070337,ace6ef92031bf0241b6558b3f2b1fa5fb23b94ed9660dbc32ed251cc8818c95b,.npz,reference_data
reference_data/qualitative_benchmark/oa_mae_revision/data/arrays/SCN_dar_0066.npz,1073687,81c59405a1014a00e2afb1a9d5d09406d5a88f5db6086614346c5002670926da,.npz,reference_data
reference_data/qualitative_benchmark/oa_mae_revision/data/arrays/SCN_dar_0067.npz,1079737,a49f00d3b391de16d5b6f3e685b1bdd6579c20bd4b8e1c275578a2208225e5e6,.npz,reference_data
reference_data/qualitative_benchmark/oa_mae_revision/data/arrays/SCN_dar_0068.npz,1074874,389187b6013ac66f8c2fc9c12117a55b9e42cc2747bc40428e9f28ee30ae527c,.npz,reference_data
reference_data/qualitative_benchmark/oa_mae_revision/data/arrays/SCN_dar_0069.npz,1086330,ac78a00f6aeeaefc0f4158fa992a847ecdf1ef414b716e74fb71d7d7a0a3b4e9,.npz,reference_data
reference_data/qualitative_benchmark/oa_mae_revision/data/arrays/SCN_dou_0058.npz,1076810,70eb077dea91d9e6c7fa22536395955dcdb650e920c387fa37821fa0c1fdee80,.npz,reference_data
reference_data/qualitative_benchmark/oa_mae_revision/data/arrays/SCN_dou_0059.npz,1071838,364b42ec62056932513ddc3c07325b6ebaf41b47ebef70a364332c80d2e41fbd,.npz,reference_data
reference_data/qualitative_benchmark/oa_mae_revision/data/arrays/SCN_dou_0060.npz,1064685,05f5a19d2447b56ba64663a57ec77ae4a188891c4eea19ef2849618f513851ea,.npz,reference_data
reference_data/qualitative_benchmark/oa_mae_revision/data/arrays/SCN_dou_0061.npz,1074676,3a378c0007cba2cf5d013933358216b75c63e16ed7d36c35ab78cbe1b5b3db19,.npz,reference_data
reference_data/qualitative_benchmark/oa_mae_revision/data/arrays/SCN_dou_0062.npz,1077068,166cf3a02f4b4ca6c6e5363bba4e15fcaa7372b67394dec24716cdb42e1257d6,.npz,reference_data
reference_data/qualitative_benchmark/oa_mae_revision/data/arrays/SCN_dou_0063.npz,1070091,7127d8a199a36f7a541c9d162751d0be51f52cdef41379273d39281ceb936e5b,.npz,reference_data
reference_data/qualitative_benchmark/oa_mae_revision/data/arrays/SCN_dou_0064.npz,1072066,fe9c570ab696749ae784c61a453b8598258a56613f75b419f0e5db27f39bacac,.npz,reference_data
reference_data/qualitative_benchmark/oa_mae_revision/data/arrays/SCN_dou_0065.npz,1073292,7a3b405b2356cbbd7798cc346679dc18dd284aa1b7c10d3602a221521d67e712,.npz,reference_data
reference_data/qualitative_benchmark/oa_mae_revision/data/arrays/SCN_dou_0066.npz,1069305,01f81baceb32deda45848fc73af5f2a8f4b74bb2f49bd8a653e846456e06a221,.npz,reference_data
reference_data/qualitative_benchmark/oa_mae_revision/data/arrays/SCN_dou_0067.npz,1074984,3e636fbaa55eb65915a0cfde9672d87215a9da7ff44084b954093c6d4e27e919,.npz,reference_data
reference_data/qualitative_benchmark/oa_mae_revision/data/arrays/SCN_dou_0068.npz,1091373,e3d8e2d724accec98c6f00cad290cbdbd996b3c7472028fd5fb97f86ad23bd25,.npz,reference_data
reference_data/qualitative_benchmark/oa_mae_revision/data/arrays/SCN_dou_0069.npz,1064139,2947ef6c67145a1a238589a5a867ff5d3855cd1849f82db4c38a47473ed918d1,.npz,reference_data
reference_data/qualitative_benchmark/oa_mae_revision/data/arrays/SCN_gar_0058.npz,1075042,9b9288559898964fdcd5437edc5c6656429127c9b25b7f4eb13aff924782e050,.npz,reference_data
reference_data/qualitative_benchmark/oa_mae_revision/data/arrays/SCN_gar_0059.npz,1077422,548aa70c99950dd345ab73fb73655d2cade7b096c1aa3e42899b5b70a15273ec,.npz,reference_data
reference_data/qualitative_benchmark/oa_mae_revision/data/arrays/SCN_gar_0060.npz,1093318,0b089543bc90bc0cd06d11acabfb072a746dd6b998897c65fb0164ca18d833dd,.npz,reference_data
reference_data/qualitative_benchmark/oa_mae_revision/data/arrays/SCN_gar_0061.npz,1065361,0b275019b9b43066c0b93109478c93c272df3365e94d7cb93ae47d9fbfd2a141,.npz,reference_data
reference_data/qualitative_benchmark/oa_mae_revision/data/arrays/SCN_gar_0062.npz,1073921,ef63bf82308b55a4639e070e269450463d802fab556c9dd79ced46bf67b8649f,.npz,reference_data
reference_data/qualitative_benchmark/oa_mae_revision/data/arrays/SCN_gar_0063.npz,1068151,d5da65cf1ded023a7bfe1473b4125c0de1b02aa7a009a7cb3ae3f90029745213,.npz,reference_data
reference_data/qualitative_benchmark/oa_mae_revision/data/arrays/SCN_gar_0064.npz,1073750,39f6008139abd5c7b288bfe80e380f11da0eabc8d54e84dab1093e31ef7f7055,.npz,reference_data
reference_data/qualitative_benchmark/oa_mae_revision/data/arrays/SCN_gar_0065.npz,1072155,c588cc45b10473d1b0379f50b50b58af9a02aa2daeb955d07366ad42f7547736,.npz,reference_data
reference_data/qualitative_benchmark/oa_mae_revision/data/arrays/SCN_gar_0066.npz,1110186,077a2e6c3baaf6fe63b9837a833b877e308bc66203f4df3c708bc2abbe2ffa46,.npz,reference_data
reference_data/qualitative_benchmark/oa_mae_revision/data/arrays/SCN_gar_0067.npz,1072491,4a55083c46a93a8e6e23b7bb182a97969a1c74800b68c6f0516af85c241eaeaf,.npz,reference_data
reference_data/qualitative_benchmark/oa_mae_revision/data/arrays/SCN_gar_0068.npz,1076316,3ae48defb416f71a0d26cba7a55ba5c7ea12c0c17ca60edc17112a3eee36a5c0,.npz,reference_data
reference_data/qualitative_benchmark/oa_mae_revision/data/arrays/SCN_gar_0069.npz,1066717,52b1ef11717ba300ffd392e8ff1d4a254a9d9d4dfce08552407d948e69167456,.npz,reference_data
reference_data/qualitative_benchmark/oa_mae_revision/data/arrays/SCN_kig_0058.npz,1067099,5d340a1f6acb898eda64b791c3f461a1ee76b46b3a7c4099d53d60fc968075cb,.npz,reference_data
reference_data/qualitative_benchmark/oa_mae_revision/data/arrays/SCN_kig_0059.npz,1080247,8da09ac548916549bf2c890c3eca733e3f617884f9008f002ad888832e28b5c1,.npz,reference_data
reference_data/qualitative_benchmark/oa_mae_revision/data/arrays/SCN_kig_0060.npz,1078546,fb7a55dcb41397576cf349eb284a66d9b6290d5efc52b3c47555dcae2e1deb06,.npz,reference_data
reference_data/qualitative_benchmark/oa_mae_revision/data/arrays/SCN_kig_0061.npz,1073412,dadd97a4534b0ecf868ff3fd79293b2e48524bac74c68b8bb732a3cf6a684eca,.npz,reference_data
reference_data/qualitative_benchmark/oa_mae_revision/data/arrays/SCN_kig_0062.npz,1078710,3577778e1e4605fce5d9ef78efc7c376d1aa5fd1777942d7a8b2890d25b638a6,.npz,reference_data
reference_data/qualitative_benchmark/oa_mae_revision/data/arrays/SCN_kig_0063.npz,1064917,f88ff3a633a65bff9a07a932ad478d9eb9e27f0c9546ce8b91456b881e8b44f9,.npz,reference_data
reference_data/qualitative_benchmark/oa_mae_revision/data/arrays/SCN_kig_0064.npz,1071595,5bbb32ab0839fae73d8cdbdf312001003705fb1afd10f2fd9ca92a105bd2be44,.npz,reference_data
reference_data/qualitative_benchmark/oa_mae_revision/data/arrays/SCN_kig_0065.npz,1078480,78d3168bf2e9f5cf2cf956786759efdc006047ec55a26850503d72eeddc301ad,.npz,reference_data
reference_data/qualitative_benchmark/oa_mae_revision/data/arrays/SCN_kig_0066.npz,1073430,5d576a7a5bb688b2a5c54e5851806e531ab99589c4020f7fd40fe4b26367c840,.npz,reference_data
reference_data/qualitative_benchmark/oa_mae_revision/data/arrays/SCN_kig_0067.npz,1082877,1f12ce713c5eee7cb3121da590e686925b2d5c592d8d1015bda8f579c6211207,.npz,reference_data
reference_data/qualitative_benchmark/oa_mae_revision/data/arrays/SCN_kig_0068.npz,1075002,0c2952838cb82c4c600f76efd352ae8228f337573f195106dc52ffba13c4e4ba,.npz,reference_data
reference_data/qualitative_benchmark/oa_mae_revision/data/arrays/SCN_kig_0069.npz,1072183,032401c9ac80e78093f8d6ac18c9208cf1312d52358cb31f6df4bb35b73d140e,.npz,reference_data
reference_data/qualitative_benchmark/oa_mae_revision/data/arrays/SCN_yao_0058.npz,1079040,e61c24a221c874c4a97cff8ded647bb8953acdc9f0d1c803ea639642ac320a29,.npz,reference_data
reference_data/qualitative_benchmark/oa_mae_revision/data/arrays/SCN_yao_0059.npz,1075128,a4cf5af81e4f89bfecce94fe9682591367a12d1b5d5c1c578d5f64857187d6ab,.npz,reference_data
reference_data/qualitative_benchmark/oa_mae_revision/data/arrays/SCN_yao_0060.npz,1080655,3f944f30edbb42d27335be5990d5d91971ced92288e45532f81e40989fb3668b,.npz,reference_data
reference_data/qualitative_benchmark/oa_mae_revision/data/arrays/SCN_yao_0061.npz,1066274,0a49cb97694ede6bf3d9b75be35d153f55802f052eb9565a0561e24c8f55e128,.npz,reference_data
reference_data/qualitative_benchmark/oa_mae_revision/data/arrays/SCN_yao_0062.npz,1082119,16911f3532fdb6760eec083e2f79c3742a4f9e665156341cd0899a254c03c076,.npz,reference_data
reference_data/qualitative_benchmark/oa_mae_revision/data/arrays/SCN_yao_0063.npz,1111877,a49d8787c7f77c516cdfe06c694b6265e32112b35e63642fd20642c2746273fb,.npz,reference_data
reference_data/qualitative_benchmark/oa_mae_revision/data/arrays/SCN_yao_0064.npz,1070749,2a7d8b8c4b45141d02960381f0d438842b2d5f9addae1c29afdb974bab03378e,.npz,reference_data
reference_data/qualitative_benchmark/oa_mae_revision/data/arrays/SCN_yao_0065.npz,1075360,8a9e4e1cc04bc45cb3bbd4148bde60719974f795c39d39befc8f172643cf3068,.npz,reference_data
reference_data/qualitative_benchmark/oa_mae_revision/data/arrays/SCN_yao_0066.npz,1080112,700a36a92a6802568c8583efe4b226f8f8f64190c17df260609c1e1dc4609ded,.npz,reference_data
reference_data/qualitative_benchmark/oa_mae_revision/data/arrays/SCN_yao_0067.npz,1074552,8c2383327f519d66a5a40de8c3efc1a3fcd372dee92b80f5fad3a7ec0108d011,.npz,reference_data
reference_data/qualitative_benchmark/oa_mae_revision/data/arrays/SCN_yao_0068.npz,1070961,af6db8dd51aee619d20cab59dba2881f1d783adea3271aef4027a7727ce6288e,.npz,reference_data
reference_data/qualitative_benchmark/oa_mae_revision/data/arrays/SCN_yao_0069.npz,1082459,28d4e48d53526a598cd0107446847172895616711385bd5779bedf90804b3447,.npz,reference_data
reference_data/qualitative_benchmark/oa_mae_revision/data/samples.csv,31093,0697f1187224b1923c7b37eb89716115a53444d61cb4fbfd7a7da6f4fe0a905f,.csv,reference_data
reference_data/qualitative_benchmark/oa_mae_revision/predictions/pixel_metrics.csv,57258,b5a5c7efda2ffc8626acc132d4b801869f40381f91643fb43996b54adc21cad2,.csv,reference_data
reference_data/qualitative_benchmark/oa_mae_revision/predictions/prediction_manifest.csv,40052,354af3b2f041e98237de27a62ccf2799a37ab6f176fefa1ea42b590955c7510e,.csv,reference_data
reference_data/qualitative_benchmark/oa_mae_revision/runs/retrieval_journal.csv,34204,d1a640f1bbf905e192d3f442250f45fd2ef7f17df4404be77ce29329ee4fbda9,.csv,reference_data
reference_data/qualitative_benchmark/results/assembly_validation.json,200,8ced51cec4db67c0ce01316923a2fa39c087a850c32ed985b82d1276121ebcdb,.json,reference_data
reference_data/qualitative_benchmark/results/benchmark_prediction_slice_metrics.csv,57258,b5a5c7efda2ffc8626acc132d4b801869f40381f91643fb43996b54adc21cad2,.csv,reference_data
reference_data/qualitative_benchmark/results/scene_manifest.csv,19328,f0716ab46302a8876ef522b2106354ed713ae5367e0f0df05f6f6ccdfbfc9cd3,.csv,reference_data
reference_data/qualitative_benchmark/results/scene_parameters.json,4982,b3f2b1124cda2cb6aec61712179249458822d20d5bc5a13fdf2a8c966dc9c61d,.json,reference_data
reference_data/validation/CONTENT_SCAN.json,440,ee74f40ee7adf220cf89447db63f4eac82de6269b51201affdbb7fa38216d483,.json,reference_data
reference_data/validation/DATA_VALIDATION.json,783,97b7028293b921cfe86fa8220aed8f965d7ff1dd27c071a30233651df8a5fc3e,.json,reference_data
repository/repository_pointer.json,531,2304752a25173d6f4a38cb004a6150d5496eef4abd4534adb9535936cf5f205e,.json,repository
requirements.txt,494,e9850dea47c2bf71919c92380cb370d57ed6986b4177c9a6b8026dc0296d42fa,.txt,requirements.txt
schemas/figure_manifest_record.schema.json,938,0cc69955f09fb76d3b7f00b1b1490637b927ae2c73dc6e9d85e349b0b38b48a0,.json,schemas
schemas/observed_scene_bundle.schema.json,1282,43eee28dbc12050808fa1d6d697196463dabbd0808765c03a0ccd5be73b3552f,.json,schemas
schemas/prediction_record.schema.json,609,84047510a5e7d295c3f281304cf67b4a25ca9802ceb4d724266363909611f548,.json,schemas
schemas/retrieval_record.schema.json,1344,646d3a7094ae6f248b23d185c2b320b460c5f22ab88b4432b2dbf9fdfbd6059a,.json,schemas
schemas/sample_manifest.schema.json,746,a62b11613796cb73e0c275dd17e2768f5a5ed03671bb766402b0b12270778b77,.json,schemas
scripts/00_preflight.py,1415,9ca162b32b646e550953f2996d6f84a2774747ca7267d5d18a2f630403ba1017,.py,scripts
scripts/00_reference_preflight.py,1777,e6e00ec1d62162052c591a045222a84e98bb45f3e44e2cb91551148d40511a42,.py,scripts
scripts/01_resolve_areas.py,794,4ebe33419ccb959e408f43fe738e50b7d6f4d342834ca37f70a20446a601efa3,.py,scripts
scripts/02_discover_acquisitions.py,794,a0bc59216426ef86b595cedec3833077ff15ea28cdac5a8a05aac792d304e2be,.py,scripts
scripts/03_build_pair_candidates.py,790,0676eb78273c4bc7c5e7f2cbd2eb7c1e20f9adeb664132d30713123c4560ef65,.py,scripts
scripts/04_export_rasters.py,814,65df5eff5b846bb3144558f3d17fc9542d93fd76bb9d11018352e214c8eb62b8,.py,scripts
scripts/05_compute_support.py,807,805f0c1a2673a6d245a3ac33f13ac33976006e0c2fbe6e6d190eb9720bf751c5,.py,scripts
scripts/06_prepare_annotations.py,805,7552bdd1b338e944d3e8f9c45b584b236af3be2d0a5a8967637a762951249ad9,.py,scripts
scripts/07_validate_annotations.py,807,363160f0b89e7f5e3b4f63fb727a433d9ddc85ebf3560293aa03a61d6e6aff8b,.py,scripts
scripts/08_build_splits.py,797,1df6b84c7e81475ba811b7091a2f0546227b9d76a4a5f7b023b56d8e8de720c5,.py,scripts
scripts/09_train_or_load_models.py,797,3077e03f83904c4d78be252ca09683c2f87e15e9d4787ff65ca7c061cef4d876,.py,scripts
scripts/10_run_inference.py,804,340cbaa6992fc84c72677eec4615da49a06b5188f474556667a797e37614bdf8,.py,scripts
scripts/11_compute_metrics.py,803,03d38b015ccc23c3a08e4ac86501b1c425694897efa631048821475f5263c194,.py,scripts
scripts/12_select_cases.py,791,88790237aaf7c28a57a27b0a67ce0f703ecf7149ff2ba0d4aedb4c552c466372,.py,scripts
scripts/13_render_figures.py,805,e163c967153c4ac1bdecc5fc95b8232e00f7699dc7789f4882c28e83a8a1be0a,.py,scripts
scripts/14_validate_release.py,780,560bfb22e113e3bb348cd1e737c7c1fe04c3d915fdc39e1397de515f1207c3c1,.py,scripts
scripts/15_freeze_release.py,780,1618573c08c5d197c275255867cf5c3545c0888b2fa9cc03d45e643e435a8934,.py,scripts
scripts/audit_package_text.py,2084,16e574f02f18695231dd5fee32660b5c1e5eff16d4ef373d1ce260213720a893,.py,scripts
scripts/run_pipeline.py,1356,2e71bbcc27c6d18f2a6fdc2cf7f328d93dcd750e6317d7200d0cc76c8257fd0f,.py,scripts
scripts/validate_figure_dimensions.py,1312,e547f2c0b52ef7491411ab0bf90334eac3c48d391d3f83b655acfe66ea60db32,.py,scripts
src/oamae_pipeline/__init__.py,42,251bfc0204f59c37a74bf2d575d93741b14889301064c7f07929757634a855d4,.py,src
src/oamae_pipeline/__pycache__/__init__.cpython-313.pyc,261,6f0ce79ac31ba3338494c88b2b76422fc99cb1e6344fac5aba14929de5a6a658,.pyc,src
src/oamae_pipeline/__pycache__/metrics.cpython-313.pyc,3780,3b97bb4e7517537efe317ca0c7a0cb1ac6283529f6a46793f51e6a73491a5b77,.pyc,src
src/oamae_pipeline/__pycache__/observability.cpython-313.pyc,2450,0ca217417c24d93b5574441f7d4c426340b4b7e4ea481e639272a66f46957ac2,.pyc,src
src/oamae_pipeline/aoi.py,1526,a5361b35ab8adab9d82d3cb0c061e09d61809cee4a341737071530e5a05b2223,.py,src
src/oamae_pipeline/common.py,1479,8d765e84a92e6e7062b4af9f62e75ef3805b899e1a694e20d838f98f89afc2ae,.py,src
src/oamae_pipeline/config.py,392,b60c304dba74fbd720256e1025e5402a56b821e2d3838982dd4b601b30b3b44f,.py,src
src/oamae_pipeline/discovery.py,2241,89a06fab5555b84055ebdfb5e3a9304c781db31b816029a2637aae3a150e0fee,.py,src
src/oamae_pipeline/earth_engine.py,2723,d0f2c75a2c034cff9897b087583d1d4adb39d95619b7dcd6f07092708a144397,.py,src
src/oamae_pipeline/figures.py,3645,bff5b619a21d22b0608011b04d72080e820effecb10c7d7678efa931c24c0747,.py,src
src/oamae_pipeline/metrics.py,1981,31ff23ad9e12790298f3e129caa6e6388229266f1e1303c471464ad6f3990cb1,.py,src
src/oamae_pipeline/model_interface.py,1400,bef237b4dde1c03a61f5705e7cd8cbe3430855733ff2d26af7fc59f16f4a1862,.py,src
src/oamae_pipeline/observability.py,1368,5934cc338395cd9b14678d7e5cc81c25a123102b6d5a270b7524fc082b0a77a0,.py,src
src/oamae_pipeline/raster.py,1516,091aba0807fb913455179e33ff857bbadb35ae3812ff207fd4fd2880c1c71cb9,.py,src
src/oamae_pipeline/retrieval.py,2521,040b86477a2be2692f1144a3955aa6dd649b0e58a1f2da351468304d0cad741d,.py,src
src/oamae_pipeline/selection.py,2358,5439d4fd4d237b71fab307bc98064c42dcc6e3a5ea9b1ee608131bc1c9063c26,.py,src
src/oamae_pipeline/validation.py,1060,b909bbc8f82cb9f8415d49a4702c3f3f59667fe41c8fe5de36b0c6828fe04f1e,.py,src
templates/annotation/annotation_adjudication.csv,106,b30406545d8ba6c17e333355ca8ca04bce33a95d5c0a7645c6857779ecc07874,.csv,templates
templates/annotation/annotation_decisions.csv,102,31a247e5acfe103cf9a054b462b61879ec0f54404986bc039916742d954d7481,.csv,templates
templates/manifests/acquisition_manifest.csv,192,831a8eb46ac67fe2042ab2a1e1ec7c329ad45b95d160a5556d68eec2108cb978,.csv,templates
templates/manifests/compute_benchmark.csv,211,cc2f8b206f6c48f799545e2a5da4284956d66641caa74d16666c2988dafe32f6,.csv,templates
templates/manifests/figure_case_manifest.csv,130,1d227d2d4c88f9e687198873cea9b3139c43d7b8e2a44d92fa67faf4b7618822,.csv,templates
templates/manifests/figure_manifest.csv,105,b672dcd73c81dcba6b941477dbef7f6ccc75fa79aaabcc057a0c34f8b4b7ffd4,.csv,templates
templates/manifests/gate_manifest.csv,154,534f4c0d007197ddea8ace6d8fe57b7b8254a1d5208c3deff0ee71b6c1241fa6,.csv,templates
templates/manifests/panel_source_manifest.csv,138,b64dfcaf5173ba2d25859e019a717f6e07574116fc1356583750b2a5f9df259e,.csv,templates
templates/manifests/prediction_manifest.csv,157,1280d3ca7951211cf4cbc1f8b54ce771f710782cd724e56c377bd3939e030f29,.csv,templates
templates/manifests/retrieval_manifest.csv,125,c61bad06bdcf6e0d5aed0e81358b3d583e37e135544b25bfa86c4311e4b15df7,.csv,templates
templates/manifests/sample_manifest.csv,189,0ff451685675ad82414e44b9c03a1a8b620d1c1dd6905c8e02ecce3090d42d7c,.csv,templates
tests/__pycache__/test_contracts.cpython-313-pytest-9.0.2.pyc,4325,62b937209d9fd5c361fb1e62c169fc278a2bb63b825e55d124060c4b9bf26e72,.pyc,tests
tests/__pycache__/test_figure_policy.cpython-313-pytest-9.0.2.pyc,2178,d709ddb45a6700d3ee6a9f619196c6d1715626459e0455c0ec1a795275c948aa,.pyc,tests
tests/test_contracts.py,725,c252133fafdf14b443474f386bc45b4efef682c4ce9e593f5c6cf0a9b783cd63,.py,tests
tests/test_figure_policy.py,289,a518774255cf14bf8fbb675b1c39f2d6de89c17c83b87f08512f33c1bc00e3b7,.py,tests
validation/PACKAGE_VALIDATION.json,4444,a5cfc9fb74c8403cec5932c10907e876a29110156e20cddb77f4aa399060c970,.json,validation
