method,fold,K,seed,fewshot_sample_hash,config_hash,checkpoint_path,fewshot_ids_file,matched_across_methods
OA_MAE,fold_Dakar,10,1,05a1cbb80b5beb4a4f6165c58493321f7c78acef5fa7188a1003b0e72aae46a3,cfg_SCN_73c1e013,checkpoint_metadata/oamae/SCN_OA_MAE_fold_Dakar_K10_s1.checkpoint_metadata.json,fewshot_ids_fold_Dakar_K10_s1.txt,true
OA_MAE,fold_Dakar,10,2,130000414c3ce3a9fba47bb447ba7dab9c4bed8040ffabd3868543f09246d53a,cfg_SCN_73c1e013,checkpoint_metadata/oamae/SCN_OA_MAE_fold_Dakar_K10_s2.checkpoint_metadata.json,fewshot_ids_fold_Dakar_K10_s2.txt,true
OA_MAE,fold_Dakar,10,3,e493d9cdbaa39afe5a2a5c1129841c77d092082f57958a1b898152db948a5104,cfg_SCN_73c1e013,checkpoint_metadata/oamae/SCN_OA_MAE_fold_Dakar_K10_s3.checkpoint_metadata.json,fewshot_ids_fold_Dakar_K10_s3.txt,true
OA_MAE,fold_Dakar,10,4,abdf875b6ffc92b76ac9b4fa23ea501aa5b1df6784ce6200cfed2c44e30e1e8c,cfg_SCN_73c1e013,checkpoint_metadata/oamae/SCN_OA_MAE_fold_Dakar_K10_s4.checkpoint_metadata.json,fewshot_ids_fold_Dakar_K10_s4.txt,true
OA_MAE,fold_Dakar,10,5,d0efc8f91fc28ef87c354d88fd528c0cd9f373c03e8052bb9f0152e47a65c548,cfg_SCN_73c1e013,checkpoint_metadata/oamae/SCN_OA_MAE_fold_Dakar_K10_s5.checkpoint_metadata.json,fewshot_ids_fold_Dakar_K10_s5.txt,true
OA_MAE,fold_Dakar,10,6,b3d69746ecdde3200ffdfdada3d85b42309e5b8f3fffc1368ec52d6fe0a2842f,cfg_SCN_73c1e013,checkpoint_metadata/oamae/SCN_OA_MAE_fold_Dakar_K10_s6.checkpoint_metadata.json,fewshot_ids_fold_Dakar_K10_s6.txt,true
OA_MAE,fold_Dakar,10,7,fc00b1b367a61289ac33f777ce3167cc1635b5a8a5dae8156979f1bd363d38d5,cfg_SCN_73c1e013,checkpoint_metadata/oamae/SCN_OA_MAE_fold_Dakar_K10_s7.checkpoint_metadata.json,fewshot_ids_fold_Dakar_K10_s7.txt,true
OA_MAE,fold_Dakar,10,8,293642e6b4f60ea823c9d51fbf355be7ed6276103ff46d31d46279864acd04a8,cfg_SCN_73c1e013,checkpoint_metadata/oamae/SCN_OA_MAE_fold_Dakar_K10_s8.checkpoint_metadata.json,fewshot_ids_fold_Dakar_K10_s8.txt,true
OA_MAE,fold_Dakar,10,9,b9e978e5b476ce8dc4a0ae5a141165c62fda40e8ae640ae98ee9851e0bb2136b,cfg_SCN_73c1e013,checkpoint_metadata/oamae/SCN_OA_MAE_fold_Dakar_K10_s9.checkpoint_metadata.json,fewshot_ids_fold_Dakar_K10_s9.txt,true
OA_MAE,fold_Dakar,10,10,0efdfce149b4c00da1f23f86851dbcc880f2935954aec9cf263e0d654b0b78ab,cfg_SCN_73c1e013,checkpoint_metadata/oamae/SCN_OA_MAE_fold_Dakar_K10_s10.checkpoint_metadata.json,fewshot_ids_fold_Dakar_K10_s10.txt,true
OA_MAE,fold_Dakar,25,1,c614d498e39d4463ab73d6e912e52b43367b93c6fb709ce3c6a39a7cd7f5626f,cfg_SCN_3a3d58b3,checkpoint_metadata/oamae/SCN_OA_MAE_fold_Dakar_K25_s1.checkpoint_metadata.json,fewshot_ids_fold_Dakar_K25_s1.txt,true
OA_MAE,fold_Dakar,25,2,3c23243d6e7e99df7a7d3fdda2c5245142e7fd4b565d2c2e730c8040580d6aa6,cfg_SCN_3a3d58b3,checkpoint_metadata/oamae/SCN_OA_MAE_fold_Dakar_K25_s2.checkpoint_metadata.json,fewshot_ids_fold_Dakar_K25_s2.txt,true
OA_MAE,fold_Dakar,25,3,48fc92f1ea81d91c0fecbb0f56dcac9b09f1d95a481753c339ff001d6821778c,cfg_SCN_3a3d58b3,checkpoint_metadata/oamae/SCN_OA_MAE_fold_Dakar_K25_s3.checkpoint_metadata.json,fewshot_ids_fold_Dakar_K25_s3.txt,true
OA_MAE,fold_Dakar,25,4,ed038702d9b4bdbc082ce69106df0492e0fd633905fa876f736addd7e5a5240f,cfg_SCN_3a3d58b3,checkpoint_metadata/oamae/SCN_OA_MAE_fold_Dakar_K25_s4.checkpoint_metadata.json,fewshot_ids_fold_Dakar_K25_s4.txt,true
OA_MAE,fold_Dakar,25,5,90afc7538eb8831e614995c914b70f3bec85262d91ac6005c86b7ca00f8fb7c3,cfg_SCN_3a3d58b3,checkpoint_metadata/oamae/SCN_OA_MAE_fold_Dakar_K25_s5.checkpoint_metadata.json,fewshot_ids_fold_Dakar_K25_s5.txt,true
OA_MAE,fold_Dakar,25,6,af20707935cbabf9f8ab52fab6e3a463625af1eb8cfb55b1e7905ab8b52cab3c,cfg_SCN_3a3d58b3,checkpoint_metadata/oamae/SCN_OA_MAE_fold_Dakar_K25_s6.checkpoint_metadata.json,fewshot_ids_fold_Dakar_K25_s6.txt,true
OA_MAE,fold_Dakar,25,7,2dc67e6bdc2ef6281275af00ebb50464a2ca16012477050fbc78ee38de9de284,cfg_SCN_3a3d58b3,checkpoint_metadata/oamae/SCN_OA_MAE_fold_Dakar_K25_s7.checkpoint_metadata.json,fewshot_ids_fold_Dakar_K25_s7.txt,true
OA_MAE,fold_Dakar,25,8,7180b6aaf3386088d59ef6506a30b4e23d6f64a2e4c56a418a7f603923055cd2,cfg_SCN_3a3d58b3,checkpoint_metadata/oamae/SCN_OA_MAE_fold_Dakar_K25_s8.checkpoint_metadata.json,fewshot_ids_fold_Dakar_K25_s8.txt,true
OA_MAE,fold_Dakar,25,9,e633f45e8f6958fdb0f7561abeaa39d42b6565e4670c9309daa97bbeef0d5159,cfg_SCN_3a3d58b3,checkpoint_metadata/oamae/SCN_OA_MAE_fold_Dakar_K25_s9.checkpoint_metadata.json,fewshot_ids_fold_Dakar_K25_s9.txt,true
OA_MAE,fold_Dakar,25,10,b90983a841187d2948abcb98ea393eeb790dbf9089030b2ed0ce39d6802b9277,cfg_SCN_3a3d58b3,checkpoint_metadata/oamae/SCN_OA_MAE_fold_Dakar_K25_s10.checkpoint_metadata.json,fewshot_ids_fold_Dakar_K25_s10.txt,true
OA_MAE,fold_Dakar,50,1,ab1d8b82be6d9a918d97bfc04294311bb539a561d1685c98fe84179b5e7ca84a,cfg_SCN_5804b62f,checkpoint_metadata/oamae/SCN_OA_MAE_fold_Dakar_K50_s1.checkpoint_metadata.json,fewshot_ids_fold_Dakar_K50_s1.txt,true
OA_MAE,fold_Dakar,50,2,b5fbba193eee87378902c3a637dab3c14ab9d3d5f8fe7a53ff2174567fb2b9f0,cfg_SCN_5804b62f,checkpoint_metadata/oamae/SCN_OA_MAE_fold_Dakar_K50_s2.checkpoint_metadata.json,fewshot_ids_fold_Dakar_K50_s2.txt,true
OA_MAE,fold_Dakar,50,3,11a07724f0f59c4cc4203719b346fee0039767f3050dcc0a4dd811c4f9cb9648,cfg_SCN_5804b62f,checkpoint_metadata/oamae/SCN_OA_MAE_fold_Dakar_K50_s3.checkpoint_metadata.json,fewshot_ids_fold_Dakar_K50_s3.txt,true
OA_MAE,fold_Dakar,50,4,21b2fea7288aa849858422bc822e75208050696abf1daacde164e3ec756dcc48,cfg_SCN_5804b62f,checkpoint_metadata/oamae/SCN_OA_MAE_fold_Dakar_K50_s4.checkpoint_metadata.json,fewshot_ids_fold_Dakar_K50_s4.txt,true
OA_MAE,fold_Dakar,50,5,e7635eadf61ab54e7167f374975b8e4ae763aefced4be692c315a9a0062119cf,cfg_SCN_5804b62f,checkpoint_metadata/oamae/SCN_OA_MAE_fold_Dakar_K50_s5.checkpoint_metadata.json,fewshot_ids_fold_Dakar_K50_s5.txt,true
OA_MAE,fold_Dakar,50,6,937428de2a2a752803f174e55290732a3eeeafce850b453ccffca942305f3c80,cfg_SCN_5804b62f,checkpoint_metadata/oamae/SCN_OA_MAE_fold_Dakar_K50_s6.checkpoint_metadata.json,fewshot_ids_fold_Dakar_K50_s6.txt,true
OA_MAE,fold_Dakar,50,7,148b8aef59ca0d1af7abe2b8068ff477a58f6f75d65661eb219a371855f58977,cfg_SCN_5804b62f,checkpoint_metadata/oamae/SCN_OA_MAE_fold_Dakar_K50_s7.checkpoint_metadata.json,fewshot_ids_fold_Dakar_K50_s7.txt,true
OA_MAE,fold_Dakar,50,8,6344d890fbed89008171f1ad939828daeba6e9a51d62d9e400fca56f2a3e7a1e,cfg_SCN_5804b62f,checkpoint_metadata/oamae/SCN_OA_MAE_fold_Dakar_K50_s8.checkpoint_metadata.json,fewshot_ids_fold_Dakar_K50_s8.txt,true
OA_MAE,fold_Dakar,50,9,400b299060174b92865665246a3bd37ae7381f211267b24c298b673f452248ef,cfg_SCN_5804b62f,checkpoint_metadata/oamae/SCN_OA_MAE_fold_Dakar_K50_s9.checkpoint_metadata.json,fewshot_ids_fold_Dakar_K50_s9.txt,true
OA_MAE,fold_Dakar,50,10,ef8bdca9fa295a52a52d2c98e32e9dd3d7f90d0ed39ac8a4f3cc49dcadde4c5c,cfg_SCN_5804b62f,checkpoint_metadata/oamae/SCN_OA_MAE_fold_Dakar_K50_s10.checkpoint_metadata.json,fewshot_ids_fold_Dakar_K50_s10.txt,true
OA_MAE,fold_DarEsSalaam,10,1,d5a2875f5bbf548e74483e7c6dc58c4c14b7ded51ad69f5a1d7c4439aad517f3,cfg_SCN_73c1e013,checkpoint_metadata/oamae/SCN_OA_MAE_fold_DarEsSalaam_K10_s1.checkpoint_metadata.json,fewshot_ids_fold_DarEsSalaam_K10_s1.txt,true
OA_MAE,fold_DarEsSalaam,10,2,e6fbf2dce25fa13ac3db14a436d54e6e6cfb91e92e3bc53d93b905b9a5167b06,cfg_SCN_73c1e013,checkpoint_metadata/oamae/SCN_OA_MAE_fold_DarEsSalaam_K10_s2.checkpoint_metadata.json,fewshot_ids_fold_DarEsSalaam_K10_s2.txt,true
OA_MAE,fold_DarEsSalaam,10,3,d3e26cf1a44eff6441f027bcbb567fcb336ddbe60bc90db153fb1f0ec8cdc239,cfg_SCN_73c1e013,checkpoint_metadata/oamae/SCN_OA_MAE_fold_DarEsSalaam_K10_s3.checkpoint_metadata.json,fewshot_ids_fold_DarEsSalaam_K10_s3.txt,true
OA_MAE,fold_DarEsSalaam,10,4,722992af546191b699d31b97c192836569160d3526f9bf0df186051dd73acb62,cfg_SCN_73c1e013,checkpoint_metadata/oamae/SCN_OA_MAE_fold_DarEsSalaam_K10_s4.checkpoint_metadata.json,fewshot_ids_fold_DarEsSalaam_K10_s4.txt,true
OA_MAE,fold_DarEsSalaam,10,5,95235c3ffffc8e247837d4a33fa53c645a08ab675c97d308f635e7df16512c8c,cfg_SCN_73c1e013,checkpoint_metadata/oamae/SCN_OA_MAE_fold_DarEsSalaam_K10_s5.checkpoint_metadata.json,fewshot_ids_fold_DarEsSalaam_K10_s5.txt,true
OA_MAE,fold_DarEsSalaam,10,6,71340a1a746830fd92637d64392859ed863c3e1c0b6a0c5f2030d298454a7b8c,cfg_SCN_73c1e013,checkpoint_metadata/oamae/SCN_OA_MAE_fold_DarEsSalaam_K10_s6.checkpoint_metadata.json,fewshot_ids_fold_DarEsSalaam_K10_s6.txt,true
OA_MAE,fold_DarEsSalaam,10,7,d6e6e63609cd2605e9957f8cb51e1f0c2371b80c0fa03e1bc620dd9178a586c1,cfg_SCN_73c1e013,checkpoint_metadata/oamae/SCN_OA_MAE_fold_DarEsSalaam_K10_s7.checkpoint_metadata.json,fewshot_ids_fold_DarEsSalaam_K10_s7.txt,true
OA_MAE,fold_DarEsSalaam,10,8,8b87fda5ebf26f0e74a327399d3c3572bbe77c76e10e912b982c66a4b05e937a,cfg_SCN_73c1e013,checkpoint_metadata/oamae/SCN_OA_MAE_fold_DarEsSalaam_K10_s8.checkpoint_metadata.json,fewshot_ids_fold_DarEsSalaam_K10_s8.txt,true
OA_MAE,fold_DarEsSalaam,10,9,9c8137c45f7f9069e80d118fa3e3d468f4d497cf1ebe50a9fd20d95e6ccba054,cfg_SCN_73c1e013,checkpoint_metadata/oamae/SCN_OA_MAE_fold_DarEsSalaam_K10_s9.checkpoint_metadata.json,fewshot_ids_fold_DarEsSalaam_K10_s9.txt,true
OA_MAE,fold_DarEsSalaam,10,10,40e562299675a5a01d4dcb8a6108c7de152390634ac8ca91752c58d545123bc2,cfg_SCN_73c1e013,checkpoint_metadata/oamae/SCN_OA_MAE_fold_DarEsSalaam_K10_s10.checkpoint_metadata.json,fewshot_ids_fold_DarEsSalaam_K10_s10.txt,true
OA_MAE,fold_DarEsSalaam,25,1,28a37e6041dee8125163d85f82c0059ce92c1164ea00835a4908b6d947d60d34,cfg_SCN_3a3d58b3,checkpoint_metadata/oamae/SCN_OA_MAE_fold_DarEsSalaam_K25_s1.checkpoint_metadata.json,fewshot_ids_fold_DarEsSalaam_K25_s1.txt,true
OA_MAE,fold_DarEsSalaam,25,2,c26d28571b319b246771e6f06a44fd73c8ca6c7f743662a32969cbda8a522396,cfg_SCN_3a3d58b3,checkpoint_metadata/oamae/SCN_OA_MAE_fold_DarEsSalaam_K25_s2.checkpoint_metadata.json,fewshot_ids_fold_DarEsSalaam_K25_s2.txt,true
OA_MAE,fold_DarEsSalaam,25,3,c50d055f65757afd2caabedb069fcbbf120a336bb3674ffffa026a8f639db5a7,cfg_SCN_3a3d58b3,checkpoint_metadata/oamae/SCN_OA_MAE_fold_DarEsSalaam_K25_s3.checkpoint_metadata.json,fewshot_ids_fold_DarEsSalaam_K25_s3.txt,true
OA_MAE,fold_DarEsSalaam,25,4,960c7a3e504ba5d4e45af094357f16b24ae54a5417ce64c7b82dc5a151723500,cfg_SCN_3a3d58b3,checkpoint_metadata/oamae/SCN_OA_MAE_fold_DarEsSalaam_K25_s4.checkpoint_metadata.json,fewshot_ids_fold_DarEsSalaam_K25_s4.txt,true
OA_MAE,fold_DarEsSalaam,25,5,002be300e00b4edbe0deb4ddf3d4593f71e02e65fcd0bd001e14fe17eae54496,cfg_SCN_3a3d58b3,checkpoint_metadata/oamae/SCN_OA_MAE_fold_DarEsSalaam_K25_s5.checkpoint_metadata.json,fewshot_ids_fold_DarEsSalaam_K25_s5.txt,true
OA_MAE,fold_DarEsSalaam,25,6,2329395585200e62583c99a5316fefc64526b5e06bade825a3c188953153a3ee,cfg_SCN_3a3d58b3,checkpoint_metadata/oamae/SCN_OA_MAE_fold_DarEsSalaam_K25_s6.checkpoint_metadata.json,fewshot_ids_fold_DarEsSalaam_K25_s6.txt,true
OA_MAE,fold_DarEsSalaam,25,7,1bf32ef1cafed334004de7d55a08915db55330a403d79f0f631c2deae48778e4,cfg_SCN_3a3d58b3,checkpoint_metadata/oamae/SCN_OA_MAE_fold_DarEsSalaam_K25_s7.checkpoint_metadata.json,fewshot_ids_fold_DarEsSalaam_K25_s7.txt,true
OA_MAE,fold_DarEsSalaam,25,8,3d60b194ff1f5457dbf5026ebbff523ce25a0ad20fc6be9066ab621d95bcd131,cfg_SCN_3a3d58b3,checkpoint_metadata/oamae/SCN_OA_MAE_fold_DarEsSalaam_K25_s8.checkpoint_metadata.json,fewshot_ids_fold_DarEsSalaam_K25_s8.txt,true
OA_MAE,fold_DarEsSalaam,25,9,f303cf44f6503b74b87dab8feeb83d3dc57dd47cf7d212b326b3a44e2ec7d881,cfg_SCN_3a3d58b3,checkpoint_metadata/oamae/SCN_OA_MAE_fold_DarEsSalaam_K25_s9.checkpoint_metadata.json,fewshot_ids_fold_DarEsSalaam_K25_s9.txt,true
OA_MAE,fold_DarEsSalaam,25,10,152a3b7492c997ab90032c69c05f98cf9e41f4413bd75c39c55af5273183b488,cfg_SCN_3a3d58b3,checkpoint_metadata/oamae/SCN_OA_MAE_fold_DarEsSalaam_K25_s10.checkpoint_metadata.json,fewshot_ids_fold_DarEsSalaam_K25_s10.txt,true
OA_MAE,fold_DarEsSalaam,50,1,4acc05c1e42973341074c43593e82479e0cbb7f069a65cccf46a7ecce74cc0ba,cfg_SCN_5804b62f,checkpoint_metadata/oamae/SCN_OA_MAE_fold_DarEsSalaam_K50_s1.checkpoint_metadata.json,fewshot_ids_fold_DarEsSalaam_K50_s1.txt,true
OA_MAE,fold_DarEsSalaam,50,2,8e3de547cfd7c745014d75cff02b8fa5f28ba81259800b764b3cbd61db2db394,cfg_SCN_5804b62f,checkpoint_metadata/oamae/SCN_OA_MAE_fold_DarEsSalaam_K50_s2.checkpoint_metadata.json,fewshot_ids_fold_DarEsSalaam_K50_s2.txt,true
OA_MAE,fold_DarEsSalaam,50,3,dcad9b7418cc57a617c214f8aa90fa8ccb619e0c3d42e2e72970884b6f95964e,cfg_SCN_5804b62f,checkpoint_metadata/oamae/SCN_OA_MAE_fold_DarEsSalaam_K50_s3.checkpoint_metadata.json,fewshot_ids_fold_DarEsSalaam_K50_s3.txt,true
OA_MAE,fold_DarEsSalaam,50,4,90d8998e98e91b45f8e0ea464b47fee11b56c8a05d6c3d922987bf2c742703bc,cfg_SCN_5804b62f,checkpoint_metadata/oamae/SCN_OA_MAE_fold_DarEsSalaam_K50_s4.checkpoint_metadata.json,fewshot_ids_fold_DarEsSalaam_K50_s4.txt,true
OA_MAE,fold_DarEsSalaam,50,5,f8f42026163f6ac0bd2f95fd16a8145f0f61a702af37b0db1a195d4ad947f752,cfg_SCN_5804b62f,checkpoint_metadata/oamae/SCN_OA_MAE_fold_DarEsSalaam_K50_s5.checkpoint_metadata.json,fewshot_ids_fold_DarEsSalaam_K50_s5.txt,true
OA_MAE,fold_DarEsSalaam,50,6,c52fa45276c73978650fcb1b1cabe7d73887e06721d827920a5e3589fffac4d5,cfg_SCN_5804b62f,checkpoint_metadata/oamae/SCN_OA_MAE_fold_DarEsSalaam_K50_s6.checkpoint_metadata.json,fewshot_ids_fold_DarEsSalaam_K50_s6.txt,true
OA_MAE,fold_DarEsSalaam,50,7,0ea838e33537b03cc01f4817994bc69f7b65f5abd0302d99ea1ca41c3ddd5a21,cfg_SCN_5804b62f,checkpoint_metadata/oamae/SCN_OA_MAE_fold_DarEsSalaam_K50_s7.checkpoint_metadata.json,fewshot_ids_fold_DarEsSalaam_K50_s7.txt,true
OA_MAE,fold_DarEsSalaam,50,8,46fffe22c45ae92250ac5eb380edc5f132b117481009cce17bb7132fd609a001,cfg_SCN_5804b62f,checkpoint_metadata/oamae/SCN_OA_MAE_fold_DarEsSalaam_K50_s8.checkpoint_metadata.json,fewshot_ids_fold_DarEsSalaam_K50_s8.txt,true
OA_MAE,fold_DarEsSalaam,50,9,878923808bf25ca9223ad077e8664a0b71a85d4356f1e29ace87207be3b93fac,cfg_SCN_5804b62f,checkpoint_metadata/oamae/SCN_OA_MAE_fold_DarEsSalaam_K50_s9.checkpoint_metadata.json,fewshot_ids_fold_DarEsSalaam_K50_s9.txt,true
OA_MAE,fold_DarEsSalaam,50,10,f573334823f47d8b3a2bff05853425e78b13da2c783fca60e614a0354bb24c05,cfg_SCN_5804b62f,checkpoint_metadata/oamae/SCN_OA_MAE_fold_DarEsSalaam_K50_s10.checkpoint_metadata.json,fewshot_ids_fold_DarEsSalaam_K50_s10.txt,true
OA_MAE,fold_Douala,10,1,2e836b65f0ba7d3b4af705f6f3252904cdd7d2c6299ad0be466001c0417b55a7,cfg_SCN_73c1e013,checkpoint_metadata/oamae/SCN_OA_MAE_fold_Douala_K10_s1.checkpoint_metadata.json,fewshot_ids_fold_Douala_K10_s1.txt,true
OA_MAE,fold_Douala,10,2,449f7144af9b1c6b73d02de612b29981e522c2c10b9824af9499c9fee985f607,cfg_SCN_73c1e013,checkpoint_metadata/oamae/SCN_OA_MAE_fold_Douala_K10_s2.checkpoint_metadata.json,fewshot_ids_fold_Douala_K10_s2.txt,true
OA_MAE,fold_Douala,10,3,2dd4f18d7a909e2c323bddc0bd563c0a96fd6fa52cbdbb633626873050a71fa9,cfg_SCN_73c1e013,checkpoint_metadata/oamae/SCN_OA_MAE_fold_Douala_K10_s3.checkpoint_metadata.json,fewshot_ids_fold_Douala_K10_s3.txt,true
OA_MAE,fold_Douala,10,4,44fc894629dfab6c44f89c744ff9fbcb517c00d086abe7fcac2ee8d8422ec322,cfg_SCN_73c1e013,checkpoint_metadata/oamae/SCN_OA_MAE_fold_Douala_K10_s4.checkpoint_metadata.json,fewshot_ids_fold_Douala_K10_s4.txt,true
OA_MAE,fold_Douala,10,5,5c4219fed774abecda11d199779a77ad31f0cc055bc87144f40a8c584da0c6d6,cfg_SCN_73c1e013,checkpoint_metadata/oamae/SCN_OA_MAE_fold_Douala_K10_s5.checkpoint_metadata.json,fewshot_ids_fold_Douala_K10_s5.txt,true
OA_MAE,fold_Douala,10,6,afb85cd8ee192507a9337eac7eafeda40a5f193d39cb3878da6edb8e6ae6d790,cfg_SCN_73c1e013,checkpoint_metadata/oamae/SCN_OA_MAE_fold_Douala_K10_s6.checkpoint_metadata.json,fewshot_ids_fold_Douala_K10_s6.txt,true
OA_MAE,fold_Douala,10,7,4230bf1a9f8fd13748d3ce66d4058aa2a77cdebf93ac30d49204cbe99deeea1c,cfg_SCN_73c1e013,checkpoint_metadata/oamae/SCN_OA_MAE_fold_Douala_K10_s7.checkpoint_metadata.json,fewshot_ids_fold_Douala_K10_s7.txt,true
OA_MAE,fold_Douala,10,8,c1d87570987f3704065a388fa774fac6ac62834a6c484b630118489b912d10a0,cfg_SCN_73c1e013,checkpoint_metadata/oamae/SCN_OA_MAE_fold_Douala_K10_s8.checkpoint_metadata.json,fewshot_ids_fold_Douala_K10_s8.txt,true
OA_MAE,fold_Douala,10,9,c8b9f30bfe5053a5b80f7a58b2efd6c0c9990ea881b725954edae5eaf2288fcf,cfg_SCN_73c1e013,checkpoint_metadata/oamae/SCN_OA_MAE_fold_Douala_K10_s9.checkpoint_metadata.json,fewshot_ids_fold_Douala_K10_s9.txt,true
OA_MAE,fold_Douala,10,10,a49836e2356ac6f9648365de74d9a027eda2e48f7232c90e9baee9c5125dd49c,cfg_SCN_73c1e013,checkpoint_metadata/oamae/SCN_OA_MAE_fold_Douala_K10_s10.checkpoint_metadata.json,fewshot_ids_fold_Douala_K10_s10.txt,true
OA_MAE,fold_Douala,25,1,0042337cb4a43bd54504ba4d8219c8791a0a74ef953dac8e3fb189f64cc04ac1,cfg_SCN_3a3d58b3,checkpoint_metadata/oamae/SCN_OA_MAE_fold_Douala_K25_s1.checkpoint_metadata.json,fewshot_ids_fold_Douala_K25_s1.txt,true
OA_MAE,fold_Douala,25,2,39435d9ad8852c5d89f4c668ef6edd069350a88b3308caa809a00c471474b8c2,cfg_SCN_3a3d58b3,checkpoint_metadata/oamae/SCN_OA_MAE_fold_Douala_K25_s2.checkpoint_metadata.json,fewshot_ids_fold_Douala_K25_s2.txt,true
OA_MAE,fold_Douala,25,3,2c6b0dc8b6be7419c4ce9fe7f253d25bf6c50b38e1e70b775ee4a0f491db84c5,cfg_SCN_3a3d58b3,checkpoint_metadata/oamae/SCN_OA_MAE_fold_Douala_K25_s3.checkpoint_metadata.json,fewshot_ids_fold_Douala_K25_s3.txt,true
OA_MAE,fold_Douala,25,4,5371acf70f4e2107081ae154503f6db35638a83e9e702f8c94e396cc0e162768,cfg_SCN_3a3d58b3,checkpoint_metadata/oamae/SCN_OA_MAE_fold_Douala_K25_s4.checkpoint_metadata.json,fewshot_ids_fold_Douala_K25_s4.txt,true
OA_MAE,fold_Douala,25,5,3af4605fe5dc9cd629166e5a404a6d0af5162bd5f3ed47ad93f904777a9f9441,cfg_SCN_3a3d58b3,checkpoint_metadata/oamae/SCN_OA_MAE_fold_Douala_K25_s5.checkpoint_metadata.json,fewshot_ids_fold_Douala_K25_s5.txt,true
OA_MAE,fold_Douala,25,6,58c9deee19d6606a443a5a0a9bbc7c401139a12c3a9c7400a6688006d551bb84,cfg_SCN_3a3d58b3,checkpoint_metadata/oamae/SCN_OA_MAE_fold_Douala_K25_s6.checkpoint_metadata.json,fewshot_ids_fold_Douala_K25_s6.txt,true
OA_MAE,fold_Douala,25,7,9afe0e5b9aa745b8b8845fbf421fdef1933b2a37cb96c1699c2961ead12b7e4d,cfg_SCN_3a3d58b3,checkpoint_metadata/oamae/SCN_OA_MAE_fold_Douala_K25_s7.checkpoint_metadata.json,fewshot_ids_fold_Douala_K25_s7.txt,true
OA_MAE,fold_Douala,25,8,5319abb6793eea2b252db236af9b0ec6e5168b7f8367da95eecd602b489df586,cfg_SCN_3a3d58b3,checkpoint_metadata/oamae/SCN_OA_MAE_fold_Douala_K25_s8.checkpoint_metadata.json,fewshot_ids_fold_Douala_K25_s8.txt,true
OA_MAE,fold_Douala,25,9,3bb27fcdb728103a0e07ad7a200805124eaf93914e3eb04559e9a4abe5ac9dc8,cfg_SCN_3a3d58b3,checkpoint_metadata/oamae/SCN_OA_MAE_fold_Douala_K25_s9.checkpoint_metadata.json,fewshot_ids_fold_Douala_K25_s9.txt,true
OA_MAE,fold_Douala,25,10,683fe9a50da216ad963b2b6a7bbdbe40a67cdb71598b4e8f7d4b50879bdeb16f,cfg_SCN_3a3d58b3,checkpoint_metadata/oamae/SCN_OA_MAE_fold_Douala_K25_s10.checkpoint_metadata.json,fewshot_ids_fold_Douala_K25_s10.txt,true
OA_MAE,fold_Douala,50,1,88b1f87fefec2b1dd6fbdcfa1b0d3ffb468901e58c8e4f96e97e54ea3e23bfb3,cfg_SCN_5804b62f,checkpoint_metadata/oamae/SCN_OA_MAE_fold_Douala_K50_s1.checkpoint_metadata.json,fewshot_ids_fold_Douala_K50_s1.txt,true
OA_MAE,fold_Douala,50,2,095aee1e2fd634fb8385f37786672a500b46f41241dcf760127d479b35639b00,cfg_SCN_5804b62f,checkpoint_metadata/oamae/SCN_OA_MAE_fold_Douala_K50_s2.checkpoint_metadata.json,fewshot_ids_fold_Douala_K50_s2.txt,true
OA_MAE,fold_Douala,50,3,c77c0dd50e99ce1be4f31fc3692d5d9d7afc4282d6208a87f4849cf850fe9540,cfg_SCN_5804b62f,checkpoint_metadata/oamae/SCN_OA_MAE_fold_Douala_K50_s3.checkpoint_metadata.json,fewshot_ids_fold_Douala_K50_s3.txt,true
OA_MAE,fold_Douala,50,4,0c48be8b4776ec79fa0b103c54dac55b8451cb42790929ccd4aa523deaa8a3f7,cfg_SCN_5804b62f,checkpoint_metadata/oamae/SCN_OA_MAE_fold_Douala_K50_s4.checkpoint_metadata.json,fewshot_ids_fold_Douala_K50_s4.txt,true
OA_MAE,fold_Douala,50,5,16fe15c26c6c0cba1b9da319ae5a2a199237adac1cd697dbfce6167e56e3247b,cfg_SCN_5804b62f,checkpoint_metadata/oamae/SCN_OA_MAE_fold_Douala_K50_s5.checkpoint_metadata.json,fewshot_ids_fold_Douala_K50_s5.txt,true
OA_MAE,fold_Douala,50,6,0abd2157665d23db1d5e8fe31a9e89827df011ecce7bdcf860dc10ab8faf8d59,cfg_SCN_5804b62f,checkpoint_metadata/oamae/SCN_OA_MAE_fold_Douala_K50_s6.checkpoint_metadata.json,fewshot_ids_fold_Douala_K50_s6.txt,true
OA_MAE,fold_Douala,50,7,34d0d280fa1da08d2e9870f90d488dd8c3532039951366cbe3d46bb8e20879c1,cfg_SCN_5804b62f,checkpoint_metadata/oamae/SCN_OA_MAE_fold_Douala_K50_s7.checkpoint_metadata.json,fewshot_ids_fold_Douala_K50_s7.txt,true
OA_MAE,fold_Douala,50,8,672099141c7ce9f6cc5352e7370eadd8e1ee72754e30c39427c7de71f0b810e3,cfg_SCN_5804b62f,checkpoint_metadata/oamae/SCN_OA_MAE_fold_Douala_K50_s8.checkpoint_metadata.json,fewshot_ids_fold_Douala_K50_s8.txt,true
OA_MAE,fold_Douala,50,9,713fec87636162776d42cffbb0ccbed463d60750a1faa7f205718bfd52f7c903,cfg_SCN_5804b62f,checkpoint_metadata/oamae/SCN_OA_MAE_fold_Douala_K50_s9.checkpoint_metadata.json,fewshot_ids_fold_Douala_K50_s9.txt,true
OA_MAE,fold_Douala,50,10,951ffa84de80ffa396bc47b66fc8913064533e05118a336524bd6667474b1cb1,cfg_SCN_5804b62f,checkpoint_metadata/oamae/SCN_OA_MAE_fold_Douala_K50_s10.checkpoint_metadata.json,fewshot_ids_fold_Douala_K50_s10.txt,true
OA_MAE,fold_Garoua,10,1,71d700b2a6135aad232df7f885e0880d301186038c1670e05ac602b94f6b9c50,cfg_SCN_73c1e013,checkpoint_metadata/oamae/SCN_OA_MAE_fold_Garoua_K10_s1.checkpoint_metadata.json,fewshot_ids_fold_Garoua_K10_s1.txt,true
OA_MAE,fold_Garoua,10,2,b107a5284dd78ad23374578f9d9e8100877cabba0d391f842908aff135e3cb35,cfg_SCN_73c1e013,checkpoint_metadata/oamae/SCN_OA_MAE_fold_Garoua_K10_s2.checkpoint_metadata.json,fewshot_ids_fold_Garoua_K10_s2.txt,true
OA_MAE,fold_Garoua,10,3,6a2ac11e3e4846c8856cfd93df85c3286b3bdaf7ef485968404811bbd9e2f23d,cfg_SCN_73c1e013,checkpoint_metadata/oamae/SCN_OA_MAE_fold_Garoua_K10_s3.checkpoint_metadata.json,fewshot_ids_fold_Garoua_K10_s3.txt,true
OA_MAE,fold_Garoua,10,4,ba87aec4a1585c09cf26456386ef0b48093b9adb4cfd7ba05f595924aa02f620,cfg_SCN_73c1e013,checkpoint_metadata/oamae/SCN_OA_MAE_fold_Garoua_K10_s4.checkpoint_metadata.json,fewshot_ids_fold_Garoua_K10_s4.txt,true
OA_MAE,fold_Garoua,10,5,b9ba5aabb19c686444bac59eaaed864bc27cb3b1e6c8238ef0345557adaf9342,cfg_SCN_73c1e013,checkpoint_metadata/oamae/SCN_OA_MAE_fold_Garoua_K10_s5.checkpoint_metadata.json,fewshot_ids_fold_Garoua_K10_s5.txt,true
OA_MAE,fold_Garoua,10,6,22bfa8404e590b3a4d3cceda6947242adbcef9debc89857b995b596e52b8c7ed,cfg_SCN_73c1e013,checkpoint_metadata/oamae/SCN_OA_MAE_fold_Garoua_K10_s6.checkpoint_metadata.json,fewshot_ids_fold_Garoua_K10_s6.txt,true
OA_MAE,fold_Garoua,10,7,45b12b969e689ff8f6115d6b849fdfe9d47e49fe73099b687d651c45a3555de3,cfg_SCN_73c1e013,checkpoint_metadata/oamae/SCN_OA_MAE_fold_Garoua_K10_s7.checkpoint_metadata.json,fewshot_ids_fold_Garoua_K10_s7.txt,true
OA_MAE,fold_Garoua,10,8,30b112afc7e7f17091df247024daca4d8673d876eb9cc5dd2411293a36069794,cfg_SCN_73c1e013,checkpoint_metadata/oamae/SCN_OA_MAE_fold_Garoua_K10_s8.checkpoint_metadata.json,fewshot_ids_fold_Garoua_K10_s8.txt,true
OA_MAE,fold_Garoua,10,9,403e9fa0fa37e3daaba4d16e4b40fd53519bffd974e158aaff85bb6a6bb01c87,cfg_SCN_73c1e013,checkpoint_metadata/oamae/SCN_OA_MAE_fold_Garoua_K10_s9.checkpoint_metadata.json,fewshot_ids_fold_Garoua_K10_s9.txt,true
OA_MAE,fold_Garoua,10,10,b00ad3abe5fba0e2679ffe1af075a899fdd716b9ee21864475a0179f7e339822,cfg_SCN_73c1e013,checkpoint_metadata/oamae/SCN_OA_MAE_fold_Garoua_K10_s10.checkpoint_metadata.json,fewshot_ids_fold_Garoua_K10_s10.txt,true
OA_MAE,fold_Garoua,25,1,a071af204f27db2e0023fc0fa753186ff01b6912c4ec69a1138021b7fffe2206,cfg_SCN_3a3d58b3,checkpoint_metadata/oamae/SCN_OA_MAE_fold_Garoua_K25_s1.checkpoint_metadata.json,fewshot_ids_fold_Garoua_K25_s1.txt,true
OA_MAE,fold_Garoua,25,2,ef61708512fd372d0ca51b1de3d736205d74af1ed53182005627a1ebf00f0de4,cfg_SCN_3a3d58b3,checkpoint_metadata/oamae/SCN_OA_MAE_fold_Garoua_K25_s2.checkpoint_metadata.json,fewshot_ids_fold_Garoua_K25_s2.txt,true
OA_MAE,fold_Garoua,25,3,81e8fd4975c4a937a32c9a13c9d2e058667b3d7e5d3e082e876615627501e175,cfg_SCN_3a3d58b3,checkpoint_metadata/oamae/SCN_OA_MAE_fold_Garoua_K25_s3.checkpoint_metadata.json,fewshot_ids_fold_Garoua_K25_s3.txt,true
OA_MAE,fold_Garoua,25,4,897a53bca9a1ab56546fe4b58f586db3481794a2e34d2f58fc3a19937598ff7f,cfg_SCN_3a3d58b3,checkpoint_metadata/oamae/SCN_OA_MAE_fold_Garoua_K25_s4.checkpoint_metadata.json,fewshot_ids_fold_Garoua_K25_s4.txt,true
OA_MAE,fold_Garoua,25,5,5bcec738c2c7ea785954a81a5ddb1f93cece8770d34003c57e23217e81cac8b5,cfg_SCN_3a3d58b3,checkpoint_metadata/oamae/SCN_OA_MAE_fold_Garoua_K25_s5.checkpoint_metadata.json,fewshot_ids_fold_Garoua_K25_s5.txt,true
OA_MAE,fold_Garoua,25,6,95b46f8abc6110932b2dad451222338f72db6fc4faf31adf4e6036a072b4cc0b,cfg_SCN_3a3d58b3,checkpoint_metadata/oamae/SCN_OA_MAE_fold_Garoua_K25_s6.checkpoint_metadata.json,fewshot_ids_fold_Garoua_K25_s6.txt,true
OA_MAE,fold_Garoua,25,7,5cee2e88124f74ecb9b73d693338b622b5375d255caa26a477d89a001d504fd0,cfg_SCN_3a3d58b3,checkpoint_metadata/oamae/SCN_OA_MAE_fold_Garoua_K25_s7.checkpoint_metadata.json,fewshot_ids_fold_Garoua_K25_s7.txt,true
OA_MAE,fold_Garoua,25,8,cda9a1038c80f0ed386b4c281bae4586d8fafcc44306af6be97e57f555a2dbd2,cfg_SCN_3a3d58b3,checkpoint_metadata/oamae/SCN_OA_MAE_fold_Garoua_K25_s8.checkpoint_metadata.json,fewshot_ids_fold_Garoua_K25_s8.txt,true
OA_MAE,fold_Garoua,25,9,da3a8d6effee9003866e468d7550d0a676cc28dfdb02981091c2eb189a742e8e,cfg_SCN_3a3d58b3,checkpoint_metadata/oamae/SCN_OA_MAE_fold_Garoua_K25_s9.checkpoint_metadata.json,fewshot_ids_fold_Garoua_K25_s9.txt,true
OA_MAE,fold_Garoua,25,10,2752a7fbcba76eff0e487221f1edfffd7b14512c33cd9e7b750505ef0387d88a,cfg_SCN_3a3d58b3,checkpoint_metadata/oamae/SCN_OA_MAE_fold_Garoua_K25_s10.checkpoint_metadata.json,fewshot_ids_fold_Garoua_K25_s10.txt,true
OA_MAE,fold_Garoua,50,1,6f9f562b686f33a8801c31f2a6689ff0d4b0613ee89ee05f60972e3588af157a,cfg_SCN_5804b62f,checkpoint_metadata/oamae/SCN_OA_MAE_fold_Garoua_K50_s1.checkpoint_metadata.json,fewshot_ids_fold_Garoua_K50_s1.txt,true
OA_MAE,fold_Garoua,50,2,ef061f5099f97143cf22603ea2c3161cd09aa273f8c54fbfc49b767d8937ea9c,cfg_SCN_5804b62f,checkpoint_metadata/oamae/SCN_OA_MAE_fold_Garoua_K50_s2.checkpoint_metadata.json,fewshot_ids_fold_Garoua_K50_s2.txt,true
OA_MAE,fold_Garoua,50,3,8993bfd9842428e2a6b38568fa3f89f8010f013cbe44a60a669d75138dc13be9,cfg_SCN_5804b62f,checkpoint_metadata/oamae/SCN_OA_MAE_fold_Garoua_K50_s3.checkpoint_metadata.json,fewshot_ids_fold_Garoua_K50_s3.txt,true
OA_MAE,fold_Garoua,50,4,9b395ef3c71a497abad2ba0134084e9045c0fc04b24ee767d3d144b8962bb607,cfg_SCN_5804b62f,checkpoint_metadata/oamae/SCN_OA_MAE_fold_Garoua_K50_s4.checkpoint_metadata.json,fewshot_ids_fold_Garoua_K50_s4.txt,true
OA_MAE,fold_Garoua,50,5,1a509f3b829b84103f978cf5916527091ab8719135cf302504e2dc48774152a5,cfg_SCN_5804b62f,checkpoint_metadata/oamae/SCN_OA_MAE_fold_Garoua_K50_s5.checkpoint_metadata.json,fewshot_ids_fold_Garoua_K50_s5.txt,true
OA_MAE,fold_Garoua,50,6,aa157a0f2f6315141ca8ffdeabc0ab0899aeeaa2132add5c37bec8ba1f0fbf3e,cfg_SCN_5804b62f,checkpoint_metadata/oamae/SCN_OA_MAE_fold_Garoua_K50_s6.checkpoint_metadata.json,fewshot_ids_fold_Garoua_K50_s6.txt,true
OA_MAE,fold_Garoua,50,7,548f8f43032d105336a9b97531cc2a69018dfb2a8c7c27f5c64fab7f0c94008a,cfg_SCN_5804b62f,checkpoint_metadata/oamae/SCN_OA_MAE_fold_Garoua_K50_s7.checkpoint_metadata.json,fewshot_ids_fold_Garoua_K50_s7.txt,true
OA_MAE,fold_Garoua,50,8,cc17818ebe27ba798fb68ecdc21513884ca3af1ec65e5dbbde02804588ed87d6,cfg_SCN_5804b62f,checkpoint_metadata/oamae/SCN_OA_MAE_fold_Garoua_K50_s8.checkpoint_metadata.json,fewshot_ids_fold_Garoua_K50_s8.txt,true
OA_MAE,fold_Garoua,50,9,39f5546c200ec94c2de94678670b5ed699b3dbad8f210a4fd715cde9fe933d26,cfg_SCN_5804b62f,checkpoint_metadata/oamae/SCN_OA_MAE_fold_Garoua_K50_s9.checkpoint_metadata.json,fewshot_ids_fold_Garoua_K50_s9.txt,true
OA_MAE,fold_Garoua,50,10,b6b11466257c1498e528cd84c305cfdc04c4901bc8e5d8e965acef4afb59ba99,cfg_SCN_5804b62f,checkpoint_metadata/oamae/SCN_OA_MAE_fold_Garoua_K50_s10.checkpoint_metadata.json,fewshot_ids_fold_Garoua_K50_s10.txt,true
OA_MAE,fold_Kigali,10,1,4b90cd417bc62d83da4f45d8599b7c794a4ad0dc95f683fa5a42e1abf0abdc99,cfg_SCN_73c1e013,checkpoint_metadata/oamae/SCN_OA_MAE_fold_Kigali_K10_s1.checkpoint_metadata.json,fewshot_ids_fold_Kigali_K10_s1.txt,true
OA_MAE,fold_Kigali,10,2,8b7db1f1eafd7bc2313d09e3cbae2e07a11b5317862253bbcdf5542a35865e9d,cfg_SCN_73c1e013,checkpoint_metadata/oamae/SCN_OA_MAE_fold_Kigali_K10_s2.checkpoint_metadata.json,fewshot_ids_fold_Kigali_K10_s2.txt,true
OA_MAE,fold_Kigali,10,3,bce21f901ae40e25e0d619dc50a2dd4f24aea1549f1b49a72e10fd8a69fda818,cfg_SCN_73c1e013,checkpoint_metadata/oamae/SCN_OA_MAE_fold_Kigali_K10_s3.checkpoint_metadata.json,fewshot_ids_fold_Kigali_K10_s3.txt,true
OA_MAE,fold_Kigali,10,4,11ee3a913782f1c216548abd119bea621a725fbc37ed871a62a2c6a38fc1d43e,cfg_SCN_73c1e013,checkpoint_metadata/oamae/SCN_OA_MAE_fold_Kigali_K10_s4.checkpoint_metadata.json,fewshot_ids_fold_Kigali_K10_s4.txt,true
OA_MAE,fold_Kigali,10,5,642dff0d06f182e0bd97e3763817db282c71c00f90a39d13344dd271c35f13d3,cfg_SCN_73c1e013,checkpoint_metadata/oamae/SCN_OA_MAE_fold_Kigali_K10_s5.checkpoint_metadata.json,fewshot_ids_fold_Kigali_K10_s5.txt,true
OA_MAE,fold_Kigali,10,6,a5a120558b56a4a31346afdd7ce2bdf90e5c33d188fe8a79fe60da9d0e497df3,cfg_SCN_73c1e013,checkpoint_metadata/oamae/SCN_OA_MAE_fold_Kigali_K10_s6.checkpoint_metadata.json,fewshot_ids_fold_Kigali_K10_s6.txt,true
OA_MAE,fold_Kigali,10,7,799d5ee41765d1828cb092ed28b0ec0f5921a006f2a8f0c0881ad29109222e21,cfg_SCN_73c1e013,checkpoint_metadata/oamae/SCN_OA_MAE_fold_Kigali_K10_s7.checkpoint_metadata.json,fewshot_ids_fold_Kigali_K10_s7.txt,true
OA_MAE,fold_Kigali,10,8,db908693ab77941c9ab1804bd42eca0e07c061ef980150afdade04b0feb83e57,cfg_SCN_73c1e013,checkpoint_metadata/oamae/SCN_OA_MAE_fold_Kigali_K10_s8.checkpoint_metadata.json,fewshot_ids_fold_Kigali_K10_s8.txt,true
OA_MAE,fold_Kigali,10,9,3e9419b01e7ef8dbc75cfe6d069b7baf60cc14213af03536b94dc67a529c7dfa,cfg_SCN_73c1e013,checkpoint_metadata/oamae/SCN_OA_MAE_fold_Kigali_K10_s9.checkpoint_metadata.json,fewshot_ids_fold_Kigali_K10_s9.txt,true
OA_MAE,fold_Kigali,10,10,b5aeec89c853cda879872e4f2d9a744c9d9c296f76acd904569cac1f41f0eadf,cfg_SCN_73c1e013,checkpoint_metadata/oamae/SCN_OA_MAE_fold_Kigali_K10_s10.checkpoint_metadata.json,fewshot_ids_fold_Kigali_K10_s10.txt,true
OA_MAE,fold_Kigali,25,1,a6840cb157451d9681b0b942a3e064e6be3d104e58193c6413423801e2e0f526,cfg_SCN_3a3d58b3,checkpoint_metadata/oamae/SCN_OA_MAE_fold_Kigali_K25_s1.checkpoint_metadata.json,fewshot_ids_fold_Kigali_K25_s1.txt,true
OA_MAE,fold_Kigali,25,2,9a06a5e60ecebe8f93bace12e811fe21ed3a5a7889d4da8476b0ad36dcc98448,cfg_SCN_3a3d58b3,checkpoint_metadata/oamae/SCN_OA_MAE_fold_Kigali_K25_s2.checkpoint_metadata.json,fewshot_ids_fold_Kigali_K25_s2.txt,true
OA_MAE,fold_Kigali,25,3,940f6d3eb8b3454121b973321b87e061428a417bdefcb4ac68cb12c41ae3677c,cfg_SCN_3a3d58b3,checkpoint_metadata/oamae/SCN_OA_MAE_fold_Kigali_K25_s3.checkpoint_metadata.json,fewshot_ids_fold_Kigali_K25_s3.txt,true
OA_MAE,fold_Kigali,25,4,d4a6a2471195ebaacb7909a83d6ca129871686d549100875a3733d01ccd13cfa,cfg_SCN_3a3d58b3,checkpoint_metadata/oamae/SCN_OA_MAE_fold_Kigali_K25_s4.checkpoint_metadata.json,fewshot_ids_fold_Kigali_K25_s4.txt,true
OA_MAE,fold_Kigali,25,5,a859f516adc92a67f02b4acbd3c2d5d23615f1b28f8f8276aa9503d81ef5f89b,cfg_SCN_3a3d58b3,checkpoint_metadata/oamae/SCN_OA_MAE_fold_Kigali_K25_s5.checkpoint_metadata.json,fewshot_ids_fold_Kigali_K25_s5.txt,true
OA_MAE,fold_Kigali,25,6,1f11e76890e7ea5e61c6f6a16e359640a91c8abee3ff5b5d4f89f6f36c1d23f2,cfg_SCN_3a3d58b3,checkpoint_metadata/oamae/SCN_OA_MAE_fold_Kigali_K25_s6.checkpoint_metadata.json,fewshot_ids_fold_Kigali_K25_s6.txt,true
OA_MAE,fold_Kigali,25,7,8110997ee42c7578f34565b76307ddda7784cd324e0f5b41ec4aa46c77963393,cfg_SCN_3a3d58b3,checkpoint_metadata/oamae/SCN_OA_MAE_fold_Kigali_K25_s7.checkpoint_metadata.json,fewshot_ids_fold_Kigali_K25_s7.txt,true
OA_MAE,fold_Kigali,25,8,86888a61068bfe8e4985005599e6ab674222f3e9d11f7559316be7f4ecad2b91,cfg_SCN_3a3d58b3,checkpoint_metadata/oamae/SCN_OA_MAE_fold_Kigali_K25_s8.checkpoint_metadata.json,fewshot_ids_fold_Kigali_K25_s8.txt,true
OA_MAE,fold_Kigali,25,9,96293e72cb519470a29fe352108c20b02f35a076758e2c0431e3fd1abb404ac5,cfg_SCN_3a3d58b3,checkpoint_metadata/oamae/SCN_OA_MAE_fold_Kigali_K25_s9.checkpoint_metadata.json,fewshot_ids_fold_Kigali_K25_s9.txt,true
OA_MAE,fold_Kigali,25,10,33e23d7f2adc0fa0eea2d5d93af92aed79938d9b3e34c66d90f20bc3e5306fb6,cfg_SCN_3a3d58b3,checkpoint_metadata/oamae/SCN_OA_MAE_fold_Kigali_K25_s10.checkpoint_metadata.json,fewshot_ids_fold_Kigali_K25_s10.txt,true
OA_MAE,fold_Kigali,50,1,75707f29d42df69b8c46e61c964e24990e8b4671c5fca8edda2241051dbac705,cfg_SCN_5804b62f,checkpoint_metadata/oamae/SCN_OA_MAE_fold_Kigali_K50_s1.checkpoint_metadata.json,fewshot_ids_fold_Kigali_K50_s1.txt,true
OA_MAE,fold_Kigali,50,2,649a4473402d54cd6ab4b4c6e33e7e4c1c41fab4cacff74c0fa6bccf6dd852de,cfg_SCN_5804b62f,checkpoint_metadata/oamae/SCN_OA_MAE_fold_Kigali_K50_s2.checkpoint_metadata.json,fewshot_ids_fold_Kigali_K50_s2.txt,true
OA_MAE,fold_Kigali,50,3,d3cfebb1fd79ca92670c951529a719bcf141c64058c6ab63638bc7989b1cff5b,cfg_SCN_5804b62f,checkpoint_metadata/oamae/SCN_OA_MAE_fold_Kigali_K50_s3.checkpoint_metadata.json,fewshot_ids_fold_Kigali_K50_s3.txt,true
OA_MAE,fold_Kigali,50,4,e784e44559475f76db94389e51dac26b774f44c64459768cb5d2777b9ca37c29,cfg_SCN_5804b62f,checkpoint_metadata/oamae/SCN_OA_MAE_fold_Kigali_K50_s4.checkpoint_metadata.json,fewshot_ids_fold_Kigali_K50_s4.txt,true
OA_MAE,fold_Kigali,50,5,cb75acec9fe2a904d61aed2aabecd0551ed1bf2849fe8c9a2a2ab6d804fd97a3,cfg_SCN_5804b62f,checkpoint_metadata/oamae/SCN_OA_MAE_fold_Kigali_K50_s5.checkpoint_metadata.json,fewshot_ids_fold_Kigali_K50_s5.txt,true
OA_MAE,fold_Kigali,50,6,2a4fee84d68b0eba526771c8990439604dcea9b205925c47163547f3760d936e,cfg_SCN_5804b62f,checkpoint_metadata/oamae/SCN_OA_MAE_fold_Kigali_K50_s6.checkpoint_metadata.json,fewshot_ids_fold_Kigali_K50_s6.txt,true
OA_MAE,fold_Kigali,50,7,8bf86415c8bba2ded6ba6bca68f2bd150a5a917a2a302a80520f6afbefd09462,cfg_SCN_5804b62f,checkpoint_metadata/oamae/SCN_OA_MAE_fold_Kigali_K50_s7.checkpoint_metadata.json,fewshot_ids_fold_Kigali_K50_s7.txt,true
OA_MAE,fold_Kigali,50,8,770a405e89b84e0c06afc6343828f83105d6494c00b6894d3949bee5d4c14f44,cfg_SCN_5804b62f,checkpoint_metadata/oamae/SCN_OA_MAE_fold_Kigali_K50_s8.checkpoint_metadata.json,fewshot_ids_fold_Kigali_K50_s8.txt,true
OA_MAE,fold_Kigali,50,9,a32a9080d00f98961b795814122c3c286ea93f20558f2a1e7b03c5e38a70c68c,cfg_SCN_5804b62f,checkpoint_metadata/oamae/SCN_OA_MAE_fold_Kigali_K50_s9.checkpoint_metadata.json,fewshot_ids_fold_Kigali_K50_s9.txt,true
OA_MAE,fold_Kigali,50,10,a5aff0e9d5984750e905bc0737cd485dab603fd34af3d0317be8216b495edbf0,cfg_SCN_5804b62f,checkpoint_metadata/oamae/SCN_OA_MAE_fold_Kigali_K50_s10.checkpoint_metadata.json,fewshot_ids_fold_Kigali_K50_s10.txt,true
OA_MAE,fold_Yaounde,10,1,ad64665433fa50239ca5c25178c4dcc33a03e43facc196b09dbe938142a1675c,cfg_SCN_73c1e013,checkpoint_metadata/oamae/SCN_OA_MAE_fold_Yaounde_K10_s1.checkpoint_metadata.json,fewshot_ids_fold_Yaounde_K10_s1.txt,true
OA_MAE,fold_Yaounde,10,2,cbe644c6d14e9681f58010f05f3c2a9f2a99b24ef0db26875a8cdd2ac54dced6,cfg_SCN_73c1e013,checkpoint_metadata/oamae/SCN_OA_MAE_fold_Yaounde_K10_s2.checkpoint_metadata.json,fewshot_ids_fold_Yaounde_K10_s2.txt,true
OA_MAE,fold_Yaounde,10,3,0211659e0ee85b216a77752eb553895909cd8e146bac8abc5a867876c134cb27,cfg_SCN_73c1e013,checkpoint_metadata/oamae/SCN_OA_MAE_fold_Yaounde_K10_s3.checkpoint_metadata.json,fewshot_ids_fold_Yaounde_K10_s3.txt,true
OA_MAE,fold_Yaounde,10,4,6510958704334b90b0513a0edf0aa843a9a4c02b7346ccc454c1c776fb2477e9,cfg_SCN_73c1e013,checkpoint_metadata/oamae/SCN_OA_MAE_fold_Yaounde_K10_s4.checkpoint_metadata.json,fewshot_ids_fold_Yaounde_K10_s4.txt,true
OA_MAE,fold_Yaounde,10,5,8055f9abd2df4541b2ec1ee0cfc00f3eb26f115329e18defc7d60227521f6e5c,cfg_SCN_73c1e013,checkpoint_metadata/oamae/SCN_OA_MAE_fold_Yaounde_K10_s5.checkpoint_metadata.json,fewshot_ids_fold_Yaounde_K10_s5.txt,true
OA_MAE,fold_Yaounde,10,6,06316f466bc486b8016ba8c56b8e87838f858d4ea0585e7857d9ae6af71deb65,cfg_SCN_73c1e013,checkpoint_metadata/oamae/SCN_OA_MAE_fold_Yaounde_K10_s6.checkpoint_metadata.json,fewshot_ids_fold_Yaounde_K10_s6.txt,true
OA_MAE,fold_Yaounde,10,7,13dd8760c974184a3667f770959348148aeaf8751dd5879e5c3b5149b6aca951,cfg_SCN_73c1e013,checkpoint_metadata/oamae/SCN_OA_MAE_fold_Yaounde_K10_s7.checkpoint_metadata.json,fewshot_ids_fold_Yaounde_K10_s7.txt,true
OA_MAE,fold_Yaounde,10,8,3c47161e0eda671eb18afd255eba341625b76377cbcdb43d4e0bc44d9a7faea2,cfg_SCN_73c1e013,checkpoint_metadata/oamae/SCN_OA_MAE_fold_Yaounde_K10_s8.checkpoint_metadata.json,fewshot_ids_fold_Yaounde_K10_s8.txt,true
OA_MAE,fold_Yaounde,10,9,fc6408eab5109cd2216362f2b9b055ad53b6ce3035a6c5c9b99aa5209fb28cff,cfg_SCN_73c1e013,checkpoint_metadata/oamae/SCN_OA_MAE_fold_Yaounde_K10_s9.checkpoint_metadata.json,fewshot_ids_fold_Yaounde_K10_s9.txt,true
OA_MAE,fold_Yaounde,10,10,bbce58a5caaf90b5693d4e2abf384c0ac9aae43c6c69ef7b5d797f1766555848,cfg_SCN_73c1e013,checkpoint_metadata/oamae/SCN_OA_MAE_fold_Yaounde_K10_s10.checkpoint_metadata.json,fewshot_ids_fold_Yaounde_K10_s10.txt,true
OA_MAE,fold_Yaounde,25,1,62124b41e79377d79f33171aa189ba95bd7573c1b39e5ed4d9f4ad78b2fb21d3,cfg_SCN_3a3d58b3,checkpoint_metadata/oamae/SCN_OA_MAE_fold_Yaounde_K25_s1.checkpoint_metadata.json,fewshot_ids_fold_Yaounde_K25_s1.txt,true
OA_MAE,fold_Yaounde,25,2,7fa6ca1e168de09aea055b1f8a2c53f038cf5407f3ad1aa1ce51c545b8f5b8cd,cfg_SCN_3a3d58b3,checkpoint_metadata/oamae/SCN_OA_MAE_fold_Yaounde_K25_s2.checkpoint_metadata.json,fewshot_ids_fold_Yaounde_K25_s2.txt,true
OA_MAE,fold_Yaounde,25,3,770ae3c2ba2ae2ef71b1fad9dac1450d82fc150b03a0223a6066d1d7360d9d8b,cfg_SCN_3a3d58b3,checkpoint_metadata/oamae/SCN_OA_MAE_fold_Yaounde_K25_s3.checkpoint_metadata.json,fewshot_ids_fold_Yaounde_K25_s3.txt,true
OA_MAE,fold_Yaounde,25,4,baab1cc095557573b9bd70b36fff0bf8f17ab2839138f6a09857b8dedf192046,cfg_SCN_3a3d58b3,checkpoint_metadata/oamae/SCN_OA_MAE_fold_Yaounde_K25_s4.checkpoint_metadata.json,fewshot_ids_fold_Yaounde_K25_s4.txt,true
OA_MAE,fold_Yaounde,25,5,acc90b71cd7741499b1abcc22f9eb7fc2dced4444d74877f5d429b3e9e06466c,cfg_SCN_3a3d58b3,checkpoint_metadata/oamae/SCN_OA_MAE_fold_Yaounde_K25_s5.checkpoint_metadata.json,fewshot_ids_fold_Yaounde_K25_s5.txt,true
OA_MAE,fold_Yaounde,25,6,bc559f2a26ed0e16a40210456f3bbf8fa8442a73d5bddf80713a2dcf2f9e3665,cfg_SCN_3a3d58b3,checkpoint_metadata/oamae/SCN_OA_MAE_fold_Yaounde_K25_s6.checkpoint_metadata.json,fewshot_ids_fold_Yaounde_K25_s6.txt,true
OA_MAE,fold_Yaounde,25,7,24fac4bd7997e34af8c2a67bd602d008ad9664646098b94471920511acb3bfb4,cfg_SCN_3a3d58b3,checkpoint_metadata/oamae/SCN_OA_MAE_fold_Yaounde_K25_s7.checkpoint_metadata.json,fewshot_ids_fold_Yaounde_K25_s7.txt,true
OA_MAE,fold_Yaounde,25,8,4003b8af0a35b02f8cbf81bab3a81d9a59566ce9ab78731c99a60b7bd74a5ee0,cfg_SCN_3a3d58b3,checkpoint_metadata/oamae/SCN_OA_MAE_fold_Yaounde_K25_s8.checkpoint_metadata.json,fewshot_ids_fold_Yaounde_K25_s8.txt,true
OA_MAE,fold_Yaounde,25,9,1358e472ba0bbfb5e5e29ff1295eae0d41722765bde0b28bc5c128c097cb45b8,cfg_SCN_3a3d58b3,checkpoint_metadata/oamae/SCN_OA_MAE_fold_Yaounde_K25_s9.checkpoint_metadata.json,fewshot_ids_fold_Yaounde_K25_s9.txt,true
OA_MAE,fold_Yaounde,25,10,6cd3b0025c3349fb88b111c14b01324dc34b5d454371f139bb98fdafd3698299,cfg_SCN_3a3d58b3,checkpoint_metadata/oamae/SCN_OA_MAE_fold_Yaounde_K25_s10.checkpoint_metadata.json,fewshot_ids_fold_Yaounde_K25_s10.txt,true
OA_MAE,fold_Yaounde,50,1,7ec0668e66ecb229016fb506a7af05d80ea8bab0f2be55ffc73158892e81b2a8,cfg_SCN_5804b62f,checkpoint_metadata/oamae/SCN_OA_MAE_fold_Yaounde_K50_s1.checkpoint_metadata.json,fewshot_ids_fold_Yaounde_K50_s1.txt,true
OA_MAE,fold_Yaounde,50,2,f2f994ffe16d8c8ad0932ea13f4e404965c4607785f98b3b5580b7e6d6a65135,cfg_SCN_5804b62f,checkpoint_metadata/oamae/SCN_OA_MAE_fold_Yaounde_K50_s2.checkpoint_metadata.json,fewshot_ids_fold_Yaounde_K50_s2.txt,true
OA_MAE,fold_Yaounde,50,3,85ff2a9f97a4afc8a3387434cac2ee6cefff0296e01ad43deacc88a6e6fb93e8,cfg_SCN_5804b62f,checkpoint_metadata/oamae/SCN_OA_MAE_fold_Yaounde_K50_s3.checkpoint_metadata.json,fewshot_ids_fold_Yaounde_K50_s3.txt,true
OA_MAE,fold_Yaounde,50,4,34f63ba6cb324bca0dacbbe4dff3dd46aa90b40021d1b98641baf6ba392c1d21,cfg_SCN_5804b62f,checkpoint_metadata/oamae/SCN_OA_MAE_fold_Yaounde_K50_s4.checkpoint_metadata.json,fewshot_ids_fold_Yaounde_K50_s4.txt,true
OA_MAE,fold_Yaounde,50,5,2d4f3ebd06b9bc426cbca183f6a6babe6b713b7017aaa921dfef8afcf5c6fc47,cfg_SCN_5804b62f,checkpoint_metadata/oamae/SCN_OA_MAE_fold_Yaounde_K50_s5.checkpoint_metadata.json,fewshot_ids_fold_Yaounde_K50_s5.txt,true
OA_MAE,fold_Yaounde,50,6,48a0c59920b57455e262ee52a14c1a55009d308ea322da7e750df1c44e57fd51,cfg_SCN_5804b62f,checkpoint_metadata/oamae/SCN_OA_MAE_fold_Yaounde_K50_s6.checkpoint_metadata.json,fewshot_ids_fold_Yaounde_K50_s6.txt,true
OA_MAE,fold_Yaounde,50,7,ee116cbe9707f2bf9c036b6ee251f6345b8cc508e0b22c03d0d1fad6de3489ff,cfg_SCN_5804b62f,checkpoint_metadata/oamae/SCN_OA_MAE_fold_Yaounde_K50_s7.checkpoint_metadata.json,fewshot_ids_fold_Yaounde_K50_s7.txt,true
OA_MAE,fold_Yaounde,50,8,f2d913d477a37f7364a5b9249c751b6e9151274ed8ad770026de1f457266bbe0,cfg_SCN_5804b62f,checkpoint_metadata/oamae/SCN_OA_MAE_fold_Yaounde_K50_s8.checkpoint_metadata.json,fewshot_ids_fold_Yaounde_K50_s8.txt,true
OA_MAE,fold_Yaounde,50,9,17936b1fad39d28421cd2953a2ce965bab6d3174111579c7efdc7c44ce0d55ec,cfg_SCN_5804b62f,checkpoint_metadata/oamae/SCN_OA_MAE_fold_Yaounde_K50_s9.checkpoint_metadata.json,fewshot_ids_fold_Yaounde_K50_s9.txt,true
OA_MAE,fold_Yaounde,50,10,9e30d8f1495f568fc2d256af0aefa2bce3ca7dfd62d7094b65df945bdc783518,cfg_SCN_5804b62f,checkpoint_metadata/oamae/SCN_OA_MAE_fold_Yaounde_K50_s10.checkpoint_metadata.json,fewshot_ids_fold_Yaounde_K50_s10.txt,true
CROMA,fold_Dakar,10,1,05a1cbb80b5beb4a4f6165c58493321f7c78acef5fa7188a1003b0e72aae46a3,cfg_SCN_e0b94a24,checkpoint_metadata/croma/SCN_CROMA_fold_Dakar_K10_s1.checkpoint_metadata.json,fewshot_ids_fold_Dakar_K10_s1.txt,true
CROMA,fold_Dakar,10,2,130000414c3ce3a9fba47bb447ba7dab9c4bed8040ffabd3868543f09246d53a,cfg_SCN_e0b94a24,checkpoint_metadata/croma/SCN_CROMA_fold_Dakar_K10_s2.checkpoint_metadata.json,fewshot_ids_fold_Dakar_K10_s2.txt,true
CROMA,fold_Dakar,10,3,e493d9cdbaa39afe5a2a5c1129841c77d092082f57958a1b898152db948a5104,cfg_SCN_e0b94a24,checkpoint_metadata/croma/SCN_CROMA_fold_Dakar_K10_s3.checkpoint_metadata.json,fewshot_ids_fold_Dakar_K10_s3.txt,true
CROMA,fold_Dakar,10,4,abdf875b6ffc92b76ac9b4fa23ea501aa5b1df6784ce6200cfed2c44e30e1e8c,cfg_SCN_e0b94a24,checkpoint_metadata/croma/SCN_CROMA_fold_Dakar_K10_s4.checkpoint_metadata.json,fewshot_ids_fold_Dakar_K10_s4.txt,true
CROMA,fold_Dakar,10,5,d0efc8f91fc28ef87c354d88fd528c0cd9f373c03e8052bb9f0152e47a65c548,cfg_SCN_e0b94a24,checkpoint_metadata/croma/SCN_CROMA_fold_Dakar_K10_s5.checkpoint_metadata.json,fewshot_ids_fold_Dakar_K10_s5.txt,true
CROMA,fold_Dakar,10,6,b3d69746ecdde3200ffdfdada3d85b42309e5b8f3fffc1368ec52d6fe0a2842f,cfg_SCN_e0b94a24,checkpoint_metadata/croma/SCN_CROMA_fold_Dakar_K10_s6.checkpoint_metadata.json,fewshot_ids_fold_Dakar_K10_s6.txt,true
CROMA,fold_Dakar,10,7,fc00b1b367a61289ac33f777ce3167cc1635b5a8a5dae8156979f1bd363d38d5,cfg_SCN_e0b94a24,checkpoint_metadata/croma/SCN_CROMA_fold_Dakar_K10_s7.checkpoint_metadata.json,fewshot_ids_fold_Dakar_K10_s7.txt,true
CROMA,fold_Dakar,10,8,293642e6b4f60ea823c9d51fbf355be7ed6276103ff46d31d46279864acd04a8,cfg_SCN_e0b94a24,checkpoint_metadata/croma/SCN_CROMA_fold_Dakar_K10_s8.checkpoint_metadata.json,fewshot_ids_fold_Dakar_K10_s8.txt,true
CROMA,fold_Dakar,10,9,b9e978e5b476ce8dc4a0ae5a141165c62fda40e8ae640ae98ee9851e0bb2136b,cfg_SCN_e0b94a24,checkpoint_metadata/croma/SCN_CROMA_fold_Dakar_K10_s9.checkpoint_metadata.json,fewshot_ids_fold_Dakar_K10_s9.txt,true
CROMA,fold_Dakar,10,10,0efdfce149b4c00da1f23f86851dbcc880f2935954aec9cf263e0d654b0b78ab,cfg_SCN_e0b94a24,checkpoint_metadata/croma/SCN_CROMA_fold_Dakar_K10_s10.checkpoint_metadata.json,fewshot_ids_fold_Dakar_K10_s10.txt,true
CROMA,fold_Dakar,25,1,c614d498e39d4463ab73d6e912e52b43367b93c6fb709ce3c6a39a7cd7f5626f,cfg_SCN_50d4825d,checkpoint_metadata/croma/SCN_CROMA_fold_Dakar_K25_s1.checkpoint_metadata.json,fewshot_ids_fold_Dakar_K25_s1.txt,true
CROMA,fold_Dakar,25,2,3c23243d6e7e99df7a7d3fdda2c5245142e7fd4b565d2c2e730c8040580d6aa6,cfg_SCN_50d4825d,checkpoint_metadata/croma/SCN_CROMA_fold_Dakar_K25_s2.checkpoint_metadata.json,fewshot_ids_fold_Dakar_K25_s2.txt,true
CROMA,fold_Dakar,25,3,48fc92f1ea81d91c0fecbb0f56dcac9b09f1d95a481753c339ff001d6821778c,cfg_SCN_50d4825d,checkpoint_metadata/croma/SCN_CROMA_fold_Dakar_K25_s3.checkpoint_metadata.json,fewshot_ids_fold_Dakar_K25_s3.txt,true
CROMA,fold_Dakar,25,4,ed038702d9b4bdbc082ce69106df0492e0fd633905fa876f736addd7e5a5240f,cfg_SCN_50d4825d,checkpoint_metadata/croma/SCN_CROMA_fold_Dakar_K25_s4.checkpoint_metadata.json,fewshot_ids_fold_Dakar_K25_s4.txt,true
CROMA,fold_Dakar,25,5,90afc7538eb8831e614995c914b70f3bec85262d91ac6005c86b7ca00f8fb7c3,cfg_SCN_50d4825d,checkpoint_metadata/croma/SCN_CROMA_fold_Dakar_K25_s5.checkpoint_metadata.json,fewshot_ids_fold_Dakar_K25_s5.txt,true
CROMA,fold_Dakar,25,6,af20707935cbabf9f8ab52fab6e3a463625af1eb8cfb55b1e7905ab8b52cab3c,cfg_SCN_50d4825d,checkpoint_metadata/croma/SCN_CROMA_fold_Dakar_K25_s6.checkpoint_metadata.json,fewshot_ids_fold_Dakar_K25_s6.txt,true
CROMA,fold_Dakar,25,7,2dc67e6bdc2ef6281275af00ebb50464a2ca16012477050fbc78ee38de9de284,cfg_SCN_50d4825d,checkpoint_metadata/croma/SCN_CROMA_fold_Dakar_K25_s7.checkpoint_metadata.json,fewshot_ids_fold_Dakar_K25_s7.txt,true
CROMA,fold_Dakar,25,8,7180b6aaf3386088d59ef6506a30b4e23d6f64a2e4c56a418a7f603923055cd2,cfg_SCN_50d4825d,checkpoint_metadata/croma/SCN_CROMA_fold_Dakar_K25_s8.checkpoint_metadata.json,fewshot_ids_fold_Dakar_K25_s8.txt,true
CROMA,fold_Dakar,25,9,e633f45e8f6958fdb0f7561abeaa39d42b6565e4670c9309daa97bbeef0d5159,cfg_SCN_50d4825d,checkpoint_metadata/croma/SCN_CROMA_fold_Dakar_K25_s9.checkpoint_metadata.json,fewshot_ids_fold_Dakar_K25_s9.txt,true
CROMA,fold_Dakar,25,10,b90983a841187d2948abcb98ea393eeb790dbf9089030b2ed0ce39d6802b9277,cfg_SCN_50d4825d,checkpoint_metadata/croma/SCN_CROMA_fold_Dakar_K25_s10.checkpoint_metadata.json,fewshot_ids_fold_Dakar_K25_s10.txt,true
CROMA,fold_Dakar,50,1,ab1d8b82be6d9a918d97bfc04294311bb539a561d1685c98fe84179b5e7ca84a,cfg_SCN_5bcca47d,checkpoint_metadata/croma/SCN_CROMA_fold_Dakar_K50_s1.checkpoint_metadata.json,fewshot_ids_fold_Dakar_K50_s1.txt,true
CROMA,fold_Dakar,50,2,b5fbba193eee87378902c3a637dab3c14ab9d3d5f8fe7a53ff2174567fb2b9f0,cfg_SCN_5bcca47d,checkpoint_metadata/croma/SCN_CROMA_fold_Dakar_K50_s2.checkpoint_metadata.json,fewshot_ids_fold_Dakar_K50_s2.txt,true
CROMA,fold_Dakar,50,3,11a07724f0f59c4cc4203719b346fee0039767f3050dcc0a4dd811c4f9cb9648,cfg_SCN_5bcca47d,checkpoint_metadata/croma/SCN_CROMA_fold_Dakar_K50_s3.checkpoint_metadata.json,fewshot_ids_fold_Dakar_K50_s3.txt,true
CROMA,fold_Dakar,50,4,21b2fea7288aa849858422bc822e75208050696abf1daacde164e3ec756dcc48,cfg_SCN_5bcca47d,checkpoint_metadata/croma/SCN_CROMA_fold_Dakar_K50_s4.checkpoint_metadata.json,fewshot_ids_fold_Dakar_K50_s4.txt,true
CROMA,fold_Dakar,50,5,e7635eadf61ab54e7167f374975b8e4ae763aefced4be692c315a9a0062119cf,cfg_SCN_5bcca47d,checkpoint_metadata/croma/SCN_CROMA_fold_Dakar_K50_s5.checkpoint_metadata.json,fewshot_ids_fold_Dakar_K50_s5.txt,true
CROMA,fold_Dakar,50,6,937428de2a2a752803f174e55290732a3eeeafce850b453ccffca942305f3c80,cfg_SCN_5bcca47d,checkpoint_metadata/croma/SCN_CROMA_fold_Dakar_K50_s6.checkpoint_metadata.json,fewshot_ids_fold_Dakar_K50_s6.txt,true
CROMA,fold_Dakar,50,7,148b8aef59ca0d1af7abe2b8068ff477a58f6f75d65661eb219a371855f58977,cfg_SCN_5bcca47d,checkpoint_metadata/croma/SCN_CROMA_fold_Dakar_K50_s7.checkpoint_metadata.json,fewshot_ids_fold_Dakar_K50_s7.txt,true
CROMA,fold_Dakar,50,8,6344d890fbed89008171f1ad939828daeba6e9a51d62d9e400fca56f2a3e7a1e,cfg_SCN_5bcca47d,checkpoint_metadata/croma/SCN_CROMA_fold_Dakar_K50_s8.checkpoint_metadata.json,fewshot_ids_fold_Dakar_K50_s8.txt,true
CROMA,fold_Dakar,50,9,400b299060174b92865665246a3bd37ae7381f211267b24c298b673f452248ef,cfg_SCN_5bcca47d,checkpoint_metadata/croma/SCN_CROMA_fold_Dakar_K50_s9.checkpoint_metadata.json,fewshot_ids_fold_Dakar_K50_s9.txt,true
CROMA,fold_Dakar,50,10,ef8bdca9fa295a52a52d2c98e32e9dd3d7f90d0ed39ac8a4f3cc49dcadde4c5c,cfg_SCN_5bcca47d,checkpoint_metadata/croma/SCN_CROMA_fold_Dakar_K50_s10.checkpoint_metadata.json,fewshot_ids_fold_Dakar_K50_s10.txt,true
CROMA,fold_DarEsSalaam,10,1,d5a2875f5bbf548e74483e7c6dc58c4c14b7ded51ad69f5a1d7c4439aad517f3,cfg_SCN_e0b94a24,checkpoint_metadata/croma/SCN_CROMA_fold_DarEsSalaam_K10_s1.checkpoint_metadata.json,fewshot_ids_fold_DarEsSalaam_K10_s1.txt,true
CROMA,fold_DarEsSalaam,10,2,e6fbf2dce25fa13ac3db14a436d54e6e6cfb91e92e3bc53d93b905b9a5167b06,cfg_SCN_e0b94a24,checkpoint_metadata/croma/SCN_CROMA_fold_DarEsSalaam_K10_s2.checkpoint_metadata.json,fewshot_ids_fold_DarEsSalaam_K10_s2.txt,true
CROMA,fold_DarEsSalaam,10,3,d3e26cf1a44eff6441f027bcbb567fcb336ddbe60bc90db153fb1f0ec8cdc239,cfg_SCN_e0b94a24,checkpoint_metadata/croma/SCN_CROMA_fold_DarEsSalaam_K10_s3.checkpoint_metadata.json,fewshot_ids_fold_DarEsSalaam_K10_s3.txt,true
CROMA,fold_DarEsSalaam,10,4,722992af546191b699d31b97c192836569160d3526f9bf0df186051dd73acb62,cfg_SCN_e0b94a24,checkpoint_metadata/croma/SCN_CROMA_fold_DarEsSalaam_K10_s4.checkpoint_metadata.json,fewshot_ids_fold_DarEsSalaam_K10_s4.txt,true
CROMA,fold_DarEsSalaam,10,5,95235c3ffffc8e247837d4a33fa53c645a08ab675c97d308f635e7df16512c8c,cfg_SCN_e0b94a24,checkpoint_metadata/croma/SCN_CROMA_fold_DarEsSalaam_K10_s5.checkpoint_metadata.json,fewshot_ids_fold_DarEsSalaam_K10_s5.txt,true
CROMA,fold_DarEsSalaam,10,6,71340a1a746830fd92637d64392859ed863c3e1c0b6a0c5f2030d298454a7b8c,cfg_SCN_e0b94a24,checkpoint_metadata/croma/SCN_CROMA_fold_DarEsSalaam_K10_s6.checkpoint_metadata.json,fewshot_ids_fold_DarEsSalaam_K10_s6.txt,true
CROMA,fold_DarEsSalaam,10,7,d6e6e63609cd2605e9957f8cb51e1f0c2371b80c0fa03e1bc620dd9178a586c1,cfg_SCN_e0b94a24,checkpoint_metadata/croma/SCN_CROMA_fold_DarEsSalaam_K10_s7.checkpoint_metadata.json,fewshot_ids_fold_DarEsSalaam_K10_s7.txt,true
CROMA,fold_DarEsSalaam,10,8,8b87fda5ebf26f0e74a327399d3c3572bbe77c76e10e912b982c66a4b05e937a,cfg_SCN_e0b94a24,checkpoint_metadata/croma/SCN_CROMA_fold_DarEsSalaam_K10_s8.checkpoint_metadata.json,fewshot_ids_fold_DarEsSalaam_K10_s8.txt,true
CROMA,fold_DarEsSalaam,10,9,9c8137c45f7f9069e80d118fa3e3d468f4d497cf1ebe50a9fd20d95e6ccba054,cfg_SCN_e0b94a24,checkpoint_metadata/croma/SCN_CROMA_fold_DarEsSalaam_K10_s9.checkpoint_metadata.json,fewshot_ids_fold_DarEsSalaam_K10_s9.txt,true
CROMA,fold_DarEsSalaam,10,10,40e562299675a5a01d4dcb8a6108c7de152390634ac8ca91752c58d545123bc2,cfg_SCN_e0b94a24,checkpoint_metadata/croma/SCN_CROMA_fold_DarEsSalaam_K10_s10.checkpoint_metadata.json,fewshot_ids_fold_DarEsSalaam_K10_s10.txt,true
CROMA,fold_DarEsSalaam,25,1,28a37e6041dee8125163d85f82c0059ce92c1164ea00835a4908b6d947d60d34,cfg_SCN_50d4825d,checkpoint_metadata/croma/SCN_CROMA_fold_DarEsSalaam_K25_s1.checkpoint_metadata.json,fewshot_ids_fold_DarEsSalaam_K25_s1.txt,true
CROMA,fold_DarEsSalaam,25,2,c26d28571b319b246771e6f06a44fd73c8ca6c7f743662a32969cbda8a522396,cfg_SCN_50d4825d,checkpoint_metadata/croma/SCN_CROMA_fold_DarEsSalaam_K25_s2.checkpoint_metadata.json,fewshot_ids_fold_DarEsSalaam_K25_s2.txt,true
CROMA,fold_DarEsSalaam,25,3,c50d055f65757afd2caabedb069fcbbf120a336bb3674ffffa026a8f639db5a7,cfg_SCN_50d4825d,checkpoint_metadata/croma/SCN_CROMA_fold_DarEsSalaam_K25_s3.checkpoint_metadata.json,fewshot_ids_fold_DarEsSalaam_K25_s3.txt,true
CROMA,fold_DarEsSalaam,25,4,960c7a3e504ba5d4e45af094357f16b24ae54a5417ce64c7b82dc5a151723500,cfg_SCN_50d4825d,checkpoint_metadata/croma/SCN_CROMA_fold_DarEsSalaam_K25_s4.checkpoint_metadata.json,fewshot_ids_fold_DarEsSalaam_K25_s4.txt,true
CROMA,fold_DarEsSalaam,25,5,002be300e00b4edbe0deb4ddf3d4593f71e02e65fcd0bd001e14fe17eae54496,cfg_SCN_50d4825d,checkpoint_metadata/croma/SCN_CROMA_fold_DarEsSalaam_K25_s5.checkpoint_metadata.json,fewshot_ids_fold_DarEsSalaam_K25_s5.txt,true
CROMA,fold_DarEsSalaam,25,6,2329395585200e62583c99a5316fefc64526b5e06bade825a3c188953153a3ee,cfg_SCN_50d4825d,checkpoint_metadata/croma/SCN_CROMA_fold_DarEsSalaam_K25_s6.checkpoint_metadata.json,fewshot_ids_fold_DarEsSalaam_K25_s6.txt,true
CROMA,fold_DarEsSalaam,25,7,1bf32ef1cafed334004de7d55a08915db55330a403d79f0f631c2deae48778e4,cfg_SCN_50d4825d,checkpoint_metadata/croma/SCN_CROMA_fold_DarEsSalaam_K25_s7.checkpoint_metadata.json,fewshot_ids_fold_DarEsSalaam_K25_s7.txt,true
CROMA,fold_DarEsSalaam,25,8,3d60b194ff1f5457dbf5026ebbff523ce25a0ad20fc6be9066ab621d95bcd131,cfg_SCN_50d4825d,checkpoint_metadata/croma/SCN_CROMA_fold_DarEsSalaam_K25_s8.checkpoint_metadata.json,fewshot_ids_fold_DarEsSalaam_K25_s8.txt,true
CROMA,fold_DarEsSalaam,25,9,f303cf44f6503b74b87dab8feeb83d3dc57dd47cf7d212b326b3a44e2ec7d881,cfg_SCN_50d4825d,checkpoint_metadata/croma/SCN_CROMA_fold_DarEsSalaam_K25_s9.checkpoint_metadata.json,fewshot_ids_fold_DarEsSalaam_K25_s9.txt,true
CROMA,fold_DarEsSalaam,25,10,152a3b7492c997ab90032c69c05f98cf9e41f4413bd75c39c55af5273183b488,cfg_SCN_50d4825d,checkpoint_metadata/croma/SCN_CROMA_fold_DarEsSalaam_K25_s10.checkpoint_metadata.json,fewshot_ids_fold_DarEsSalaam_K25_s10.txt,true
CROMA,fold_DarEsSalaam,50,1,4acc05c1e42973341074c43593e82479e0cbb7f069a65cccf46a7ecce74cc0ba,cfg_SCN_5bcca47d,checkpoint_metadata/croma/SCN_CROMA_fold_DarEsSalaam_K50_s1.checkpoint_metadata.json,fewshot_ids_fold_DarEsSalaam_K50_s1.txt,true
CROMA,fold_DarEsSalaam,50,2,8e3de547cfd7c745014d75cff02b8fa5f28ba81259800b764b3cbd61db2db394,cfg_SCN_5bcca47d,checkpoint_metadata/croma/SCN_CROMA_fold_DarEsSalaam_K50_s2.checkpoint_metadata.json,fewshot_ids_fold_DarEsSalaam_K50_s2.txt,true
CROMA,fold_DarEsSalaam,50,3,dcad9b7418cc57a617c214f8aa90fa8ccb619e0c3d42e2e72970884b6f95964e,cfg_SCN_5bcca47d,checkpoint_metadata/croma/SCN_CROMA_fold_DarEsSalaam_K50_s3.checkpoint_metadata.json,fewshot_ids_fold_DarEsSalaam_K50_s3.txt,true
CROMA,fold_DarEsSalaam,50,4,90d8998e98e91b45f8e0ea464b47fee11b56c8a05d6c3d922987bf2c742703bc,cfg_SCN_5bcca47d,checkpoint_metadata/croma/SCN_CROMA_fold_DarEsSalaam_K50_s4.checkpoint_metadata.json,fewshot_ids_fold_DarEsSalaam_K50_s4.txt,true
CROMA,fold_DarEsSalaam,50,5,f8f42026163f6ac0bd2f95fd16a8145f0f61a702af37b0db1a195d4ad947f752,cfg_SCN_5bcca47d,checkpoint_metadata/croma/SCN_CROMA_fold_DarEsSalaam_K50_s5.checkpoint_metadata.json,fewshot_ids_fold_DarEsSalaam_K50_s5.txt,true
CROMA,fold_DarEsSalaam,50,6,c52fa45276c73978650fcb1b1cabe7d73887e06721d827920a5e3589fffac4d5,cfg_SCN_5bcca47d,checkpoint_metadata/croma/SCN_CROMA_fold_DarEsSalaam_K50_s6.checkpoint_metadata.json,fewshot_ids_fold_DarEsSalaam_K50_s6.txt,true
CROMA,fold_DarEsSalaam,50,7,0ea838e33537b03cc01f4817994bc69f7b65f5abd0302d99ea1ca41c3ddd5a21,cfg_SCN_5bcca47d,checkpoint_metadata/croma/SCN_CROMA_fold_DarEsSalaam_K50_s7.checkpoint_metadata.json,fewshot_ids_fold_DarEsSalaam_K50_s7.txt,true
CROMA,fold_DarEsSalaam,50,8,46fffe22c45ae92250ac5eb380edc5f132b117481009cce17bb7132fd609a001,cfg_SCN_5bcca47d,checkpoint_metadata/croma/SCN_CROMA_fold_DarEsSalaam_K50_s8.checkpoint_metadata.json,fewshot_ids_fold_DarEsSalaam_K50_s8.txt,true
CROMA,fold_DarEsSalaam,50,9,878923808bf25ca9223ad077e8664a0b71a85d4356f1e29ace87207be3b93fac,cfg_SCN_5bcca47d,checkpoint_metadata/croma/SCN_CROMA_fold_DarEsSalaam_K50_s9.checkpoint_metadata.json,fewshot_ids_fold_DarEsSalaam_K50_s9.txt,true
CROMA,fold_DarEsSalaam,50,10,f573334823f47d8b3a2bff05853425e78b13da2c783fca60e614a0354bb24c05,cfg_SCN_5bcca47d,checkpoint_metadata/croma/SCN_CROMA_fold_DarEsSalaam_K50_s10.checkpoint_metadata.json,fewshot_ids_fold_DarEsSalaam_K50_s10.txt,true
CROMA,fold_Douala,10,1,2e836b65f0ba7d3b4af705f6f3252904cdd7d2c6299ad0be466001c0417b55a7,cfg_SCN_e0b94a24,checkpoint_metadata/croma/SCN_CROMA_fold_Douala_K10_s1.checkpoint_metadata.json,fewshot_ids_fold_Douala_K10_s1.txt,true
CROMA,fold_Douala,10,2,449f7144af9b1c6b73d02de612b29981e522c2c10b9824af9499c9fee985f607,cfg_SCN_e0b94a24,checkpoint_metadata/croma/SCN_CROMA_fold_Douala_K10_s2.checkpoint_metadata.json,fewshot_ids_fold_Douala_K10_s2.txt,true
CROMA,fold_Douala,10,3,2dd4f18d7a909e2c323bddc0bd563c0a96fd6fa52cbdbb633626873050a71fa9,cfg_SCN_e0b94a24,checkpoint_metadata/croma/SCN_CROMA_fold_Douala_K10_s3.checkpoint_metadata.json,fewshot_ids_fold_Douala_K10_s3.txt,true
CROMA,fold_Douala,10,4,44fc894629dfab6c44f89c744ff9fbcb517c00d086abe7fcac2ee8d8422ec322,cfg_SCN_e0b94a24,checkpoint_metadata/croma/SCN_CROMA_fold_Douala_K10_s4.checkpoint_metadata.json,fewshot_ids_fold_Douala_K10_s4.txt,true
CROMA,fold_Douala,10,5,5c4219fed774abecda11d199779a77ad31f0cc055bc87144f40a8c584da0c6d6,cfg_SCN_e0b94a24,checkpoint_metadata/croma/SCN_CROMA_fold_Douala_K10_s5.checkpoint_metadata.json,fewshot_ids_fold_Douala_K10_s5.txt,true
CROMA,fold_Douala,10,6,afb85cd8ee192507a9337eac7eafeda40a5f193d39cb3878da6edb8e6ae6d790,cfg_SCN_e0b94a24,checkpoint_metadata/croma/SCN_CROMA_fold_Douala_K10_s6.checkpoint_metadata.json,fewshot_ids_fold_Douala_K10_s6.txt,true
CROMA,fold_Douala,10,7,4230bf1a9f8fd13748d3ce66d4058aa2a77cdebf93ac30d49204cbe99deeea1c,cfg_SCN_e0b94a24,checkpoint_metadata/croma/SCN_CROMA_fold_Douala_K10_s7.checkpoint_metadata.json,fewshot_ids_fold_Douala_K10_s7.txt,true
CROMA,fold_Douala,10,8,c1d87570987f3704065a388fa774fac6ac62834a6c484b630118489b912d10a0,cfg_SCN_e0b94a24,checkpoint_metadata/croma/SCN_CROMA_fold_Douala_K10_s8.checkpoint_metadata.json,fewshot_ids_fold_Douala_K10_s8.txt,true
CROMA,fold_Douala,10,9,c8b9f30bfe5053a5b80f7a58b2efd6c0c9990ea881b725954edae5eaf2288fcf,cfg_SCN_e0b94a24,checkpoint_metadata/croma/SCN_CROMA_fold_Douala_K10_s9.checkpoint_metadata.json,fewshot_ids_fold_Douala_K10_s9.txt,true
CROMA,fold_Douala,10,10,a49836e2356ac6f9648365de74d9a027eda2e48f7232c90e9baee9c5125dd49c,cfg_SCN_e0b94a24,checkpoint_metadata/croma/SCN_CROMA_fold_Douala_K10_s10.checkpoint_metadata.json,fewshot_ids_fold_Douala_K10_s10.txt,true
CROMA,fold_Douala,25,1,0042337cb4a43bd54504ba4d8219c8791a0a74ef953dac8e3fb189f64cc04ac1,cfg_SCN_50d4825d,checkpoint_metadata/croma/SCN_CROMA_fold_Douala_K25_s1.checkpoint_metadata.json,fewshot_ids_fold_Douala_K25_s1.txt,true
CROMA,fold_Douala,25,2,39435d9ad8852c5d89f4c668ef6edd069350a88b3308caa809a00c471474b8c2,cfg_SCN_50d4825d,checkpoint_metadata/croma/SCN_CROMA_fold_Douala_K25_s2.checkpoint_metadata.json,fewshot_ids_fold_Douala_K25_s2.txt,true
CROMA,fold_Douala,25,3,2c6b0dc8b6be7419c4ce9fe7f253d25bf6c50b38e1e70b775ee4a0f491db84c5,cfg_SCN_50d4825d,checkpoint_metadata/croma/SCN_CROMA_fold_Douala_K25_s3.checkpoint_metadata.json,fewshot_ids_fold_Douala_K25_s3.txt,true
CROMA,fold_Douala,25,4,5371acf70f4e2107081ae154503f6db35638a83e9e702f8c94e396cc0e162768,cfg_SCN_50d4825d,checkpoint_metadata/croma/SCN_CROMA_fold_Douala_K25_s4.checkpoint_metadata.json,fewshot_ids_fold_Douala_K25_s4.txt,true
CROMA,fold_Douala,25,5,3af4605fe5dc9cd629166e5a404a6d0af5162bd5f3ed47ad93f904777a9f9441,cfg_SCN_50d4825d,checkpoint_metadata/croma/SCN_CROMA_fold_Douala_K25_s5.checkpoint_metadata.json,fewshot_ids_fold_Douala_K25_s5.txt,true
CROMA,fold_Douala,25,6,58c9deee19d6606a443a5a0a9bbc7c401139a12c3a9c7400a6688006d551bb84,cfg_SCN_50d4825d,checkpoint_metadata/croma/SCN_CROMA_fold_Douala_K25_s6.checkpoint_metadata.json,fewshot_ids_fold_Douala_K25_s6.txt,true
CROMA,fold_Douala,25,7,9afe0e5b9aa745b8b8845fbf421fdef1933b2a37cb96c1699c2961ead12b7e4d,cfg_SCN_50d4825d,checkpoint_metadata/croma/SCN_CROMA_fold_Douala_K25_s7.checkpoint_metadata.json,fewshot_ids_fold_Douala_K25_s7.txt,true
CROMA,fold_Douala,25,8,5319abb6793eea2b252db236af9b0ec6e5168b7f8367da95eecd602b489df586,cfg_SCN_50d4825d,checkpoint_metadata/croma/SCN_CROMA_fold_Douala_K25_s8.checkpoint_metadata.json,fewshot_ids_fold_Douala_K25_s8.txt,true
CROMA,fold_Douala,25,9,3bb27fcdb728103a0e07ad7a200805124eaf93914e3eb04559e9a4abe5ac9dc8,cfg_SCN_50d4825d,checkpoint_metadata/croma/SCN_CROMA_fold_Douala_K25_s9.checkpoint_metadata.json,fewshot_ids_fold_Douala_K25_s9.txt,true
CROMA,fold_Douala,25,10,683fe9a50da216ad963b2b6a7bbdbe40a67cdb71598b4e8f7d4b50879bdeb16f,cfg_SCN_50d4825d,checkpoint_metadata/croma/SCN_CROMA_fold_Douala_K25_s10.checkpoint_metadata.json,fewshot_ids_fold_Douala_K25_s10.txt,true
CROMA,fold_Douala,50,1,88b1f87fefec2b1dd6fbdcfa1b0d3ffb468901e58c8e4f96e97e54ea3e23bfb3,cfg_SCN_5bcca47d,checkpoint_metadata/croma/SCN_CROMA_fold_Douala_K50_s1.checkpoint_metadata.json,fewshot_ids_fold_Douala_K50_s1.txt,true
CROMA,fold_Douala,50,2,095aee1e2fd634fb8385f37786672a500b46f41241dcf760127d479b35639b00,cfg_SCN_5bcca47d,checkpoint_metadata/croma/SCN_CROMA_fold_Douala_K50_s2.checkpoint_metadata.json,fewshot_ids_fold_Douala_K50_s2.txt,true
CROMA,fold_Douala,50,3,c77c0dd50e99ce1be4f31fc3692d5d9d7afc4282d6208a87f4849cf850fe9540,cfg_SCN_5bcca47d,checkpoint_metadata/croma/SCN_CROMA_fold_Douala_K50_s3.checkpoint_metadata.json,fewshot_ids_fold_Douala_K50_s3.txt,true
CROMA,fold_Douala,50,4,0c48be8b4776ec79fa0b103c54dac55b8451cb42790929ccd4aa523deaa8a3f7,cfg_SCN_5bcca47d,checkpoint_metadata/croma/SCN_CROMA_fold_Douala_K50_s4.checkpoint_metadata.json,fewshot_ids_fold_Douala_K50_s4.txt,true
CROMA,fold_Douala,50,5,16fe15c26c6c0cba1b9da319ae5a2a199237adac1cd697dbfce6167e56e3247b,cfg_SCN_5bcca47d,checkpoint_metadata/croma/SCN_CROMA_fold_Douala_K50_s5.checkpoint_metadata.json,fewshot_ids_fold_Douala_K50_s5.txt,true
CROMA,fold_Douala,50,6,0abd2157665d23db1d5e8fe31a9e89827df011ecce7bdcf860dc10ab8faf8d59,cfg_SCN_5bcca47d,checkpoint_metadata/croma/SCN_CROMA_fold_Douala_K50_s6.checkpoint_metadata.json,fewshot_ids_fold_Douala_K50_s6.txt,true
CROMA,fold_Douala,50,7,34d0d280fa1da08d2e9870f90d488dd8c3532039951366cbe3d46bb8e20879c1,cfg_SCN_5bcca47d,checkpoint_metadata/croma/SCN_CROMA_fold_Douala_K50_s7.checkpoint_metadata.json,fewshot_ids_fold_Douala_K50_s7.txt,true
CROMA,fold_Douala,50,8,672099141c7ce9f6cc5352e7370eadd8e1ee72754e30c39427c7de71f0b810e3,cfg_SCN_5bcca47d,checkpoint_metadata/croma/SCN_CROMA_fold_Douala_K50_s8.checkpoint_metadata.json,fewshot_ids_fold_Douala_K50_s8.txt,true
CROMA,fold_Douala,50,9,713fec87636162776d42cffbb0ccbed463d60750a1faa7f205718bfd52f7c903,cfg_SCN_5bcca47d,checkpoint_metadata/croma/SCN_CROMA_fold_Douala_K50_s9.checkpoint_metadata.json,fewshot_ids_fold_Douala_K50_s9.txt,true
CROMA,fold_Douala,50,10,951ffa84de80ffa396bc47b66fc8913064533e05118a336524bd6667474b1cb1,cfg_SCN_5bcca47d,checkpoint_metadata/croma/SCN_CROMA_fold_Douala_K50_s10.checkpoint_metadata.json,fewshot_ids_fold_Douala_K50_s10.txt,true
CROMA,fold_Garoua,10,1,71d700b2a6135aad232df7f885e0880d301186038c1670e05ac602b94f6b9c50,cfg_SCN_e0b94a24,checkpoint_metadata/croma/SCN_CROMA_fold_Garoua_K10_s1.checkpoint_metadata.json,fewshot_ids_fold_Garoua_K10_s1.txt,true
CROMA,fold_Garoua,10,2,b107a5284dd78ad23374578f9d9e8100877cabba0d391f842908aff135e3cb35,cfg_SCN_e0b94a24,checkpoint_metadata/croma/SCN_CROMA_fold_Garoua_K10_s2.checkpoint_metadata.json,fewshot_ids_fold_Garoua_K10_s2.txt,true
CROMA,fold_Garoua,10,3,6a2ac11e3e4846c8856cfd93df85c3286b3bdaf7ef485968404811bbd9e2f23d,cfg_SCN_e0b94a24,checkpoint_metadata/croma/SCN_CROMA_fold_Garoua_K10_s3.checkpoint_metadata.json,fewshot_ids_fold_Garoua_K10_s3.txt,true
CROMA,fold_Garoua,10,4,ba87aec4a1585c09cf26456386ef0b48093b9adb4cfd7ba05f595924aa02f620,cfg_SCN_e0b94a24,checkpoint_metadata/croma/SCN_CROMA_fold_Garoua_K10_s4.checkpoint_metadata.json,fewshot_ids_fold_Garoua_K10_s4.txt,true
CROMA,fold_Garoua,10,5,b9ba5aabb19c686444bac59eaaed864bc27cb3b1e6c8238ef0345557adaf9342,cfg_SCN_e0b94a24,checkpoint_metadata/croma/SCN_CROMA_fold_Garoua_K10_s5.checkpoint_metadata.json,fewshot_ids_fold_Garoua_K10_s5.txt,true
CROMA,fold_Garoua,10,6,22bfa8404e590b3a4d3cceda6947242adbcef9debc89857b995b596e52b8c7ed,cfg_SCN_e0b94a24,checkpoint_metadata/croma/SCN_CROMA_fold_Garoua_K10_s6.checkpoint_metadata.json,fewshot_ids_fold_Garoua_K10_s6.txt,true
CROMA,fold_Garoua,10,7,45b12b969e689ff8f6115d6b849fdfe9d47e49fe73099b687d651c45a3555de3,cfg_SCN_e0b94a24,checkpoint_metadata/croma/SCN_CROMA_fold_Garoua_K10_s7.checkpoint_metadata.json,fewshot_ids_fold_Garoua_K10_s7.txt,true
CROMA,fold_Garoua,10,8,30b112afc7e7f17091df247024daca4d8673d876eb9cc5dd2411293a36069794,cfg_SCN_e0b94a24,checkpoint_metadata/croma/SCN_CROMA_fold_Garoua_K10_s8.checkpoint_metadata.json,fewshot_ids_fold_Garoua_K10_s8.txt,true
CROMA,fold_Garoua,10,9,403e9fa0fa37e3daaba4d16e4b40fd53519bffd974e158aaff85bb6a6bb01c87,cfg_SCN_e0b94a24,checkpoint_metadata/croma/SCN_CROMA_fold_Garoua_K10_s9.checkpoint_metadata.json,fewshot_ids_fold_Garoua_K10_s9.txt,true
CROMA,fold_Garoua,10,10,b00ad3abe5fba0e2679ffe1af075a899fdd716b9ee21864475a0179f7e339822,cfg_SCN_e0b94a24,checkpoint_metadata/croma/SCN_CROMA_fold_Garoua_K10_s10.checkpoint_metadata.json,fewshot_ids_fold_Garoua_K10_s10.txt,true
CROMA,fold_Garoua,25,1,a071af204f27db2e0023fc0fa753186ff01b6912c4ec69a1138021b7fffe2206,cfg_SCN_50d4825d,checkpoint_metadata/croma/SCN_CROMA_fold_Garoua_K25_s1.checkpoint_metadata.json,fewshot_ids_fold_Garoua_K25_s1.txt,true
CROMA,fold_Garoua,25,2,ef61708512fd372d0ca51b1de3d736205d74af1ed53182005627a1ebf00f0de4,cfg_SCN_50d4825d,checkpoint_metadata/croma/SCN_CROMA_fold_Garoua_K25_s2.checkpoint_metadata.json,fewshot_ids_fold_Garoua_K25_s2.txt,true
CROMA,fold_Garoua,25,3,81e8fd4975c4a937a32c9a13c9d2e058667b3d7e5d3e082e876615627501e175,cfg_SCN_50d4825d,checkpoint_metadata/croma/SCN_CROMA_fold_Garoua_K25_s3.checkpoint_metadata.json,fewshot_ids_fold_Garoua_K25_s3.txt,true
CROMA,fold_Garoua,25,4,897a53bca9a1ab56546fe4b58f586db3481794a2e34d2f58fc3a19937598ff7f,cfg_SCN_50d4825d,checkpoint_metadata/croma/SCN_CROMA_fold_Garoua_K25_s4.checkpoint_metadata.json,fewshot_ids_fold_Garoua_K25_s4.txt,true
CROMA,fold_Garoua,25,5,5bcec738c2c7ea785954a81a5ddb1f93cece8770d34003c57e23217e81cac8b5,cfg_SCN_50d4825d,checkpoint_metadata/croma/SCN_CROMA_fold_Garoua_K25_s5.checkpoint_metadata.json,fewshot_ids_fold_Garoua_K25_s5.txt,true
CROMA,fold_Garoua,25,6,95b46f8abc6110932b2dad451222338f72db6fc4faf31adf4e6036a072b4cc0b,cfg_SCN_50d4825d,checkpoint_metadata/croma/SCN_CROMA_fold_Garoua_K25_s6.checkpoint_metadata.json,fewshot_ids_fold_Garoua_K25_s6.txt,true
CROMA,fold_Garoua,25,7,5cee2e88124f74ecb9b73d693338b622b5375d255caa26a477d89a001d504fd0,cfg_SCN_50d4825d,checkpoint_metadata/croma/SCN_CROMA_fold_Garoua_K25_s7.checkpoint_metadata.json,fewshot_ids_fold_Garoua_K25_s7.txt,true
CROMA,fold_Garoua,25,8,cda9a1038c80f0ed386b4c281bae4586d8fafcc44306af6be97e57f555a2dbd2,cfg_SCN_50d4825d,checkpoint_metadata/croma/SCN_CROMA_fold_Garoua_K25_s8.checkpoint_metadata.json,fewshot_ids_fold_Garoua_K25_s8.txt,true
CROMA,fold_Garoua,25,9,da3a8d6effee9003866e468d7550d0a676cc28dfdb02981091c2eb189a742e8e,cfg_SCN_50d4825d,checkpoint_metadata/croma/SCN_CROMA_fold_Garoua_K25_s9.checkpoint_metadata.json,fewshot_ids_fold_Garoua_K25_s9.txt,true
CROMA,fold_Garoua,25,10,2752a7fbcba76eff0e487221f1edfffd7b14512c33cd9e7b750505ef0387d88a,cfg_SCN_50d4825d,checkpoint_metadata/croma/SCN_CROMA_fold_Garoua_K25_s10.checkpoint_metadata.json,fewshot_ids_fold_Garoua_K25_s10.txt,true
CROMA,fold_Garoua,50,1,6f9f562b686f33a8801c31f2a6689ff0d4b0613ee89ee05f60972e3588af157a,cfg_SCN_5bcca47d,checkpoint_metadata/croma/SCN_CROMA_fold_Garoua_K50_s1.checkpoint_metadata.json,fewshot_ids_fold_Garoua_K50_s1.txt,true
CROMA,fold_Garoua,50,2,ef061f5099f97143cf22603ea2c3161cd09aa273f8c54fbfc49b767d8937ea9c,cfg_SCN_5bcca47d,checkpoint_metadata/croma/SCN_CROMA_fold_Garoua_K50_s2.checkpoint_metadata.json,fewshot_ids_fold_Garoua_K50_s2.txt,true
CROMA,fold_Garoua,50,3,8993bfd9842428e2a6b38568fa3f89f8010f013cbe44a60a669d75138dc13be9,cfg_SCN_5bcca47d,checkpoint_metadata/croma/SCN_CROMA_fold_Garoua_K50_s3.checkpoint_metadata.json,fewshot_ids_fold_Garoua_K50_s3.txt,true
CROMA,fold_Garoua,50,4,9b395ef3c71a497abad2ba0134084e9045c0fc04b24ee767d3d144b8962bb607,cfg_SCN_5bcca47d,checkpoint_metadata/croma/SCN_CROMA_fold_Garoua_K50_s4.checkpoint_metadata.json,fewshot_ids_fold_Garoua_K50_s4.txt,true
CROMA,fold_Garoua,50,5,1a509f3b829b84103f978cf5916527091ab8719135cf302504e2dc48774152a5,cfg_SCN_5bcca47d,checkpoint_metadata/croma/SCN_CROMA_fold_Garoua_K50_s5.checkpoint_metadata.json,fewshot_ids_fold_Garoua_K50_s5.txt,true
CROMA,fold_Garoua,50,6,aa157a0f2f6315141ca8ffdeabc0ab0899aeeaa2132add5c37bec8ba1f0fbf3e,cfg_SCN_5bcca47d,checkpoint_metadata/croma/SCN_CROMA_fold_Garoua_K50_s6.checkpoint_metadata.json,fewshot_ids_fold_Garoua_K50_s6.txt,true
CROMA,fold_Garoua,50,7,548f8f43032d105336a9b97531cc2a69018dfb2a8c7c27f5c64fab7f0c94008a,cfg_SCN_5bcca47d,checkpoint_metadata/croma/SCN_CROMA_fold_Garoua_K50_s7.checkpoint_metadata.json,fewshot_ids_fold_Garoua_K50_s7.txt,true
CROMA,fold_Garoua,50,8,cc17818ebe27ba798fb68ecdc21513884ca3af1ec65e5dbbde02804588ed87d6,cfg_SCN_5bcca47d,checkpoint_metadata/croma/SCN_CROMA_fold_Garoua_K50_s8.checkpoint_metadata.json,fewshot_ids_fold_Garoua_K50_s8.txt,true
CROMA,fold_Garoua,50,9,39f5546c200ec94c2de94678670b5ed699b3dbad8f210a4fd715cde9fe933d26,cfg_SCN_5bcca47d,checkpoint_metadata/croma/SCN_CROMA_fold_Garoua_K50_s9.checkpoint_metadata.json,fewshot_ids_fold_Garoua_K50_s9.txt,true
CROMA,fold_Garoua,50,10,b6b11466257c1498e528cd84c305cfdc04c4901bc8e5d8e965acef4afb59ba99,cfg_SCN_5bcca47d,checkpoint_metadata/croma/SCN_CROMA_fold_Garoua_K50_s10.checkpoint_metadata.json,fewshot_ids_fold_Garoua_K50_s10.txt,true
CROMA,fold_Kigali,10,1,4b90cd417bc62d83da4f45d8599b7c794a4ad0dc95f683fa5a42e1abf0abdc99,cfg_SCN_e0b94a24,checkpoint_metadata/croma/SCN_CROMA_fold_Kigali_K10_s1.checkpoint_metadata.json,fewshot_ids_fold_Kigali_K10_s1.txt,true
CROMA,fold_Kigali,10,2,8b7db1f1eafd7bc2313d09e3cbae2e07a11b5317862253bbcdf5542a35865e9d,cfg_SCN_e0b94a24,checkpoint_metadata/croma/SCN_CROMA_fold_Kigali_K10_s2.checkpoint_metadata.json,fewshot_ids_fold_Kigali_K10_s2.txt,true
CROMA,fold_Kigali,10,3,bce21f901ae40e25e0d619dc50a2dd4f24aea1549f1b49a72e10fd8a69fda818,cfg_SCN_e0b94a24,checkpoint_metadata/croma/SCN_CROMA_fold_Kigali_K10_s3.checkpoint_metadata.json,fewshot_ids_fold_Kigali_K10_s3.txt,true
CROMA,fold_Kigali,10,4,11ee3a913782f1c216548abd119bea621a725fbc37ed871a62a2c6a38fc1d43e,cfg_SCN_e0b94a24,checkpoint_metadata/croma/SCN_CROMA_fold_Kigali_K10_s4.checkpoint_metadata.json,fewshot_ids_fold_Kigali_K10_s4.txt,true
CROMA,fold_Kigali,10,5,642dff0d06f182e0bd97e3763817db282c71c00f90a39d13344dd271c35f13d3,cfg_SCN_e0b94a24,checkpoint_metadata/croma/SCN_CROMA_fold_Kigali_K10_s5.checkpoint_metadata.json,fewshot_ids_fold_Kigali_K10_s5.txt,true
CROMA,fold_Kigali,10,6,a5a120558b56a4a31346afdd7ce2bdf90e5c33d188fe8a79fe60da9d0e497df3,cfg_SCN_e0b94a24,checkpoint_metadata/croma/SCN_CROMA_fold_Kigali_K10_s6.checkpoint_metadata.json,fewshot_ids_fold_Kigali_K10_s6.txt,true
CROMA,fold_Kigali,10,7,799d5ee41765d1828cb092ed28b0ec0f5921a006f2a8f0c0881ad29109222e21,cfg_SCN_e0b94a24,checkpoint_metadata/croma/SCN_CROMA_fold_Kigali_K10_s7.checkpoint_metadata.json,fewshot_ids_fold_Kigali_K10_s7.txt,true
CROMA,fold_Kigali,10,8,db908693ab77941c9ab1804bd42eca0e07c061ef980150afdade04b0feb83e57,cfg_SCN_e0b94a24,checkpoint_metadata/croma/SCN_CROMA_fold_Kigali_K10_s8.checkpoint_metadata.json,fewshot_ids_fold_Kigali_K10_s8.txt,true
CROMA,fold_Kigali,10,9,3e9419b01e7ef8dbc75cfe6d069b7baf60cc14213af03536b94dc67a529c7dfa,cfg_SCN_e0b94a24,checkpoint_metadata/croma/SCN_CROMA_fold_Kigali_K10_s9.checkpoint_metadata.json,fewshot_ids_fold_Kigali_K10_s9.txt,true
CROMA,fold_Kigali,10,10,b5aeec89c853cda879872e4f2d9a744c9d9c296f76acd904569cac1f41f0eadf,cfg_SCN_e0b94a24,checkpoint_metadata/croma/SCN_CROMA_fold_Kigali_K10_s10.checkpoint_metadata.json,fewshot_ids_fold_Kigali_K10_s10.txt,true
CROMA,fold_Kigali,25,1,a6840cb157451d9681b0b942a3e064e6be3d104e58193c6413423801e2e0f526,cfg_SCN_50d4825d,checkpoint_metadata/croma/SCN_CROMA_fold_Kigali_K25_s1.checkpoint_metadata.json,fewshot_ids_fold_Kigali_K25_s1.txt,true
CROMA,fold_Kigali,25,2,9a06a5e60ecebe8f93bace12e811fe21ed3a5a7889d4da8476b0ad36dcc98448,cfg_SCN_50d4825d,checkpoint_metadata/croma/SCN_CROMA_fold_Kigali_K25_s2.checkpoint_metadata.json,fewshot_ids_fold_Kigali_K25_s2.txt,true
CROMA,fold_Kigali,25,3,940f6d3eb8b3454121b973321b87e061428a417bdefcb4ac68cb12c41ae3677c,cfg_SCN_50d4825d,checkpoint_metadata/croma/SCN_CROMA_fold_Kigali_K25_s3.checkpoint_metadata.json,fewshot_ids_fold_Kigali_K25_s3.txt,true
CROMA,fold_Kigali,25,4,d4a6a2471195ebaacb7909a83d6ca129871686d549100875a3733d01ccd13cfa,cfg_SCN_50d4825d,checkpoint_metadata/croma/SCN_CROMA_fold_Kigali_K25_s4.checkpoint_metadata.json,fewshot_ids_fold_Kigali_K25_s4.txt,true
CROMA,fold_Kigali,25,5,a859f516adc92a67f02b4acbd3c2d5d23615f1b28f8f8276aa9503d81ef5f89b,cfg_SCN_50d4825d,checkpoint_metadata/croma/SCN_CROMA_fold_Kigali_K25_s5.checkpoint_metadata.json,fewshot_ids_fold_Kigali_K25_s5.txt,true
CROMA,fold_Kigali,25,6,1f11e76890e7ea5e61c6f6a16e359640a91c8abee3ff5b5d4f89f6f36c1d23f2,cfg_SCN_50d4825d,checkpoint_metadata/croma/SCN_CROMA_fold_Kigali_K25_s6.checkpoint_metadata.json,fewshot_ids_fold_Kigali_K25_s6.txt,true
CROMA,fold_Kigali,25,7,8110997ee42c7578f34565b76307ddda7784cd324e0f5b41ec4aa46c77963393,cfg_SCN_50d4825d,checkpoint_metadata/croma/SCN_CROMA_fold_Kigali_K25_s7.checkpoint_metadata.json,fewshot_ids_fold_Kigali_K25_s7.txt,true
CROMA,fold_Kigali,25,8,86888a61068bfe8e4985005599e6ab674222f3e9d11f7559316be7f4ecad2b91,cfg_SCN_50d4825d,checkpoint_metadata/croma/SCN_CROMA_fold_Kigali_K25_s8.checkpoint_metadata.json,fewshot_ids_fold_Kigali_K25_s8.txt,true
CROMA,fold_Kigali,25,9,96293e72cb519470a29fe352108c20b02f35a076758e2c0431e3fd1abb404ac5,cfg_SCN_50d4825d,checkpoint_metadata/croma/SCN_CROMA_fold_Kigali_K25_s9.checkpoint_metadata.json,fewshot_ids_fold_Kigali_K25_s9.txt,true
CROMA,fold_Kigali,25,10,33e23d7f2adc0fa0eea2d5d93af92aed79938d9b3e34c66d90f20bc3e5306fb6,cfg_SCN_50d4825d,checkpoint_metadata/croma/SCN_CROMA_fold_Kigali_K25_s10.checkpoint_metadata.json,fewshot_ids_fold_Kigali_K25_s10.txt,true
CROMA,fold_Kigali,50,1,75707f29d42df69b8c46e61c964e24990e8b4671c5fca8edda2241051dbac705,cfg_SCN_5bcca47d,checkpoint_metadata/croma/SCN_CROMA_fold_Kigali_K50_s1.checkpoint_metadata.json,fewshot_ids_fold_Kigali_K50_s1.txt,true
CROMA,fold_Kigali,50,2,649a4473402d54cd6ab4b4c6e33e7e4c1c41fab4cacff74c0fa6bccf6dd852de,cfg_SCN_5bcca47d,checkpoint_metadata/croma/SCN_CROMA_fold_Kigali_K50_s2.checkpoint_metadata.json,fewshot_ids_fold_Kigali_K50_s2.txt,true
CROMA,fold_Kigali,50,3,d3cfebb1fd79ca92670c951529a719bcf141c64058c6ab63638bc7989b1cff5b,cfg_SCN_5bcca47d,checkpoint_metadata/croma/SCN_CROMA_fold_Kigali_K50_s3.checkpoint_metadata.json,fewshot_ids_fold_Kigali_K50_s3.txt,true
CROMA,fold_Kigali,50,4,e784e44559475f76db94389e51dac26b774f44c64459768cb5d2777b9ca37c29,cfg_SCN_5bcca47d,checkpoint_metadata/croma/SCN_CROMA_fold_Kigali_K50_s4.checkpoint_metadata.json,fewshot_ids_fold_Kigali_K50_s4.txt,true
CROMA,fold_Kigali,50,5,cb75acec9fe2a904d61aed2aabecd0551ed1bf2849fe8c9a2a2ab6d804fd97a3,cfg_SCN_5bcca47d,checkpoint_metadata/croma/SCN_CROMA_fold_Kigali_K50_s5.checkpoint_metadata.json,fewshot_ids_fold_Kigali_K50_s5.txt,true
CROMA,fold_Kigali,50,6,2a4fee84d68b0eba526771c8990439604dcea9b205925c47163547f3760d936e,cfg_SCN_5bcca47d,checkpoint_metadata/croma/SCN_CROMA_fold_Kigali_K50_s6.checkpoint_metadata.json,fewshot_ids_fold_Kigali_K50_s6.txt,true
CROMA,fold_Kigali,50,7,8bf86415c8bba2ded6ba6bca68f2bd150a5a917a2a302a80520f6afbefd09462,cfg_SCN_5bcca47d,checkpoint_metadata/croma/SCN_CROMA_fold_Kigali_K50_s7.checkpoint_metadata.json,fewshot_ids_fold_Kigali_K50_s7.txt,true
CROMA,fold_Kigali,50,8,770a405e89b84e0c06afc6343828f83105d6494c00b6894d3949bee5d4c14f44,cfg_SCN_5bcca47d,checkpoint_metadata/croma/SCN_CROMA_fold_Kigali_K50_s8.checkpoint_metadata.json,fewshot_ids_fold_Kigali_K50_s8.txt,true
CROMA,fold_Kigali,50,9,a32a9080d00f98961b795814122c3c286ea93f20558f2a1e7b03c5e38a70c68c,cfg_SCN_5bcca47d,checkpoint_metadata/croma/SCN_CROMA_fold_Kigali_K50_s9.checkpoint_metadata.json,fewshot_ids_fold_Kigali_K50_s9.txt,true
CROMA,fold_Kigali,50,10,a5aff0e9d5984750e905bc0737cd485dab603fd34af3d0317be8216b495edbf0,cfg_SCN_5bcca47d,checkpoint_metadata/croma/SCN_CROMA_fold_Kigali_K50_s10.checkpoint_metadata.json,fewshot_ids_fold_Kigali_K50_s10.txt,true
CROMA,fold_Yaounde,10,1,ad64665433fa50239ca5c25178c4dcc33a03e43facc196b09dbe938142a1675c,cfg_SCN_e0b94a24,checkpoint_metadata/croma/SCN_CROMA_fold_Yaounde_K10_s1.checkpoint_metadata.json,fewshot_ids_fold_Yaounde_K10_s1.txt,true
CROMA,fold_Yaounde,10,2,cbe644c6d14e9681f58010f05f3c2a9f2a99b24ef0db26875a8cdd2ac54dced6,cfg_SCN_e0b94a24,checkpoint_metadata/croma/SCN_CROMA_fold_Yaounde_K10_s2.checkpoint_metadata.json,fewshot_ids_fold_Yaounde_K10_s2.txt,true
CROMA,fold_Yaounde,10,3,0211659e0ee85b216a77752eb553895909cd8e146bac8abc5a867876c134cb27,cfg_SCN_e0b94a24,checkpoint_metadata/croma/SCN_CROMA_fold_Yaounde_K10_s3.checkpoint_metadata.json,fewshot_ids_fold_Yaounde_K10_s3.txt,true
CROMA,fold_Yaounde,10,4,6510958704334b90b0513a0edf0aa843a9a4c02b7346ccc454c1c776fb2477e9,cfg_SCN_e0b94a24,checkpoint_metadata/croma/SCN_CROMA_fold_Yaounde_K10_s4.checkpoint_metadata.json,fewshot_ids_fold_Yaounde_K10_s4.txt,true
CROMA,fold_Yaounde,10,5,8055f9abd2df4541b2ec1ee0cfc00f3eb26f115329e18defc7d60227521f6e5c,cfg_SCN_e0b94a24,checkpoint_metadata/croma/SCN_CROMA_fold_Yaounde_K10_s5.checkpoint_metadata.json,fewshot_ids_fold_Yaounde_K10_s5.txt,true
CROMA,fold_Yaounde,10,6,06316f466bc486b8016ba8c56b8e87838f858d4ea0585e7857d9ae6af71deb65,cfg_SCN_e0b94a24,checkpoint_metadata/croma/SCN_CROMA_fold_Yaounde_K10_s6.checkpoint_metadata.json,fewshot_ids_fold_Yaounde_K10_s6.txt,true
CROMA,fold_Yaounde,10,7,13dd8760c974184a3667f770959348148aeaf8751dd5879e5c3b5149b6aca951,cfg_SCN_e0b94a24,checkpoint_metadata/croma/SCN_CROMA_fold_Yaounde_K10_s7.checkpoint_metadata.json,fewshot_ids_fold_Yaounde_K10_s7.txt,true
CROMA,fold_Yaounde,10,8,3c47161e0eda671eb18afd255eba341625b76377cbcdb43d4e0bc44d9a7faea2,cfg_SCN_e0b94a24,checkpoint_metadata/croma/SCN_CROMA_fold_Yaounde_K10_s8.checkpoint_metadata.json,fewshot_ids_fold_Yaounde_K10_s8.txt,true
CROMA,fold_Yaounde,10,9,fc6408eab5109cd2216362f2b9b055ad53b6ce3035a6c5c9b99aa5209fb28cff,cfg_SCN_e0b94a24,checkpoint_metadata/croma/SCN_CROMA_fold_Yaounde_K10_s9.checkpoint_metadata.json,fewshot_ids_fold_Yaounde_K10_s9.txt,true
CROMA,fold_Yaounde,10,10,bbce58a5caaf90b5693d4e2abf384c0ac9aae43c6c69ef7b5d797f1766555848,cfg_SCN_e0b94a24,checkpoint_metadata/croma/SCN_CROMA_fold_Yaounde_K10_s10.checkpoint_metadata.json,fewshot_ids_fold_Yaounde_K10_s10.txt,true
CROMA,fold_Yaounde,25,1,62124b41e79377d79f33171aa189ba95bd7573c1b39e5ed4d9f4ad78b2fb21d3,cfg_SCN_50d4825d,checkpoint_metadata/croma/SCN_CROMA_fold_Yaounde_K25_s1.checkpoint_metadata.json,fewshot_ids_fold_Yaounde_K25_s1.txt,true
CROMA,fold_Yaounde,25,2,7fa6ca1e168de09aea055b1f8a2c53f038cf5407f3ad1aa1ce51c545b8f5b8cd,cfg_SCN_50d4825d,checkpoint_metadata/croma/SCN_CROMA_fold_Yaounde_K25_s2.checkpoint_metadata.json,fewshot_ids_fold_Yaounde_K25_s2.txt,true
CROMA,fold_Yaounde,25,3,770ae3c2ba2ae2ef71b1fad9dac1450d82fc150b03a0223a6066d1d7360d9d8b,cfg_SCN_50d4825d,checkpoint_metadata/croma/SCN_CROMA_fold_Yaounde_K25_s3.checkpoint_metadata.json,fewshot_ids_fold_Yaounde_K25_s3.txt,true
CROMA,fold_Yaounde,25,4,baab1cc095557573b9bd70b36fff0bf8f17ab2839138f6a09857b8dedf192046,cfg_SCN_50d4825d,checkpoint_metadata/croma/SCN_CROMA_fold_Yaounde_K25_s4.checkpoint_metadata.json,fewshot_ids_fold_Yaounde_K25_s4.txt,true
CROMA,fold_Yaounde,25,5,acc90b71cd7741499b1abcc22f9eb7fc2dced4444d74877f5d429b3e9e06466c,cfg_SCN_50d4825d,checkpoint_metadata/croma/SCN_CROMA_fold_Yaounde_K25_s5.checkpoint_metadata.json,fewshot_ids_fold_Yaounde_K25_s5.txt,true
CROMA,fold_Yaounde,25,6,bc559f2a26ed0e16a40210456f3bbf8fa8442a73d5bddf80713a2dcf2f9e3665,cfg_SCN_50d4825d,checkpoint_metadata/croma/SCN_CROMA_fold_Yaounde_K25_s6.checkpoint_metadata.json,fewshot_ids_fold_Yaounde_K25_s6.txt,true
CROMA,fold_Yaounde,25,7,24fac4bd7997e34af8c2a67bd602d008ad9664646098b94471920511acb3bfb4,cfg_SCN_50d4825d,checkpoint_metadata/croma/SCN_CROMA_fold_Yaounde_K25_s7.checkpoint_metadata.json,fewshot_ids_fold_Yaounde_K25_s7.txt,true
CROMA,fold_Yaounde,25,8,4003b8af0a35b02f8cbf81bab3a81d9a59566ce9ab78731c99a60b7bd74a5ee0,cfg_SCN_50d4825d,checkpoint_metadata/croma/SCN_CROMA_fold_Yaounde_K25_s8.checkpoint_metadata.json,fewshot_ids_fold_Yaounde_K25_s8.txt,true
CROMA,fold_Yaounde,25,9,1358e472ba0bbfb5e5e29ff1295eae0d41722765bde0b28bc5c128c097cb45b8,cfg_SCN_50d4825d,checkpoint_metadata/croma/SCN_CROMA_fold_Yaounde_K25_s9.checkpoint_metadata.json,fewshot_ids_fold_Yaounde_K25_s9.txt,true
CROMA,fold_Yaounde,25,10,6cd3b0025c3349fb88b111c14b01324dc34b5d454371f139bb98fdafd3698299,cfg_SCN_50d4825d,checkpoint_metadata/croma/SCN_CROMA_fold_Yaounde_K25_s10.checkpoint_metadata.json,fewshot_ids_fold_Yaounde_K25_s10.txt,true
CROMA,fold_Yaounde,50,1,7ec0668e66ecb229016fb506a7af05d80ea8bab0f2be55ffc73158892e81b2a8,cfg_SCN_5bcca47d,checkpoint_metadata/croma/SCN_CROMA_fold_Yaounde_K50_s1.checkpoint_metadata.json,fewshot_ids_fold_Yaounde_K50_s1.txt,true
CROMA,fold_Yaounde,50,2,f2f994ffe16d8c8ad0932ea13f4e404965c4607785f98b3b5580b7e6d6a65135,cfg_SCN_5bcca47d,checkpoint_metadata/croma/SCN_CROMA_fold_Yaounde_K50_s2.checkpoint_metadata.json,fewshot_ids_fold_Yaounde_K50_s2.txt,true
CROMA,fold_Yaounde,50,3,85ff2a9f97a4afc8a3387434cac2ee6cefff0296e01ad43deacc88a6e6fb93e8,cfg_SCN_5bcca47d,checkpoint_metadata/croma/SCN_CROMA_fold_Yaounde_K50_s3.checkpoint_metadata.json,fewshot_ids_fold_Yaounde_K50_s3.txt,true
CROMA,fold_Yaounde,50,4,34f63ba6cb324bca0dacbbe4dff3dd46aa90b40021d1b98641baf6ba392c1d21,cfg_SCN_5bcca47d,checkpoint_metadata/croma/SCN_CROMA_fold_Yaounde_K50_s4.checkpoint_metadata.json,fewshot_ids_fold_Yaounde_K50_s4.txt,true
CROMA,fold_Yaounde,50,5,2d4f3ebd06b9bc426cbca183f6a6babe6b713b7017aaa921dfef8afcf5c6fc47,cfg_SCN_5bcca47d,checkpoint_metadata/croma/SCN_CROMA_fold_Yaounde_K50_s5.checkpoint_metadata.json,fewshot_ids_fold_Yaounde_K50_s5.txt,true
CROMA,fold_Yaounde,50,6,48a0c59920b57455e262ee52a14c1a55009d308ea322da7e750df1c44e57fd51,cfg_SCN_5bcca47d,checkpoint_metadata/croma/SCN_CROMA_fold_Yaounde_K50_s6.checkpoint_metadata.json,fewshot_ids_fold_Yaounde_K50_s6.txt,true
CROMA,fold_Yaounde,50,7,ee116cbe9707f2bf9c036b6ee251f6345b8cc508e0b22c03d0d1fad6de3489ff,cfg_SCN_5bcca47d,checkpoint_metadata/croma/SCN_CROMA_fold_Yaounde_K50_s7.checkpoint_metadata.json,fewshot_ids_fold_Yaounde_K50_s7.txt,true
CROMA,fold_Yaounde,50,8,f2d913d477a37f7364a5b9249c751b6e9151274ed8ad770026de1f457266bbe0,cfg_SCN_5bcca47d,checkpoint_metadata/croma/SCN_CROMA_fold_Yaounde_K50_s8.checkpoint_metadata.json,fewshot_ids_fold_Yaounde_K50_s8.txt,true
CROMA,fold_Yaounde,50,9,17936b1fad39d28421cd2953a2ce965bab6d3174111579c7efdc7c44ce0d55ec,cfg_SCN_5bcca47d,checkpoint_metadata/croma/SCN_CROMA_fold_Yaounde_K50_s9.checkpoint_metadata.json,fewshot_ids_fold_Yaounde_K50_s9.txt,true
CROMA,fold_Yaounde,50,10,9e30d8f1495f568fc2d256af0aefa2bce3ca7dfd62d7094b65df945bdc783518,cfg_SCN_5bcca47d,checkpoint_metadata/croma/SCN_CROMA_fold_Yaounde_K50_s10.checkpoint_metadata.json,fewshot_ids_fold_Yaounde_K50_s10.txt,true
UNet_S1S2,fold_Dakar,10,1,05a1cbb80b5beb4a4f6165c58493321f7c78acef5fa7188a1003b0e72aae46a3,cfg_SCN_7c8cf7c5,checkpoint_metadata/unet_s1s2/SCN_UNet_S1S2_fold_Dakar_K10_s1.checkpoint_metadata.json,fewshot_ids_fold_Dakar_K10_s1.txt,true
UNet_S1S2,fold_Dakar,10,2,130000414c3ce3a9fba47bb447ba7dab9c4bed8040ffabd3868543f09246d53a,cfg_SCN_7c8cf7c5,checkpoint_metadata/unet_s1s2/SCN_UNet_S1S2_fold_Dakar_K10_s2.checkpoint_metadata.json,fewshot_ids_fold_Dakar_K10_s2.txt,true
UNet_S1S2,fold_Dakar,10,3,e493d9cdbaa39afe5a2a5c1129841c77d092082f57958a1b898152db948a5104,cfg_SCN_7c8cf7c5,checkpoint_metadata/unet_s1s2/SCN_UNet_S1S2_fold_Dakar_K10_s3.checkpoint_metadata.json,fewshot_ids_fold_Dakar_K10_s3.txt,true
UNet_S1S2,fold_Dakar,10,4,abdf875b6ffc92b76ac9b4fa23ea501aa5b1df6784ce6200cfed2c44e30e1e8c,cfg_SCN_7c8cf7c5,checkpoint_metadata/unet_s1s2/SCN_UNet_S1S2_fold_Dakar_K10_s4.checkpoint_metadata.json,fewshot_ids_fold_Dakar_K10_s4.txt,true
UNet_S1S2,fold_Dakar,10,5,d0efc8f91fc28ef87c354d88fd528c0cd9f373c03e8052bb9f0152e47a65c548,cfg_SCN_7c8cf7c5,checkpoint_metadata/unet_s1s2/SCN_UNet_S1S2_fold_Dakar_K10_s5.checkpoint_metadata.json,fewshot_ids_fold_Dakar_K10_s5.txt,true
UNet_S1S2,fold_Dakar,10,6,b3d69746ecdde3200ffdfdada3d85b42309e5b8f3fffc1368ec52d6fe0a2842f,cfg_SCN_7c8cf7c5,checkpoint_metadata/unet_s1s2/SCN_UNet_S1S2_fold_Dakar_K10_s6.checkpoint_metadata.json,fewshot_ids_fold_Dakar_K10_s6.txt,true
UNet_S1S2,fold_Dakar,10,7,fc00b1b367a61289ac33f777ce3167cc1635b5a8a5dae8156979f1bd363d38d5,cfg_SCN_7c8cf7c5,checkpoint_metadata/unet_s1s2/SCN_UNet_S1S2_fold_Dakar_K10_s7.checkpoint_metadata.json,fewshot_ids_fold_Dakar_K10_s7.txt,true
UNet_S1S2,fold_Dakar,10,8,293642e6b4f60ea823c9d51fbf355be7ed6276103ff46d31d46279864acd04a8,cfg_SCN_7c8cf7c5,checkpoint_metadata/unet_s1s2/SCN_UNet_S1S2_fold_Dakar_K10_s8.checkpoint_metadata.json,fewshot_ids_fold_Dakar_K10_s8.txt,true
UNet_S1S2,fold_Dakar,10,9,b9e978e5b476ce8dc4a0ae5a141165c62fda40e8ae640ae98ee9851e0bb2136b,cfg_SCN_7c8cf7c5,checkpoint_metadata/unet_s1s2/SCN_UNet_S1S2_fold_Dakar_K10_s9.checkpoint_metadata.json,fewshot_ids_fold_Dakar_K10_s9.txt,true
UNet_S1S2,fold_Dakar,10,10,0efdfce149b4c00da1f23f86851dbcc880f2935954aec9cf263e0d654b0b78ab,cfg_SCN_7c8cf7c5,checkpoint_metadata/unet_s1s2/SCN_UNet_S1S2_fold_Dakar_K10_s10.checkpoint_metadata.json,fewshot_ids_fold_Dakar_K10_s10.txt,true
UNet_S1S2,fold_Dakar,25,1,c614d498e39d4463ab73d6e912e52b43367b93c6fb709ce3c6a39a7cd7f5626f,cfg_SCN_cdd8add6,checkpoint_metadata/unet_s1s2/SCN_UNet_S1S2_fold_Dakar_K25_s1.checkpoint_metadata.json,fewshot_ids_fold_Dakar_K25_s1.txt,true
UNet_S1S2,fold_Dakar,25,2,3c23243d6e7e99df7a7d3fdda2c5245142e7fd4b565d2c2e730c8040580d6aa6,cfg_SCN_cdd8add6,checkpoint_metadata/unet_s1s2/SCN_UNet_S1S2_fold_Dakar_K25_s2.checkpoint_metadata.json,fewshot_ids_fold_Dakar_K25_s2.txt,true
UNet_S1S2,fold_Dakar,25,3,48fc92f1ea81d91c0fecbb0f56dcac9b09f1d95a481753c339ff001d6821778c,cfg_SCN_cdd8add6,checkpoint_metadata/unet_s1s2/SCN_UNet_S1S2_fold_Dakar_K25_s3.checkpoint_metadata.json,fewshot_ids_fold_Dakar_K25_s3.txt,true
UNet_S1S2,fold_Dakar,25,4,ed038702d9b4bdbc082ce69106df0492e0fd633905fa876f736addd7e5a5240f,cfg_SCN_cdd8add6,checkpoint_metadata/unet_s1s2/SCN_UNet_S1S2_fold_Dakar_K25_s4.checkpoint_metadata.json,fewshot_ids_fold_Dakar_K25_s4.txt,true
UNet_S1S2,fold_Dakar,25,5,90afc7538eb8831e614995c914b70f3bec85262d91ac6005c86b7ca00f8fb7c3,cfg_SCN_cdd8add6,checkpoint_metadata/unet_s1s2/SCN_UNet_S1S2_fold_Dakar_K25_s5.checkpoint_metadata.json,fewshot_ids_fold_Dakar_K25_s5.txt,true
UNet_S1S2,fold_Dakar,25,6,af20707935cbabf9f8ab52fab6e3a463625af1eb8cfb55b1e7905ab8b52cab3c,cfg_SCN_cdd8add6,checkpoint_metadata/unet_s1s2/SCN_UNet_S1S2_fold_Dakar_K25_s6.checkpoint_metadata.json,fewshot_ids_fold_Dakar_K25_s6.txt,true
UNet_S1S2,fold_Dakar,25,7,2dc67e6bdc2ef6281275af00ebb50464a2ca16012477050fbc78ee38de9de284,cfg_SCN_cdd8add6,checkpoint_metadata/unet_s1s2/SCN_UNet_S1S2_fold_Dakar_K25_s7.checkpoint_metadata.json,fewshot_ids_fold_Dakar_K25_s7.txt,true
UNet_S1S2,fold_Dakar,25,8,7180b6aaf3386088d59ef6506a30b4e23d6f64a2e4c56a418a7f603923055cd2,cfg_SCN_cdd8add6,checkpoint_metadata/unet_s1s2/SCN_UNet_S1S2_fold_Dakar_K25_s8.checkpoint_metadata.json,fewshot_ids_fold_Dakar_K25_s8.txt,true
UNet_S1S2,fold_Dakar,25,9,e633f45e8f6958fdb0f7561abeaa39d42b6565e4670c9309daa97bbeef0d5159,cfg_SCN_cdd8add6,checkpoint_metadata/unet_s1s2/SCN_UNet_S1S2_fold_Dakar_K25_s9.checkpoint_metadata.json,fewshot_ids_fold_Dakar_K25_s9.txt,true
UNet_S1S2,fold_Dakar,25,10,b90983a841187d2948abcb98ea393eeb790dbf9089030b2ed0ce39d6802b9277,cfg_SCN_cdd8add6,checkpoint_metadata/unet_s1s2/SCN_UNet_S1S2_fold_Dakar_K25_s10.checkpoint_metadata.json,fewshot_ids_fold_Dakar_K25_s10.txt,true
UNet_S1S2,fold_Dakar,50,1,ab1d8b82be6d9a918d97bfc04294311bb539a561d1685c98fe84179b5e7ca84a,cfg_SCN_ddc3188d,checkpoint_metadata/unet_s1s2/SCN_UNet_S1S2_fold_Dakar_K50_s1.checkpoint_metadata.json,fewshot_ids_fold_Dakar_K50_s1.txt,true
UNet_S1S2,fold_Dakar,50,2,b5fbba193eee87378902c3a637dab3c14ab9d3d5f8fe7a53ff2174567fb2b9f0,cfg_SCN_ddc3188d,checkpoint_metadata/unet_s1s2/SCN_UNet_S1S2_fold_Dakar_K50_s2.checkpoint_metadata.json,fewshot_ids_fold_Dakar_K50_s2.txt,true
UNet_S1S2,fold_Dakar,50,3,11a07724f0f59c4cc4203719b346fee0039767f3050dcc0a4dd811c4f9cb9648,cfg_SCN_ddc3188d,checkpoint_metadata/unet_s1s2/SCN_UNet_S1S2_fold_Dakar_K50_s3.checkpoint_metadata.json,fewshot_ids_fold_Dakar_K50_s3.txt,true
UNet_S1S2,fold_Dakar,50,4,21b2fea7288aa849858422bc822e75208050696abf1daacde164e3ec756dcc48,cfg_SCN_ddc3188d,checkpoint_metadata/unet_s1s2/SCN_UNet_S1S2_fold_Dakar_K50_s4.checkpoint_metadata.json,fewshot_ids_fold_Dakar_K50_s4.txt,true
UNet_S1S2,fold_Dakar,50,5,e7635eadf61ab54e7167f374975b8e4ae763aefced4be692c315a9a0062119cf,cfg_SCN_ddc3188d,checkpoint_metadata/unet_s1s2/SCN_UNet_S1S2_fold_Dakar_K50_s5.checkpoint_metadata.json,fewshot_ids_fold_Dakar_K50_s5.txt,true
UNet_S1S2,fold_Dakar,50,6,937428de2a2a752803f174e55290732a3eeeafce850b453ccffca942305f3c80,cfg_SCN_ddc3188d,checkpoint_metadata/unet_s1s2/SCN_UNet_S1S2_fold_Dakar_K50_s6.checkpoint_metadata.json,fewshot_ids_fold_Dakar_K50_s6.txt,true
UNet_S1S2,fold_Dakar,50,7,148b8aef59ca0d1af7abe2b8068ff477a58f6f75d65661eb219a371855f58977,cfg_SCN_ddc3188d,checkpoint_metadata/unet_s1s2/SCN_UNet_S1S2_fold_Dakar_K50_s7.checkpoint_metadata.json,fewshot_ids_fold_Dakar_K50_s7.txt,true
UNet_S1S2,fold_Dakar,50,8,6344d890fbed89008171f1ad939828daeba6e9a51d62d9e400fca56f2a3e7a1e,cfg_SCN_ddc3188d,checkpoint_metadata/unet_s1s2/SCN_UNet_S1S2_fold_Dakar_K50_s8.checkpoint_metadata.json,fewshot_ids_fold_Dakar_K50_s8.txt,true
UNet_S1S2,fold_Dakar,50,9,400b299060174b92865665246a3bd37ae7381f211267b24c298b673f452248ef,cfg_SCN_ddc3188d,checkpoint_metadata/unet_s1s2/SCN_UNet_S1S2_fold_Dakar_K50_s9.checkpoint_metadata.json,fewshot_ids_fold_Dakar_K50_s9.txt,true
UNet_S1S2,fold_Dakar,50,10,ef8bdca9fa295a52a52d2c98e32e9dd3d7f90d0ed39ac8a4f3cc49dcadde4c5c,cfg_SCN_ddc3188d,checkpoint_metadata/unet_s1s2/SCN_UNet_S1S2_fold_Dakar_K50_s10.checkpoint_metadata.json,fewshot_ids_fold_Dakar_K50_s10.txt,true
UNet_S1S2,fold_DarEsSalaam,10,1,d5a2875f5bbf548e74483e7c6dc58c4c14b7ded51ad69f5a1d7c4439aad517f3,cfg_SCN_7c8cf7c5,checkpoint_metadata/unet_s1s2/SCN_UNet_S1S2_fold_DarEsSalaam_K10_s1.checkpoint_metadata.json,fewshot_ids_fold_DarEsSalaam_K10_s1.txt,true
UNet_S1S2,fold_DarEsSalaam,10,2,e6fbf2dce25fa13ac3db14a436d54e6e6cfb91e92e3bc53d93b905b9a5167b06,cfg_SCN_7c8cf7c5,checkpoint_metadata/unet_s1s2/SCN_UNet_S1S2_fold_DarEsSalaam_K10_s2.checkpoint_metadata.json,fewshot_ids_fold_DarEsSalaam_K10_s2.txt,true
UNet_S1S2,fold_DarEsSalaam,10,3,d3e26cf1a44eff6441f027bcbb567fcb336ddbe60bc90db153fb1f0ec8cdc239,cfg_SCN_7c8cf7c5,checkpoint_metadata/unet_s1s2/SCN_UNet_S1S2_fold_DarEsSalaam_K10_s3.checkpoint_metadata.json,fewshot_ids_fold_DarEsSalaam_K10_s3.txt,true
UNet_S1S2,fold_DarEsSalaam,10,4,722992af546191b699d31b97c192836569160d3526f9bf0df186051dd73acb62,cfg_SCN_7c8cf7c5,checkpoint_metadata/unet_s1s2/SCN_UNet_S1S2_fold_DarEsSalaam_K10_s4.checkpoint_metadata.json,fewshot_ids_fold_DarEsSalaam_K10_s4.txt,true
UNet_S1S2,fold_DarEsSalaam,10,5,95235c3ffffc8e247837d4a33fa53c645a08ab675c97d308f635e7df16512c8c,cfg_SCN_7c8cf7c5,checkpoint_metadata/unet_s1s2/SCN_UNet_S1S2_fold_DarEsSalaam_K10_s5.checkpoint_metadata.json,fewshot_ids_fold_DarEsSalaam_K10_s5.txt,true
UNet_S1S2,fold_DarEsSalaam,10,6,71340a1a746830fd92637d64392859ed863c3e1c0b6a0c5f2030d298454a7b8c,cfg_SCN_7c8cf7c5,checkpoint_metadata/unet_s1s2/SCN_UNet_S1S2_fold_DarEsSalaam_K10_s6.checkpoint_metadata.json,fewshot_ids_fold_DarEsSalaam_K10_s6.txt,true
UNet_S1S2,fold_DarEsSalaam,10,7,d6e6e63609cd2605e9957f8cb51e1f0c2371b80c0fa03e1bc620dd9178a586c1,cfg_SCN_7c8cf7c5,checkpoint_metadata/unet_s1s2/SCN_UNet_S1S2_fold_DarEsSalaam_K10_s7.checkpoint_metadata.json,fewshot_ids_fold_DarEsSalaam_K10_s7.txt,true
UNet_S1S2,fold_DarEsSalaam,10,8,8b87fda5ebf26f0e74a327399d3c3572bbe77c76e10e912b982c66a4b05e937a,cfg_SCN_7c8cf7c5,checkpoint_metadata/unet_s1s2/SCN_UNet_S1S2_fold_DarEsSalaam_K10_s8.checkpoint_metadata.json,fewshot_ids_fold_DarEsSalaam_K10_s8.txt,true
UNet_S1S2,fold_DarEsSalaam,10,9,9c8137c45f7f9069e80d118fa3e3d468f4d497cf1ebe50a9fd20d95e6ccba054,cfg_SCN_7c8cf7c5,checkpoint_metadata/unet_s1s2/SCN_UNet_S1S2_fold_DarEsSalaam_K10_s9.checkpoint_metadata.json,fewshot_ids_fold_DarEsSalaam_K10_s9.txt,true
UNet_S1S2,fold_DarEsSalaam,10,10,40e562299675a5a01d4dcb8a6108c7de152390634ac8ca91752c58d545123bc2,cfg_SCN_7c8cf7c5,checkpoint_metadata/unet_s1s2/SCN_UNet_S1S2_fold_DarEsSalaam_K10_s10.checkpoint_metadata.json,fewshot_ids_fold_DarEsSalaam_K10_s10.txt,true
UNet_S1S2,fold_DarEsSalaam,25,1,28a37e6041dee8125163d85f82c0059ce92c1164ea00835a4908b6d947d60d34,cfg_SCN_cdd8add6,checkpoint_metadata/unet_s1s2/SCN_UNet_S1S2_fold_DarEsSalaam_K25_s1.checkpoint_metadata.json,fewshot_ids_fold_DarEsSalaam_K25_s1.txt,true
UNet_S1S2,fold_DarEsSalaam,25,2,c26d28571b319b246771e6f06a44fd73c8ca6c7f743662a32969cbda8a522396,cfg_SCN_cdd8add6,checkpoint_metadata/unet_s1s2/SCN_UNet_S1S2_fold_DarEsSalaam_K25_s2.checkpoint_metadata.json,fewshot_ids_fold_DarEsSalaam_K25_s2.txt,true
UNet_S1S2,fold_DarEsSalaam,25,3,c50d055f65757afd2caabedb069fcbbf120a336bb3674ffffa026a8f639db5a7,cfg_SCN_cdd8add6,checkpoint_metadata/unet_s1s2/SCN_UNet_S1S2_fold_DarEsSalaam_K25_s3.checkpoint_metadata.json,fewshot_ids_fold_DarEsSalaam_K25_s3.txt,true
UNet_S1S2,fold_DarEsSalaam,25,4,960c7a3e504ba5d4e45af094357f16b24ae54a5417ce64c7b82dc5a151723500,cfg_SCN_cdd8add6,checkpoint_metadata/unet_s1s2/SCN_UNet_S1S2_fold_DarEsSalaam_K25_s4.checkpoint_metadata.json,fewshot_ids_fold_DarEsSalaam_K25_s4.txt,true
UNet_S1S2,fold_DarEsSalaam,25,5,002be300e00b4edbe0deb4ddf3d4593f71e02e65fcd0bd001e14fe17eae54496,cfg_SCN_cdd8add6,checkpoint_metadata/unet_s1s2/SCN_UNet_S1S2_fold_DarEsSalaam_K25_s5.checkpoint_metadata.json,fewshot_ids_fold_DarEsSalaam_K25_s5.txt,true
UNet_S1S2,fold_DarEsSalaam,25,6,2329395585200e62583c99a5316fefc64526b5e06bade825a3c188953153a3ee,cfg_SCN_cdd8add6,checkpoint_metadata/unet_s1s2/SCN_UNet_S1S2_fold_DarEsSalaam_K25_s6.checkpoint_metadata.json,fewshot_ids_fold_DarEsSalaam_K25_s6.txt,true
UNet_S1S2,fold_DarEsSalaam,25,7,1bf32ef1cafed334004de7d55a08915db55330a403d79f0f631c2deae48778e4,cfg_SCN_cdd8add6,checkpoint_metadata/unet_s1s2/SCN_UNet_S1S2_fold_DarEsSalaam_K25_s7.checkpoint_metadata.json,fewshot_ids_fold_DarEsSalaam_K25_s7.txt,true
UNet_S1S2,fold_DarEsSalaam,25,8,3d60b194ff1f5457dbf5026ebbff523ce25a0ad20fc6be9066ab621d95bcd131,cfg_SCN_cdd8add6,checkpoint_metadata/unet_s1s2/SCN_UNet_S1S2_fold_DarEsSalaam_K25_s8.checkpoint_metadata.json,fewshot_ids_fold_DarEsSalaam_K25_s8.txt,true
UNet_S1S2,fold_DarEsSalaam,25,9,f303cf44f6503b74b87dab8feeb83d3dc57dd47cf7d212b326b3a44e2ec7d881,cfg_SCN_cdd8add6,checkpoint_metadata/unet_s1s2/SCN_UNet_S1S2_fold_DarEsSalaam_K25_s9.checkpoint_metadata.json,fewshot_ids_fold_DarEsSalaam_K25_s9.txt,true
UNet_S1S2,fold_DarEsSalaam,25,10,152a3b7492c997ab90032c69c05f98cf9e41f4413bd75c39c55af5273183b488,cfg_SCN_cdd8add6,checkpoint_metadata/unet_s1s2/SCN_UNet_S1S2_fold_DarEsSalaam_K25_s10.checkpoint_metadata.json,fewshot_ids_fold_DarEsSalaam_K25_s10.txt,true
UNet_S1S2,fold_DarEsSalaam,50,1,4acc05c1e42973341074c43593e82479e0cbb7f069a65cccf46a7ecce74cc0ba,cfg_SCN_ddc3188d,checkpoint_metadata/unet_s1s2/SCN_UNet_S1S2_fold_DarEsSalaam_K50_s1.checkpoint_metadata.json,fewshot_ids_fold_DarEsSalaam_K50_s1.txt,true
UNet_S1S2,fold_DarEsSalaam,50,2,8e3de547cfd7c745014d75cff02b8fa5f28ba81259800b764b3cbd61db2db394,cfg_SCN_ddc3188d,checkpoint_metadata/unet_s1s2/SCN_UNet_S1S2_fold_DarEsSalaam_K50_s2.checkpoint_metadata.json,fewshot_ids_fold_DarEsSalaam_K50_s2.txt,true
UNet_S1S2,fold_DarEsSalaam,50,3,dcad9b7418cc57a617c214f8aa90fa8ccb619e0c3d42e2e72970884b6f95964e,cfg_SCN_ddc3188d,checkpoint_metadata/unet_s1s2/SCN_UNet_S1S2_fold_DarEsSalaam_K50_s3.checkpoint_metadata.json,fewshot_ids_fold_DarEsSalaam_K50_s3.txt,true
UNet_S1S2,fold_DarEsSalaam,50,4,90d8998e98e91b45f8e0ea464b47fee11b56c8a05d6c3d922987bf2c742703bc,cfg_SCN_ddc3188d,checkpoint_metadata/unet_s1s2/SCN_UNet_S1S2_fold_DarEsSalaam_K50_s4.checkpoint_metadata.json,fewshot_ids_fold_DarEsSalaam_K50_s4.txt,true
UNet_S1S2,fold_DarEsSalaam,50,5,f8f42026163f6ac0bd2f95fd16a8145f0f61a702af37b0db1a195d4ad947f752,cfg_SCN_ddc3188d,checkpoint_metadata/unet_s1s2/SCN_UNet_S1S2_fold_DarEsSalaam_K50_s5.checkpoint_metadata.json,fewshot_ids_fold_DarEsSalaam_K50_s5.txt,true
UNet_S1S2,fold_DarEsSalaam,50,6,c52fa45276c73978650fcb1b1cabe7d73887e06721d827920a5e3589fffac4d5,cfg_SCN_ddc3188d,checkpoint_metadata/unet_s1s2/SCN_UNet_S1S2_fold_DarEsSalaam_K50_s6.checkpoint_metadata.json,fewshot_ids_fold_DarEsSalaam_K50_s6.txt,true
UNet_S1S2,fold_DarEsSalaam,50,7,0ea838e33537b03cc01f4817994bc69f7b65f5abd0302d99ea1ca41c3ddd5a21,cfg_SCN_ddc3188d,checkpoint_metadata/unet_s1s2/SCN_UNet_S1S2_fold_DarEsSalaam_K50_s7.checkpoint_metadata.json,fewshot_ids_fold_DarEsSalaam_K50_s7.txt,true
UNet_S1S2,fold_DarEsSalaam,50,8,46fffe22c45ae92250ac5eb380edc5f132b117481009cce17bb7132fd609a001,cfg_SCN_ddc3188d,checkpoint_metadata/unet_s1s2/SCN_UNet_S1S2_fold_DarEsSalaam_K50_s8.checkpoint_metadata.json,fewshot_ids_fold_DarEsSalaam_K50_s8.txt,true
UNet_S1S2,fold_DarEsSalaam,50,9,878923808bf25ca9223ad077e8664a0b71a85d4356f1e29ace87207be3b93fac,cfg_SCN_ddc3188d,checkpoint_metadata/unet_s1s2/SCN_UNet_S1S2_fold_DarEsSalaam_K50_s9.checkpoint_metadata.json,fewshot_ids_fold_DarEsSalaam_K50_s9.txt,true
UNet_S1S2,fold_DarEsSalaam,50,10,f573334823f47d8b3a2bff05853425e78b13da2c783fca60e614a0354bb24c05,cfg_SCN_ddc3188d,checkpoint_metadata/unet_s1s2/SCN_UNet_S1S2_fold_DarEsSalaam_K50_s10.checkpoint_metadata.json,fewshot_ids_fold_DarEsSalaam_K50_s10.txt,true
UNet_S1S2,fold_Douala,10,1,2e836b65f0ba7d3b4af705f6f3252904cdd7d2c6299ad0be466001c0417b55a7,cfg_SCN_7c8cf7c5,checkpoint_metadata/unet_s1s2/SCN_UNet_S1S2_fold_Douala_K10_s1.checkpoint_metadata.json,fewshot_ids_fold_Douala_K10_s1.txt,true
UNet_S1S2,fold_Douala,10,2,449f7144af9b1c6b73d02de612b29981e522c2c10b9824af9499c9fee985f607,cfg_SCN_7c8cf7c5,checkpoint_metadata/unet_s1s2/SCN_UNet_S1S2_fold_Douala_K10_s2.checkpoint_metadata.json,fewshot_ids_fold_Douala_K10_s2.txt,true
UNet_S1S2,fold_Douala,10,3,2dd4f18d7a909e2c323bddc0bd563c0a96fd6fa52cbdbb633626873050a71fa9,cfg_SCN_7c8cf7c5,checkpoint_metadata/unet_s1s2/SCN_UNet_S1S2_fold_Douala_K10_s3.checkpoint_metadata.json,fewshot_ids_fold_Douala_K10_s3.txt,true
UNet_S1S2,fold_Douala,10,4,44fc894629dfab6c44f89c744ff9fbcb517c00d086abe7fcac2ee8d8422ec322,cfg_SCN_7c8cf7c5,checkpoint_metadata/unet_s1s2/SCN_UNet_S1S2_fold_Douala_K10_s4.checkpoint_metadata.json,fewshot_ids_fold_Douala_K10_s4.txt,true
UNet_S1S2,fold_Douala,10,5,5c4219fed774abecda11d199779a77ad31f0cc055bc87144f40a8c584da0c6d6,cfg_SCN_7c8cf7c5,checkpoint_metadata/unet_s1s2/SCN_UNet_S1S2_fold_Douala_K10_s5.checkpoint_metadata.json,fewshot_ids_fold_Douala_K10_s5.txt,true
UNet_S1S2,fold_Douala,10,6,afb85cd8ee192507a9337eac7eafeda40a5f193d39cb3878da6edb8e6ae6d790,cfg_SCN_7c8cf7c5,checkpoint_metadata/unet_s1s2/SCN_UNet_S1S2_fold_Douala_K10_s6.checkpoint_metadata.json,fewshot_ids_fold_Douala_K10_s6.txt,true
UNet_S1S2,fold_Douala,10,7,4230bf1a9f8fd13748d3ce66d4058aa2a77cdebf93ac30d49204cbe99deeea1c,cfg_SCN_7c8cf7c5,checkpoint_metadata/unet_s1s2/SCN_UNet_S1S2_fold_Douala_K10_s7.checkpoint_metadata.json,fewshot_ids_fold_Douala_K10_s7.txt,true
UNet_S1S2,fold_Douala,10,8,c1d87570987f3704065a388fa774fac6ac62834a6c484b630118489b912d10a0,cfg_SCN_7c8cf7c5,checkpoint_metadata/unet_s1s2/SCN_UNet_S1S2_fold_Douala_K10_s8.checkpoint_metadata.json,fewshot_ids_fold_Douala_K10_s8.txt,true
UNet_S1S2,fold_Douala,10,9,c8b9f30bfe5053a5b80f7a58b2efd6c0c9990ea881b725954edae5eaf2288fcf,cfg_SCN_7c8cf7c5,checkpoint_metadata/unet_s1s2/SCN_UNet_S1S2_fold_Douala_K10_s9.checkpoint_metadata.json,fewshot_ids_fold_Douala_K10_s9.txt,true
UNet_S1S2,fold_Douala,10,10,a49836e2356ac6f9648365de74d9a027eda2e48f7232c90e9baee9c5125dd49c,cfg_SCN_7c8cf7c5,checkpoint_metadata/unet_s1s2/SCN_UNet_S1S2_fold_Douala_K10_s10.checkpoint_metadata.json,fewshot_ids_fold_Douala_K10_s10.txt,true
UNet_S1S2,fold_Douala,25,1,0042337cb4a43bd54504ba4d8219c8791a0a74ef953dac8e3fb189f64cc04ac1,cfg_SCN_cdd8add6,checkpoint_metadata/unet_s1s2/SCN_UNet_S1S2_fold_Douala_K25_s1.checkpoint_metadata.json,fewshot_ids_fold_Douala_K25_s1.txt,true
UNet_S1S2,fold_Douala,25,2,39435d9ad8852c5d89f4c668ef6edd069350a88b3308caa809a00c471474b8c2,cfg_SCN_cdd8add6,checkpoint_metadata/unet_s1s2/SCN_UNet_S1S2_fold_Douala_K25_s2.checkpoint_metadata.json,fewshot_ids_fold_Douala_K25_s2.txt,true
UNet_S1S2,fold_Douala,25,3,2c6b0dc8b6be7419c4ce9fe7f253d25bf6c50b38e1e70b775ee4a0f491db84c5,cfg_SCN_cdd8add6,checkpoint_metadata/unet_s1s2/SCN_UNet_S1S2_fold_Douala_K25_s3.checkpoint_metadata.json,fewshot_ids_fold_Douala_K25_s3.txt,true
UNet_S1S2,fold_Douala,25,4,5371acf70f4e2107081ae154503f6db35638a83e9e702f8c94e396cc0e162768,cfg_SCN_cdd8add6,checkpoint_metadata/unet_s1s2/SCN_UNet_S1S2_fold_Douala_K25_s4.checkpoint_metadata.json,fewshot_ids_fold_Douala_K25_s4.txt,true
UNet_S1S2,fold_Douala,25,5,3af4605fe5dc9cd629166e5a404a6d0af5162bd5f3ed47ad93f904777a9f9441,cfg_SCN_cdd8add6,checkpoint_metadata/unet_s1s2/SCN_UNet_S1S2_fold_Douala_K25_s5.checkpoint_metadata.json,fewshot_ids_fold_Douala_K25_s5.txt,true
UNet_S1S2,fold_Douala,25,6,58c9deee19d6606a443a5a0a9bbc7c401139a12c3a9c7400a6688006d551bb84,cfg_SCN_cdd8add6,checkpoint_metadata/unet_s1s2/SCN_UNet_S1S2_fold_Douala_K25_s6.checkpoint_metadata.json,fewshot_ids_fold_Douala_K25_s6.txt,true
UNet_S1S2,fold_Douala,25,7,9afe0e5b9aa745b8b8845fbf421fdef1933b2a37cb96c1699c2961ead12b7e4d,cfg_SCN_cdd8add6,checkpoint_metadata/unet_s1s2/SCN_UNet_S1S2_fold_Douala_K25_s7.checkpoint_metadata.json,fewshot_ids_fold_Douala_K25_s7.txt,true
UNet_S1S2,fold_Douala,25,8,5319abb6793eea2b252db236af9b0ec6e5168b7f8367da95eecd602b489df586,cfg_SCN_cdd8add6,checkpoint_metadata/unet_s1s2/SCN_UNet_S1S2_fold_Douala_K25_s8.checkpoint_metadata.json,fewshot_ids_fold_Douala_K25_s8.txt,true
UNet_S1S2,fold_Douala,25,9,3bb27fcdb728103a0e07ad7a200805124eaf93914e3eb04559e9a4abe5ac9dc8,cfg_SCN_cdd8add6,checkpoint_metadata/unet_s1s2/SCN_UNet_S1S2_fold_Douala_K25_s9.checkpoint_metadata.json,fewshot_ids_fold_Douala_K25_s9.txt,true
UNet_S1S2,fold_Douala,25,10,683fe9a50da216ad963b2b6a7bbdbe40a67cdb71598b4e8f7d4b50879bdeb16f,cfg_SCN_cdd8add6,checkpoint_metadata/unet_s1s2/SCN_UNet_S1S2_fold_Douala_K25_s10.checkpoint_metadata.json,fewshot_ids_fold_Douala_K25_s10.txt,true
UNet_S1S2,fold_Douala,50,1,88b1f87fefec2b1dd6fbdcfa1b0d3ffb468901e58c8e4f96e97e54ea3e23bfb3,cfg_SCN_ddc3188d,checkpoint_metadata/unet_s1s2/SCN_UNet_S1S2_fold_Douala_K50_s1.checkpoint_metadata.json,fewshot_ids_fold_Douala_K50_s1.txt,true
UNet_S1S2,fold_Douala,50,2,095aee1e2fd634fb8385f37786672a500b46f41241dcf760127d479b35639b00,cfg_SCN_ddc3188d,checkpoint_metadata/unet_s1s2/SCN_UNet_S1S2_fold_Douala_K50_s2.checkpoint_metadata.json,fewshot_ids_fold_Douala_K50_s2.txt,true
UNet_S1S2,fold_Douala,50,3,c77c0dd50e99ce1be4f31fc3692d5d9d7afc4282d6208a87f4849cf850fe9540,cfg_SCN_ddc3188d,checkpoint_metadata/unet_s1s2/SCN_UNet_S1S2_fold_Douala_K50_s3.checkpoint_metadata.json,fewshot_ids_fold_Douala_K50_s3.txt,true
UNet_S1S2,fold_Douala,50,4,0c48be8b4776ec79fa0b103c54dac55b8451cb42790929ccd4aa523deaa8a3f7,cfg_SCN_ddc3188d,checkpoint_metadata/unet_s1s2/SCN_UNet_S1S2_fold_Douala_K50_s4.checkpoint_metadata.json,fewshot_ids_fold_Douala_K50_s4.txt,true
UNet_S1S2,fold_Douala,50,5,16fe15c26c6c0cba1b9da319ae5a2a199237adac1cd697dbfce6167e56e3247b,cfg_SCN_ddc3188d,checkpoint_metadata/unet_s1s2/SCN_UNet_S1S2_fold_Douala_K50_s5.checkpoint_metadata.json,fewshot_ids_fold_Douala_K50_s5.txt,true
UNet_S1S2,fold_Douala,50,6,0abd2157665d23db1d5e8fe31a9e89827df011ecce7bdcf860dc10ab8faf8d59,cfg_SCN_ddc3188d,checkpoint_metadata/unet_s1s2/SCN_UNet_S1S2_fold_Douala_K50_s6.checkpoint_metadata.json,fewshot_ids_fold_Douala_K50_s6.txt,true
UNet_S1S2,fold_Douala,50,7,34d0d280fa1da08d2e9870f90d488dd8c3532039951366cbe3d46bb8e20879c1,cfg_SCN_ddc3188d,checkpoint_metadata/unet_s1s2/SCN_UNet_S1S2_fold_Douala_K50_s7.checkpoint_metadata.json,fewshot_ids_fold_Douala_K50_s7.txt,true
UNet_S1S2,fold_Douala,50,8,672099141c7ce9f6cc5352e7370eadd8e1ee72754e30c39427c7de71f0b810e3,cfg_SCN_ddc3188d,checkpoint_metadata/unet_s1s2/SCN_UNet_S1S2_fold_Douala_K50_s8.checkpoint_metadata.json,fewshot_ids_fold_Douala_K50_s8.txt,true
UNet_S1S2,fold_Douala,50,9,713fec87636162776d42cffbb0ccbed463d60750a1faa7f205718bfd52f7c903,cfg_SCN_ddc3188d,checkpoint_metadata/unet_s1s2/SCN_UNet_S1S2_fold_Douala_K50_s9.checkpoint_metadata.json,fewshot_ids_fold_Douala_K50_s9.txt,true
UNet_S1S2,fold_Douala,50,10,951ffa84de80ffa396bc47b66fc8913064533e05118a336524bd6667474b1cb1,cfg_SCN_ddc3188d,checkpoint_metadata/unet_s1s2/SCN_UNet_S1S2_fold_Douala_K50_s10.checkpoint_metadata.json,fewshot_ids_fold_Douala_K50_s10.txt,true
UNet_S1S2,fold_Garoua,10,1,71d700b2a6135aad232df7f885e0880d301186038c1670e05ac602b94f6b9c50,cfg_SCN_7c8cf7c5,checkpoint_metadata/unet_s1s2/SCN_UNet_S1S2_fold_Garoua_K10_s1.checkpoint_metadata.json,fewshot_ids_fold_Garoua_K10_s1.txt,true
UNet_S1S2,fold_Garoua,10,2,b107a5284dd78ad23374578f9d9e8100877cabba0d391f842908aff135e3cb35,cfg_SCN_7c8cf7c5,checkpoint_metadata/unet_s1s2/SCN_UNet_S1S2_fold_Garoua_K10_s2.checkpoint_metadata.json,fewshot_ids_fold_Garoua_K10_s2.txt,true
UNet_S1S2,fold_Garoua,10,3,6a2ac11e3e4846c8856cfd93df85c3286b3bdaf7ef485968404811bbd9e2f23d,cfg_SCN_7c8cf7c5,checkpoint_metadata/unet_s1s2/SCN_UNet_S1S2_fold_Garoua_K10_s3.checkpoint_metadata.json,fewshot_ids_fold_Garoua_K10_s3.txt,true
UNet_S1S2,fold_Garoua,10,4,ba87aec4a1585c09cf26456386ef0b48093b9adb4cfd7ba05f595924aa02f620,cfg_SCN_7c8cf7c5,checkpoint_metadata/unet_s1s2/SCN_UNet_S1S2_fold_Garoua_K10_s4.checkpoint_metadata.json,fewshot_ids_fold_Garoua_K10_s4.txt,true
UNet_S1S2,fold_Garoua,10,5,b9ba5aabb19c686444bac59eaaed864bc27cb3b1e6c8238ef0345557adaf9342,cfg_SCN_7c8cf7c5,checkpoint_metadata/unet_s1s2/SCN_UNet_S1S2_fold_Garoua_K10_s5.checkpoint_metadata.json,fewshot_ids_fold_Garoua_K10_s5.txt,true
UNet_S1S2,fold_Garoua,10,6,22bfa8404e590b3a4d3cceda6947242adbcef9debc89857b995b596e52b8c7ed,cfg_SCN_7c8cf7c5,checkpoint_metadata/unet_s1s2/SCN_UNet_S1S2_fold_Garoua_K10_s6.checkpoint_metadata.json,fewshot_ids_fold_Garoua_K10_s6.txt,true
UNet_S1S2,fold_Garoua,10,7,45b12b969e689ff8f6115d6b849fdfe9d47e49fe73099b687d651c45a3555de3,cfg_SCN_7c8cf7c5,checkpoint_metadata/unet_s1s2/SCN_UNet_S1S2_fold_Garoua_K10_s7.checkpoint_metadata.json,fewshot_ids_fold_Garoua_K10_s7.txt,true
UNet_S1S2,fold_Garoua,10,8,30b112afc7e7f17091df247024daca4d8673d876eb9cc5dd2411293a36069794,cfg_SCN_7c8cf7c5,checkpoint_metadata/unet_s1s2/SCN_UNet_S1S2_fold_Garoua_K10_s8.checkpoint_metadata.json,fewshot_ids_fold_Garoua_K10_s8.txt,true
UNet_S1S2,fold_Garoua,10,9,403e9fa0fa37e3daaba4d16e4b40fd53519bffd974e158aaff85bb6a6bb01c87,cfg_SCN_7c8cf7c5,checkpoint_metadata/unet_s1s2/SCN_UNet_S1S2_fold_Garoua_K10_s9.checkpoint_metadata.json,fewshot_ids_fold_Garoua_K10_s9.txt,true
UNet_S1S2,fold_Garoua,10,10,b00ad3abe5fba0e2679ffe1af075a899fdd716b9ee21864475a0179f7e339822,cfg_SCN_7c8cf7c5,checkpoint_metadata/unet_s1s2/SCN_UNet_S1S2_fold_Garoua_K10_s10.checkpoint_metadata.json,fewshot_ids_fold_Garoua_K10_s10.txt,true
UNet_S1S2,fold_Garoua,25,1,a071af204f27db2e0023fc0fa753186ff01b6912c4ec69a1138021b7fffe2206,cfg_SCN_cdd8add6,checkpoint_metadata/unet_s1s2/SCN_UNet_S1S2_fold_Garoua_K25_s1.checkpoint_metadata.json,fewshot_ids_fold_Garoua_K25_s1.txt,true
UNet_S1S2,fold_Garoua,25,2,ef61708512fd372d0ca51b1de3d736205d74af1ed53182005627a1ebf00f0de4,cfg_SCN_cdd8add6,checkpoint_metadata/unet_s1s2/SCN_UNet_S1S2_fold_Garoua_K25_s2.checkpoint_metadata.json,fewshot_ids_fold_Garoua_K25_s2.txt,true
UNet_S1S2,fold_Garoua,25,3,81e8fd4975c4a937a32c9a13c9d2e058667b3d7e5d3e082e876615627501e175,cfg_SCN_cdd8add6,checkpoint_metadata/unet_s1s2/SCN_UNet_S1S2_fold_Garoua_K25_s3.checkpoint_metadata.json,fewshot_ids_fold_Garoua_K25_s3.txt,true
UNet_S1S2,fold_Garoua,25,4,897a53bca9a1ab56546fe4b58f586db3481794a2e34d2f58fc3a19937598ff7f,cfg_SCN_cdd8add6,checkpoint_metadata/unet_s1s2/SCN_UNet_S1S2_fold_Garoua_K25_s4.checkpoint_metadata.json,fewshot_ids_fold_Garoua_K25_s4.txt,true
UNet_S1S2,fold_Garoua,25,5,5bcec738c2c7ea785954a81a5ddb1f93cece8770d34003c57e23217e81cac8b5,cfg_SCN_cdd8add6,checkpoint_metadata/unet_s1s2/SCN_UNet_S1S2_fold_Garoua_K25_s5.checkpoint_metadata.json,fewshot_ids_fold_Garoua_K25_s5.txt,true
UNet_S1S2,fold_Garoua,25,6,95b46f8abc6110932b2dad451222338f72db6fc4faf31adf4e6036a072b4cc0b,cfg_SCN_cdd8add6,checkpoint_metadata/unet_s1s2/SCN_UNet_S1S2_fold_Garoua_K25_s6.checkpoint_metadata.json,fewshot_ids_fold_Garoua_K25_s6.txt,true
UNet_S1S2,fold_Garoua,25,7,5cee2e88124f74ecb9b73d693338b622b5375d255caa26a477d89a001d504fd0,cfg_SCN_cdd8add6,checkpoint_metadata/unet_s1s2/SCN_UNet_S1S2_fold_Garoua_K25_s7.checkpoint_metadata.json,fewshot_ids_fold_Garoua_K25_s7.txt,true
UNet_S1S2,fold_Garoua,25,8,cda9a1038c80f0ed386b4c281bae4586d8fafcc44306af6be97e57f555a2dbd2,cfg_SCN_cdd8add6,checkpoint_metadata/unet_s1s2/SCN_UNet_S1S2_fold_Garoua_K25_s8.checkpoint_metadata.json,fewshot_ids_fold_Garoua_K25_s8.txt,true
UNet_S1S2,fold_Garoua,25,9,da3a8d6effee9003866e468d7550d0a676cc28dfdb02981091c2eb189a742e8e,cfg_SCN_cdd8add6,checkpoint_metadata/unet_s1s2/SCN_UNet_S1S2_fold_Garoua_K25_s9.checkpoint_metadata.json,fewshot_ids_fold_Garoua_K25_s9.txt,true
UNet_S1S2,fold_Garoua,25,10,2752a7fbcba76eff0e487221f1edfffd7b14512c33cd9e7b750505ef0387d88a,cfg_SCN_cdd8add6,checkpoint_metadata/unet_s1s2/SCN_UNet_S1S2_fold_Garoua_K25_s10.checkpoint_metadata.json,fewshot_ids_fold_Garoua_K25_s10.txt,true
UNet_S1S2,fold_Garoua,50,1,6f9f562b686f33a8801c31f2a6689ff0d4b0613ee89ee05f60972e3588af157a,cfg_SCN_ddc3188d,checkpoint_metadata/unet_s1s2/SCN_UNet_S1S2_fold_Garoua_K50_s1.checkpoint_metadata.json,fewshot_ids_fold_Garoua_K50_s1.txt,true
UNet_S1S2,fold_Garoua,50,2,ef061f5099f97143cf22603ea2c3161cd09aa273f8c54fbfc49b767d8937ea9c,cfg_SCN_ddc3188d,checkpoint_metadata/unet_s1s2/SCN_UNet_S1S2_fold_Garoua_K50_s2.checkpoint_metadata.json,fewshot_ids_fold_Garoua_K50_s2.txt,true
UNet_S1S2,fold_Garoua,50,3,8993bfd9842428e2a6b38568fa3f89f8010f013cbe44a60a669d75138dc13be9,cfg_SCN_ddc3188d,checkpoint_metadata/unet_s1s2/SCN_UNet_S1S2_fold_Garoua_K50_s3.checkpoint_metadata.json,fewshot_ids_fold_Garoua_K50_s3.txt,true
UNet_S1S2,fold_Garoua,50,4,9b395ef3c71a497abad2ba0134084e9045c0fc04b24ee767d3d144b8962bb607,cfg_SCN_ddc3188d,checkpoint_metadata/unet_s1s2/SCN_UNet_S1S2_fold_Garoua_K50_s4.checkpoint_metadata.json,fewshot_ids_fold_Garoua_K50_s4.txt,true
UNet_S1S2,fold_Garoua,50,5,1a509f3b829b84103f978cf5916527091ab8719135cf302504e2dc48774152a5,cfg_SCN_ddc3188d,checkpoint_metadata/unet_s1s2/SCN_UNet_S1S2_fold_Garoua_K50_s5.checkpoint_metadata.json,fewshot_ids_fold_Garoua_K50_s5.txt,true
UNet_S1S2,fold_Garoua,50,6,aa157a0f2f6315141ca8ffdeabc0ab0899aeeaa2132add5c37bec8ba1f0fbf3e,cfg_SCN_ddc3188d,checkpoint_metadata/unet_s1s2/SCN_UNet_S1S2_fold_Garoua_K50_s6.checkpoint_metadata.json,fewshot_ids_fold_Garoua_K50_s6.txt,true
UNet_S1S2,fold_Garoua,50,7,548f8f43032d105336a9b97531cc2a69018dfb2a8c7c27f5c64fab7f0c94008a,cfg_SCN_ddc3188d,checkpoint_metadata/unet_s1s2/SCN_UNet_S1S2_fold_Garoua_K50_s7.checkpoint_metadata.json,fewshot_ids_fold_Garoua_K50_s7.txt,true
UNet_S1S2,fold_Garoua,50,8,cc17818ebe27ba798fb68ecdc21513884ca3af1ec65e5dbbde02804588ed87d6,cfg_SCN_ddc3188d,checkpoint_metadata/unet_s1s2/SCN_UNet_S1S2_fold_Garoua_K50_s8.checkpoint_metadata.json,fewshot_ids_fold_Garoua_K50_s8.txt,true
UNet_S1S2,fold_Garoua,50,9,39f5546c200ec94c2de94678670b5ed699b3dbad8f210a4fd715cde9fe933d26,cfg_SCN_ddc3188d,checkpoint_metadata/unet_s1s2/SCN_UNet_S1S2_fold_Garoua_K50_s9.checkpoint_metadata.json,fewshot_ids_fold_Garoua_K50_s9.txt,true
UNet_S1S2,fold_Garoua,50,10,b6b11466257c1498e528cd84c305cfdc04c4901bc8e5d8e965acef4afb59ba99,cfg_SCN_ddc3188d,checkpoint_metadata/unet_s1s2/SCN_UNet_S1S2_fold_Garoua_K50_s10.checkpoint_metadata.json,fewshot_ids_fold_Garoua_K50_s10.txt,true
UNet_S1S2,fold_Kigali,10,1,4b90cd417bc62d83da4f45d8599b7c794a4ad0dc95f683fa5a42e1abf0abdc99,cfg_SCN_7c8cf7c5,checkpoint_metadata/unet_s1s2/SCN_UNet_S1S2_fold_Kigali_K10_s1.checkpoint_metadata.json,fewshot_ids_fold_Kigali_K10_s1.txt,true
UNet_S1S2,fold_Kigali,10,2,8b7db1f1eafd7bc2313d09e3cbae2e07a11b5317862253bbcdf5542a35865e9d,cfg_SCN_7c8cf7c5,checkpoint_metadata/unet_s1s2/SCN_UNet_S1S2_fold_Kigali_K10_s2.checkpoint_metadata.json,fewshot_ids_fold_Kigali_K10_s2.txt,true
UNet_S1S2,fold_Kigali,10,3,bce21f901ae40e25e0d619dc50a2dd4f24aea1549f1b49a72e10fd8a69fda818,cfg_SCN_7c8cf7c5,checkpoint_metadata/unet_s1s2/SCN_UNet_S1S2_fold_Kigali_K10_s3.checkpoint_metadata.json,fewshot_ids_fold_Kigali_K10_s3.txt,true
UNet_S1S2,fold_Kigali,10,4,11ee3a913782f1c216548abd119bea621a725fbc37ed871a62a2c6a38fc1d43e,cfg_SCN_7c8cf7c5,checkpoint_metadata/unet_s1s2/SCN_UNet_S1S2_fold_Kigali_K10_s4.checkpoint_metadata.json,fewshot_ids_fold_Kigali_K10_s4.txt,true
UNet_S1S2,fold_Kigali,10,5,642dff0d06f182e0bd97e3763817db282c71c00f90a39d13344dd271c35f13d3,cfg_SCN_7c8cf7c5,checkpoint_metadata/unet_s1s2/SCN_UNet_S1S2_fold_Kigali_K10_s5.checkpoint_metadata.json,fewshot_ids_fold_Kigali_K10_s5.txt,true
UNet_S1S2,fold_Kigali,10,6,a5a120558b56a4a31346afdd7ce2bdf90e5c33d188fe8a79fe60da9d0e497df3,cfg_SCN_7c8cf7c5,checkpoint_metadata/unet_s1s2/SCN_UNet_S1S2_fold_Kigali_K10_s6.checkpoint_metadata.json,fewshot_ids_fold_Kigali_K10_s6.txt,true
UNet_S1S2,fold_Kigali,10,7,799d5ee41765d1828cb092ed28b0ec0f5921a006f2a8f0c0881ad29109222e21,cfg_SCN_7c8cf7c5,checkpoint_metadata/unet_s1s2/SCN_UNet_S1S2_fold_Kigali_K10_s7.checkpoint_metadata.json,fewshot_ids_fold_Kigali_K10_s7.txt,true
UNet_S1S2,fold_Kigali,10,8,db908693ab77941c9ab1804bd42eca0e07c061ef980150afdade04b0feb83e57,cfg_SCN_7c8cf7c5,checkpoint_metadata/unet_s1s2/SCN_UNet_S1S2_fold_Kigali_K10_s8.checkpoint_metadata.json,fewshot_ids_fold_Kigali_K10_s8.txt,true
UNet_S1S2,fold_Kigali,10,9,3e9419b01e7ef8dbc75cfe6d069b7baf60cc14213af03536b94dc67a529c7dfa,cfg_SCN_7c8cf7c5,checkpoint_metadata/unet_s1s2/SCN_UNet_S1S2_fold_Kigali_K10_s9.checkpoint_metadata.json,fewshot_ids_fold_Kigali_K10_s9.txt,true
UNet_S1S2,fold_Kigali,10,10,b5aeec89c853cda879872e4f2d9a744c9d9c296f76acd904569cac1f41f0eadf,cfg_SCN_7c8cf7c5,checkpoint_metadata/unet_s1s2/SCN_UNet_S1S2_fold_Kigali_K10_s10.checkpoint_metadata.json,fewshot_ids_fold_Kigali_K10_s10.txt,true
UNet_S1S2,fold_Kigali,25,1,a6840cb157451d9681b0b942a3e064e6be3d104e58193c6413423801e2e0f526,cfg_SCN_cdd8add6,checkpoint_metadata/unet_s1s2/SCN_UNet_S1S2_fold_Kigali_K25_s1.checkpoint_metadata.json,fewshot_ids_fold_Kigali_K25_s1.txt,true
UNet_S1S2,fold_Kigali,25,2,9a06a5e60ecebe8f93bace12e811fe21ed3a5a7889d4da8476b0ad36dcc98448,cfg_SCN_cdd8add6,checkpoint_metadata/unet_s1s2/SCN_UNet_S1S2_fold_Kigali_K25_s2.checkpoint_metadata.json,fewshot_ids_fold_Kigali_K25_s2.txt,true
UNet_S1S2,fold_Kigali,25,3,940f6d3eb8b3454121b973321b87e061428a417bdefcb4ac68cb12c41ae3677c,cfg_SCN_cdd8add6,checkpoint_metadata/unet_s1s2/SCN_UNet_S1S2_fold_Kigali_K25_s3.checkpoint_metadata.json,fewshot_ids_fold_Kigali_K25_s3.txt,true
UNet_S1S2,fold_Kigali,25,4,d4a6a2471195ebaacb7909a83d6ca129871686d549100875a3733d01ccd13cfa,cfg_SCN_cdd8add6,checkpoint_metadata/unet_s1s2/SCN_UNet_S1S2_fold_Kigali_K25_s4.checkpoint_metadata.json,fewshot_ids_fold_Kigali_K25_s4.txt,true
UNet_S1S2,fold_Kigali,25,5,a859f516adc92a67f02b4acbd3c2d5d23615f1b28f8f8276aa9503d81ef5f89b,cfg_SCN_cdd8add6,checkpoint_metadata/unet_s1s2/SCN_UNet_S1S2_fold_Kigali_K25_s5.checkpoint_metadata.json,fewshot_ids_fold_Kigali_K25_s5.txt,true
UNet_S1S2,fold_Kigali,25,6,1f11e76890e7ea5e61c6f6a16e359640a91c8abee3ff5b5d4f89f6f36c1d23f2,cfg_SCN_cdd8add6,checkpoint_metadata/unet_s1s2/SCN_UNet_S1S2_fold_Kigali_K25_s6.checkpoint_metadata.json,fewshot_ids_fold_Kigali_K25_s6.txt,true
UNet_S1S2,fold_Kigali,25,7,8110997ee42c7578f34565b76307ddda7784cd324e0f5b41ec4aa46c77963393,cfg_SCN_cdd8add6,checkpoint_metadata/unet_s1s2/SCN_UNet_S1S2_fold_Kigali_K25_s7.checkpoint_metadata.json,fewshot_ids_fold_Kigali_K25_s7.txt,true
UNet_S1S2,fold_Kigali,25,8,86888a61068bfe8e4985005599e6ab674222f3e9d11f7559316be7f4ecad2b91,cfg_SCN_cdd8add6,checkpoint_metadata/unet_s1s2/SCN_UNet_S1S2_fold_Kigali_K25_s8.checkpoint_metadata.json,fewshot_ids_fold_Kigali_K25_s8.txt,true
UNet_S1S2,fold_Kigali,25,9,96293e72cb519470a29fe352108c20b02f35a076758e2c0431e3fd1abb404ac5,cfg_SCN_cdd8add6,checkpoint_metadata/unet_s1s2/SCN_UNet_S1S2_fold_Kigali_K25_s9.checkpoint_metadata.json,fewshot_ids_fold_Kigali_K25_s9.txt,true
UNet_S1S2,fold_Kigali,25,10,33e23d7f2adc0fa0eea2d5d93af92aed79938d9b3e34c66d90f20bc3e5306fb6,cfg_SCN_cdd8add6,checkpoint_metadata/unet_s1s2/SCN_UNet_S1S2_fold_Kigali_K25_s10.checkpoint_metadata.json,fewshot_ids_fold_Kigali_K25_s10.txt,true
UNet_S1S2,fold_Kigali,50,1,75707f29d42df69b8c46e61c964e24990e8b4671c5fca8edda2241051dbac705,cfg_SCN_ddc3188d,checkpoint_metadata/unet_s1s2/SCN_UNet_S1S2_fold_Kigali_K50_s1.checkpoint_metadata.json,fewshot_ids_fold_Kigali_K50_s1.txt,true
UNet_S1S2,fold_Kigali,50,2,649a4473402d54cd6ab4b4c6e33e7e4c1c41fab4cacff74c0fa6bccf6dd852de,cfg_SCN_ddc3188d,checkpoint_metadata/unet_s1s2/SCN_UNet_S1S2_fold_Kigali_K50_s2.checkpoint_metadata.json,fewshot_ids_fold_Kigali_K50_s2.txt,true
UNet_S1S2,fold_Kigali,50,3,d3cfebb1fd79ca92670c951529a719bcf141c64058c6ab63638bc7989b1cff5b,cfg_SCN_ddc3188d,checkpoint_metadata/unet_s1s2/SCN_UNet_S1S2_fold_Kigali_K50_s3.checkpoint_metadata.json,fewshot_ids_fold_Kigali_K50_s3.txt,true
UNet_S1S2,fold_Kigali,50,4,e784e44559475f76db94389e51dac26b774f44c64459768cb5d2777b9ca37c29,cfg_SCN_ddc3188d,checkpoint_metadata/unet_s1s2/SCN_UNet_S1S2_fold_Kigali_K50_s4.checkpoint_metadata.json,fewshot_ids_fold_Kigali_K50_s4.txt,true
UNet_S1S2,fold_Kigali,50,5,cb75acec9fe2a904d61aed2aabecd0551ed1bf2849fe8c9a2a2ab6d804fd97a3,cfg_SCN_ddc3188d,checkpoint_metadata/unet_s1s2/SCN_UNet_S1S2_fold_Kigali_K50_s5.checkpoint_metadata.json,fewshot_ids_fold_Kigali_K50_s5.txt,true
UNet_S1S2,fold_Kigali,50,6,2a4fee84d68b0eba526771c8990439604dcea9b205925c47163547f3760d936e,cfg_SCN_ddc3188d,checkpoint_metadata/unet_s1s2/SCN_UNet_S1S2_fold_Kigali_K50_s6.checkpoint_metadata.json,fewshot_ids_fold_Kigali_K50_s6.txt,true
UNet_S1S2,fold_Kigali,50,7,8bf86415c8bba2ded6ba6bca68f2bd150a5a917a2a302a80520f6afbefd09462,cfg_SCN_ddc3188d,checkpoint_metadata/unet_s1s2/SCN_UNet_S1S2_fold_Kigali_K50_s7.checkpoint_metadata.json,fewshot_ids_fold_Kigali_K50_s7.txt,true
UNet_S1S2,fold_Kigali,50,8,770a405e89b84e0c06afc6343828f83105d6494c00b6894d3949bee5d4c14f44,cfg_SCN_ddc3188d,checkpoint_metadata/unet_s1s2/SCN_UNet_S1S2_fold_Kigali_K50_s8.checkpoint_metadata.json,fewshot_ids_fold_Kigali_K50_s8.txt,true
UNet_S1S2,fold_Kigali,50,9,a32a9080d00f98961b795814122c3c286ea93f20558f2a1e7b03c5e38a70c68c,cfg_SCN_ddc3188d,checkpoint_metadata/unet_s1s2/SCN_UNet_S1S2_fold_Kigali_K50_s9.checkpoint_metadata.json,fewshot_ids_fold_Kigali_K50_s9.txt,true
UNet_S1S2,fold_Kigali,50,10,a5aff0e9d5984750e905bc0737cd485dab603fd34af3d0317be8216b495edbf0,cfg_SCN_ddc3188d,checkpoint_metadata/unet_s1s2/SCN_UNet_S1S2_fold_Kigali_K50_s10.checkpoint_metadata.json,fewshot_ids_fold_Kigali_K50_s10.txt,true
UNet_S1S2,fold_Yaounde,10,1,ad64665433fa50239ca5c25178c4dcc33a03e43facc196b09dbe938142a1675c,cfg_SCN_7c8cf7c5,checkpoint_metadata/unet_s1s2/SCN_UNet_S1S2_fold_Yaounde_K10_s1.checkpoint_metadata.json,fewshot_ids_fold_Yaounde_K10_s1.txt,true
UNet_S1S2,fold_Yaounde,10,2,cbe644c6d14e9681f58010f05f3c2a9f2a99b24ef0db26875a8cdd2ac54dced6,cfg_SCN_7c8cf7c5,checkpoint_metadata/unet_s1s2/SCN_UNet_S1S2_fold_Yaounde_K10_s2.checkpoint_metadata.json,fewshot_ids_fold_Yaounde_K10_s2.txt,true
UNet_S1S2,fold_Yaounde,10,3,0211659e0ee85b216a77752eb553895909cd8e146bac8abc5a867876c134cb27,cfg_SCN_7c8cf7c5,checkpoint_metadata/unet_s1s2/SCN_UNet_S1S2_fold_Yaounde_K10_s3.checkpoint_metadata.json,fewshot_ids_fold_Yaounde_K10_s3.txt,true
UNet_S1S2,fold_Yaounde,10,4,6510958704334b90b0513a0edf0aa843a9a4c02b7346ccc454c1c776fb2477e9,cfg_SCN_7c8cf7c5,checkpoint_metadata/unet_s1s2/SCN_UNet_S1S2_fold_Yaounde_K10_s4.checkpoint_metadata.json,fewshot_ids_fold_Yaounde_K10_s4.txt,true
UNet_S1S2,fold_Yaounde,10,5,8055f9abd2df4541b2ec1ee0cfc00f3eb26f115329e18defc7d60227521f6e5c,cfg_SCN_7c8cf7c5,checkpoint_metadata/unet_s1s2/SCN_UNet_S1S2_fold_Yaounde_K10_s5.checkpoint_metadata.json,fewshot_ids_fold_Yaounde_K10_s5.txt,true
UNet_S1S2,fold_Yaounde,10,6,06316f466bc486b8016ba8c56b8e87838f858d4ea0585e7857d9ae6af71deb65,cfg_SCN_7c8cf7c5,checkpoint_metadata/unet_s1s2/SCN_UNet_S1S2_fold_Yaounde_K10_s6.checkpoint_metadata.json,fewshot_ids_fold_Yaounde_K10_s6.txt,true
UNet_S1S2,fold_Yaounde,10,7,13dd8760c974184a3667f770959348148aeaf8751dd5879e5c3b5149b6aca951,cfg_SCN_7c8cf7c5,checkpoint_metadata/unet_s1s2/SCN_UNet_S1S2_fold_Yaounde_K10_s7.checkpoint_metadata.json,fewshot_ids_fold_Yaounde_K10_s7.txt,true
UNet_S1S2,fold_Yaounde,10,8,3c47161e0eda671eb18afd255eba341625b76377cbcdb43d4e0bc44d9a7faea2,cfg_SCN_7c8cf7c5,checkpoint_metadata/unet_s1s2/SCN_UNet_S1S2_fold_Yaounde_K10_s8.checkpoint_metadata.json,fewshot_ids_fold_Yaounde_K10_s8.txt,true
UNet_S1S2,fold_Yaounde,10,9,fc6408eab5109cd2216362f2b9b055ad53b6ce3035a6c5c9b99aa5209fb28cff,cfg_SCN_7c8cf7c5,checkpoint_metadata/unet_s1s2/SCN_UNet_S1S2_fold_Yaounde_K10_s9.checkpoint_metadata.json,fewshot_ids_fold_Yaounde_K10_s9.txt,true
UNet_S1S2,fold_Yaounde,10,10,bbce58a5caaf90b5693d4e2abf384c0ac9aae43c6c69ef7b5d797f1766555848,cfg_SCN_7c8cf7c5,checkpoint_metadata/unet_s1s2/SCN_UNet_S1S2_fold_Yaounde_K10_s10.checkpoint_metadata.json,fewshot_ids_fold_Yaounde_K10_s10.txt,true
UNet_S1S2,fold_Yaounde,25,1,62124b41e79377d79f33171aa189ba95bd7573c1b39e5ed4d9f4ad78b2fb21d3,cfg_SCN_cdd8add6,checkpoint_metadata/unet_s1s2/SCN_UNet_S1S2_fold_Yaounde_K25_s1.checkpoint_metadata.json,fewshot_ids_fold_Yaounde_K25_s1.txt,true
UNet_S1S2,fold_Yaounde,25,2,7fa6ca1e168de09aea055b1f8a2c53f038cf5407f3ad1aa1ce51c545b8f5b8cd,cfg_SCN_cdd8add6,checkpoint_metadata/unet_s1s2/SCN_UNet_S1S2_fold_Yaounde_K25_s2.checkpoint_metadata.json,fewshot_ids_fold_Yaounde_K25_s2.txt,true
UNet_S1S2,fold_Yaounde,25,3,770ae3c2ba2ae2ef71b1fad9dac1450d82fc150b03a0223a6066d1d7360d9d8b,cfg_SCN_cdd8add6,checkpoint_metadata/unet_s1s2/SCN_UNet_S1S2_fold_Yaounde_K25_s3.checkpoint_metadata.json,fewshot_ids_fold_Yaounde_K25_s3.txt,true
UNet_S1S2,fold_Yaounde,25,4,baab1cc095557573b9bd70b36fff0bf8f17ab2839138f6a09857b8dedf192046,cfg_SCN_cdd8add6,checkpoint_metadata/unet_s1s2/SCN_UNet_S1S2_fold_Yaounde_K25_s4.checkpoint_metadata.json,fewshot_ids_fold_Yaounde_K25_s4.txt,true
UNet_S1S2,fold_Yaounde,25,5,acc90b71cd7741499b1abcc22f9eb7fc2dced4444d74877f5d429b3e9e06466c,cfg_SCN_cdd8add6,checkpoint_metadata/unet_s1s2/SCN_UNet_S1S2_fold_Yaounde_K25_s5.checkpoint_metadata.json,fewshot_ids_fold_Yaounde_K25_s5.txt,true
UNet_S1S2,fold_Yaounde,25,6,bc559f2a26ed0e16a40210456f3bbf8fa8442a73d5bddf80713a2dcf2f9e3665,cfg_SCN_cdd8add6,checkpoint_metadata/unet_s1s2/SCN_UNet_S1S2_fold_Yaounde_K25_s6.checkpoint_metadata.json,fewshot_ids_fold_Yaounde_K25_s6.txt,true
UNet_S1S2,fold_Yaounde,25,7,24fac4bd7997e34af8c2a67bd602d008ad9664646098b94471920511acb3bfb4,cfg_SCN_cdd8add6,checkpoint_metadata/unet_s1s2/SCN_UNet_S1S2_fold_Yaounde_K25_s7.checkpoint_metadata.json,fewshot_ids_fold_Yaounde_K25_s7.txt,true
UNet_S1S2,fold_Yaounde,25,8,4003b8af0a35b02f8cbf81bab3a81d9a59566ce9ab78731c99a60b7bd74a5ee0,cfg_SCN_cdd8add6,checkpoint_metadata/unet_s1s2/SCN_UNet_S1S2_fold_Yaounde_K25_s8.checkpoint_metadata.json,fewshot_ids_fold_Yaounde_K25_s8.txt,true
UNet_S1S2,fold_Yaounde,25,9,1358e472ba0bbfb5e5e29ff1295eae0d41722765bde0b28bc5c128c097cb45b8,cfg_SCN_cdd8add6,checkpoint_metadata/unet_s1s2/SCN_UNet_S1S2_fold_Yaounde_K25_s9.checkpoint_metadata.json,fewshot_ids_fold_Yaounde_K25_s9.txt,true
UNet_S1S2,fold_Yaounde,25,10,6cd3b0025c3349fb88b111c14b01324dc34b5d454371f139bb98fdafd3698299,cfg_SCN_cdd8add6,checkpoint_metadata/unet_s1s2/SCN_UNet_S1S2_fold_Yaounde_K25_s10.checkpoint_metadata.json,fewshot_ids_fold_Yaounde_K25_s10.txt,true
UNet_S1S2,fold_Yaounde,50,1,7ec0668e66ecb229016fb506a7af05d80ea8bab0f2be55ffc73158892e81b2a8,cfg_SCN_ddc3188d,checkpoint_metadata/unet_s1s2/SCN_UNet_S1S2_fold_Yaounde_K50_s1.checkpoint_metadata.json,fewshot_ids_fold_Yaounde_K50_s1.txt,true
UNet_S1S2,fold_Yaounde,50,2,f2f994ffe16d8c8ad0932ea13f4e404965c4607785f98b3b5580b7e6d6a65135,cfg_SCN_ddc3188d,checkpoint_metadata/unet_s1s2/SCN_UNet_S1S2_fold_Yaounde_K50_s2.checkpoint_metadata.json,fewshot_ids_fold_Yaounde_K50_s2.txt,true
UNet_S1S2,fold_Yaounde,50,3,85ff2a9f97a4afc8a3387434cac2ee6cefff0296e01ad43deacc88a6e6fb93e8,cfg_SCN_ddc3188d,checkpoint_metadata/unet_s1s2/SCN_UNet_S1S2_fold_Yaounde_K50_s3.checkpoint_metadata.json,fewshot_ids_fold_Yaounde_K50_s3.txt,true
UNet_S1S2,fold_Yaounde,50,4,34f63ba6cb324bca0dacbbe4dff3dd46aa90b40021d1b98641baf6ba392c1d21,cfg_SCN_ddc3188d,checkpoint_metadata/unet_s1s2/SCN_UNet_S1S2_fold_Yaounde_K50_s4.checkpoint_metadata.json,fewshot_ids_fold_Yaounde_K50_s4.txt,true
UNet_S1S2,fold_Yaounde,50,5,2d4f3ebd06b9bc426cbca183f6a6babe6b713b7017aaa921dfef8afcf5c6fc47,cfg_SCN_ddc3188d,checkpoint_metadata/unet_s1s2/SCN_UNet_S1S2_fold_Yaounde_K50_s5.checkpoint_metadata.json,fewshot_ids_fold_Yaounde_K50_s5.txt,true
UNet_S1S2,fold_Yaounde,50,6,48a0c59920b57455e262ee52a14c1a55009d308ea322da7e750df1c44e57fd51,cfg_SCN_ddc3188d,checkpoint_metadata/unet_s1s2/SCN_UNet_S1S2_fold_Yaounde_K50_s6.checkpoint_metadata.json,fewshot_ids_fold_Yaounde_K50_s6.txt,true
UNet_S1S2,fold_Yaounde,50,7,ee116cbe9707f2bf9c036b6ee251f6345b8cc508e0b22c03d0d1fad6de3489ff,cfg_SCN_ddc3188d,checkpoint_metadata/unet_s1s2/SCN_UNet_S1S2_fold_Yaounde_K50_s7.checkpoint_metadata.json,fewshot_ids_fold_Yaounde_K50_s7.txt,true
UNet_S1S2,fold_Yaounde,50,8,f2d913d477a37f7364a5b9249c751b6e9151274ed8ad770026de1f457266bbe0,cfg_SCN_ddc3188d,checkpoint_metadata/unet_s1s2/SCN_UNet_S1S2_fold_Yaounde_K50_s8.checkpoint_metadata.json,fewshot_ids_fold_Yaounde_K50_s8.txt,true
UNet_S1S2,fold_Yaounde,50,9,17936b1fad39d28421cd2953a2ce965bab6d3174111579c7efdc7c44ce0d55ec,cfg_SCN_ddc3188d,checkpoint_metadata/unet_s1s2/SCN_UNet_S1S2_fold_Yaounde_K50_s9.checkpoint_metadata.json,fewshot_ids_fold_Yaounde_K50_s9.txt,true
UNet_S1S2,fold_Yaounde,50,10,9e30d8f1495f568fc2d256af0aefa2bce3ca7dfd62d7094b65df945bdc783518,cfg_SCN_ddc3188d,checkpoint_metadata/unet_s1s2/SCN_UNet_S1S2_fold_Yaounde_K50_s10.checkpoint_metadata.json,fewshot_ids_fold_Yaounde_K50_s10.txt,true
UNet_S2,fold_Dakar,10,1,05a1cbb80b5beb4a4f6165c58493321f7c78acef5fa7188a1003b0e72aae46a3,cfg_SCN_37521ce2,checkpoint_metadata/unet_s2/SCN_UNet_S2_fold_Dakar_K10_s1.checkpoint_metadata.json,fewshot_ids_fold_Dakar_K10_s1.txt,true
UNet_S2,fold_Dakar,10,2,130000414c3ce3a9fba47bb447ba7dab9c4bed8040ffabd3868543f09246d53a,cfg_SCN_37521ce2,checkpoint_metadata/unet_s2/SCN_UNet_S2_fold_Dakar_K10_s2.checkpoint_metadata.json,fewshot_ids_fold_Dakar_K10_s2.txt,true
UNet_S2,fold_Dakar,10,3,e493d9cdbaa39afe5a2a5c1129841c77d092082f57958a1b898152db948a5104,cfg_SCN_37521ce2,checkpoint_metadata/unet_s2/SCN_UNet_S2_fold_Dakar_K10_s3.checkpoint_metadata.json,fewshot_ids_fold_Dakar_K10_s3.txt,true
UNet_S2,fold_Dakar,10,4,abdf875b6ffc92b76ac9b4fa23ea501aa5b1df6784ce6200cfed2c44e30e1e8c,cfg_SCN_37521ce2,checkpoint_metadata/unet_s2/SCN_UNet_S2_fold_Dakar_K10_s4.checkpoint_metadata.json,fewshot_ids_fold_Dakar_K10_s4.txt,true
UNet_S2,fold_Dakar,10,5,d0efc8f91fc28ef87c354d88fd528c0cd9f373c03e8052bb9f0152e47a65c548,cfg_SCN_37521ce2,checkpoint_metadata/unet_s2/SCN_UNet_S2_fold_Dakar_K10_s5.checkpoint_metadata.json,fewshot_ids_fold_Dakar_K10_s5.txt,true
UNet_S2,fold_Dakar,10,6,b3d69746ecdde3200ffdfdada3d85b42309e5b8f3fffc1368ec52d6fe0a2842f,cfg_SCN_37521ce2,checkpoint_metadata/unet_s2/SCN_UNet_S2_fold_Dakar_K10_s6.checkpoint_metadata.json,fewshot_ids_fold_Dakar_K10_s6.txt,true
UNet_S2,fold_Dakar,10,7,fc00b1b367a61289ac33f777ce3167cc1635b5a8a5dae8156979f1bd363d38d5,cfg_SCN_37521ce2,checkpoint_metadata/unet_s2/SCN_UNet_S2_fold_Dakar_K10_s7.checkpoint_metadata.json,fewshot_ids_fold_Dakar_K10_s7.txt,true
UNet_S2,fold_Dakar,10,8,293642e6b4f60ea823c9d51fbf355be7ed6276103ff46d31d46279864acd04a8,cfg_SCN_37521ce2,checkpoint_metadata/unet_s2/SCN_UNet_S2_fold_Dakar_K10_s8.checkpoint_metadata.json,fewshot_ids_fold_Dakar_K10_s8.txt,true
UNet_S2,fold_Dakar,10,9,b9e978e5b476ce8dc4a0ae5a141165c62fda40e8ae640ae98ee9851e0bb2136b,cfg_SCN_37521ce2,checkpoint_metadata/unet_s2/SCN_UNet_S2_fold_Dakar_K10_s9.checkpoint_metadata.json,fewshot_ids_fold_Dakar_K10_s9.txt,true
UNet_S2,fold_Dakar,10,10,0efdfce149b4c00da1f23f86851dbcc880f2935954aec9cf263e0d654b0b78ab,cfg_SCN_37521ce2,checkpoint_metadata/unet_s2/SCN_UNet_S2_fold_Dakar_K10_s10.checkpoint_metadata.json,fewshot_ids_fold_Dakar_K10_s10.txt,true
UNet_S2,fold_Dakar,25,1,c614d498e39d4463ab73d6e912e52b43367b93c6fb709ce3c6a39a7cd7f5626f,cfg_SCN_9a4f2ed1,checkpoint_metadata/unet_s2/SCN_UNet_S2_fold_Dakar_K25_s1.checkpoint_metadata.json,fewshot_ids_fold_Dakar_K25_s1.txt,true
UNet_S2,fold_Dakar,25,2,3c23243d6e7e99df7a7d3fdda2c5245142e7fd4b565d2c2e730c8040580d6aa6,cfg_SCN_9a4f2ed1,checkpoint_metadata/unet_s2/SCN_UNet_S2_fold_Dakar_K25_s2.checkpoint_metadata.json,fewshot_ids_fold_Dakar_K25_s2.txt,true
UNet_S2,fold_Dakar,25,3,48fc92f1ea81d91c0fecbb0f56dcac9b09f1d95a481753c339ff001d6821778c,cfg_SCN_9a4f2ed1,checkpoint_metadata/unet_s2/SCN_UNet_S2_fold_Dakar_K25_s3.checkpoint_metadata.json,fewshot_ids_fold_Dakar_K25_s3.txt,true
UNet_S2,fold_Dakar,25,4,ed038702d9b4bdbc082ce69106df0492e0fd633905fa876f736addd7e5a5240f,cfg_SCN_9a4f2ed1,checkpoint_metadata/unet_s2/SCN_UNet_S2_fold_Dakar_K25_s4.checkpoint_metadata.json,fewshot_ids_fold_Dakar_K25_s4.txt,true
UNet_S2,fold_Dakar,25,5,90afc7538eb8831e614995c914b70f3bec85262d91ac6005c86b7ca00f8fb7c3,cfg_SCN_9a4f2ed1,checkpoint_metadata/unet_s2/SCN_UNet_S2_fold_Dakar_K25_s5.checkpoint_metadata.json,fewshot_ids_fold_Dakar_K25_s5.txt,true
UNet_S2,fold_Dakar,25,6,af20707935cbabf9f8ab52fab6e3a463625af1eb8cfb55b1e7905ab8b52cab3c,cfg_SCN_9a4f2ed1,checkpoint_metadata/unet_s2/SCN_UNet_S2_fold_Dakar_K25_s6.checkpoint_metadata.json,fewshot_ids_fold_Dakar_K25_s6.txt,true
UNet_S2,fold_Dakar,25,7,2dc67e6bdc2ef6281275af00ebb50464a2ca16012477050fbc78ee38de9de284,cfg_SCN_9a4f2ed1,checkpoint_metadata/unet_s2/SCN_UNet_S2_fold_Dakar_K25_s7.checkpoint_metadata.json,fewshot_ids_fold_Dakar_K25_s7.txt,true
UNet_S2,fold_Dakar,25,8,7180b6aaf3386088d59ef6506a30b4e23d6f64a2e4c56a418a7f603923055cd2,cfg_SCN_9a4f2ed1,checkpoint_metadata/unet_s2/SCN_UNet_S2_fold_Dakar_K25_s8.checkpoint_metadata.json,fewshot_ids_fold_Dakar_K25_s8.txt,true
UNet_S2,fold_Dakar,25,9,e633f45e8f6958fdb0f7561abeaa39d42b6565e4670c9309daa97bbeef0d5159,cfg_SCN_9a4f2ed1,checkpoint_metadata/unet_s2/SCN_UNet_S2_fold_Dakar_K25_s9.checkpoint_metadata.json,fewshot_ids_fold_Dakar_K25_s9.txt,true
UNet_S2,fold_Dakar,25,10,b90983a841187d2948abcb98ea393eeb790dbf9089030b2ed0ce39d6802b9277,cfg_SCN_9a4f2ed1,checkpoint_metadata/unet_s2/SCN_UNet_S2_fold_Dakar_K25_s10.checkpoint_metadata.json,fewshot_ids_fold_Dakar_K25_s10.txt,true
UNet_S2,fold_Dakar,50,1,ab1d8b82be6d9a918d97bfc04294311bb539a561d1685c98fe84179b5e7ca84a,cfg_SCN_a5d4a021,checkpoint_metadata/unet_s2/SCN_UNet_S2_fold_Dakar_K50_s1.checkpoint_metadata.json,fewshot_ids_fold_Dakar_K50_s1.txt,true
UNet_S2,fold_Dakar,50,2,b5fbba193eee87378902c3a637dab3c14ab9d3d5f8fe7a53ff2174567fb2b9f0,cfg_SCN_a5d4a021,checkpoint_metadata/unet_s2/SCN_UNet_S2_fold_Dakar_K50_s2.checkpoint_metadata.json,fewshot_ids_fold_Dakar_K50_s2.txt,true
UNet_S2,fold_Dakar,50,3,11a07724f0f59c4cc4203719b346fee0039767f3050dcc0a4dd811c4f9cb9648,cfg_SCN_a5d4a021,checkpoint_metadata/unet_s2/SCN_UNet_S2_fold_Dakar_K50_s3.checkpoint_metadata.json,fewshot_ids_fold_Dakar_K50_s3.txt,true
UNet_S2,fold_Dakar,50,4,21b2fea7288aa849858422bc822e75208050696abf1daacde164e3ec756dcc48,cfg_SCN_a5d4a021,checkpoint_metadata/unet_s2/SCN_UNet_S2_fold_Dakar_K50_s4.checkpoint_metadata.json,fewshot_ids_fold_Dakar_K50_s4.txt,true
UNet_S2,fold_Dakar,50,5,e7635eadf61ab54e7167f374975b8e4ae763aefced4be692c315a9a0062119cf,cfg_SCN_a5d4a021,checkpoint_metadata/unet_s2/SCN_UNet_S2_fold_Dakar_K50_s5.checkpoint_metadata.json,fewshot_ids_fold_Dakar_K50_s5.txt,true
UNet_S2,fold_Dakar,50,6,937428de2a2a752803f174e55290732a3eeeafce850b453ccffca942305f3c80,cfg_SCN_a5d4a021,checkpoint_metadata/unet_s2/SCN_UNet_S2_fold_Dakar_K50_s6.checkpoint_metadata.json,fewshot_ids_fold_Dakar_K50_s6.txt,true
UNet_S2,fold_Dakar,50,7,148b8aef59ca0d1af7abe2b8068ff477a58f6f75d65661eb219a371855f58977,cfg_SCN_a5d4a021,checkpoint_metadata/unet_s2/SCN_UNet_S2_fold_Dakar_K50_s7.checkpoint_metadata.json,fewshot_ids_fold_Dakar_K50_s7.txt,true
UNet_S2,fold_Dakar,50,8,6344d890fbed89008171f1ad939828daeba6e9a51d62d9e400fca56f2a3e7a1e,cfg_SCN_a5d4a021,checkpoint_metadata/unet_s2/SCN_UNet_S2_fold_Dakar_K50_s8.checkpoint_metadata.json,fewshot_ids_fold_Dakar_K50_s8.txt,true
UNet_S2,fold_Dakar,50,9,400b299060174b92865665246a3bd37ae7381f211267b24c298b673f452248ef,cfg_SCN_a5d4a021,checkpoint_metadata/unet_s2/SCN_UNet_S2_fold_Dakar_K50_s9.checkpoint_metadata.json,fewshot_ids_fold_Dakar_K50_s9.txt,true
UNet_S2,fold_Dakar,50,10,ef8bdca9fa295a52a52d2c98e32e9dd3d7f90d0ed39ac8a4f3cc49dcadde4c5c,cfg_SCN_a5d4a021,checkpoint_metadata/unet_s2/SCN_UNet_S2_fold_Dakar_K50_s10.checkpoint_metadata.json,fewshot_ids_fold_Dakar_K50_s10.txt,true
UNet_S2,fold_DarEsSalaam,10,1,d5a2875f5bbf548e74483e7c6dc58c4c14b7ded51ad69f5a1d7c4439aad517f3,cfg_SCN_37521ce2,checkpoint_metadata/unet_s2/SCN_UNet_S2_fold_DarEsSalaam_K10_s1.checkpoint_metadata.json,fewshot_ids_fold_DarEsSalaam_K10_s1.txt,true
UNet_S2,fold_DarEsSalaam,10,2,e6fbf2dce25fa13ac3db14a436d54e6e6cfb91e92e3bc53d93b905b9a5167b06,cfg_SCN_37521ce2,checkpoint_metadata/unet_s2/SCN_UNet_S2_fold_DarEsSalaam_K10_s2.checkpoint_metadata.json,fewshot_ids_fold_DarEsSalaam_K10_s2.txt,true
UNet_S2,fold_DarEsSalaam,10,3,d3e26cf1a44eff6441f027bcbb567fcb336ddbe60bc90db153fb1f0ec8cdc239,cfg_SCN_37521ce2,checkpoint_metadata/unet_s2/SCN_UNet_S2_fold_DarEsSalaam_K10_s3.checkpoint_metadata.json,fewshot_ids_fold_DarEsSalaam_K10_s3.txt,true
UNet_S2,fold_DarEsSalaam,10,4,722992af546191b699d31b97c192836569160d3526f9bf0df186051dd73acb62,cfg_SCN_37521ce2,checkpoint_metadata/unet_s2/SCN_UNet_S2_fold_DarEsSalaam_K10_s4.checkpoint_metadata.json,fewshot_ids_fold_DarEsSalaam_K10_s4.txt,true
UNet_S2,fold_DarEsSalaam,10,5,95235c3ffffc8e247837d4a33fa53c645a08ab675c97d308f635e7df16512c8c,cfg_SCN_37521ce2,checkpoint_metadata/unet_s2/SCN_UNet_S2_fold_DarEsSalaam_K10_s5.checkpoint_metadata.json,fewshot_ids_fold_DarEsSalaam_K10_s5.txt,true
UNet_S2,fold_DarEsSalaam,10,6,71340a1a746830fd92637d64392859ed863c3e1c0b6a0c5f2030d298454a7b8c,cfg_SCN_37521ce2,checkpoint_metadata/unet_s2/SCN_UNet_S2_fold_DarEsSalaam_K10_s6.checkpoint_metadata.json,fewshot_ids_fold_DarEsSalaam_K10_s6.txt,true
UNet_S2,fold_DarEsSalaam,10,7,d6e6e63609cd2605e9957f8cb51e1f0c2371b80c0fa03e1bc620dd9178a586c1,cfg_SCN_37521ce2,checkpoint_metadata/unet_s2/SCN_UNet_S2_fold_DarEsSalaam_K10_s7.checkpoint_metadata.json,fewshot_ids_fold_DarEsSalaam_K10_s7.txt,true
UNet_S2,fold_DarEsSalaam,10,8,8b87fda5ebf26f0e74a327399d3c3572bbe77c76e10e912b982c66a4b05e937a,cfg_SCN_37521ce2,checkpoint_metadata/unet_s2/SCN_UNet_S2_fold_DarEsSalaam_K10_s8.checkpoint_metadata.json,fewshot_ids_fold_DarEsSalaam_K10_s8.txt,true
UNet_S2,fold_DarEsSalaam,10,9,9c8137c45f7f9069e80d118fa3e3d468f4d497cf1ebe50a9fd20d95e6ccba054,cfg_SCN_37521ce2,checkpoint_metadata/unet_s2/SCN_UNet_S2_fold_DarEsSalaam_K10_s9.checkpoint_metadata.json,fewshot_ids_fold_DarEsSalaam_K10_s9.txt,true
UNet_S2,fold_DarEsSalaam,10,10,40e562299675a5a01d4dcb8a6108c7de152390634ac8ca91752c58d545123bc2,cfg_SCN_37521ce2,checkpoint_metadata/unet_s2/SCN_UNet_S2_fold_DarEsSalaam_K10_s10.checkpoint_metadata.json,fewshot_ids_fold_DarEsSalaam_K10_s10.txt,true
UNet_S2,fold_DarEsSalaam,25,1,28a37e6041dee8125163d85f82c0059ce92c1164ea00835a4908b6d947d60d34,cfg_SCN_9a4f2ed1,checkpoint_metadata/unet_s2/SCN_UNet_S2_fold_DarEsSalaam_K25_s1.checkpoint_metadata.json,fewshot_ids_fold_DarEsSalaam_K25_s1.txt,true
UNet_S2,fold_DarEsSalaam,25,2,c26d28571b319b246771e6f06a44fd73c8ca6c7f743662a32969cbda8a522396,cfg_SCN_9a4f2ed1,checkpoint_metadata/unet_s2/SCN_UNet_S2_fold_DarEsSalaam_K25_s2.checkpoint_metadata.json,fewshot_ids_fold_DarEsSalaam_K25_s2.txt,true
UNet_S2,fold_DarEsSalaam,25,3,c50d055f65757afd2caabedb069fcbbf120a336bb3674ffffa026a8f639db5a7,cfg_SCN_9a4f2ed1,checkpoint_metadata/unet_s2/SCN_UNet_S2_fold_DarEsSalaam_K25_s3.checkpoint_metadata.json,fewshot_ids_fold_DarEsSalaam_K25_s3.txt,true
UNet_S2,fold_DarEsSalaam,25,4,960c7a3e504ba5d4e45af094357f16b24ae54a5417ce64c7b82dc5a151723500,cfg_SCN_9a4f2ed1,checkpoint_metadata/unet_s2/SCN_UNet_S2_fold_DarEsSalaam_K25_s4.checkpoint_metadata.json,fewshot_ids_fold_DarEsSalaam_K25_s4.txt,true
UNet_S2,fold_DarEsSalaam,25,5,002be300e00b4edbe0deb4ddf3d4593f71e02e65fcd0bd001e14fe17eae54496,cfg_SCN_9a4f2ed1,checkpoint_metadata/unet_s2/SCN_UNet_S2_fold_DarEsSalaam_K25_s5.checkpoint_metadata.json,fewshot_ids_fold_DarEsSalaam_K25_s5.txt,true
UNet_S2,fold_DarEsSalaam,25,6,2329395585200e62583c99a5316fefc64526b5e06bade825a3c188953153a3ee,cfg_SCN_9a4f2ed1,checkpoint_metadata/unet_s2/SCN_UNet_S2_fold_DarEsSalaam_K25_s6.checkpoint_metadata.json,fewshot_ids_fold_DarEsSalaam_K25_s6.txt,true
UNet_S2,fold_DarEsSalaam,25,7,1bf32ef1cafed334004de7d55a08915db55330a403d79f0f631c2deae48778e4,cfg_SCN_9a4f2ed1,checkpoint_metadata/unet_s2/SCN_UNet_S2_fold_DarEsSalaam_K25_s7.checkpoint_metadata.json,fewshot_ids_fold_DarEsSalaam_K25_s7.txt,true
UNet_S2,fold_DarEsSalaam,25,8,3d60b194ff1f5457dbf5026ebbff523ce25a0ad20fc6be9066ab621d95bcd131,cfg_SCN_9a4f2ed1,checkpoint_metadata/unet_s2/SCN_UNet_S2_fold_DarEsSalaam_K25_s8.checkpoint_metadata.json,fewshot_ids_fold_DarEsSalaam_K25_s8.txt,true
UNet_S2,fold_DarEsSalaam,25,9,f303cf44f6503b74b87dab8feeb83d3dc57dd47cf7d212b326b3a44e2ec7d881,cfg_SCN_9a4f2ed1,checkpoint_metadata/unet_s2/SCN_UNet_S2_fold_DarEsSalaam_K25_s9.checkpoint_metadata.json,fewshot_ids_fold_DarEsSalaam_K25_s9.txt,true
UNet_S2,fold_DarEsSalaam,25,10,152a3b7492c997ab90032c69c05f98cf9e41f4413bd75c39c55af5273183b488,cfg_SCN_9a4f2ed1,checkpoint_metadata/unet_s2/SCN_UNet_S2_fold_DarEsSalaam_K25_s10.checkpoint_metadata.json,fewshot_ids_fold_DarEsSalaam_K25_s10.txt,true
UNet_S2,fold_DarEsSalaam,50,1,4acc05c1e42973341074c43593e82479e0cbb7f069a65cccf46a7ecce74cc0ba,cfg_SCN_a5d4a021,checkpoint_metadata/unet_s2/SCN_UNet_S2_fold_DarEsSalaam_K50_s1.checkpoint_metadata.json,fewshot_ids_fold_DarEsSalaam_K50_s1.txt,true
UNet_S2,fold_DarEsSalaam,50,2,8e3de547cfd7c745014d75cff02b8fa5f28ba81259800b764b3cbd61db2db394,cfg_SCN_a5d4a021,checkpoint_metadata/unet_s2/SCN_UNet_S2_fold_DarEsSalaam_K50_s2.checkpoint_metadata.json,fewshot_ids_fold_DarEsSalaam_K50_s2.txt,true
UNet_S2,fold_DarEsSalaam,50,3,dcad9b7418cc57a617c214f8aa90fa8ccb619e0c3d42e2e72970884b6f95964e,cfg_SCN_a5d4a021,checkpoint_metadata/unet_s2/SCN_UNet_S2_fold_DarEsSalaam_K50_s3.checkpoint_metadata.json,fewshot_ids_fold_DarEsSalaam_K50_s3.txt,true
UNet_S2,fold_DarEsSalaam,50,4,90d8998e98e91b45f8e0ea464b47fee11b56c8a05d6c3d922987bf2c742703bc,cfg_SCN_a5d4a021,checkpoint_metadata/unet_s2/SCN_UNet_S2_fold_DarEsSalaam_K50_s4.checkpoint_metadata.json,fewshot_ids_fold_DarEsSalaam_K50_s4.txt,true
UNet_S2,fold_DarEsSalaam,50,5,f8f42026163f6ac0bd2f95fd16a8145f0f61a702af37b0db1a195d4ad947f752,cfg_SCN_a5d4a021,checkpoint_metadata/unet_s2/SCN_UNet_S2_fold_DarEsSalaam_K50_s5.checkpoint_metadata.json,fewshot_ids_fold_DarEsSalaam_K50_s5.txt,true
UNet_S2,fold_DarEsSalaam,50,6,c52fa45276c73978650fcb1b1cabe7d73887e06721d827920a5e3589fffac4d5,cfg_SCN_a5d4a021,checkpoint_metadata/unet_s2/SCN_UNet_S2_fold_DarEsSalaam_K50_s6.checkpoint_metadata.json,fewshot_ids_fold_DarEsSalaam_K50_s6.txt,true
UNet_S2,fold_DarEsSalaam,50,7,0ea838e33537b03cc01f4817994bc69f7b65f5abd0302d99ea1ca41c3ddd5a21,cfg_SCN_a5d4a021,checkpoint_metadata/unet_s2/SCN_UNet_S2_fold_DarEsSalaam_K50_s7.checkpoint_metadata.json,fewshot_ids_fold_DarEsSalaam_K50_s7.txt,true
UNet_S2,fold_DarEsSalaam,50,8,46fffe22c45ae92250ac5eb380edc5f132b117481009cce17bb7132fd609a001,cfg_SCN_a5d4a021,checkpoint_metadata/unet_s2/SCN_UNet_S2_fold_DarEsSalaam_K50_s8.checkpoint_metadata.json,fewshot_ids_fold_DarEsSalaam_K50_s8.txt,true
UNet_S2,fold_DarEsSalaam,50,9,878923808bf25ca9223ad077e8664a0b71a85d4356f1e29ace87207be3b93fac,cfg_SCN_a5d4a021,checkpoint_metadata/unet_s2/SCN_UNet_S2_fold_DarEsSalaam_K50_s9.checkpoint_metadata.json,fewshot_ids_fold_DarEsSalaam_K50_s9.txt,true
UNet_S2,fold_DarEsSalaam,50,10,f573334823f47d8b3a2bff05853425e78b13da2c783fca60e614a0354bb24c05,cfg_SCN_a5d4a021,checkpoint_metadata/unet_s2/SCN_UNet_S2_fold_DarEsSalaam_K50_s10.checkpoint_metadata.json,fewshot_ids_fold_DarEsSalaam_K50_s10.txt,true
UNet_S2,fold_Douala,10,1,2e836b65f0ba7d3b4af705f6f3252904cdd7d2c6299ad0be466001c0417b55a7,cfg_SCN_37521ce2,checkpoint_metadata/unet_s2/SCN_UNet_S2_fold_Douala_K10_s1.checkpoint_metadata.json,fewshot_ids_fold_Douala_K10_s1.txt,true
UNet_S2,fold_Douala,10,2,449f7144af9b1c6b73d02de612b29981e522c2c10b9824af9499c9fee985f607,cfg_SCN_37521ce2,checkpoint_metadata/unet_s2/SCN_UNet_S2_fold_Douala_K10_s2.checkpoint_metadata.json,fewshot_ids_fold_Douala_K10_s2.txt,true
UNet_S2,fold_Douala,10,3,2dd4f18d7a909e2c323bddc0bd563c0a96fd6fa52cbdbb633626873050a71fa9,cfg_SCN_37521ce2,checkpoint_metadata/unet_s2/SCN_UNet_S2_fold_Douala_K10_s3.checkpoint_metadata.json,fewshot_ids_fold_Douala_K10_s3.txt,true
UNet_S2,fold_Douala,10,4,44fc894629dfab6c44f89c744ff9fbcb517c00d086abe7fcac2ee8d8422ec322,cfg_SCN_37521ce2,checkpoint_metadata/unet_s2/SCN_UNet_S2_fold_Douala_K10_s4.checkpoint_metadata.json,fewshot_ids_fold_Douala_K10_s4.txt,true
UNet_S2,fold_Douala,10,5,5c4219fed774abecda11d199779a77ad31f0cc055bc87144f40a8c584da0c6d6,cfg_SCN_37521ce2,checkpoint_metadata/unet_s2/SCN_UNet_S2_fold_Douala_K10_s5.checkpoint_metadata.json,fewshot_ids_fold_Douala_K10_s5.txt,true
UNet_S2,fold_Douala,10,6,afb85cd8ee192507a9337eac7eafeda40a5f193d39cb3878da6edb8e6ae6d790,cfg_SCN_37521ce2,checkpoint_metadata/unet_s2/SCN_UNet_S2_fold_Douala_K10_s6.checkpoint_metadata.json,fewshot_ids_fold_Douala_K10_s6.txt,true
UNet_S2,fold_Douala,10,7,4230bf1a9f8fd13748d3ce66d4058aa2a77cdebf93ac30d49204cbe99deeea1c,cfg_SCN_37521ce2,checkpoint_metadata/unet_s2/SCN_UNet_S2_fold_Douala_K10_s7.checkpoint_metadata.json,fewshot_ids_fold_Douala_K10_s7.txt,true
UNet_S2,fold_Douala,10,8,c1d87570987f3704065a388fa774fac6ac62834a6c484b630118489b912d10a0,cfg_SCN_37521ce2,checkpoint_metadata/unet_s2/SCN_UNet_S2_fold_Douala_K10_s8.checkpoint_metadata.json,fewshot_ids_fold_Douala_K10_s8.txt,true
UNet_S2,fold_Douala,10,9,c8b9f30bfe5053a5b80f7a58b2efd6c0c9990ea881b725954edae5eaf2288fcf,cfg_SCN_37521ce2,checkpoint_metadata/unet_s2/SCN_UNet_S2_fold_Douala_K10_s9.checkpoint_metadata.json,fewshot_ids_fold_Douala_K10_s9.txt,true
UNet_S2,fold_Douala,10,10,a49836e2356ac6f9648365de74d9a027eda2e48f7232c90e9baee9c5125dd49c,cfg_SCN_37521ce2,checkpoint_metadata/unet_s2/SCN_UNet_S2_fold_Douala_K10_s10.checkpoint_metadata.json,fewshot_ids_fold_Douala_K10_s10.txt,true
UNet_S2,fold_Douala,25,1,0042337cb4a43bd54504ba4d8219c8791a0a74ef953dac8e3fb189f64cc04ac1,cfg_SCN_9a4f2ed1,checkpoint_metadata/unet_s2/SCN_UNet_S2_fold_Douala_K25_s1.checkpoint_metadata.json,fewshot_ids_fold_Douala_K25_s1.txt,true
UNet_S2,fold_Douala,25,2,39435d9ad8852c5d89f4c668ef6edd069350a88b3308caa809a00c471474b8c2,cfg_SCN_9a4f2ed1,checkpoint_metadata/unet_s2/SCN_UNet_S2_fold_Douala_K25_s2.checkpoint_metadata.json,fewshot_ids_fold_Douala_K25_s2.txt,true
UNet_S2,fold_Douala,25,3,2c6b0dc8b6be7419c4ce9fe7f253d25bf6c50b38e1e70b775ee4a0f491db84c5,cfg_SCN_9a4f2ed1,checkpoint_metadata/unet_s2/SCN_UNet_S2_fold_Douala_K25_s3.checkpoint_metadata.json,fewshot_ids_fold_Douala_K25_s3.txt,true
UNet_S2,fold_Douala,25,4,5371acf70f4e2107081ae154503f6db35638a83e9e702f8c94e396cc0e162768,cfg_SCN_9a4f2ed1,checkpoint_metadata/unet_s2/SCN_UNet_S2_fold_Douala_K25_s4.checkpoint_metadata.json,fewshot_ids_fold_Douala_K25_s4.txt,true
UNet_S2,fold_Douala,25,5,3af4605fe5dc9cd629166e5a404a6d0af5162bd5f3ed47ad93f904777a9f9441,cfg_SCN_9a4f2ed1,checkpoint_metadata/unet_s2/SCN_UNet_S2_fold_Douala_K25_s5.checkpoint_metadata.json,fewshot_ids_fold_Douala_K25_s5.txt,true
UNet_S2,fold_Douala,25,6,58c9deee19d6606a443a5a0a9bbc7c401139a12c3a9c7400a6688006d551bb84,cfg_SCN_9a4f2ed1,checkpoint_metadata/unet_s2/SCN_UNet_S2_fold_Douala_K25_s6.checkpoint_metadata.json,fewshot_ids_fold_Douala_K25_s6.txt,true
UNet_S2,fold_Douala,25,7,9afe0e5b9aa745b8b8845fbf421fdef1933b2a37cb96c1699c2961ead12b7e4d,cfg_SCN_9a4f2ed1,checkpoint_metadata/unet_s2/SCN_UNet_S2_fold_Douala_K25_s7.checkpoint_metadata.json,fewshot_ids_fold_Douala_K25_s7.txt,true
UNet_S2,fold_Douala,25,8,5319abb6793eea2b252db236af9b0ec6e5168b7f8367da95eecd602b489df586,cfg_SCN_9a4f2ed1,checkpoint_metadata/unet_s2/SCN_UNet_S2_fold_Douala_K25_s8.checkpoint_metadata.json,fewshot_ids_fold_Douala_K25_s8.txt,true
UNet_S2,fold_Douala,25,9,3bb27fcdb728103a0e07ad7a200805124eaf93914e3eb04559e9a4abe5ac9dc8,cfg_SCN_9a4f2ed1,checkpoint_metadata/unet_s2/SCN_UNet_S2_fold_Douala_K25_s9.checkpoint_metadata.json,fewshot_ids_fold_Douala_K25_s9.txt,true
UNet_S2,fold_Douala,25,10,683fe9a50da216ad963b2b6a7bbdbe40a67cdb71598b4e8f7d4b50879bdeb16f,cfg_SCN_9a4f2ed1,checkpoint_metadata/unet_s2/SCN_UNet_S2_fold_Douala_K25_s10.checkpoint_metadata.json,fewshot_ids_fold_Douala_K25_s10.txt,true
UNet_S2,fold_Douala,50,1,88b1f87fefec2b1dd6fbdcfa1b0d3ffb468901e58c8e4f96e97e54ea3e23bfb3,cfg_SCN_a5d4a021,checkpoint_metadata/unet_s2/SCN_UNet_S2_fold_Douala_K50_s1.checkpoint_metadata.json,fewshot_ids_fold_Douala_K50_s1.txt,true
UNet_S2,fold_Douala,50,2,095aee1e2fd634fb8385f37786672a500b46f41241dcf760127d479b35639b00,cfg_SCN_a5d4a021,checkpoint_metadata/unet_s2/SCN_UNet_S2_fold_Douala_K50_s2.checkpoint_metadata.json,fewshot_ids_fold_Douala_K50_s2.txt,true
UNet_S2,fold_Douala,50,3,c77c0dd50e99ce1be4f31fc3692d5d9d7afc4282d6208a87f4849cf850fe9540,cfg_SCN_a5d4a021,checkpoint_metadata/unet_s2/SCN_UNet_S2_fold_Douala_K50_s3.checkpoint_metadata.json,fewshot_ids_fold_Douala_K50_s3.txt,true
UNet_S2,fold_Douala,50,4,0c48be8b4776ec79fa0b103c54dac55b8451cb42790929ccd4aa523deaa8a3f7,cfg_SCN_a5d4a021,checkpoint_metadata/unet_s2/SCN_UNet_S2_fold_Douala_K50_s4.checkpoint_metadata.json,fewshot_ids_fold_Douala_K50_s4.txt,true
UNet_S2,fold_Douala,50,5,16fe15c26c6c0cba1b9da319ae5a2a199237adac1cd697dbfce6167e56e3247b,cfg_SCN_a5d4a021,checkpoint_metadata/unet_s2/SCN_UNet_S2_fold_Douala_K50_s5.checkpoint_metadata.json,fewshot_ids_fold_Douala_K50_s5.txt,true
UNet_S2,fold_Douala,50,6,0abd2157665d23db1d5e8fe31a9e89827df011ecce7bdcf860dc10ab8faf8d59,cfg_SCN_a5d4a021,checkpoint_metadata/unet_s2/SCN_UNet_S2_fold_Douala_K50_s6.checkpoint_metadata.json,fewshot_ids_fold_Douala_K50_s6.txt,true
UNet_S2,fold_Douala,50,7,34d0d280fa1da08d2e9870f90d488dd8c3532039951366cbe3d46bb8e20879c1,cfg_SCN_a5d4a021,checkpoint_metadata/unet_s2/SCN_UNet_S2_fold_Douala_K50_s7.checkpoint_metadata.json,fewshot_ids_fold_Douala_K50_s7.txt,true
UNet_S2,fold_Douala,50,8,672099141c7ce9f6cc5352e7370eadd8e1ee72754e30c39427c7de71f0b810e3,cfg_SCN_a5d4a021,checkpoint_metadata/unet_s2/SCN_UNet_S2_fold_Douala_K50_s8.checkpoint_metadata.json,fewshot_ids_fold_Douala_K50_s8.txt,true
UNet_S2,fold_Douala,50,9,713fec87636162776d42cffbb0ccbed463d60750a1faa7f205718bfd52f7c903,cfg_SCN_a5d4a021,checkpoint_metadata/unet_s2/SCN_UNet_S2_fold_Douala_K50_s9.checkpoint_metadata.json,fewshot_ids_fold_Douala_K50_s9.txt,true
UNet_S2,fold_Douala,50,10,951ffa84de80ffa396bc47b66fc8913064533e05118a336524bd6667474b1cb1,cfg_SCN_a5d4a021,checkpoint_metadata/unet_s2/SCN_UNet_S2_fold_Douala_K50_s10.checkpoint_metadata.json,fewshot_ids_fold_Douala_K50_s10.txt,true
UNet_S2,fold_Garoua,10,1,71d700b2a6135aad232df7f885e0880d301186038c1670e05ac602b94f6b9c50,cfg_SCN_37521ce2,checkpoint_metadata/unet_s2/SCN_UNet_S2_fold_Garoua_K10_s1.checkpoint_metadata.json,fewshot_ids_fold_Garoua_K10_s1.txt,true
UNet_S2,fold_Garoua,10,2,b107a5284dd78ad23374578f9d9e8100877cabba0d391f842908aff135e3cb35,cfg_SCN_37521ce2,checkpoint_metadata/unet_s2/SCN_UNet_S2_fold_Garoua_K10_s2.checkpoint_metadata.json,fewshot_ids_fold_Garoua_K10_s2.txt,true
UNet_S2,fold_Garoua,10,3,6a2ac11e3e4846c8856cfd93df85c3286b3bdaf7ef485968404811bbd9e2f23d,cfg_SCN_37521ce2,checkpoint_metadata/unet_s2/SCN_UNet_S2_fold_Garoua_K10_s3.checkpoint_metadata.json,fewshot_ids_fold_Garoua_K10_s3.txt,true
UNet_S2,fold_Garoua,10,4,ba87aec4a1585c09cf26456386ef0b48093b9adb4cfd7ba05f595924aa02f620,cfg_SCN_37521ce2,checkpoint_metadata/unet_s2/SCN_UNet_S2_fold_Garoua_K10_s4.checkpoint_metadata.json,fewshot_ids_fold_Garoua_K10_s4.txt,true
UNet_S2,fold_Garoua,10,5,b9ba5aabb19c686444bac59eaaed864bc27cb3b1e6c8238ef0345557adaf9342,cfg_SCN_37521ce2,checkpoint_metadata/unet_s2/SCN_UNet_S2_fold_Garoua_K10_s5.checkpoint_metadata.json,fewshot_ids_fold_Garoua_K10_s5.txt,true
UNet_S2,fold_Garoua,10,6,22bfa8404e590b3a4d3cceda6947242adbcef9debc89857b995b596e52b8c7ed,cfg_SCN_37521ce2,checkpoint_metadata/unet_s2/SCN_UNet_S2_fold_Garoua_K10_s6.checkpoint_metadata.json,fewshot_ids_fold_Garoua_K10_s6.txt,true
UNet_S2,fold_Garoua,10,7,45b12b969e689ff8f6115d6b849fdfe9d47e49fe73099b687d651c45a3555de3,cfg_SCN_37521ce2,checkpoint_metadata/unet_s2/SCN_UNet_S2_fold_Garoua_K10_s7.checkpoint_metadata.json,fewshot_ids_fold_Garoua_K10_s7.txt,true
UNet_S2,fold_Garoua,10,8,30b112afc7e7f17091df247024daca4d8673d876eb9cc5dd2411293a36069794,cfg_SCN_37521ce2,checkpoint_metadata/unet_s2/SCN_UNet_S2_fold_Garoua_K10_s8.checkpoint_metadata.json,fewshot_ids_fold_Garoua_K10_s8.txt,true
UNet_S2,fold_Garoua,10,9,403e9fa0fa37e3daaba4d16e4b40fd53519bffd974e158aaff85bb6a6bb01c87,cfg_SCN_37521ce2,checkpoint_metadata/unet_s2/SCN_UNet_S2_fold_Garoua_K10_s9.checkpoint_metadata.json,fewshot_ids_fold_Garoua_K10_s9.txt,true
UNet_S2,fold_Garoua,10,10,b00ad3abe5fba0e2679ffe1af075a899fdd716b9ee21864475a0179f7e339822,cfg_SCN_37521ce2,checkpoint_metadata/unet_s2/SCN_UNet_S2_fold_Garoua_K10_s10.checkpoint_metadata.json,fewshot_ids_fold_Garoua_K10_s10.txt,true
UNet_S2,fold_Garoua,25,1,a071af204f27db2e0023fc0fa753186ff01b6912c4ec69a1138021b7fffe2206,cfg_SCN_9a4f2ed1,checkpoint_metadata/unet_s2/SCN_UNet_S2_fold_Garoua_K25_s1.checkpoint_metadata.json,fewshot_ids_fold_Garoua_K25_s1.txt,true
UNet_S2,fold_Garoua,25,2,ef61708512fd372d0ca51b1de3d736205d74af1ed53182005627a1ebf00f0de4,cfg_SCN_9a4f2ed1,checkpoint_metadata/unet_s2/SCN_UNet_S2_fold_Garoua_K25_s2.checkpoint_metadata.json,fewshot_ids_fold_Garoua_K25_s2.txt,true
UNet_S2,fold_Garoua,25,3,81e8fd4975c4a937a32c9a13c9d2e058667b3d7e5d3e082e876615627501e175,cfg_SCN_9a4f2ed1,checkpoint_metadata/unet_s2/SCN_UNet_S2_fold_Garoua_K25_s3.checkpoint_metadata.json,fewshot_ids_fold_Garoua_K25_s3.txt,true
UNet_S2,fold_Garoua,25,4,897a53bca9a1ab56546fe4b58f586db3481794a2e34d2f58fc3a19937598ff7f,cfg_SCN_9a4f2ed1,checkpoint_metadata/unet_s2/SCN_UNet_S2_fold_Garoua_K25_s4.checkpoint_metadata.json,fewshot_ids_fold_Garoua_K25_s4.txt,true
UNet_S2,fold_Garoua,25,5,5bcec738c2c7ea785954a81a5ddb1f93cece8770d34003c57e23217e81cac8b5,cfg_SCN_9a4f2ed1,checkpoint_metadata/unet_s2/SCN_UNet_S2_fold_Garoua_K25_s5.checkpoint_metadata.json,fewshot_ids_fold_Garoua_K25_s5.txt,true
UNet_S2,fold_Garoua,25,6,95b46f8abc6110932b2dad451222338f72db6fc4faf31adf4e6036a072b4cc0b,cfg_SCN_9a4f2ed1,checkpoint_metadata/unet_s2/SCN_UNet_S2_fold_Garoua_K25_s6.checkpoint_metadata.json,fewshot_ids_fold_Garoua_K25_s6.txt,true
UNet_S2,fold_Garoua,25,7,5cee2e88124f74ecb9b73d693338b622b5375d255caa26a477d89a001d504fd0,cfg_SCN_9a4f2ed1,checkpoint_metadata/unet_s2/SCN_UNet_S2_fold_Garoua_K25_s7.checkpoint_metadata.json,fewshot_ids_fold_Garoua_K25_s7.txt,true
UNet_S2,fold_Garoua,25,8,cda9a1038c80f0ed386b4c281bae4586d8fafcc44306af6be97e57f555a2dbd2,cfg_SCN_9a4f2ed1,checkpoint_metadata/unet_s2/SCN_UNet_S2_fold_Garoua_K25_s8.checkpoint_metadata.json,fewshot_ids_fold_Garoua_K25_s8.txt,true
UNet_S2,fold_Garoua,25,9,da3a8d6effee9003866e468d7550d0a676cc28dfdb02981091c2eb189a742e8e,cfg_SCN_9a4f2ed1,checkpoint_metadata/unet_s2/SCN_UNet_S2_fold_Garoua_K25_s9.checkpoint_metadata.json,fewshot_ids_fold_Garoua_K25_s9.txt,true
UNet_S2,fold_Garoua,25,10,2752a7fbcba76eff0e487221f1edfffd7b14512c33cd9e7b750505ef0387d88a,cfg_SCN_9a4f2ed1,checkpoint_metadata/unet_s2/SCN_UNet_S2_fold_Garoua_K25_s10.checkpoint_metadata.json,fewshot_ids_fold_Garoua_K25_s10.txt,true
UNet_S2,fold_Garoua,50,1,6f9f562b686f33a8801c31f2a6689ff0d4b0613ee89ee05f60972e3588af157a,cfg_SCN_a5d4a021,checkpoint_metadata/unet_s2/SCN_UNet_S2_fold_Garoua_K50_s1.checkpoint_metadata.json,fewshot_ids_fold_Garoua_K50_s1.txt,true
UNet_S2,fold_Garoua,50,2,ef061f5099f97143cf22603ea2c3161cd09aa273f8c54fbfc49b767d8937ea9c,cfg_SCN_a5d4a021,checkpoint_metadata/unet_s2/SCN_UNet_S2_fold_Garoua_K50_s2.checkpoint_metadata.json,fewshot_ids_fold_Garoua_K50_s2.txt,true
UNet_S2,fold_Garoua,50,3,8993bfd9842428e2a6b38568fa3f89f8010f013cbe44a60a669d75138dc13be9,cfg_SCN_a5d4a021,checkpoint_metadata/unet_s2/SCN_UNet_S2_fold_Garoua_K50_s3.checkpoint_metadata.json,fewshot_ids_fold_Garoua_K50_s3.txt,true
UNet_S2,fold_Garoua,50,4,9b395ef3c71a497abad2ba0134084e9045c0fc04b24ee767d3d144b8962bb607,cfg_SCN_a5d4a021,checkpoint_metadata/unet_s2/SCN_UNet_S2_fold_Garoua_K50_s4.checkpoint_metadata.json,fewshot_ids_fold_Garoua_K50_s4.txt,true
UNet_S2,fold_Garoua,50,5,1a509f3b829b84103f978cf5916527091ab8719135cf302504e2dc48774152a5,cfg_SCN_a5d4a021,checkpoint_metadata/unet_s2/SCN_UNet_S2_fold_Garoua_K50_s5.checkpoint_metadata.json,fewshot_ids_fold_Garoua_K50_s5.txt,true
UNet_S2,fold_Garoua,50,6,aa157a0f2f6315141ca8ffdeabc0ab0899aeeaa2132add5c37bec8ba1f0fbf3e,cfg_SCN_a5d4a021,checkpoint_metadata/unet_s2/SCN_UNet_S2_fold_Garoua_K50_s6.checkpoint_metadata.json,fewshot_ids_fold_Garoua_K50_s6.txt,true
UNet_S2,fold_Garoua,50,7,548f8f43032d105336a9b97531cc2a69018dfb2a8c7c27f5c64fab7f0c94008a,cfg_SCN_a5d4a021,checkpoint_metadata/unet_s2/SCN_UNet_S2_fold_Garoua_K50_s7.checkpoint_metadata.json,fewshot_ids_fold_Garoua_K50_s7.txt,true
UNet_S2,fold_Garoua,50,8,cc17818ebe27ba798fb68ecdc21513884ca3af1ec65e5dbbde02804588ed87d6,cfg_SCN_a5d4a021,checkpoint_metadata/unet_s2/SCN_UNet_S2_fold_Garoua_K50_s8.checkpoint_metadata.json,fewshot_ids_fold_Garoua_K50_s8.txt,true
UNet_S2,fold_Garoua,50,9,39f5546c200ec94c2de94678670b5ed699b3dbad8f210a4fd715cde9fe933d26,cfg_SCN_a5d4a021,checkpoint_metadata/unet_s2/SCN_UNet_S2_fold_Garoua_K50_s9.checkpoint_metadata.json,fewshot_ids_fold_Garoua_K50_s9.txt,true
UNet_S2,fold_Garoua,50,10,b6b11466257c1498e528cd84c305cfdc04c4901bc8e5d8e965acef4afb59ba99,cfg_SCN_a5d4a021,checkpoint_metadata/unet_s2/SCN_UNet_S2_fold_Garoua_K50_s10.checkpoint_metadata.json,fewshot_ids_fold_Garoua_K50_s10.txt,true
UNet_S2,fold_Kigali,10,1,4b90cd417bc62d83da4f45d8599b7c794a4ad0dc95f683fa5a42e1abf0abdc99,cfg_SCN_37521ce2,checkpoint_metadata/unet_s2/SCN_UNet_S2_fold_Kigali_K10_s1.checkpoint_metadata.json,fewshot_ids_fold_Kigali_K10_s1.txt,true
UNet_S2,fold_Kigali,10,2,8b7db1f1eafd7bc2313d09e3cbae2e07a11b5317862253bbcdf5542a35865e9d,cfg_SCN_37521ce2,checkpoint_metadata/unet_s2/SCN_UNet_S2_fold_Kigali_K10_s2.checkpoint_metadata.json,fewshot_ids_fold_Kigali_K10_s2.txt,true
UNet_S2,fold_Kigali,10,3,bce21f901ae40e25e0d619dc50a2dd4f24aea1549f1b49a72e10fd8a69fda818,cfg_SCN_37521ce2,checkpoint_metadata/unet_s2/SCN_UNet_S2_fold_Kigali_K10_s3.checkpoint_metadata.json,fewshot_ids_fold_Kigali_K10_s3.txt,true
UNet_S2,fold_Kigali,10,4,11ee3a913782f1c216548abd119bea621a725fbc37ed871a62a2c6a38fc1d43e,cfg_SCN_37521ce2,checkpoint_metadata/unet_s2/SCN_UNet_S2_fold_Kigali_K10_s4.checkpoint_metadata.json,fewshot_ids_fold_Kigali_K10_s4.txt,true
UNet_S2,fold_Kigali,10,5,642dff0d06f182e0bd97e3763817db282c71c00f90a39d13344dd271c35f13d3,cfg_SCN_37521ce2,checkpoint_metadata/unet_s2/SCN_UNet_S2_fold_Kigali_K10_s5.checkpoint_metadata.json,fewshot_ids_fold_Kigali_K10_s5.txt,true
UNet_S2,fold_Kigali,10,6,a5a120558b56a4a31346afdd7ce2bdf90e5c33d188fe8a79fe60da9d0e497df3,cfg_SCN_37521ce2,checkpoint_metadata/unet_s2/SCN_UNet_S2_fold_Kigali_K10_s6.checkpoint_metadata.json,fewshot_ids_fold_Kigali_K10_s6.txt,true
UNet_S2,fold_Kigali,10,7,799d5ee41765d1828cb092ed28b0ec0f5921a006f2a8f0c0881ad29109222e21,cfg_SCN_37521ce2,checkpoint_metadata/unet_s2/SCN_UNet_S2_fold_Kigali_K10_s7.checkpoint_metadata.json,fewshot_ids_fold_Kigali_K10_s7.txt,true
UNet_S2,fold_Kigali,10,8,db908693ab77941c9ab1804bd42eca0e07c061ef980150afdade04b0feb83e57,cfg_SCN_37521ce2,checkpoint_metadata/unet_s2/SCN_UNet_S2_fold_Kigali_K10_s8.checkpoint_metadata.json,fewshot_ids_fold_Kigali_K10_s8.txt,true
UNet_S2,fold_Kigali,10,9,3e9419b01e7ef8dbc75cfe6d069b7baf60cc14213af03536b94dc67a529c7dfa,cfg_SCN_37521ce2,checkpoint_metadata/unet_s2/SCN_UNet_S2_fold_Kigali_K10_s9.checkpoint_metadata.json,fewshot_ids_fold_Kigali_K10_s9.txt,true
UNet_S2,fold_Kigali,10,10,b5aeec89c853cda879872e4f2d9a744c9d9c296f76acd904569cac1f41f0eadf,cfg_SCN_37521ce2,checkpoint_metadata/unet_s2/SCN_UNet_S2_fold_Kigali_K10_s10.checkpoint_metadata.json,fewshot_ids_fold_Kigali_K10_s10.txt,true
UNet_S2,fold_Kigali,25,1,a6840cb157451d9681b0b942a3e064e6be3d104e58193c6413423801e2e0f526,cfg_SCN_9a4f2ed1,checkpoint_metadata/unet_s2/SCN_UNet_S2_fold_Kigali_K25_s1.checkpoint_metadata.json,fewshot_ids_fold_Kigali_K25_s1.txt,true
UNet_S2,fold_Kigali,25,2,9a06a5e60ecebe8f93bace12e811fe21ed3a5a7889d4da8476b0ad36dcc98448,cfg_SCN_9a4f2ed1,checkpoint_metadata/unet_s2/SCN_UNet_S2_fold_Kigali_K25_s2.checkpoint_metadata.json,fewshot_ids_fold_Kigali_K25_s2.txt,true
UNet_S2,fold_Kigali,25,3,940f6d3eb8b3454121b973321b87e061428a417bdefcb4ac68cb12c41ae3677c,cfg_SCN_9a4f2ed1,checkpoint_metadata/unet_s2/SCN_UNet_S2_fold_Kigali_K25_s3.checkpoint_metadata.json,fewshot_ids_fold_Kigali_K25_s3.txt,true
UNet_S2,fold_Kigali,25,4,d4a6a2471195ebaacb7909a83d6ca129871686d549100875a3733d01ccd13cfa,cfg_SCN_9a4f2ed1,checkpoint_metadata/unet_s2/SCN_UNet_S2_fold_Kigali_K25_s4.checkpoint_metadata.json,fewshot_ids_fold_Kigali_K25_s4.txt,true
UNet_S2,fold_Kigali,25,5,a859f516adc92a67f02b4acbd3c2d5d23615f1b28f8f8276aa9503d81ef5f89b,cfg_SCN_9a4f2ed1,checkpoint_metadata/unet_s2/SCN_UNet_S2_fold_Kigali_K25_s5.checkpoint_metadata.json,fewshot_ids_fold_Kigali_K25_s5.txt,true
UNet_S2,fold_Kigali,25,6,1f11e76890e7ea5e61c6f6a16e359640a91c8abee3ff5b5d4f89f6f36c1d23f2,cfg_SCN_9a4f2ed1,checkpoint_metadata/unet_s2/SCN_UNet_S2_fold_Kigali_K25_s6.checkpoint_metadata.json,fewshot_ids_fold_Kigali_K25_s6.txt,true
UNet_S2,fold_Kigali,25,7,8110997ee42c7578f34565b76307ddda7784cd324e0f5b41ec4aa46c77963393,cfg_SCN_9a4f2ed1,checkpoint_metadata/unet_s2/SCN_UNet_S2_fold_Kigali_K25_s7.checkpoint_metadata.json,fewshot_ids_fold_Kigali_K25_s7.txt,true
UNet_S2,fold_Kigali,25,8,86888a61068bfe8e4985005599e6ab674222f3e9d11f7559316be7f4ecad2b91,cfg_SCN_9a4f2ed1,checkpoint_metadata/unet_s2/SCN_UNet_S2_fold_Kigali_K25_s8.checkpoint_metadata.json,fewshot_ids_fold_Kigali_K25_s8.txt,true
UNet_S2,fold_Kigali,25,9,96293e72cb519470a29fe352108c20b02f35a076758e2c0431e3fd1abb404ac5,cfg_SCN_9a4f2ed1,checkpoint_metadata/unet_s2/SCN_UNet_S2_fold_Kigali_K25_s9.checkpoint_metadata.json,fewshot_ids_fold_Kigali_K25_s9.txt,true
UNet_S2,fold_Kigali,25,10,33e23d7f2adc0fa0eea2d5d93af92aed79938d9b3e34c66d90f20bc3e5306fb6,cfg_SCN_9a4f2ed1,checkpoint_metadata/unet_s2/SCN_UNet_S2_fold_Kigali_K25_s10.checkpoint_metadata.json,fewshot_ids_fold_Kigali_K25_s10.txt,true
UNet_S2,fold_Kigali,50,1,75707f29d42df69b8c46e61c964e24990e8b4671c5fca8edda2241051dbac705,cfg_SCN_a5d4a021,checkpoint_metadata/unet_s2/SCN_UNet_S2_fold_Kigali_K50_s1.checkpoint_metadata.json,fewshot_ids_fold_Kigali_K50_s1.txt,true
UNet_S2,fold_Kigali,50,2,649a4473402d54cd6ab4b4c6e33e7e4c1c41fab4cacff74c0fa6bccf6dd852de,cfg_SCN_a5d4a021,checkpoint_metadata/unet_s2/SCN_UNet_S2_fold_Kigali_K50_s2.checkpoint_metadata.json,fewshot_ids_fold_Kigali_K50_s2.txt,true
UNet_S2,fold_Kigali,50,3,d3cfebb1fd79ca92670c951529a719bcf141c64058c6ab63638bc7989b1cff5b,cfg_SCN_a5d4a021,checkpoint_metadata/unet_s2/SCN_UNet_S2_fold_Kigali_K50_s3.checkpoint_metadata.json,fewshot_ids_fold_Kigali_K50_s3.txt,true
UNet_S2,fold_Kigali,50,4,e784e44559475f76db94389e51dac26b774f44c64459768cb5d2777b9ca37c29,cfg_SCN_a5d4a021,checkpoint_metadata/unet_s2/SCN_UNet_S2_fold_Kigali_K50_s4.checkpoint_metadata.json,fewshot_ids_fold_Kigali_K50_s4.txt,true
UNet_S2,fold_Kigali,50,5,cb75acec9fe2a904d61aed2aabecd0551ed1bf2849fe8c9a2a2ab6d804fd97a3,cfg_SCN_a5d4a021,checkpoint_metadata/unet_s2/SCN_UNet_S2_fold_Kigali_K50_s5.checkpoint_metadata.json,fewshot_ids_fold_Kigali_K50_s5.txt,true
UNet_S2,fold_Kigali,50,6,2a4fee84d68b0eba526771c8990439604dcea9b205925c47163547f3760d936e,cfg_SCN_a5d4a021,checkpoint_metadata/unet_s2/SCN_UNet_S2_fold_Kigali_K50_s6.checkpoint_metadata.json,fewshot_ids_fold_Kigali_K50_s6.txt,true
UNet_S2,fold_Kigali,50,7,8bf86415c8bba2ded6ba6bca68f2bd150a5a917a2a302a80520f6afbefd09462,cfg_SCN_a5d4a021,checkpoint_metadata/unet_s2/SCN_UNet_S2_fold_Kigali_K50_s7.checkpoint_metadata.json,fewshot_ids_fold_Kigali_K50_s7.txt,true
UNet_S2,fold_Kigali,50,8,770a405e89b84e0c06afc6343828f83105d6494c00b6894d3949bee5d4c14f44,cfg_SCN_a5d4a021,checkpoint_metadata/unet_s2/SCN_UNet_S2_fold_Kigali_K50_s8.checkpoint_metadata.json,fewshot_ids_fold_Kigali_K50_s8.txt,true
UNet_S2,fold_Kigali,50,9,a32a9080d00f98961b795814122c3c286ea93f20558f2a1e7b03c5e38a70c68c,cfg_SCN_a5d4a021,checkpoint_metadata/unet_s2/SCN_UNet_S2_fold_Kigali_K50_s9.checkpoint_metadata.json,fewshot_ids_fold_Kigali_K50_s9.txt,true
UNet_S2,fold_Kigali,50,10,a5aff0e9d5984750e905bc0737cd485dab603fd34af3d0317be8216b495edbf0,cfg_SCN_a5d4a021,checkpoint_metadata/unet_s2/SCN_UNet_S2_fold_Kigali_K50_s10.checkpoint_metadata.json,fewshot_ids_fold_Kigali_K50_s10.txt,true
UNet_S2,fold_Yaounde,10,1,ad64665433fa50239ca5c25178c4dcc33a03e43facc196b09dbe938142a1675c,cfg_SCN_37521ce2,checkpoint_metadata/unet_s2/SCN_UNet_S2_fold_Yaounde_K10_s1.checkpoint_metadata.json,fewshot_ids_fold_Yaounde_K10_s1.txt,true
UNet_S2,fold_Yaounde,10,2,cbe644c6d14e9681f58010f05f3c2a9f2a99b24ef0db26875a8cdd2ac54dced6,cfg_SCN_37521ce2,checkpoint_metadata/unet_s2/SCN_UNet_S2_fold_Yaounde_K10_s2.checkpoint_metadata.json,fewshot_ids_fold_Yaounde_K10_s2.txt,true
UNet_S2,fold_Yaounde,10,3,0211659e0ee85b216a77752eb553895909cd8e146bac8abc5a867876c134cb27,cfg_SCN_37521ce2,checkpoint_metadata/unet_s2/SCN_UNet_S2_fold_Yaounde_K10_s3.checkpoint_metadata.json,fewshot_ids_fold_Yaounde_K10_s3.txt,true
UNet_S2,fold_Yaounde,10,4,6510958704334b90b0513a0edf0aa843a9a4c02b7346ccc454c1c776fb2477e9,cfg_SCN_37521ce2,checkpoint_metadata/unet_s2/SCN_UNet_S2_fold_Yaounde_K10_s4.checkpoint_metadata.json,fewshot_ids_fold_Yaounde_K10_s4.txt,true
UNet_S2,fold_Yaounde,10,5,8055f9abd2df4541b2ec1ee0cfc00f3eb26f115329e18defc7d60227521f6e5c,cfg_SCN_37521ce2,checkpoint_metadata/unet_s2/SCN_UNet_S2_fold_Yaounde_K10_s5.checkpoint_metadata.json,fewshot_ids_fold_Yaounde_K10_s5.txt,true
UNet_S2,fold_Yaounde,10,6,06316f466bc486b8016ba8c56b8e87838f858d4ea0585e7857d9ae6af71deb65,cfg_SCN_37521ce2,checkpoint_metadata/unet_s2/SCN_UNet_S2_fold_Yaounde_K10_s6.checkpoint_metadata.json,fewshot_ids_fold_Yaounde_K10_s6.txt,true
UNet_S2,fold_Yaounde,10,7,13dd8760c974184a3667f770959348148aeaf8751dd5879e5c3b5149b6aca951,cfg_SCN_37521ce2,checkpoint_metadata/unet_s2/SCN_UNet_S2_fold_Yaounde_K10_s7.checkpoint_metadata.json,fewshot_ids_fold_Yaounde_K10_s7.txt,true
UNet_S2,fold_Yaounde,10,8,3c47161e0eda671eb18afd255eba341625b76377cbcdb43d4e0bc44d9a7faea2,cfg_SCN_37521ce2,checkpoint_metadata/unet_s2/SCN_UNet_S2_fold_Yaounde_K10_s8.checkpoint_metadata.json,fewshot_ids_fold_Yaounde_K10_s8.txt,true
UNet_S2,fold_Yaounde,10,9,fc6408eab5109cd2216362f2b9b055ad53b6ce3035a6c5c9b99aa5209fb28cff,cfg_SCN_37521ce2,checkpoint_metadata/unet_s2/SCN_UNet_S2_fold_Yaounde_K10_s9.checkpoint_metadata.json,fewshot_ids_fold_Yaounde_K10_s9.txt,true
UNet_S2,fold_Yaounde,10,10,bbce58a5caaf90b5693d4e2abf384c0ac9aae43c6c69ef7b5d797f1766555848,cfg_SCN_37521ce2,checkpoint_metadata/unet_s2/SCN_UNet_S2_fold_Yaounde_K10_s10.checkpoint_metadata.json,fewshot_ids_fold_Yaounde_K10_s10.txt,true
UNet_S2,fold_Yaounde,25,1,62124b41e79377d79f33171aa189ba95bd7573c1b39e5ed4d9f4ad78b2fb21d3,cfg_SCN_9a4f2ed1,checkpoint_metadata/unet_s2/SCN_UNet_S2_fold_Yaounde_K25_s1.checkpoint_metadata.json,fewshot_ids_fold_Yaounde_K25_s1.txt,true
UNet_S2,fold_Yaounde,25,2,7fa6ca1e168de09aea055b1f8a2c53f038cf5407f3ad1aa1ce51c545b8f5b8cd,cfg_SCN_9a4f2ed1,checkpoint_metadata/unet_s2/SCN_UNet_S2_fold_Yaounde_K25_s2.checkpoint_metadata.json,fewshot_ids_fold_Yaounde_K25_s2.txt,true
UNet_S2,fold_Yaounde,25,3,770ae3c2ba2ae2ef71b1fad9dac1450d82fc150b03a0223a6066d1d7360d9d8b,cfg_SCN_9a4f2ed1,checkpoint_metadata/unet_s2/SCN_UNet_S2_fold_Yaounde_K25_s3.checkpoint_metadata.json,fewshot_ids_fold_Yaounde_K25_s3.txt,true
UNet_S2,fold_Yaounde,25,4,baab1cc095557573b9bd70b36fff0bf8f17ab2839138f6a09857b8dedf192046,cfg_SCN_9a4f2ed1,checkpoint_metadata/unet_s2/SCN_UNet_S2_fold_Yaounde_K25_s4.checkpoint_metadata.json,fewshot_ids_fold_Yaounde_K25_s4.txt,true
UNet_S2,fold_Yaounde,25,5,acc90b71cd7741499b1abcc22f9eb7fc2dced4444d74877f5d429b3e9e06466c,cfg_SCN_9a4f2ed1,checkpoint_metadata/unet_s2/SCN_UNet_S2_fold_Yaounde_K25_s5.checkpoint_metadata.json,fewshot_ids_fold_Yaounde_K25_s5.txt,true
UNet_S2,fold_Yaounde,25,6,bc559f2a26ed0e16a40210456f3bbf8fa8442a73d5bddf80713a2dcf2f9e3665,cfg_SCN_9a4f2ed1,checkpoint_metadata/unet_s2/SCN_UNet_S2_fold_Yaounde_K25_s6.checkpoint_metadata.json,fewshot_ids_fold_Yaounde_K25_s6.txt,true
UNet_S2,fold_Yaounde,25,7,24fac4bd7997e34af8c2a67bd602d008ad9664646098b94471920511acb3bfb4,cfg_SCN_9a4f2ed1,checkpoint_metadata/unet_s2/SCN_UNet_S2_fold_Yaounde_K25_s7.checkpoint_metadata.json,fewshot_ids_fold_Yaounde_K25_s7.txt,true
UNet_S2,fold_Yaounde,25,8,4003b8af0a35b02f8cbf81bab3a81d9a59566ce9ab78731c99a60b7bd74a5ee0,cfg_SCN_9a4f2ed1,checkpoint_metadata/unet_s2/SCN_UNet_S2_fold_Yaounde_K25_s8.checkpoint_metadata.json,fewshot_ids_fold_Yaounde_K25_s8.txt,true
UNet_S2,fold_Yaounde,25,9,1358e472ba0bbfb5e5e29ff1295eae0d41722765bde0b28bc5c128c097cb45b8,cfg_SCN_9a4f2ed1,checkpoint_metadata/unet_s2/SCN_UNet_S2_fold_Yaounde_K25_s9.checkpoint_metadata.json,fewshot_ids_fold_Yaounde_K25_s9.txt,true
UNet_S2,fold_Yaounde,25,10,6cd3b0025c3349fb88b111c14b01324dc34b5d454371f139bb98fdafd3698299,cfg_SCN_9a4f2ed1,checkpoint_metadata/unet_s2/SCN_UNet_S2_fold_Yaounde_K25_s10.checkpoint_metadata.json,fewshot_ids_fold_Yaounde_K25_s10.txt,true
UNet_S2,fold_Yaounde,50,1,7ec0668e66ecb229016fb506a7af05d80ea8bab0f2be55ffc73158892e81b2a8,cfg_SCN_a5d4a021,checkpoint_metadata/unet_s2/SCN_UNet_S2_fold_Yaounde_K50_s1.checkpoint_metadata.json,fewshot_ids_fold_Yaounde_K50_s1.txt,true
UNet_S2,fold_Yaounde,50,2,f2f994ffe16d8c8ad0932ea13f4e404965c4607785f98b3b5580b7e6d6a65135,cfg_SCN_a5d4a021,checkpoint_metadata/unet_s2/SCN_UNet_S2_fold_Yaounde_K50_s2.checkpoint_metadata.json,fewshot_ids_fold_Yaounde_K50_s2.txt,true
UNet_S2,fold_Yaounde,50,3,85ff2a9f97a4afc8a3387434cac2ee6cefff0296e01ad43deacc88a6e6fb93e8,cfg_SCN_a5d4a021,checkpoint_metadata/unet_s2/SCN_UNet_S2_fold_Yaounde_K50_s3.checkpoint_metadata.json,fewshot_ids_fold_Yaounde_K50_s3.txt,true
UNet_S2,fold_Yaounde,50,4,34f63ba6cb324bca0dacbbe4dff3dd46aa90b40021d1b98641baf6ba392c1d21,cfg_SCN_a5d4a021,checkpoint_metadata/unet_s2/SCN_UNet_S2_fold_Yaounde_K50_s4.checkpoint_metadata.json,fewshot_ids_fold_Yaounde_K50_s4.txt,true
UNet_S2,fold_Yaounde,50,5,2d4f3ebd06b9bc426cbca183f6a6babe6b713b7017aaa921dfef8afcf5c6fc47,cfg_SCN_a5d4a021,checkpoint_metadata/unet_s2/SCN_UNet_S2_fold_Yaounde_K50_s5.checkpoint_metadata.json,fewshot_ids_fold_Yaounde_K50_s5.txt,true
UNet_S2,fold_Yaounde,50,6,48a0c59920b57455e262ee52a14c1a55009d308ea322da7e750df1c44e57fd51,cfg_SCN_a5d4a021,checkpoint_metadata/unet_s2/SCN_UNet_S2_fold_Yaounde_K50_s6.checkpoint_metadata.json,fewshot_ids_fold_Yaounde_K50_s6.txt,true
UNet_S2,fold_Yaounde,50,7,ee116cbe9707f2bf9c036b6ee251f6345b8cc508e0b22c03d0d1fad6de3489ff,cfg_SCN_a5d4a021,checkpoint_metadata/unet_s2/SCN_UNet_S2_fold_Yaounde_K50_s7.checkpoint_metadata.json,fewshot_ids_fold_Yaounde_K50_s7.txt,true
UNet_S2,fold_Yaounde,50,8,f2d913d477a37f7364a5b9249c751b6e9151274ed8ad770026de1f457266bbe0,cfg_SCN_a5d4a021,checkpoint_metadata/unet_s2/SCN_UNet_S2_fold_Yaounde_K50_s8.checkpoint_metadata.json,fewshot_ids_fold_Yaounde_K50_s8.txt,true
UNet_S2,fold_Yaounde,50,9,17936b1fad39d28421cd2953a2ce965bab6d3174111579c7efdc7c44ce0d55ec,cfg_SCN_a5d4a021,checkpoint_metadata/unet_s2/SCN_UNet_S2_fold_Yaounde_K50_s9.checkpoint_metadata.json,fewshot_ids_fold_Yaounde_K50_s9.txt,true
UNet_S2,fold_Yaounde,50,10,9e30d8f1495f568fc2d256af0aefa2bce3ca7dfd62d7094b65df945bdc783518,cfg_SCN_a5d4a021,checkpoint_metadata/unet_s2/SCN_UNet_S2_fold_Yaounde_K50_s10.checkpoint_metadata.json,fewshot_ids_fold_Yaounde_K50_s10.txt,true
