run_id,method,fold,seed,K,config_hash,checkpoint_id,train_start,train_end,best_epoch,validation_metric,iou,f1,auprc,precision,recall,coverage,positive_coverage,unresolved_positive_mass,status,metric_source,log_scope
run_SCN_OA_MAE_fold_Dakar_K10_s1,OA_MAE,fold_Dakar,1,10,cfg_SCN_73c1e013,SCN_OA_MAE_fold_Dakar_K10_s1,2026-08-09T08:00:00Z,2026-08-09T10:44:00Z,53,val_iou,0.3065255081,0.4692223860,0.3012847934,0.5155611058,0.4305265835,0.6200000000,0.5700000000,0.4300000000,reference_record,benchmark_anchor,60_epoch_record
run_SCN_OA_MAE_fold_Dakar_K10_s2,OA_MAE,fold_Dakar,2,10,cfg_SCN_73c1e013,SCN_OA_MAE_fold_Dakar_K10_s2,2026-08-06T08:00:00Z,2026-08-06T11:11:00Z,44,val_iou,0.3284028246,0.4944325901,0.3427646803,0.5352703240,0.4593844662,0.6200000000,0.5700000000,0.4300000000,reference_record,benchmark_anchor,60_epoch_record
run_SCN_OA_MAE_fold_Dakar_K10_s3,OA_MAE,fold_Dakar,3,10,cfg_SCN_73c1e013,SCN_OA_MAE_fold_Dakar_K10_s3,2026-08-10T08:00:00Z,2026-08-10T11:34:00Z,44,val_iou,0.3194807858,0.4842522744,0.3191304531,0.5208286860,0.4524760841,0.6200000000,0.5700000000,0.4300000000,reference_record,benchmark_anchor,60_epoch_record
run_SCN_OA_MAE_fold_Dakar_K10_s4,OA_MAE,fold_Dakar,4,10,cfg_SCN_73c1e013,SCN_OA_MAE_fold_Dakar_K10_s4,2026-08-05T08:00:00Z,2026-08-05T10:35:00Z,54,val_iou,0.3416575935,0.5093066892,0.3643862749,0.5492018982,0.4748150976,0.6200000000,0.5700000000,0.4300000000,reference_record,benchmark_anchor,60_epoch_record
run_SCN_OA_MAE_fold_Dakar_K10_s5,OA_MAE,fold_Dakar,5,10,cfg_SCN_73c1e013,SCN_OA_MAE_fold_Dakar_K10_s5,2026-08-05T08:00:00Z,2026-08-05T11:03:00Z,42,val_iou,0.3143086807,0.4782874606,0.3374139628,0.5214266978,0.4417408769,0.6200000000,0.5700000000,0.4300000000,reference_record,benchmark_anchor,60_epoch_record
run_SCN_OA_MAE_fold_Dakar_K10_s6,OA_MAE,fold_Dakar,6,10,cfg_SCN_73c1e013,SCN_OA_MAE_fold_Dakar_K10_s6,2026-08-06T08:00:00Z,2026-08-06T10:59:00Z,51,val_iou,0.3201701868,0.4850438072,0.3158478521,0.5321692692,0.4455856311,0.6200000000,0.5700000000,0.4300000000,reference_record,benchmark_anchor,60_epoch_record
run_SCN_OA_MAE_fold_Dakar_K10_s7,OA_MAE,fold_Dakar,7,10,cfg_SCN_73c1e013,SCN_OA_MAE_fold_Dakar_K10_s7,2026-08-07T08:00:00Z,2026-08-07T11:43:00Z,43,val_iou,0.3306071815,0.4969267956,0.3426594236,0.5391622616,0.4608276955,0.6200000000,0.5700000000,0.4300000000,reference_record,benchmark_anchor,60_epoch_record
run_SCN_OA_MAE_fold_Dakar_K10_s8,OA_MAE,fold_Dakar,8,10,cfg_SCN_73c1e013,SCN_OA_MAE_fold_Dakar_K10_s8,2026-08-11T08:00:00Z,2026-08-11T11:37:00Z,46,val_iou,0.3067397961,0.4694734132,0.3469068509,0.5148302673,0.4314614057,0.6200000000,0.5700000000,0.4300000000,reference_record,benchmark_anchor,60_epoch_record
run_SCN_OA_MAE_fold_Dakar_K10_s9,OA_MAE,fold_Dakar,9,10,cfg_SCN_73c1e013,SCN_OA_MAE_fold_Dakar_K10_s9,2026-08-12T08:00:00Z,2026-08-12T11:30:00Z,45,val_iou,0.3311678257,0.4975598408,0.3768885208,0.5305118047,0.4684620090,0.6200000000,0.5700000000,0.4300000000,reference_record,benchmark_anchor,60_epoch_record
run_SCN_OA_MAE_fold_Dakar_K10_s10,OA_MAE,fold_Dakar,10,10,cfg_SCN_73c1e013,SCN_OA_MAE_fold_Dakar_K10_s10,2026-08-11T08:00:00Z,2026-08-11T11:50:00Z,41,val_iou,0.3260375379,0.4917470714,0.3594833138,0.5168923362,0.4689347974,0.6200000000,0.5700000000,0.4300000000,reference_record,benchmark_anchor,60_epoch_record
run_SCN_OA_MAE_fold_Dakar_K25_s1,OA_MAE,fold_Dakar,1,25,cfg_SCN_3a3d58b3,SCN_OA_MAE_fold_Dakar_K25_s1,2026-08-05T08:00:00Z,2026-08-05T10:37:00Z,44,val_iou,0.3519208464,0.5206234483,0.4020415780,0.5602395846,0.4862400310,0.6200000000,0.5700000000,0.4300000000,reference_record,benchmark_anchor,60_epoch_record
run_SCN_OA_MAE_fold_Dakar_K25_s2,OA_MAE,fold_Dakar,2,25,cfg_SCN_3a3d58b3,SCN_OA_MAE_fold_Dakar_K25_s2,2026-08-11T08:00:00Z,2026-08-11T10:43:00Z,45,val_iou,0.3620550561,0.5316305747,0.3721031926,0.5634301960,0.5032286861,0.6200000000,0.5700000000,0.4300000000,reference_record,benchmark_anchor,60_epoch_record
run_SCN_OA_MAE_fold_Dakar_K25_s3,OA_MAE,fold_Dakar,3,25,cfg_SCN_3a3d58b3,SCN_OA_MAE_fold_Dakar_K25_s3,2026-08-08T08:00:00Z,2026-08-08T10:48:00Z,44,val_iou,0.3763128740,0.5468420461,0.4097535995,0.5769841546,0.5196928791,0.6200000000,0.5700000000,0.4300000000,reference_record,benchmark_anchor,60_epoch_record
run_SCN_OA_MAE_fold_Dakar_K25_s4,OA_MAE,fold_Dakar,4,25,cfg_SCN_3a3d58b3,SCN_OA_MAE_fold_Dakar_K25_s4,2026-08-10T08:00:00Z,2026-08-10T11:09:00Z,48,val_iou,0.3683797905,0.5384174672,0.3840215857,0.5711269892,0.5092516622,0.6200000000,0.5700000000,0.4300000000,reference_record,benchmark_anchor,60_epoch_record
run_SCN_OA_MAE_fold_Dakar_K25_s5,OA_MAE,fold_Dakar,5,25,cfg_SCN_3a3d58b3,SCN_OA_MAE_fold_Dakar_K25_s5,2026-08-12T08:00:00Z,2026-08-12T11:19:00Z,41,val_iou,0.3472045595,0.5154444542,0.3284276573,0.5387004894,0.4941132768,0.6200000000,0.5700000000,0.4300000000,reference_record,benchmark_anchor,60_epoch_record
run_SCN_OA_MAE_fold_Dakar_K25_s6,OA_MAE,fold_Dakar,6,25,cfg_SCN_3a3d58b3,SCN_OA_MAE_fold_Dakar_K25_s6,2026-08-12T08:00:00Z,2026-08-12T10:44:00Z,41,val_iou,0.3395144935,0.5069217170,0.3687807800,0.5337599859,0.4826531766,0.6200000000,0.5700000000,0.4300000000,reference_record,benchmark_anchor,60_epoch_record
run_SCN_OA_MAE_fold_Dakar_K25_s7,OA_MAE,fold_Dakar,7,25,cfg_SCN_3a3d58b3,SCN_OA_MAE_fold_Dakar_K25_s7,2026-08-06T08:00:00Z,2026-08-06T11:48:00Z,48,val_iou,0.3395187090,0.5069264157,0.3995761007,0.5475660454,0.4719024391,0.6200000000,0.5700000000,0.4300000000,reference_record,benchmark_anchor,60_epoch_record
run_SCN_OA_MAE_fold_Dakar_K25_s8,OA_MAE,fold_Dakar,8,25,cfg_SCN_3a3d58b3,SCN_OA_MAE_fold_Dakar_K25_s8,2026-08-11T08:00:00Z,2026-08-11T11:53:00Z,43,val_iou,0.3378721582,0.5050888549,0.3604320830,0.5448966777,0.4707014205,0.6200000000,0.5700000000,0.4300000000,reference_record,benchmark_anchor,60_epoch_record
run_SCN_OA_MAE_fold_Dakar_K25_s9,OA_MAE,fold_Dakar,9,25,cfg_SCN_3a3d58b3,SCN_OA_MAE_fold_Dakar_K25_s9,2026-08-06T08:00:00Z,2026-08-06T11:05:00Z,42,val_iou,0.3630233340,0.5326736894,0.3599042325,0.5798010967,0.4926315956,0.6200000000,0.5700000000,0.4300000000,reference_record,benchmark_anchor,60_epoch_record
run_SCN_OA_MAE_fold_Dakar_K25_s10,OA_MAE,fold_Dakar,10,25,cfg_SCN_3a3d58b3,SCN_OA_MAE_fold_Dakar_K25_s10,2026-08-07T08:00:00Z,2026-08-07T10:53:00Z,52,val_iou,0.3678525422,0.5378540901,0.4315923514,0.5703383823,0.5088707586,0.6200000000,0.5700000000,0.4300000000,reference_record,benchmark_anchor,60_epoch_record
run_SCN_OA_MAE_fold_Dakar_K50_s1,OA_MAE,fold_Dakar,1,50,cfg_SCN_5804b62f,SCN_OA_MAE_fold_Dakar_K50_s1,2026-08-09T08:00:00Z,2026-08-09T10:54:00Z,52,val_iou,0.3639029969,0.5336200561,0.3619007395,0.5612395611,0.5085914497,0.6200000000,0.5700000000,0.4300000000,reference_record,benchmark_anchor,60_epoch_record
run_SCN_OA_MAE_fold_Dakar_K50_s2,OA_MAE,fold_Dakar,2,50,cfg_SCN_5804b62f,SCN_OA_MAE_fold_Dakar_K50_s2,2026-08-10T08:00:00Z,2026-08-10T11:15:00Z,40,val_iou,0.3779019613,0.5485179235,0.4010116638,0.5778290350,0.5220369369,0.6200000000,0.5700000000,0.4300000000,reference_record,benchmark_anchor,60_epoch_record
run_SCN_OA_MAE_fold_Dakar_K50_s3,OA_MAE,fold_Dakar,3,50,cfg_SCN_5804b62f,SCN_OA_MAE_fold_Dakar_K50_s3,2026-08-12T08:00:00Z,2026-08-12T11:57:00Z,50,val_iou,0.3867851053,0.5578154882,0.4174806694,0.5929453346,0.5266154456,0.6200000000,0.5700000000,0.4300000000,reference_record,benchmark_anchor,60_epoch_record
run_SCN_OA_MAE_fold_Dakar_K50_s4,OA_MAE,fold_Dakar,4,50,cfg_SCN_5804b62f,SCN_OA_MAE_fold_Dakar_K50_s4,2026-08-09T08:00:00Z,2026-08-09T10:40:00Z,54,val_iou,0.3689748479,0.5390527788,0.3793574105,0.5712772187,0.5102696368,0.6200000000,0.5700000000,0.4300000000,reference_record,benchmark_anchor,60_epoch_record
run_SCN_OA_MAE_fold_Dakar_K50_s5,OA_MAE,fold_Dakar,5,50,cfg_SCN_5804b62f,SCN_OA_MAE_fold_Dakar_K50_s5,2026-08-05T08:00:00Z,2026-08-05T10:57:00Z,53,val_iou,0.3802573970,0.5509949054,0.4270311058,0.5768077754,0.5273933910,0.6200000000,0.5700000000,0.4300000000,reference_record,benchmark_anchor,60_epoch_record
run_SCN_OA_MAE_fold_Dakar_K50_s6,OA_MAE,fold_Dakar,6,50,cfg_SCN_5804b62f,SCN_OA_MAE_fold_Dakar_K50_s6,2026-08-11T08:00:00Z,2026-08-11T10:41:00Z,53,val_iou,0.3900277738,0.5611798284,0.4174237948,0.5906300457,0.5345270402,0.6200000000,0.5700000000,0.4300000000,reference_record,benchmark_anchor,60_epoch_record
run_SCN_OA_MAE_fold_Dakar_K50_s7,OA_MAE,fold_Dakar,7,50,cfg_SCN_5804b62f,SCN_OA_MAE_fold_Dakar_K50_s7,2026-08-07T08:00:00Z,2026-08-07T10:45:00Z,53,val_iou,0.3867407956,0.5577694069,0.3984589405,0.6005063735,0.5207113125,0.6200000000,0.5700000000,0.4300000000,reference_record,benchmark_anchor,60_epoch_record
run_SCN_OA_MAE_fold_Dakar_K50_s8,OA_MAE,fold_Dakar,8,50,cfg_SCN_5804b62f,SCN_OA_MAE_fold_Dakar_K50_s8,2026-08-11T08:00:00Z,2026-08-11T11:38:00Z,51,val_iou,0.3827970194,0.5536561246,0.4156627483,0.5973834054,0.5158937267,0.6200000000,0.5700000000,0.4300000000,reference_record,benchmark_anchor,60_epoch_record
run_SCN_OA_MAE_fold_Dakar_K50_s9,OA_MAE,fold_Dakar,9,50,cfg_SCN_5804b62f,SCN_OA_MAE_fold_Dakar_K50_s9,2026-08-11T08:00:00Z,2026-08-11T11:32:00Z,44,val_iou,0.3933830248,0.5646444916,0.3956797691,0.5892058470,0.5420488984,0.6200000000,0.5700000000,0.4300000000,reference_record,benchmark_anchor,60_epoch_record
run_SCN_OA_MAE_fold_Dakar_K50_s10,OA_MAE,fold_Dakar,10,50,cfg_SCN_5804b62f,SCN_OA_MAE_fold_Dakar_K50_s10,2026-08-12T08:00:00Z,2026-08-12T10:56:00Z,54,val_iou,0.3900483546,0.5612011314,0.4245897113,0.5951674313,0.5309024444,0.6200000000,0.5700000000,0.4300000000,reference_record,benchmark_anchor,60_epoch_record
run_SCN_OA_MAE_fold_DarEsSalaam_K10_s1,OA_MAE,fold_DarEsSalaam,1,10,cfg_SCN_73c1e013,SCN_OA_MAE_fold_DarEsSalaam_K10_s1,2026-08-07T08:00:00Z,2026-08-07T11:31:00Z,48,val_iou,0.2950192953,0.4556214666,0.2958003756,0.4908044041,0.4251452549,0.6200000000,0.5700000000,0.4300000000,reference_record,benchmark_anchor,60_epoch_record
run_SCN_OA_MAE_fold_DarEsSalaam_K10_s2,OA_MAE,fold_DarEsSalaam,2,10,cfg_SCN_73c1e013,SCN_OA_MAE_fold_DarEsSalaam_K10_s2,2026-08-06T08:00:00Z,2026-08-06T11:19:00Z,48,val_iou,0.2575201648,0.4095682471,0.2701877152,0.4461723234,0.3785148082,0.6200000000,0.5700000000,0.4300000000,reference_record,benchmark_anchor,60_epoch_record
run_SCN_OA_MAE_fold_DarEsSalaam_K10_s3,OA_MAE,fold_DarEsSalaam,3,10,cfg_SCN_73c1e013,SCN_OA_MAE_fold_DarEsSalaam_K10_s3,2026-08-07T08:00:00Z,2026-08-07T10:33:00Z,43,val_iou,0.2935165506,0.4538272827,0.3077207261,0.4804877093,0.4299698964,0.6200000000,0.5700000000,0.4300000000,reference_record,benchmark_anchor,60_epoch_record
run_SCN_OA_MAE_fold_DarEsSalaam_K10_s4,OA_MAE,fold_DarEsSalaam,4,10,cfg_SCN_73c1e013,SCN_OA_MAE_fold_DarEsSalaam_K10_s4,2026-08-06T08:00:00Z,2026-08-06T11:09:00Z,51,val_iou,0.2553452896,0.4068128374,0.3061190771,0.4324601954,0.3840372372,0.6200000000,0.5700000000,0.4300000000,reference_record,benchmark_anchor,60_epoch_record
run_SCN_OA_MAE_fold_DarEsSalaam_K10_s5,OA_MAE,fold_DarEsSalaam,5,10,cfg_SCN_73c1e013,SCN_OA_MAE_fold_DarEsSalaam_K10_s5,2026-08-12T08:00:00Z,2026-08-12T11:31:00Z,44,val_iou,0.2481716064,0.3976562279,0.3031669417,0.4299636984,0.3698646032,0.6200000000,0.5700000000,0.4300000000,reference_record,benchmark_anchor,60_epoch_record
run_SCN_OA_MAE_fold_DarEsSalaam_K10_s6,OA_MAE,fold_DarEsSalaam,6,10,cfg_SCN_73c1e013,SCN_OA_MAE_fold_DarEsSalaam_K10_s6,2026-08-05T08:00:00Z,2026-08-05T10:53:00Z,50,val_iou,0.2758522866,0.4324204134,0.2778735453,0.4576729147,0.4098088534,0.6200000000,0.5700000000,0.4300000000,reference_record,benchmark_anchor,60_epoch_record
run_SCN_OA_MAE_fold_DarEsSalaam_K10_s7,OA_MAE,fold_DarEsSalaam,7,10,cfg_SCN_73c1e013,SCN_OA_MAE_fold_DarEsSalaam_K10_s7,2026-08-11T08:00:00Z,2026-08-11T11:45:00Z,43,val_iou,0.2677255453,0.4223714609,0.2815991567,0.4678186959,0.3849724950,0.6200000000,0.5700000000,0.4300000000,reference_record,benchmark_anchor,60_epoch_record
run_SCN_OA_MAE_fold_DarEsSalaam_K10_s8,OA_MAE,fold_DarEsSalaam,8,10,cfg_SCN_73c1e013,SCN_OA_MAE_fold_DarEsSalaam_K10_s8,2026-08-06T08:00:00Z,2026-08-06T10:48:00Z,52,val_iou,0.2769299684,0.4337433928,0.3310146504,0.4797223612,0.3958072631,0.6200000000,0.5700000000,0.4300000000,reference_record,benchmark_anchor,60_epoch_record
run_SCN_OA_MAE_fold_DarEsSalaam_K10_s9,OA_MAE,fold_DarEsSalaam,9,10,cfg_SCN_73c1e013,SCN_OA_MAE_fold_DarEsSalaam_K10_s9,2026-08-06T08:00:00Z,2026-08-06T10:37:00Z,50,val_iou,0.2825463657,0.4406021853,0.2930156379,0.4658506384,0.4179498859,0.6200000000,0.5700000000,0.4300000000,reference_record,benchmark_anchor,60_epoch_record
run_SCN_OA_MAE_fold_DarEsSalaam_K10_s10,OA_MAE,fold_DarEsSalaam,10,10,cfg_SCN_73c1e013,SCN_OA_MAE_fold_DarEsSalaam_K10_s10,2026-08-09T08:00:00Z,2026-08-09T11:36:00Z,41,val_iou,0.2736510538,0.4297111882,0.3141853592,0.4646251277,0.3996776804,0.6200000000,0.5700000000,0.4300000000,reference_record,benchmark_anchor,60_epoch_record
run_SCN_OA_MAE_fold_DarEsSalaam_K25_s1,OA_MAE,fold_DarEsSalaam,1,25,cfg_SCN_3a3d58b3,SCN_OA_MAE_fold_DarEsSalaam_K25_s1,2026-08-08T08:00:00Z,2026-08-08T11:08:00Z,48,val_iou,0.2931081207,0.4533389220,0.3194313655,0.4953655103,0.4178856872,0.6200000000,0.5700000000,0.4300000000,reference_record,benchmark_anchor,60_epoch_record
run_SCN_OA_MAE_fold_DarEsSalaam_K25_s2,OA_MAE,fold_DarEsSalaam,2,25,cfg_SCN_3a3d58b3,SCN_OA_MAE_fold_DarEsSalaam_K25_s2,2026-08-09T08:00:00Z,2026-08-09T11:57:00Z,46,val_iou,0.2900932861,0.4497245110,0.3023969696,0.4903873534,0.4152888266,0.6200000000,0.5700000000,0.4300000000,reference_record,benchmark_anchor,60_epoch_record
run_SCN_OA_MAE_fold_DarEsSalaam_K25_s3,OA_MAE,fold_DarEsSalaam,3,25,cfg_SCN_3a3d58b3,SCN_OA_MAE_fold_DarEsSalaam_K25_s3,2026-08-07T08:00:00Z,2026-08-07T11:51:00Z,52,val_iou,0.3103224246,0.4736581146,0.3321635926,0.5150761625,0.4384052870,0.6200000000,0.5700000000,0.4300000000,reference_record,benchmark_anchor,60_epoch_record
run_SCN_OA_MAE_fold_DarEsSalaam_K25_s4,OA_MAE,fold_DarEsSalaam,4,25,cfg_SCN_3a3d58b3,SCN_OA_MAE_fold_DarEsSalaam_K25_s4,2026-08-12T08:00:00Z,2026-08-12T11:23:00Z,49,val_iou,0.2900922248,0.4497232356,0.2958523853,0.4789989050,0.4238200144,0.6200000000,0.5700000000,0.4300000000,reference_record,benchmark_anchor,60_epoch_record
run_SCN_OA_MAE_fold_DarEsSalaam_K25_s5,OA_MAE,fold_DarEsSalaam,5,25,cfg_SCN_3a3d58b3,SCN_OA_MAE_fold_DarEsSalaam_K25_s5,2026-08-11T08:00:00Z,2026-08-11T11:24:00Z,46,val_iou,0.3038331513,0.4660613991,0.3286623940,0.5009042070,0.4357506604,0.6200000000,0.5700000000,0.4300000000,reference_record,benchmark_anchor,60_epoch_record
run_SCN_OA_MAE_fold_DarEsSalaam_K25_s6,OA_MAE,fold_DarEsSalaam,6,25,cfg_SCN_3a3d58b3,SCN_OA_MAE_fold_DarEsSalaam_K25_s6,2026-08-07T08:00:00Z,2026-08-07T11:44:00Z,44,val_iou,0.2873207636,0.4463856588,0.3167346373,0.4744788224,0.4214332428,0.6200000000,0.5700000000,0.4300000000,reference_record,benchmark_anchor,60_epoch_record
run_SCN_OA_MAE_fold_DarEsSalaam_K25_s7,OA_MAE,fold_DarEsSalaam,7,25,cfg_SCN_3a3d58b3,SCN_OA_MAE_fold_DarEsSalaam_K25_s7,2026-08-06T08:00:00Z,2026-08-06T10:32:00Z,45,val_iou,0.3066549131,0.4693739870,0.3018224997,0.5060044038,0.4376890229,0.6200000000,0.5700000000,0.4300000000,reference_record,benchmark_anchor,60_epoch_record
run_SCN_OA_MAE_fold_DarEsSalaam_K25_s8,OA_MAE,fold_DarEsSalaam,8,25,cfg_SCN_3a3d58b3,SCN_OA_MAE_fold_DarEsSalaam_K25_s8,2026-08-05T08:00:00Z,2026-08-05T11:32:00Z,53,val_iou,0.2789309939,0.4361939702,0.3174783296,0.4606879037,0.4141731416,0.6200000000,0.5700000000,0.4300000000,reference_record,benchmark_anchor,60_epoch_record
run_SCN_OA_MAE_fold_DarEsSalaam_K25_s9,OA_MAE,fold_DarEsSalaam,9,25,cfg_SCN_3a3d58b3,SCN_OA_MAE_fold_DarEsSalaam_K25_s9,2026-08-12T08:00:00Z,2026-08-12T11:20:00Z,52,val_iou,0.3088578358,0.4719501650,0.3315124780,0.5120052068,0.4377075554,0.6200000000,0.5700000000,0.4300000000,reference_record,benchmark_anchor,60_epoch_record
run_SCN_OA_MAE_fold_DarEsSalaam_K25_s10,OA_MAE,fold_DarEsSalaam,10,25,cfg_SCN_3a3d58b3,SCN_OA_MAE_fold_DarEsSalaam_K25_s10,2026-08-08T08:00:00Z,2026-08-08T10:46:00Z,52,val_iou,0.3147383616,0.4787847845,0.3190010447,0.5144056954,0.4477776478,0.6200000000,0.5700000000,0.4300000000,reference_record,benchmark_anchor,60_epoch_record
run_SCN_OA_MAE_fold_DarEsSalaam_K50_s1,OA_MAE,fold_DarEsSalaam,1,50,cfg_SCN_5804b62f,SCN_OA_MAE_fold_DarEsSalaam_K50_s1,2026-08-05T08:00:00Z,2026-08-05T11:20:00Z,49,val_iou,0.3313991637,0.4978208981,0.3504732996,0.5280453852,0.4708690920,0.6200000000,0.5700000000,0.4300000000,reference_record,benchmark_anchor,60_epoch_record
run_SCN_OA_MAE_fold_DarEsSalaam_K50_s2,OA_MAE,fold_DarEsSalaam,2,50,cfg_SCN_5804b62f,SCN_OA_MAE_fold_DarEsSalaam_K50_s2,2026-08-07T08:00:00Z,2026-08-07T11:37:00Z,46,val_iou,0.3389641465,0.5063080254,0.3641014179,0.5475191240,0.4708664781,0.6200000000,0.5700000000,0.4300000000,reference_record,benchmark_anchor,60_epoch_record
run_SCN_OA_MAE_fold_DarEsSalaam_K50_s3,OA_MAE,fold_DarEsSalaam,3,50,cfg_SCN_5804b62f,SCN_OA_MAE_fold_DarEsSalaam_K50_s3,2026-08-06T08:00:00Z,2026-08-06T11:38:00Z,52,val_iou,0.3346182584,0.5014441490,0.3142231985,0.5286300650,0.4769176528,0.6200000000,0.5700000000,0.4300000000,reference_record,benchmark_anchor,60_epoch_record
run_SCN_OA_MAE_fold_DarEsSalaam_K50_s4,OA_MAE,fold_DarEsSalaam,4,50,cfg_SCN_5804b62f,SCN_OA_MAE_fold_DarEsSalaam_K50_s4,2026-08-09T08:00:00Z,2026-08-09T11:10:00Z,54,val_iou,0.3235266440,0.4888857289,0.3815273683,0.5354415297,0.4497782186,0.6200000000,0.5700000000,0.4300000000,reference_record,benchmark_anchor,60_epoch_record
run_SCN_OA_MAE_fold_DarEsSalaam_K50_s5,OA_MAE,fold_DarEsSalaam,5,50,cfg_SCN_5804b62f,SCN_OA_MAE_fold_DarEsSalaam_K50_s5,2026-08-07T08:00:00Z,2026-08-07T10:41:00Z,41,val_iou,0.3022241082,0.4641660469,0.3112839556,0.5112319873,0.4250356643,0.6200000000,0.5700000000,0.4300000000,reference_record,benchmark_anchor,60_epoch_record
run_SCN_OA_MAE_fold_DarEsSalaam_K50_s6,OA_MAE,fold_DarEsSalaam,6,50,cfg_SCN_5804b62f,SCN_OA_MAE_fold_DarEsSalaam_K50_s6,2026-08-05T08:00:00Z,2026-08-05T11:42:00Z,46,val_iou,0.3254675027,0.4910984268,0.3426859157,0.5348642564,0.4539532271,0.6200000000,0.5700000000,0.4300000000,reference_record,benchmark_anchor,60_epoch_record
run_SCN_OA_MAE_fold_DarEsSalaam_K50_s7,OA_MAE,fold_DarEsSalaam,7,50,cfg_SCN_5804b62f,SCN_OA_MAE_fold_DarEsSalaam_K50_s7,2026-08-09T08:00:00Z,2026-08-09T10:34:00Z,40,val_iou,0.2882970963,0.4475630615,0.3224083671,0.4839690533,0.4162510735,0.6200000000,0.5700000000,0.4300000000,reference_record,benchmark_anchor,60_epoch_record
run_SCN_OA_MAE_fold_DarEsSalaam_K50_s8,OA_MAE,fold_DarEsSalaam,8,50,cfg_SCN_5804b62f,SCN_OA_MAE_fold_DarEsSalaam_K50_s8,2026-08-11T08:00:00Z,2026-08-11T10:49:00Z,49,val_iou,0.3286533006,0.4947164177,0.3784587247,0.5352843816,0.4598643624,0.6200000000,0.5700000000,0.4300000000,reference_record,benchmark_anchor,60_epoch_record
run_SCN_OA_MAE_fold_DarEsSalaam_K50_s9,OA_MAE,fold_DarEsSalaam,9,50,cfg_SCN_5804b62f,SCN_OA_MAE_fold_DarEsSalaam_K50_s9,2026-08-07T08:00:00Z,2026-08-07T11:45:00Z,44,val_iou,0.3284380418,0.4944725030,0.3226271630,0.5182022144,0.4728209093,0.6200000000,0.5700000000,0.4300000000,reference_record,benchmark_anchor,60_epoch_record
run_SCN_OA_MAE_fold_DarEsSalaam_K50_s10,OA_MAE,fold_DarEsSalaam,10,50,cfg_SCN_5804b62f,SCN_OA_MAE_fold_DarEsSalaam_K50_s10,2026-08-11T08:00:00Z,2026-08-11T10:55:00Z,54,val_iou,0.3189420985,0.4836332071,0.3446283524,0.5093352984,0.4604004665,0.6200000000,0.5700000000,0.4300000000,reference_record,benchmark_anchor,60_epoch_record
run_SCN_OA_MAE_fold_Douala_K10_s1,OA_MAE,fold_Douala,1,10,cfg_SCN_73c1e013,SCN_OA_MAE_fold_Douala_K10_s1,2026-08-08T08:00:00Z,2026-08-08T10:43:00Z,53,val_iou,0.2535828121,0.4045728924,0.2889219547,0.4377657237,0.3760588765,0.6200000000,0.5700000000,0.4300000000,reference_record,benchmark_anchor,60_epoch_record
run_SCN_OA_MAE_fold_Douala_K10_s2,OA_MAE,fold_Douala,2,10,cfg_SCN_73c1e013,SCN_OA_MAE_fold_Douala_K10_s2,2026-08-05T08:00:00Z,2026-08-05T11:07:00Z,40,val_iou,0.2546956612,0.4059879524,0.2618332897,0.4463953623,0.3722886340,0.6200000000,0.5700000000,0.4300000000,reference_record,benchmark_anchor,60_epoch_record
run_SCN_OA_MAE_fold_Douala_K10_s3,OA_MAE,fold_Douala,3,10,cfg_SCN_73c1e013,SCN_OA_MAE_fold_Douala_K10_s3,2026-08-07T08:00:00Z,2026-08-07T11:59:00Z,45,val_iou,0.2744016042,0.4306359993,0.2944841996,0.4681539389,0.3986852895,0.6200000000,0.5700000000,0.4300000000,reference_record,benchmark_anchor,60_epoch_record
run_SCN_OA_MAE_fold_Douala_K10_s4,OA_MAE,fold_Douala,4,10,cfg_SCN_73c1e013,SCN_OA_MAE_fold_Douala_K10_s4,2026-08-12T08:00:00Z,2026-08-12T10:48:00Z,47,val_iou,0.2513549215,0.4017324216,0.2558376761,0.4466732821,0.3650080902,0.6200000000,0.5700000000,0.4300000000,reference_record,benchmark_anchor,60_epoch_record
run_SCN_OA_MAE_fold_Douala_K10_s5,OA_MAE,fold_Douala,5,10,cfg_SCN_73c1e013,SCN_OA_MAE_fold_Douala_K10_s5,2026-08-11T08:00:00Z,2026-08-11T10:52:00Z,43,val_iou,0.2559511866,0.4075814241,0.2839087180,0.4499357579,0.3725150273,0.6200000000,0.5700000000,0.4300000000,reference_record,benchmark_anchor,60_epoch_record
run_SCN_OA_MAE_fold_Douala_K10_s6,OA_MAE,fold_Douala,6,10,cfg_SCN_73c1e013,SCN_OA_MAE_fold_Douala_K10_s6,2026-08-05T08:00:00Z,2026-08-05T11:33:00Z,42,val_iou,0.2748583143,0.4311982142,0.3010695387,0.4702824743,0.3981119092,0.6200000000,0.5700000000,0.4300000000,reference_record,benchmark_anchor,60_epoch_record
run_SCN_OA_MAE_fold_Douala_K10_s7,OA_MAE,fold_Douala,7,10,cfg_SCN_73c1e013,SCN_OA_MAE_fold_Douala_K10_s7,2026-08-08T08:00:00Z,2026-08-08T11:12:00Z,40,val_iou,0.2550224449,0.4064030025,0.2857275675,0.4333660589,0.3825985837,0.6200000000,0.5700000000,0.4300000000,reference_record,benchmark_anchor,60_epoch_record
run_SCN_OA_MAE_fold_Douala_K10_s8,OA_MAE,fold_Douala,8,10,cfg_SCN_73c1e013,SCN_OA_MAE_fold_Douala_K10_s8,2026-08-05T08:00:00Z,2026-08-05T11:05:00Z,51,val_iou,0.2675297405,0.4221277528,0.2879347392,0.4610541723,0.3892626331,0.6200000000,0.5700000000,0.4300000000,reference_record,benchmark_anchor,60_epoch_record
run_SCN_OA_MAE_fold_Douala_K10_s9,OA_MAE,fold_Douala,9,10,cfg_SCN_73c1e013,SCN_OA_MAE_fold_Douala_K10_s9,2026-08-08T08:00:00Z,2026-08-08T10:47:00Z,41,val_iou,0.2480690590,0.3975245716,0.2581474894,0.4230267984,0.3749223291,0.6200000000,0.5700000000,0.4300000000,reference_record,benchmark_anchor,60_epoch_record
run_SCN_OA_MAE_fold_Douala_K10_s10,OA_MAE,fold_Douala,10,10,cfg_SCN_73c1e013,SCN_OA_MAE_fold_Douala_K10_s10,2026-08-08T08:00:00Z,2026-08-08T10:33:00Z,41,val_iou,0.2618753955,0.4150574557,0.2972195434,0.4516566564,0.3839451384,0.6200000000,0.5700000000,0.4300000000,reference_record,benchmark_anchor,60_epoch_record
run_SCN_OA_MAE_fold_Douala_K25_s1,OA_MAE,fold_Douala,1,25,cfg_SCN_3a3d58b3,SCN_OA_MAE_fold_Douala_K25_s1,2026-08-09T08:00:00Z,2026-08-09T11:25:00Z,46,val_iou,0.2926605759,0.4528034371,0.2990252453,0.4868856238,0.4231806256,0.6200000000,0.5700000000,0.4300000000,reference_record,benchmark_anchor,60_epoch_record
run_SCN_OA_MAE_fold_Douala_K25_s2,OA_MAE,fold_Douala,2,25,cfg_SCN_3a3d58b3,SCN_OA_MAE_fold_Douala_K25_s2,2026-08-10T08:00:00Z,2026-08-10T11:26:00Z,41,val_iou,0.2740465014,0.4301985856,0.3169853759,0.4764800463,0.3921119654,0.6200000000,0.5700000000,0.4300000000,reference_record,benchmark_anchor,60_epoch_record
run_SCN_OA_MAE_fold_Douala_K25_s3,OA_MAE,fold_Douala,3,25,cfg_SCN_3a3d58b3,SCN_OA_MAE_fold_Douala_K25_s3,2026-08-06T08:00:00Z,2026-08-06T11:50:00Z,42,val_iou,0.2813782545,0.4391806300,0.2993601501,0.4829494078,0.4026859731,0.6200000000,0.5700000000,0.4300000000,reference_record,benchmark_anchor,60_epoch_record
run_SCN_OA_MAE_fold_Douala_K25_s4,OA_MAE,fold_Douala,4,25,cfg_SCN_3a3d58b3,SCN_OA_MAE_fold_Douala_K25_s4,2026-08-06T08:00:00Z,2026-08-06T11:30:00Z,42,val_iou,0.2664185006,0.4207432227,0.2869362145,0.4535992056,0.3923255339,0.6200000000,0.5700000000,0.4300000000,reference_record,benchmark_anchor,60_epoch_record
run_SCN_OA_MAE_fold_Douala_K25_s5,OA_MAE,fold_Douala,5,25,cfg_SCN_3a3d58b3,SCN_OA_MAE_fold_Douala_K25_s5,2026-08-12T08:00:00Z,2026-08-12T10:47:00Z,44,val_iou,0.2773915282,0.4343093282,0.3139715517,0.4675523967,0.4054796448,0.6200000000,0.5700000000,0.4300000000,reference_record,benchmark_anchor,60_epoch_record
run_SCN_OA_MAE_fold_Douala_K25_s6,OA_MAE,fold_Douala,6,25,cfg_SCN_3a3d58b3,SCN_OA_MAE_fold_Douala_K25_s6,2026-08-07T08:00:00Z,2026-08-07T10:32:00Z,42,val_iou,0.2821098997,0.4400713226,0.2772945740,0.4748616694,0.4100307588,0.6200000000,0.5700000000,0.4300000000,reference_record,benchmark_anchor,60_epoch_record
run_SCN_OA_MAE_fold_Douala_K25_s7,OA_MAE,fold_Douala,7,25,cfg_SCN_3a3d58b3,SCN_OA_MAE_fold_Douala_K25_s7,2026-08-06T08:00:00Z,2026-08-06T11:23:00Z,45,val_iou,0.2918948122,0.4518863447,0.3150167120,0.4826997878,0.4247708328,0.6200000000,0.5700000000,0.4300000000,reference_record,benchmark_anchor,60_epoch_record
run_SCN_OA_MAE_fold_Douala_K25_s8,OA_MAE,fold_Douala,8,25,cfg_SCN_3a3d58b3,SCN_OA_MAE_fold_Douala_K25_s8,2026-08-11T08:00:00Z,2026-08-11T11:55:00Z,47,val_iou,0.3084837109,0.4715132612,0.3367597579,0.5070597025,0.4406241557,0.6200000000,0.5700000000,0.4300000000,reference_record,benchmark_anchor,60_epoch_record
run_SCN_OA_MAE_fold_Douala_K25_s9,OA_MAE,fold_Douala,9,25,cfg_SCN_3a3d58b3,SCN_OA_MAE_fold_Douala_K25_s9,2026-08-05T08:00:00Z,2026-08-05T10:39:00Z,50,val_iou,0.2938611046,0.4542390270,0.3383635666,0.5002845510,0.4159550757,0.6200000000,0.5700000000,0.4300000000,reference_record,benchmark_anchor,60_epoch_record
run_SCN_OA_MAE_fold_Douala_K25_s10,OA_MAE,fold_Douala,10,25,cfg_SCN_3a3d58b3,SCN_OA_MAE_fold_Douala_K25_s10,2026-08-11T08:00:00Z,2026-08-11T11:02:00Z,49,val_iou,0.2790785653,0.4363743914,0.3022810971,0.4812756246,0.3991364400,0.6200000000,0.5700000000,0.4300000000,reference_record,benchmark_anchor,60_epoch_record
run_SCN_OA_MAE_fold_Douala_K50_s1,OA_MAE,fold_Douala,1,50,cfg_SCN_5804b62f,SCN_OA_MAE_fold_Douala_K50_s1,2026-08-10T08:00:00Z,2026-08-10T10:53:00Z,48,val_iou,0.3048393021,0.4672442064,0.3346155070,0.4929409383,0.4440938457,0.6200000000,0.5700000000,0.4300000000,reference_record,benchmark_anchor,60_epoch_record
run_SCN_OA_MAE_fold_Douala_K50_s2,OA_MAE,fold_Douala,2,50,cfg_SCN_5804b62f,SCN_OA_MAE_fold_Douala_K50_s2,2026-08-10T08:00:00Z,2026-08-10T11:44:00Z,41,val_iou,0.2962361849,0.4570713090,0.3498104407,0.4864654466,0.4310269796,0.6200000000,0.5700000000,0.4300000000,reference_record,benchmark_anchor,60_epoch_record
run_SCN_OA_MAE_fold_Douala_K50_s3,OA_MAE,fold_Douala,3,50,cfg_SCN_5804b62f,SCN_OA_MAE_fold_Douala_K50_s3,2026-08-08T08:00:00Z,2026-08-08T11:56:00Z,42,val_iou,0.3028218255,0.4648706670,0.3176431183,0.5052453368,0.4304712692,0.6200000000,0.5700000000,0.4300000000,reference_record,benchmark_anchor,60_epoch_record
run_SCN_OA_MAE_fold_Douala_K50_s4,OA_MAE,fold_Douala,4,50,cfg_SCN_5804b62f,SCN_OA_MAE_fold_Douala_K50_s4,2026-08-08T08:00:00Z,2026-08-08T11:34:00Z,54,val_iou,0.2926466602,0.4527867811,0.3274922541,0.4781138799,0.4300079926,0.6200000000,0.5700000000,0.4300000000,reference_record,benchmark_anchor,60_epoch_record
run_SCN_OA_MAE_fold_Douala_K50_s5,OA_MAE,fold_Douala,5,50,cfg_SCN_5804b62f,SCN_OA_MAE_fold_Douala_K50_s5,2026-08-05T08:00:00Z,2026-08-05T11:29:00Z,43,val_iou,0.3016251988,0.4634593724,0.3127263669,0.4898879196,0.4397364065,0.6200000000,0.5700000000,0.4300000000,reference_record,benchmark_anchor,60_epoch_record
run_SCN_OA_MAE_fold_Douala_K50_s6,OA_MAE,fold_Douala,6,50,cfg_SCN_5804b62f,SCN_OA_MAE_fold_Douala_K50_s6,2026-08-08T08:00:00Z,2026-08-08T11:06:00Z,48,val_iou,0.2972931758,0.4583284355,0.3382748778,0.4828158245,0.4362050458,0.6200000000,0.5700000000,0.4300000000,reference_record,benchmark_anchor,60_epoch_record
run_SCN_OA_MAE_fold_Douala_K50_s7,OA_MAE,fold_Douala,7,50,cfg_SCN_5804b62f,SCN_OA_MAE_fold_Douala_K50_s7,2026-08-05T08:00:00Z,2026-08-05T11:04:00Z,46,val_iou,0.3297602020,0.4959694260,0.3159106032,0.5322879324,0.4642904516,0.6200000000,0.5700000000,0.4300000000,reference_record,benchmark_anchor,60_epoch_record
run_SCN_OA_MAE_fold_Douala_K50_s8,OA_MAE,fold_Douala,8,50,cfg_SCN_5804b62f,SCN_OA_MAE_fold_Douala_K50_s8,2026-08-12T08:00:00Z,2026-08-12T11:11:00Z,40,val_iou,0.3011756770,0.4629285381,0.3025247809,0.5062289318,0.4264518898,0.6200000000,0.5700000000,0.4300000000,reference_record,benchmark_anchor,60_epoch_record
run_SCN_OA_MAE_fold_Douala_K50_s9,OA_MAE,fold_Douala,9,50,cfg_SCN_5804b62f,SCN_OA_MAE_fold_Douala_K50_s9,2026-08-09T08:00:00Z,2026-08-09T11:00:00Z,46,val_iou,0.2919048074,0.4518983221,0.3003075711,0.4876872653,0.4210030052,0.6200000000,0.5700000000,0.4300000000,reference_record,benchmark_anchor,60_epoch_record
run_SCN_OA_MAE_fold_Douala_K50_s10,OA_MAE,fold_Douala,10,50,cfg_SCN_5804b62f,SCN_OA_MAE_fold_Douala_K50_s10,2026-08-10T08:00:00Z,2026-08-10T11:43:00Z,50,val_iou,0.2885946565,0.4479215478,0.3131603452,0.4713797148,0.4266874853,0.6200000000,0.5700000000,0.4300000000,reference_record,benchmark_anchor,60_epoch_record
run_SCN_OA_MAE_fold_Garoua_K10_s1,OA_MAE,fold_Garoua,1,10,cfg_SCN_73c1e013,SCN_OA_MAE_fold_Garoua_K10_s1,2026-08-07T08:00:00Z,2026-08-07T11:07:00Z,46,val_iou,0.2963656271,0.4572253705,0.3290112299,0.4980322919,0.4225991605,0.6200000000,0.5700000000,0.4300000000,reference_record,benchmark_anchor,60_epoch_record
run_SCN_OA_MAE_fold_Garoua_K10_s2,OA_MAE,fold_Garoua,2,10,cfg_SCN_73c1e013,SCN_OA_MAE_fold_Garoua_K10_s2,2026-08-08T08:00:00Z,2026-08-08T11:33:00Z,53,val_iou,0.3107673171,0.4741761761,0.2973523582,0.5084758004,0.4442115462,0.6200000000,0.5700000000,0.4300000000,reference_record,benchmark_anchor,60_epoch_record
run_SCN_OA_MAE_fold_Garoua_K10_s3,OA_MAE,fold_Garoua,3,10,cfg_SCN_73c1e013,SCN_OA_MAE_fold_Garoua_K10_s3,2026-08-08T08:00:00Z,2026-08-08T10:50:00Z,42,val_iou,0.3358972211,0.5028788380,0.3462659590,0.5428367623,0.4684001527,0.6200000000,0.5700000000,0.4300000000,reference_record,benchmark_anchor,60_epoch_record
run_SCN_OA_MAE_fold_Garoua_K10_s4,OA_MAE,fold_Garoua,4,10,cfg_SCN_73c1e013,SCN_OA_MAE_fold_Garoua_K10_s4,2026-08-12T08:00:00Z,2026-08-12T10:38:00Z,52,val_iou,0.3183672754,0.4829720539,0.3702957715,0.5160608385,0.4538707715,0.6200000000,0.5700000000,0.4300000000,reference_record,benchmark_anchor,60_epoch_record
run_SCN_OA_MAE_fold_Garoua_K10_s5,OA_MAE,fold_Garoua,5,10,cfg_SCN_73c1e013,SCN_OA_MAE_fold_Garoua_K10_s5,2026-08-05T08:00:00Z,2026-08-05T10:34:00Z,49,val_iou,0.3079131567,0.4708464857,0.3465953105,0.4942716317,0.4495412581,0.6200000000,0.5700000000,0.4300000000,reference_record,benchmark_anchor,60_epoch_record
run_SCN_OA_MAE_fold_Garoua_K10_s6,OA_MAE,fold_Garoua,6,10,cfg_SCN_73c1e013,SCN_OA_MAE_fold_Garoua_K10_s6,2026-08-12T08:00:00Z,2026-08-12T11:00:00Z,43,val_iou,0.3080431789,0.4709984867,0.3047309472,0.5171295696,0.4324236809,0.6200000000,0.5700000000,0.4300000000,reference_record,benchmark_anchor,60_epoch_record
run_SCN_OA_MAE_fold_Garoua_K10_s7,OA_MAE,fold_Garoua,7,10,cfg_SCN_73c1e013,SCN_OA_MAE_fold_Garoua_K10_s7,2026-08-11T08:00:00Z,2026-08-11T10:52:00Z,42,val_iou,0.3082396396,0.4712280997,0.3263126621,0.5001872507,0.4454387044,0.6200000000,0.5700000000,0.4300000000,reference_record,benchmark_anchor,60_epoch_record
run_SCN_OA_MAE_fold_Garoua_K10_s8,OA_MAE,fold_Garoua,8,10,cfg_SCN_73c1e013,SCN_OA_MAE_fold_Garoua_K10_s8,2026-08-12T08:00:00Z,2026-08-12T11:45:00Z,41,val_iou,0.3138755671,0.4777858345,0.3254650993,0.5116133653,0.4481541821,0.6200000000,0.5700000000,0.4300000000,reference_record,benchmark_anchor,60_epoch_record
run_SCN_OA_MAE_fold_Garoua_K10_s9,OA_MAE,fold_Garoua,9,10,cfg_SCN_73c1e013,SCN_OA_MAE_fold_Garoua_K10_s9,2026-08-06T08:00:00Z,2026-08-06T11:48:00Z,54,val_iou,0.3217463455,0.4868503652,0.3329696071,0.5148438616,0.4617440533,0.6200000000,0.5700000000,0.4300000000,reference_record,benchmark_anchor,60_epoch_record
run_SCN_OA_MAE_fold_Garoua_K10_s10,OA_MAE,fold_Garoua,10,10,cfg_SCN_73c1e013,SCN_OA_MAE_fold_Garoua_K10_s10,2026-08-10T08:00:00Z,2026-08-10T11:55:00Z,45,val_iou,0.3005173639,0.4621504830,0.3161942402,0.5003644834,0.4293593127,0.6200000000,0.5700000000,0.4300000000,reference_record,benchmark_anchor,60_epoch_record
run_SCN_OA_MAE_fold_Garoua_K25_s1,OA_MAE,fold_Garoua,1,25,cfg_SCN_3a3d58b3,SCN_OA_MAE_fold_Garoua_K25_s1,2026-08-08T08:00:00Z,2026-08-08T10:36:00Z,52,val_iou,0.3270968150,0.4929509457,0.3754897384,0.5393908614,0.4538737903,0.6200000000,0.5700000000,0.4300000000,reference_record,benchmark_anchor,60_epoch_record
run_SCN_OA_MAE_fold_Garoua_K25_s2,OA_MAE,fold_Garoua,2,25,cfg_SCN_3a3d58b3,SCN_OA_MAE_fold_Garoua_K25_s2,2026-08-09T08:00:00Z,2026-08-09T11:07:00Z,51,val_iou,0.3235036938,0.4888595254,0.3545523559,0.5229020821,0.4589785876,0.6200000000,0.5700000000,0.4300000000,reference_record,benchmark_anchor,60_epoch_record
run_SCN_OA_MAE_fold_Garoua_K25_s3,OA_MAE,fold_Garoua,3,25,cfg_SCN_3a3d58b3,SCN_OA_MAE_fold_Garoua_K25_s3,2026-08-09T08:00:00Z,2026-08-09T11:13:00Z,46,val_iou,0.3358960486,0.5028775240,0.3567134582,0.5341164303,0.4750908510,0.6200000000,0.5700000000,0.4300000000,reference_record,benchmark_anchor,60_epoch_record
run_SCN_OA_MAE_fold_Garoua_K25_s4,OA_MAE,fold_Garoua,4,25,cfg_SCN_3a3d58b3,SCN_OA_MAE_fold_Garoua_K25_s4,2026-08-06T08:00:00Z,2026-08-06T11:27:00Z,54,val_iou,0.3263277103,0.4920770452,0.3618507903,0.5278388371,0.4608535937,0.6200000000,0.5700000000,0.4300000000,reference_record,benchmark_anchor,60_epoch_record
run_SCN_OA_MAE_fold_Garoua_K25_s5,OA_MAE,fold_Garoua,5,25,cfg_SCN_3a3d58b3,SCN_OA_MAE_fold_Garoua_K25_s5,2026-08-10T08:00:00Z,2026-08-10T11:47:00Z,41,val_iou,0.3108960557,0.4743260220,0.3294906053,0.5074710148,0.4452452468,0.6200000000,0.5700000000,0.4300000000,reference_record,benchmark_anchor,60_epoch_record
run_SCN_OA_MAE_fold_Garoua_K25_s6,OA_MAE,fold_Garoua,6,25,cfg_SCN_3a3d58b3,SCN_OA_MAE_fold_Garoua_K25_s6,2026-08-12T08:00:00Z,2026-08-12T10:56:00Z,43,val_iou,0.3302871692,0.4965652182,0.3529555460,0.5281309598,0.4685599622,0.6200000000,0.5700000000,0.4300000000,reference_record,benchmark_anchor,60_epoch_record
run_SCN_OA_MAE_fold_Garoua_K25_s7,OA_MAE,fold_Garoua,7,25,cfg_SCN_3a3d58b3,SCN_OA_MAE_fold_Garoua_K25_s7,2026-08-09T08:00:00Z,2026-08-09T11:08:00Z,41,val_iou,0.3175522932,0.4820336844,0.3531612579,0.5267858599,0.4442898167,0.6200000000,0.5700000000,0.4300000000,reference_record,benchmark_anchor,60_epoch_record
run_SCN_OA_MAE_fold_Garoua_K25_s8,OA_MAE,fold_Garoua,8,25,cfg_SCN_3a3d58b3,SCN_OA_MAE_fold_Garoua_K25_s8,2026-08-07T08:00:00Z,2026-08-07T11:31:00Z,46,val_iou,0.3266140934,0.4924025683,0.3285027137,0.5363042156,0.4551446134,0.6200000000,0.5700000000,0.4300000000,reference_record,benchmark_anchor,60_epoch_record
run_SCN_OA_MAE_fold_Garoua_K25_s9,OA_MAE,fold_Garoua,9,25,cfg_SCN_3a3d58b3,SCN_OA_MAE_fold_Garoua_K25_s9,2026-08-08T08:00:00Z,2026-08-08T11:54:00Z,51,val_iou,0.3269818375,0.4928203661,0.3176986420,0.5192113310,0.4689824807,0.6200000000,0.5700000000,0.4300000000,reference_record,benchmark_anchor,60_epoch_record
run_SCN_OA_MAE_fold_Garoua_K25_s10,OA_MAE,fold_Garoua,10,25,cfg_SCN_3a3d58b3,SCN_OA_MAE_fold_Garoua_K25_s10,2026-08-05T08:00:00Z,2026-08-05T11:13:00Z,45,val_iou,0.3546684798,0.5236240233,0.4028560410,0.5630546917,0.4893545678,0.6200000000,0.5700000000,0.4300000000,reference_record,benchmark_anchor,60_epoch_record
run_SCN_OA_MAE_fold_Garoua_K50_s1,OA_MAE,fold_Garoua,1,50,cfg_SCN_5804b62f,SCN_OA_MAE_fold_Garoua_K50_s1,2026-08-05T08:00:00Z,2026-08-05T10:46:00Z,51,val_iou,0.3566899095,0.5258237819,0.4015727613,0.5552433642,0.4993649202,0.6200000000,0.5700000000,0.4300000000,reference_record,benchmark_anchor,60_epoch_record
run_SCN_OA_MAE_fold_Garoua_K50_s2,OA_MAE,fold_Garoua,2,50,cfg_SCN_5804b62f,SCN_OA_MAE_fold_Garoua_K50_s2,2026-08-07T08:00:00Z,2026-08-07T10:40:00Z,54,val_iou,0.3415879507,0.5092293062,0.4130664010,0.5330788472,0.4874223999,0.6200000000,0.5700000000,0.4300000000,reference_record,benchmark_anchor,60_epoch_record
run_SCN_OA_MAE_fold_Garoua_K50_s3,OA_MAE,fold_Garoua,3,50,cfg_SCN_5804b62f,SCN_OA_MAE_fold_Garoua_K50_s3,2026-08-11T08:00:00Z,2026-08-11T10:48:00Z,40,val_iou,0.3424661225,0.5102044913,0.3419618623,0.5574708385,0.4703268333,0.6200000000,0.5700000000,0.4300000000,reference_record,benchmark_anchor,60_epoch_record
run_SCN_OA_MAE_fold_Garoua_K50_s4,OA_MAE,fold_Garoua,4,50,cfg_SCN_5804b62f,SCN_OA_MAE_fold_Garoua_K50_s4,2026-08-08T08:00:00Z,2026-08-08T10:49:00Z,54,val_iou,0.3672656754,0.5372264982,0.3761241805,0.5782835082,0.5016129495,0.6200000000,0.5700000000,0.4300000000,reference_record,benchmark_anchor,60_epoch_record
run_SCN_OA_MAE_fold_Garoua_K50_s5,OA_MAE,fold_Garoua,5,50,cfg_SCN_5804b62f,SCN_OA_MAE_fold_Garoua_K50_s5,2026-08-05T08:00:00Z,2026-08-05T11:00:00Z,45,val_iou,0.3568955504,0.5260471970,0.3842114363,0.5733363653,0.4859645173,0.6200000000,0.5700000000,0.4300000000,reference_record,benchmark_anchor,60_epoch_record
run_SCN_OA_MAE_fold_Garoua_K50_s6,OA_MAE,fold_Garoua,6,50,cfg_SCN_5804b62f,SCN_OA_MAE_fold_Garoua_K50_s6,2026-08-06T08:00:00Z,2026-08-06T10:48:00Z,46,val_iou,0.3482995312,0.5166500813,0.4093172708,0.5593440922,0.4800114298,0.6200000000,0.5700000000,0.4300000000,reference_record,benchmark_anchor,60_epoch_record
run_SCN_OA_MAE_fold_Garoua_K50_s7,OA_MAE,fold_Garoua,7,50,cfg_SCN_5804b62f,SCN_OA_MAE_fold_Garoua_K50_s7,2026-08-10T08:00:00Z,2026-08-10T11:59:00Z,53,val_iou,0.3398207745,0.5072630324,0.3565007683,0.5321631229,0.4845889533,0.6200000000,0.5700000000,0.4300000000,reference_record,benchmark_anchor,60_epoch_record
run_SCN_OA_MAE_fold_Garoua_K50_s8,OA_MAE,fold_Garoua,8,50,cfg_SCN_5804b62f,SCN_OA_MAE_fold_Garoua_K50_s8,2026-08-06T08:00:00Z,2026-08-06T11:58:00Z,50,val_iou,0.3759959031,0.5465073002,0.3875866703,0.5767819695,0.5192523017,0.6200000000,0.5700000000,0.4300000000,reference_record,benchmark_anchor,60_epoch_record
run_SCN_OA_MAE_fold_Garoua_K50_s9,OA_MAE,fold_Garoua,9,50,cfg_SCN_5804b62f,SCN_OA_MAE_fold_Garoua_K50_s9,2026-08-08T08:00:00Z,2026-08-08T11:22:00Z,40,val_iou,0.3220304569,0.4871755491,0.3408756572,0.5156519531,0.4616797125,0.6200000000,0.5700000000,0.4300000000,reference_record,benchmark_anchor,60_epoch_record
run_SCN_OA_MAE_fold_Garoua_K50_s10,OA_MAE,fold_Garoua,10,50,cfg_SCN_5804b62f,SCN_OA_MAE_fold_Garoua_K50_s10,2026-08-07T08:00:00Z,2026-08-07T11:43:00Z,51,val_iou,0.3685470402,0.5385960868,0.4086298956,0.5723524525,0.5085997463,0.6200000000,0.5700000000,0.4300000000,reference_record,benchmark_anchor,60_epoch_record
run_SCN_OA_MAE_fold_Kigali_K10_s1,OA_MAE,fold_Kigali,1,10,cfg_SCN_73c1e013,SCN_OA_MAE_fold_Kigali_K10_s1,2026-08-06T08:00:00Z,2026-08-06T11:37:00Z,47,val_iou,0.3114603483,0.4749824861,0.3390117606,0.5075989096,0.4463046071,0.6200000000,0.5700000000,0.4300000000,reference_record,benchmark_anchor,60_epoch_record
run_SCN_OA_MAE_fold_Kigali_K10_s2,OA_MAE,fold_Kigali,2,10,cfg_SCN_73c1e013,SCN_OA_MAE_fold_Kigali_K10_s2,2026-08-09T08:00:00Z,2026-08-09T10:56:00Z,41,val_iou,0.3011295238,0.4628740157,0.3087872632,0.5016303578,0.4296768558,0.6200000000,0.5700000000,0.4300000000,reference_record,benchmark_anchor,60_epoch_record
run_SCN_OA_MAE_fold_Kigali_K10_s3,OA_MAE,fold_Kigali,3,10,cfg_SCN_73c1e013,SCN_OA_MAE_fold_Kigali_K10_s3,2026-08-09T08:00:00Z,2026-08-09T11:26:00Z,45,val_iou,0.3076252508,0.4705098049,0.3463001415,0.4943958213,0.4488254547,0.6200000000,0.5700000000,0.4300000000,reference_record,benchmark_anchor,60_epoch_record
run_SCN_OA_MAE_fold_Kigali_K10_s4,OA_MAE,fold_Kigali,4,10,cfg_SCN_73c1e013,SCN_OA_MAE_fold_Kigali_K10_s4,2026-08-05T08:00:00Z,2026-08-05T10:51:00Z,53,val_iou,0.2873127624,0.4463760024,0.3087542955,0.4769865700,0.4194573661,0.6200000000,0.5700000000,0.4300000000,reference_record,benchmark_anchor,60_epoch_record
run_SCN_OA_MAE_fold_Kigali_K10_s5,OA_MAE,fold_Kigali,5,10,cfg_SCN_73c1e013,SCN_OA_MAE_fold_Kigali_K10_s5,2026-08-06T08:00:00Z,2026-08-06T10:30:00Z,41,val_iou,0.2909752499,0.4507836225,0.2969513090,0.4875901799,0.4191438505,0.6200000000,0.5700000000,0.4300000000,reference_record,benchmark_anchor,60_epoch_record
run_SCN_OA_MAE_fold_Kigali_K10_s6,OA_MAE,fold_Kigali,6,10,cfg_SCN_73c1e013,SCN_OA_MAE_fold_Kigali_K10_s6,2026-08-11T08:00:00Z,2026-08-11T11:42:00Z,48,val_iou,0.3127569432,0.4764887283,0.3548912057,0.5180130217,0.4411276232,0.6200000000,0.5700000000,0.4300000000,reference_record,benchmark_anchor,60_epoch_record
run_SCN_OA_MAE_fold_Kigali_K10_s7,OA_MAE,fold_Kigali,7,10,cfg_SCN_73c1e013,SCN_OA_MAE_fold_Kigali_K10_s7,2026-08-10T08:00:00Z,2026-08-10T11:40:00Z,40,val_iou,0.2835059137,0.4417679898,0.3269226226,0.4757829987,0.4122921153,0.6200000000,0.5700000000,0.4300000000,reference_record,benchmark_anchor,60_epoch_record
run_SCN_OA_MAE_fold_Kigali_K10_s8,OA_MAE,fold_Kigali,8,10,cfg_SCN_73c1e013,SCN_OA_MAE_fold_Kigali_K10_s8,2026-08-12T08:00:00Z,2026-08-12T11:56:00Z,42,val_iou,0.2929839411,0.4531903789,0.3140291004,0.4921152633,0.4199718299,0.6200000000,0.5700000000,0.4300000000,reference_record,benchmark_anchor,60_epoch_record
run_SCN_OA_MAE_fold_Kigali_K10_s9,OA_MAE,fold_Kigali,9,10,cfg_SCN_73c1e013,SCN_OA_MAE_fold_Kigali_K10_s9,2026-08-11T08:00:00Z,2026-08-11T11:11:00Z,43,val_iou,0.2791854857,0.4365050867,0.2994814250,0.4797144297,0.4004365448,0.6200000000,0.5700000000,0.4300000000,reference_record,benchmark_anchor,60_epoch_record
run_SCN_OA_MAE_fold_Kigali_K10_s10,OA_MAE,fold_Kigali,10,10,cfg_SCN_73c1e013,SCN_OA_MAE_fold_Kigali_K10_s10,2026-08-10T08:00:00Z,2026-08-10T11:40:00Z,50,val_iou,0.3066594085,0.4693792529,0.3183181611,0.5026908262,0.4402081869,0.6200000000,0.5700000000,0.4300000000,reference_record,benchmark_anchor,60_epoch_record
run_SCN_OA_MAE_fold_Kigali_K25_s1,OA_MAE,fold_Kigali,1,25,cfg_SCN_3a3d58b3,SCN_OA_MAE_fold_Kigali_K25_s1,2026-08-05T08:00:00Z,2026-08-05T11:08:00Z,50,val_iou,0.3240301063,0.4894603298,0.3742370107,0.5120073915,0.4688153007,0.6200000000,0.5700000000,0.4300000000,reference_record,benchmark_anchor,60_epoch_record
run_SCN_OA_MAE_fold_Kigali_K25_s2,OA_MAE,fold_Kigali,2,25,cfg_SCN_3a3d58b3,SCN_OA_MAE_fold_Kigali_K25_s2,2026-08-12T08:00:00Z,2026-08-12T11:55:00Z,54,val_iou,0.3096672991,0.4728946036,0.3293986153,0.5043988827,0.4450944250,0.6200000000,0.5700000000,0.4300000000,reference_record,benchmark_anchor,60_epoch_record
run_SCN_OA_MAE_fold_Kigali_K25_s3,OA_MAE,fold_Kigali,3,25,cfg_SCN_3a3d58b3,SCN_OA_MAE_fold_Kigali_K25_s3,2026-08-08T08:00:00Z,2026-08-08T11:27:00Z,50,val_iou,0.3156041622,0.4797858980,0.3423442607,0.5032276347,0.4584309165,0.6200000000,0.5700000000,0.4300000000,reference_record,benchmark_anchor,60_epoch_record
run_SCN_OA_MAE_fold_Kigali_K25_s4,OA_MAE,fold_Kigali,4,25,cfg_SCN_3a3d58b3,SCN_OA_MAE_fold_Kigali_K25_s4,2026-08-12T08:00:00Z,2026-08-12T10:42:00Z,42,val_iou,0.3246945230,0.4902179595,0.3596177363,0.5264017417,0.4586886380,0.6200000000,0.5700000000,0.4300000000,reference_record,benchmark_anchor,60_epoch_record
run_SCN_OA_MAE_fold_Kigali_K25_s5,OA_MAE,fold_Kigali,5,25,cfg_SCN_3a3d58b3,SCN_OA_MAE_fold_Kigali_K25_s5,2026-08-09T08:00:00Z,2026-08-09T10:30:00Z,45,val_iou,0.3421181571,0.5098182381,0.3745173882,0.5474780171,0.4770060659,0.6200000000,0.5700000000,0.4300000000,reference_record,benchmark_anchor,60_epoch_record
run_SCN_OA_MAE_fold_Kigali_K25_s6,OA_MAE,fold_Kigali,6,25,cfg_SCN_3a3d58b3,SCN_OA_MAE_fold_Kigali_K25_s6,2026-08-06T08:00:00Z,2026-08-06T11:48:00Z,45,val_iou,0.3169584488,0.4813492013,0.3600766871,0.5048813310,0.4599130105,0.6200000000,0.5700000000,0.4300000000,reference_record,benchmark_anchor,60_epoch_record
run_SCN_OA_MAE_fold_Kigali_K25_s7,OA_MAE,fold_Kigali,7,25,cfg_SCN_3a3d58b3,SCN_OA_MAE_fold_Kigali_K25_s7,2026-08-11T08:00:00Z,2026-08-11T11:27:00Z,54,val_iou,0.3111431216,0.4746135131,0.3136004112,0.5129574437,0.4416033513,0.6200000000,0.5700000000,0.4300000000,reference_record,benchmark_anchor,60_epoch_record
run_SCN_OA_MAE_fold_Kigali_K25_s8,OA_MAE,fold_Kigali,8,25,cfg_SCN_3a3d58b3,SCN_OA_MAE_fold_Kigali_K25_s8,2026-08-10T08:00:00Z,2026-08-10T11:16:00Z,50,val_iou,0.3256924335,0.4913544428,0.3440502430,0.5199318454,0.4657548129,0.6200000000,0.5700000000,0.4300000000,reference_record,benchmark_anchor,60_epoch_record
run_SCN_OA_MAE_fold_Kigali_K25_s9,OA_MAE,fold_Kigali,9,25,cfg_SCN_3a3d58b3,SCN_OA_MAE_fold_Kigali_K25_s9,2026-08-11T08:00:00Z,2026-08-11T11:47:00Z,43,val_iou,0.3071609881,0.4699665778,0.3452592913,0.5037832736,0.4404042309,0.6200000000,0.5700000000,0.4300000000,reference_record,benchmark_anchor,60_epoch_record
run_SCN_OA_MAE_fold_Kigali_K25_s10,OA_MAE,fold_Kigali,10,25,cfg_SCN_3a3d58b3,SCN_OA_MAE_fold_Kigali_K25_s10,2026-08-08T08:00:00Z,2026-08-08T10:38:00Z,49,val_iou,0.3108682952,0.4742937126,0.3101414868,0.5202544551,0.4357944083,0.6200000000,0.5700000000,0.4300000000,reference_record,benchmark_anchor,60_epoch_record
run_SCN_OA_MAE_fold_Kigali_K50_s1,OA_MAE,fold_Kigali,1,50,cfg_SCN_5804b62f,SCN_OA_MAE_fold_Kigali_K50_s1,2026-08-06T08:00:00Z,2026-08-06T11:15:00Z,53,val_iou,0.3304679029,0.4967694481,0.3389693565,0.5240628036,0.4721782562,0.6200000000,0.5700000000,0.4300000000,reference_record,benchmark_anchor,60_epoch_record
run_SCN_OA_MAE_fold_Kigali_K50_s2,OA_MAE,fold_Kigali,2,50,cfg_SCN_5804b62f,SCN_OA_MAE_fold_Kigali_K50_s2,2026-08-12T08:00:00Z,2026-08-12T10:54:00Z,41,val_iou,0.3156087364,0.4797911836,0.3172470399,0.5063968070,0.4558416800,0.6200000000,0.5700000000,0.4300000000,reference_record,benchmark_anchor,60_epoch_record
run_SCN_OA_MAE_fold_Kigali_K50_s3,OA_MAE,fold_Kigali,3,50,cfg_SCN_5804b62f,SCN_OA_MAE_fold_Kigali_K50_s3,2026-08-11T08:00:00Z,2026-08-11T11:38:00Z,46,val_iou,0.3397041442,0.5071330796,0.3513110193,0.5501678576,0.4703423471,0.6200000000,0.5700000000,0.4300000000,reference_record,benchmark_anchor,60_epoch_record
run_SCN_OA_MAE_fold_Kigali_K50_s4,OA_MAE,fold_Kigali,4,50,cfg_SCN_5804b62f,SCN_OA_MAE_fold_Kigali_K50_s4,2026-08-09T08:00:00Z,2026-08-09T11:05:00Z,41,val_iou,0.3498204831,0.5183214916,0.3764596977,0.5487336360,0.4911033565,0.6200000000,0.5700000000,0.4300000000,reference_record,benchmark_anchor,60_epoch_record
run_SCN_OA_MAE_fold_Kigali_K50_s5,OA_MAE,fold_Kigali,5,50,cfg_SCN_5804b62f,SCN_OA_MAE_fold_Kigali_K50_s5,2026-08-11T08:00:00Z,2026-08-11T10:41:00Z,53,val_iou,0.3482149511,0.5165570235,0.3514105919,0.5476034679,0.4888420640,0.6200000000,0.5700000000,0.4300000000,reference_record,benchmark_anchor,60_epoch_record
run_SCN_OA_MAE_fold_Kigali_K50_s6,OA_MAE,fold_Kigali,6,50,cfg_SCN_5804b62f,SCN_OA_MAE_fold_Kigali_K50_s6,2026-08-11T08:00:00Z,2026-08-11T10:51:00Z,40,val_iou,0.3595696854,0.5289463119,0.3973149107,0.5550602161,0.5051791605,0.6200000000,0.5700000000,0.4300000000,reference_record,benchmark_anchor,60_epoch_record
run_SCN_OA_MAE_fold_Kigali_K50_s7,OA_MAE,fold_Kigali,7,50,cfg_SCN_5804b62f,SCN_OA_MAE_fold_Kigali_K50_s7,2026-08-08T08:00:00Z,2026-08-08T11:06:00Z,50,val_iou,0.3359607378,0.5029500169,0.3679310710,0.5414085430,0.4695928608,0.6200000000,0.5700000000,0.4300000000,reference_record,benchmark_anchor,60_epoch_record
run_SCN_OA_MAE_fold_Kigali_K50_s8,OA_MAE,fold_Kigali,8,50,cfg_SCN_5804b62f,SCN_OA_MAE_fold_Kigali_K50_s8,2026-08-05T08:00:00Z,2026-08-05T11:50:00Z,41,val_iou,0.3297755516,0.4959867870,0.3543509113,0.5396332299,0.4588724146,0.6200000000,0.5700000000,0.4300000000,reference_record,benchmark_anchor,60_epoch_record
run_SCN_OA_MAE_fold_Kigali_K50_s9,OA_MAE,fold_Kigali,9,50,cfg_SCN_5804b62f,SCN_OA_MAE_fold_Kigali_K50_s9,2026-08-06T08:00:00Z,2026-08-06T11:48:00Z,47,val_iou,0.3313973588,0.4978188617,0.3556414882,0.5374231209,0.4636510771,0.6200000000,0.5700000000,0.4300000000,reference_record,benchmark_anchor,60_epoch_record
run_SCN_OA_MAE_fold_Kigali_K50_s10,OA_MAE,fold_Kigali,10,50,cfg_SCN_5804b62f,SCN_OA_MAE_fold_Kigali_K50_s10,2026-08-07T08:00:00Z,2026-08-07T10:41:00Z,51,val_iou,0.3448586069,0.5128548163,0.3835788819,0.5533425936,0.4778880100,0.6200000000,0.5700000000,0.4300000000,reference_record,benchmark_anchor,60_epoch_record
run_SCN_OA_MAE_fold_Yaounde_K10_s1,OA_MAE,fold_Yaounde,1,10,cfg_SCN_73c1e013,SCN_OA_MAE_fold_Yaounde_K10_s1,2026-08-06T08:00:00Z,2026-08-06T11:43:00Z,51,val_iou,0.2853218509,0.4439695018,0.3069617339,0.4830671633,0.4107268005,0.6200000000,0.5700000000,0.4300000000,reference_record,benchmark_anchor,60_epoch_record
run_SCN_OA_MAE_fold_Yaounde_K10_s2,OA_MAE,fold_Yaounde,2,10,cfg_SCN_73c1e013,SCN_OA_MAE_fold_Yaounde_K10_s2,2026-08-11T08:00:00Z,2026-08-11T10:33:00Z,42,val_iou,0.2655761104,0.4196920410,0.3148710510,0.4436524268,0.3981871059,0.6200000000,0.5700000000,0.4300000000,reference_record,benchmark_anchor,60_epoch_record
run_SCN_OA_MAE_fold_Yaounde_K10_s3,OA_MAE,fold_Yaounde,3,10,cfg_SCN_73c1e013,SCN_OA_MAE_fold_Yaounde_K10_s3,2026-08-06T08:00:00Z,2026-08-06T10:58:00Z,40,val_iou,0.2641811570,0.4179482593,0.2849143257,0.4627604657,0.3810487478,0.6200000000,0.5700000000,0.4300000000,reference_record,benchmark_anchor,60_epoch_record
run_SCN_OA_MAE_fold_Yaounde_K10_s4,OA_MAE,fold_Yaounde,4,10,cfg_SCN_73c1e013,SCN_OA_MAE_fold_Yaounde_K10_s4,2026-08-08T08:00:00Z,2026-08-08T10:49:00Z,46,val_iou,0.2790694592,0.4363632595,0.3115019458,0.4695749873,0.4075391531,0.6200000000,0.5700000000,0.4300000000,reference_record,benchmark_anchor,60_epoch_record
run_SCN_OA_MAE_fold_Yaounde_K10_s5,OA_MAE,fold_Yaounde,5,10,cfg_SCN_73c1e013,SCN_OA_MAE_fold_Yaounde_K10_s5,2026-08-07T08:00:00Z,2026-08-07T11:43:00Z,48,val_iou,0.2946586489,0.4551912571,0.2989344376,0.4808569393,0.4321265534,0.6200000000,0.5700000000,0.4300000000,reference_record,benchmark_anchor,60_epoch_record
run_SCN_OA_MAE_fold_Yaounde_K10_s6,OA_MAE,fold_Yaounde,6,10,cfg_SCN_73c1e013,SCN_OA_MAE_fold_Yaounde_K10_s6,2026-08-09T08:00:00Z,2026-08-09T10:32:00Z,52,val_iou,0.2687237172,0.4236126645,0.2920695487,0.4479537461,0.4017805592,0.6200000000,0.5700000000,0.4300000000,reference_record,benchmark_anchor,60_epoch_record
run_SCN_OA_MAE_fold_Yaounde_K10_s7,OA_MAE,fold_Yaounde,7,10,cfg_SCN_73c1e013,SCN_OA_MAE_fold_Yaounde_K10_s7,2026-08-11T08:00:00Z,2026-08-11T11:26:00Z,40,val_iou,0.2886558653,0.4479952687,0.3037583640,0.4915178908,0.4115533016,0.6200000000,0.5700000000,0.4300000000,reference_record,benchmark_anchor,60_epoch_record
run_SCN_OA_MAE_fold_Yaounde_K10_s8,OA_MAE,fold_Yaounde,8,10,cfg_SCN_73c1e013,SCN_OA_MAE_fold_Yaounde_K10_s8,2026-08-05T08:00:00Z,2026-08-05T11:53:00Z,45,val_iou,0.2631461170,0.4166519034,0.2974985162,0.4432452001,0.3930690175,0.6200000000,0.5700000000,0.4300000000,reference_record,benchmark_anchor,60_epoch_record
run_SCN_OA_MAE_fold_Yaounde_K10_s9,OA_MAE,fold_Yaounde,9,10,cfg_SCN_73c1e013,SCN_OA_MAE_fold_Yaounde_K10_s9,2026-08-12T08:00:00Z,2026-08-12T10:45:00Z,52,val_iou,0.2992377237,0.4606358301,0.3393677642,0.4958313569,0.4301056984,0.6200000000,0.5700000000,0.4300000000,reference_record,benchmark_anchor,60_epoch_record
run_SCN_OA_MAE_fold_Yaounde_K10_s10,OA_MAE,fold_Yaounde,10,10,cfg_SCN_73c1e013,SCN_OA_MAE_fold_Yaounde_K10_s10,2026-08-08T08:00:00Z,2026-08-08T11:35:00Z,52,val_iou,0.3067314084,0.4694635890,0.3679945068,0.4954627521,0.4460569699,0.6200000000,0.5700000000,0.4300000000,reference_record,benchmark_anchor,60_epoch_record
run_SCN_OA_MAE_fold_Yaounde_K25_s1,OA_MAE,fold_Yaounde,1,25,cfg_SCN_3a3d58b3,SCN_OA_MAE_fold_Yaounde_K25_s1,2026-08-11T08:00:00Z,2026-08-11T11:56:00Z,52,val_iou,0.2953549482,0.4560216466,0.3296546635,0.4806870842,0.4337639692,0.6200000000,0.5700000000,0.4300000000,reference_record,benchmark_anchor,60_epoch_record
run_SCN_OA_MAE_fold_Yaounde_K25_s2,OA_MAE,fold_Yaounde,2,25,cfg_SCN_3a3d58b3,SCN_OA_MAE_fold_Yaounde_K25_s2,2026-08-10T08:00:00Z,2026-08-10T11:11:00Z,41,val_iou,0.3060853876,0.4687065493,0.3022024443,0.4942967597,0.4456355745,0.6200000000,0.5700000000,0.4300000000,reference_record,benchmark_anchor,60_epoch_record
run_SCN_OA_MAE_fold_Yaounde_K25_s3,OA_MAE,fold_Yaounde,3,25,cfg_SCN_3a3d58b3,SCN_OA_MAE_fold_Yaounde_K25_s3,2026-08-11T08:00:00Z,2026-08-11T10:32:00Z,51,val_iou,0.3309296132,0.4972909310,0.3429928531,0.5209781995,0.4756639609,0.6200000000,0.5700000000,0.4300000000,reference_record,benchmark_anchor,60_epoch_record
run_SCN_OA_MAE_fold_Yaounde_K25_s4,OA_MAE,fold_Yaounde,4,25,cfg_SCN_3a3d58b3,SCN_OA_MAE_fold_Yaounde_K25_s4,2026-08-08T08:00:00Z,2026-08-08T11:54:00Z,54,val_iou,0.2997330995,0.4612225381,0.3400421077,0.5009505199,0.4273328227,0.6200000000,0.5700000000,0.4300000000,reference_record,benchmark_anchor,60_epoch_record
run_SCN_OA_MAE_fold_Yaounde_K25_s5,OA_MAE,fold_Yaounde,5,25,cfg_SCN_3a3d58b3,SCN_OA_MAE_fold_Yaounde_K25_s5,2026-08-09T08:00:00Z,2026-08-09T10:46:00Z,53,val_iou,0.3100657117,0.4733590215,0.3431069159,0.4985548935,0.4505873253,0.6200000000,0.5700000000,0.4300000000,reference_record,benchmark_anchor,60_epoch_record
run_SCN_OA_MAE_fold_Yaounde_K25_s6,OA_MAE,fold_Yaounde,6,25,cfg_SCN_3a3d58b3,SCN_OA_MAE_fold_Yaounde_K25_s6,2026-08-12T08:00:00Z,2026-08-12T11:23:00Z,53,val_iou,0.3154858944,0.4796492243,0.3377514081,0.5052816843,0.4564918274,0.6200000000,0.5700000000,0.4300000000,reference_record,benchmark_anchor,60_epoch_record
run_SCN_OA_MAE_fold_Yaounde_K25_s7,OA_MAE,fold_Yaounde,7,25,cfg_SCN_3a3d58b3,SCN_OA_MAE_fold_Yaounde_K25_s7,2026-08-08T08:00:00Z,2026-08-08T11:49:00Z,54,val_iou,0.3001720661,0.4617420631,0.3516723235,0.4946096661,0.4329704824,0.6200000000,0.5700000000,0.4300000000,reference_record,benchmark_anchor,60_epoch_record
run_SCN_OA_MAE_fold_Yaounde_K25_s8,OA_MAE,fold_Yaounde,8,25,cfg_SCN_3a3d58b3,SCN_OA_MAE_fold_Yaounde_K25_s8,2026-08-06T08:00:00Z,2026-08-06T11:48:00Z,52,val_iou,0.3053192468,0.4678077758,0.3177218731,0.5144813989,0.4288982357,0.6200000000,0.5700000000,0.4300000000,reference_record,benchmark_anchor,60_epoch_record
run_SCN_OA_MAE_fold_Yaounde_K25_s9,OA_MAE,fold_Yaounde,9,25,cfg_SCN_3a3d58b3,SCN_OA_MAE_fold_Yaounde_K25_s9,2026-08-05T08:00:00Z,2026-08-05T11:31:00Z,43,val_iou,0.3308312800,0.4971798979,0.3376307181,0.5389314148,0.4614323088,0.6200000000,0.5700000000,0.4300000000,reference_record,benchmark_anchor,60_epoch_record
run_SCN_OA_MAE_fold_Yaounde_K25_s10,OA_MAE,fold_Yaounde,10,25,cfg_SCN_3a3d58b3,SCN_OA_MAE_fold_Yaounde_K25_s10,2026-08-08T08:00:00Z,2026-08-08T11:35:00Z,51,val_iou,0.3232594989,0.4885806589,0.3555181570,0.5181246550,0.4622241657,0.6200000000,0.5700000000,0.4300000000,reference_record,benchmark_anchor,60_epoch_record
run_SCN_OA_MAE_fold_Yaounde_K50_s1,OA_MAE,fold_Yaounde,1,50,cfg_SCN_5804b62f,SCN_OA_MAE_fold_Yaounde_K50_s1,2026-08-10T08:00:00Z,2026-08-10T11:39:00Z,48,val_iou,0.3466341656,0.5148156410,0.3963101243,0.5510741347,0.4830339236,0.6200000000,0.5700000000,0.4300000000,reference_record,benchmark_anchor,60_epoch_record
run_SCN_OA_MAE_fold_Yaounde_K50_s2,OA_MAE,fold_Yaounde,2,50,cfg_SCN_5804b62f,SCN_OA_MAE_fold_Yaounde_K50_s2,2026-08-05T08:00:00Z,2026-08-05T10:33:00Z,46,val_iou,0.3091472692,0.4722879946,0.3405714751,0.5157259385,0.4355988949,0.6200000000,0.5700000000,0.4300000000,reference_record,benchmark_anchor,60_epoch_record
run_SCN_OA_MAE_fold_Yaounde_K50_s3,OA_MAE,fold_Yaounde,3,50,cfg_SCN_5804b62f,SCN_OA_MAE_fold_Yaounde_K50_s3,2026-08-08T08:00:00Z,2026-08-08T11:51:00Z,45,val_iou,0.3175540030,0.4820356543,0.3451365982,0.5247325052,0.4457643472,0.6200000000,0.5700000000,0.4300000000,reference_record,benchmark_anchor,60_epoch_record
run_SCN_OA_MAE_fold_Yaounde_K50_s4,OA_MAE,fold_Yaounde,4,50,cfg_SCN_5804b62f,SCN_OA_MAE_fold_Yaounde_K50_s4,2026-08-07T08:00:00Z,2026-08-07T11:09:00Z,44,val_iou,0.3336028400,0.5003031337,0.3836749116,0.5248024433,0.4779892028,0.6200000000,0.5700000000,0.4300000000,reference_record,benchmark_anchor,60_epoch_record
run_SCN_OA_MAE_fold_Yaounde_K50_s5,OA_MAE,fold_Yaounde,5,50,cfg_SCN_5804b62f,SCN_OA_MAE_fold_Yaounde_K50_s5,2026-08-11T08:00:00Z,2026-08-11T10:53:00Z,42,val_iou,0.3111965776,0.4746757014,0.3681108989,0.5036397553,0.4488618933,0.6200000000,0.5700000000,0.4300000000,reference_record,benchmark_anchor,60_epoch_record
run_SCN_OA_MAE_fold_Yaounde_K50_s6,OA_MAE,fold_Yaounde,6,50,cfg_SCN_5804b62f,SCN_OA_MAE_fold_Yaounde_K50_s6,2026-08-05T08:00:00Z,2026-08-05T11:55:00Z,52,val_iou,0.3025598299,0.4645618925,0.3573714729,0.5103834568,0.4262901190,0.6200000000,0.5700000000,0.4300000000,reference_record,benchmark_anchor,60_epoch_record
run_SCN_OA_MAE_fold_Yaounde_K50_s7,OA_MAE,fold_Yaounde,7,50,cfg_SCN_5804b62f,SCN_OA_MAE_fold_Yaounde_K50_s7,2026-08-09T08:00:00Z,2026-08-09T10:38:00Z,41,val_iou,0.3076859390,0.4705807868,0.3577565421,0.5152968539,0.4330057215,0.6200000000,0.5700000000,0.4300000000,reference_record,benchmark_anchor,60_epoch_record
run_SCN_OA_MAE_fold_Yaounde_K50_s8,OA_MAE,fold_Yaounde,8,50,cfg_SCN_5804b62f,SCN_OA_MAE_fold_Yaounde_K50_s8,2026-08-11T08:00:00Z,2026-08-11T11:42:00Z,49,val_iou,0.3059033569,0.4684931014,0.3364893460,0.5139627980,0.4304148000,0.6200000000,0.5700000000,0.4300000000,reference_record,benchmark_anchor,60_epoch_record
run_SCN_OA_MAE_fold_Yaounde_K50_s9,OA_MAE,fold_Yaounde,9,50,cfg_SCN_5804b62f,SCN_OA_MAE_fold_Yaounde_K50_s9,2026-08-10T08:00:00Z,2026-08-10T11:23:00Z,48,val_iou,0.3349703396,0.5018393738,0.3533578134,0.5330874956,0.4740517641,0.6200000000,0.5700000000,0.4300000000,reference_record,benchmark_anchor,60_epoch_record
run_SCN_OA_MAE_fold_Yaounde_K50_s10,OA_MAE,fold_Yaounde,10,50,cfg_SCN_5804b62f,SCN_OA_MAE_fold_Yaounde_K50_s10,2026-08-07T08:00:00Z,2026-08-07T11:10:00Z,41,val_iou,0.3495724744,0.5180492060,0.3730772435,0.5449181421,0.4937054747,0.6200000000,0.5700000000,0.4300000000,reference_record,benchmark_anchor,60_epoch_record
run_SCN_CROMA_fold_Dakar_K10_s1,CROMA,fold_Dakar,1,10,cfg_SCN_e0b94a24,SCN_CROMA_fold_Dakar_K10_s1,2026-08-10T08:00:00Z,2026-08-10T11:49:00Z,44,val_iou,0.2978702010,0.4590138533,0.3554851765,0.4858677039,0.4349729496,0.6200000000,0.5700000000,0.4300000000,reference_record,benchmark_anchor,60_epoch_record
run_SCN_CROMA_fold_Dakar_K10_s2,CROMA,fold_Dakar,2,10,cfg_SCN_e0b94a24,SCN_CROMA_fold_Dakar_K10_s2,2026-08-07T08:00:00Z,2026-08-07T11:28:00Z,53,val_iou,0.3144255331,0.4784227409,0.3423672845,0.5197041879,0.4432168786,0.6200000000,0.5700000000,0.4300000000,reference_record,benchmark_anchor,60_epoch_record
run_SCN_CROMA_fold_Dakar_K10_s3,CROMA,fold_Dakar,3,10,cfg_SCN_e0b94a24,SCN_CROMA_fold_Dakar_K10_s3,2026-08-05T08:00:00Z,2026-08-05T11:46:00Z,51,val_iou,0.3257424655,0.4914113774,0.3262704351,0.5170209178,0.4682191305,0.6200000000,0.5700000000,0.4300000000,reference_record,benchmark_anchor,60_epoch_record
run_SCN_CROMA_fold_Dakar_K10_s4,CROMA,fold_Dakar,4,10,cfg_SCN_e0b94a24,SCN_CROMA_fold_Dakar_K10_s4,2026-08-06T08:00:00Z,2026-08-06T11:07:00Z,46,val_iou,0.3226639708,0.4879001438,0.3382418117,0.5280805111,0.4534018918,0.6200000000,0.5700000000,0.4300000000,reference_record,benchmark_anchor,60_epoch_record
run_SCN_CROMA_fold_Dakar_K10_s5,CROMA,fold_Dakar,5,10,cfg_SCN_e0b94a24,SCN_CROMA_fold_Dakar_K10_s5,2026-08-12T08:00:00Z,2026-08-12T11:25:00Z,43,val_iou,0.2886975606,0.4480454832,0.3570358512,0.4930146483,0.4105941123,0.6200000000,0.5700000000,0.4300000000,reference_record,benchmark_anchor,60_epoch_record
run_SCN_CROMA_fold_Dakar_K10_s6,CROMA,fold_Dakar,6,10,cfg_SCN_e0b94a24,SCN_CROMA_fold_Dakar_K10_s6,2026-08-10T08:00:00Z,2026-08-10T10:33:00Z,42,val_iou,0.3070820241,0.4698741447,0.3193455994,0.5090667408,0.4362849537,0.6200000000,0.5700000000,0.4300000000,reference_record,benchmark_anchor,60_epoch_record
run_SCN_CROMA_fold_Dakar_K10_s7,CROMA,fold_Dakar,7,10,cfg_SCN_e0b94a24,SCN_CROMA_fold_Dakar_K10_s7,2026-08-11T08:00:00Z,2026-08-11T10:35:00Z,50,val_iou,0.2796308890,0.4370492951,0.2883959857,0.4661990325,0.4113303008,0.6200000000,0.5700000000,0.4300000000,reference_record,benchmark_anchor,60_epoch_record
run_SCN_CROMA_fold_Dakar_K10_s8,CROMA,fold_Dakar,8,10,cfg_SCN_e0b94a24,SCN_CROMA_fold_Dakar_K10_s8,2026-08-08T08:00:00Z,2026-08-08T11:06:00Z,53,val_iou,0.3037384191,0.4659499400,0.3104653686,0.5060015151,0.4317737228,0.6200000000,0.5700000000,0.4300000000,reference_record,benchmark_anchor,60_epoch_record
run_SCN_CROMA_fold_Dakar_K10_s9,CROMA,fold_Dakar,9,10,cfg_SCN_e0b94a24,SCN_CROMA_fold_Dakar_K10_s9,2026-08-11T08:00:00Z,2026-08-11T11:21:00Z,49,val_iou,0.3192671953,0.4840068735,0.3293597905,0.5227318221,0.4506238202,0.6200000000,0.5700000000,0.4300000000,reference_record,benchmark_anchor,60_epoch_record
run_SCN_CROMA_fold_Dakar_K10_s10,CROMA,fold_Dakar,10,10,cfg_SCN_e0b94a24,SCN_CROMA_fold_Dakar_K10_s10,2026-08-11T08:00:00Z,2026-08-11T11:51:00Z,44,val_iou,0.3068529946,0.4696059861,0.3199579789,0.5092940042,0.4356563665,0.6200000000,0.5700000000,0.4300000000,reference_record,benchmark_anchor,60_epoch_record
run_SCN_CROMA_fold_Dakar_K25_s1,CROMA,fold_Dakar,1,25,cfg_SCN_50d4825d,SCN_CROMA_fold_Dakar_K25_s1,2026-08-05T08:00:00Z,2026-08-05T10:47:00Z,44,val_iou,0.3311448657,0.4975339262,0.3714076900,0.5390860533,0.4619289770,0.6200000000,0.5700000000,0.4300000000,reference_record,benchmark_anchor,60_epoch_record
run_SCN_CROMA_fold_Dakar_K25_s2,CROMA,fold_Dakar,2,25,cfg_SCN_50d4825d,SCN_CROMA_fold_Dakar_K25_s2,2026-08-08T08:00:00Z,2026-08-08T10:33:00Z,40,val_iou,0.3306064152,0.4969259300,0.3579584478,0.5382837590,0.4614699206,0.6200000000,0.5700000000,0.4300000000,reference_record,benchmark_anchor,60_epoch_record
run_SCN_CROMA_fold_Dakar_K25_s3,CROMA,fold_Dakar,3,25,cfg_SCN_50d4825d,SCN_CROMA_fold_Dakar_K25_s3,2026-08-05T08:00:00Z,2026-08-05T10:43:00Z,45,val_iou,0.3379924149,0.5052232153,0.3539905703,0.5317228038,0.4812395709,0.6200000000,0.5700000000,0.4300000000,reference_record,benchmark_anchor,60_epoch_record
run_SCN_CROMA_fold_Dakar_K25_s4,CROMA,fold_Dakar,4,25,cfg_SCN_50d4825d,SCN_CROMA_fold_Dakar_K25_s4,2026-08-09T08:00:00Z,2026-08-09T10:57:00Z,46,val_iou,0.3521828066,0.5209100498,0.3940480125,0.5580467890,0.4884076371,0.6200000000,0.5700000000,0.4300000000,reference_record,benchmark_anchor,60_epoch_record
run_SCN_CROMA_fold_Dakar_K25_s5,CROMA,fold_Dakar,5,25,cfg_SCN_50d4825d,SCN_CROMA_fold_Dakar_K25_s5,2026-08-05T08:00:00Z,2026-08-05T11:55:00Z,49,val_iou,0.3175174619,0.4819935539,0.3336165515,0.5154782045,0.4525937765,0.6200000000,0.5700000000,0.4300000000,reference_record,benchmark_anchor,60_epoch_record
run_SCN_CROMA_fold_Dakar_K25_s6,CROMA,fold_Dakar,6,25,cfg_SCN_50d4825d,SCN_CROMA_fold_Dakar_K25_s6,2026-08-08T08:00:00Z,2026-08-08T11:04:00Z,51,val_iou,0.3287421723,0.4948170972,0.3456296109,0.5194749333,0.4723940425,0.6200000000,0.5700000000,0.4300000000,reference_record,benchmark_anchor,60_epoch_record
run_SCN_CROMA_fold_Dakar_K25_s7,CROMA,fold_Dakar,7,25,cfg_SCN_50d4825d,SCN_CROMA_fold_Dakar_K25_s7,2026-08-08T08:00:00Z,2026-08-08T11:01:00Z,44,val_iou,0.3231432024,0.4884478140,0.3507642796,0.5349223042,0.4494032865,0.6200000000,0.5700000000,0.4300000000,reference_record,benchmark_anchor,60_epoch_record
run_SCN_CROMA_fold_Dakar_K25_s8,CROMA,fold_Dakar,8,25,cfg_SCN_50d4825d,SCN_CROMA_fold_Dakar_K25_s8,2026-08-08T08:00:00Z,2026-08-08T11:55:00Z,41,val_iou,0.3101990739,0.4735144149,0.3164937174,0.5034047511,0.4469746897,0.6200000000,0.5700000000,0.4300000000,reference_record,benchmark_anchor,60_epoch_record
run_SCN_CROMA_fold_Dakar_K25_s9,CROMA,fold_Dakar,9,25,cfg_SCN_50d4825d,SCN_CROMA_fold_Dakar_K25_s9,2026-08-08T08:00:00Z,2026-08-08T11:38:00Z,50,val_iou,0.3595201036,0.5288926624,0.3997053748,0.5748603024,0.4897321385,0.6200000000,0.5700000000,0.4300000000,reference_record,benchmark_anchor,60_epoch_record
run_SCN_CROMA_fold_Dakar_K25_s10,CROMA,fold_Dakar,10,25,cfg_SCN_50d4825d,SCN_CROMA_fold_Dakar_K25_s10,2026-08-08T08:00:00Z,2026-08-08T11:21:00Z,43,val_iou,0.3448704588,0.5128679220,0.3493186778,0.5555624377,0.4762671814,0.6200000000,0.5700000000,0.4300000000,reference_record,benchmark_anchor,60_epoch_record
run_SCN_CROMA_fold_Dakar_K50_s1,CROMA,fold_Dakar,1,50,cfg_SCN_5bcca47d,SCN_CROMA_fold_Dakar_K50_s1,2026-08-06T08:00:00Z,2026-08-06T11:50:00Z,47,val_iou,0.3530122625,0.5218167969,0.3715133104,0.5472538417,0.4986394117,0.6200000000,0.5700000000,0.4300000000,reference_record,benchmark_anchor,60_epoch_record
run_SCN_CROMA_fold_Dakar_K50_s2,CROMA,fold_Dakar,2,50,cfg_SCN_5bcca47d,SCN_CROMA_fold_Dakar_K50_s2,2026-08-07T08:00:00Z,2026-08-07T10:57:00Z,46,val_iou,0.3567037635,0.5258388354,0.3892108859,0.5502469329,0.5035041739,0.6200000000,0.5700000000,0.4300000000,reference_record,benchmark_anchor,60_epoch_record
run_SCN_CROMA_fold_Dakar_K50_s3,CROMA,fold_Dakar,3,50,cfg_SCN_5bcca47d,SCN_CROMA_fold_Dakar_K50_s3,2026-08-09T08:00:00Z,2026-08-09T10:36:00Z,40,val_iou,0.3660473997,0.5359219596,0.3801639190,0.5637125028,0.5107427784,0.6200000000,0.5700000000,0.4300000000,reference_record,benchmark_anchor,60_epoch_record
run_SCN_CROMA_fold_Dakar_K50_s4,CROMA,fold_Dakar,4,50,cfg_SCN_5bcca47d,SCN_CROMA_fold_Dakar_K50_s4,2026-08-07T08:00:00Z,2026-08-07T10:56:00Z,52,val_iou,0.3462528504,0.5143949746,0.3761046340,0.5605892062,0.4752342475,0.6200000000,0.5700000000,0.4300000000,reference_record,benchmark_anchor,60_epoch_record
run_SCN_CROMA_fold_Dakar_K50_s5,CROMA,fold_Dakar,5,50,cfg_SCN_5bcca47d,SCN_CROMA_fold_Dakar_K50_s5,2026-08-10T08:00:00Z,2026-08-10T11:56:00Z,41,val_iou,0.3696340903,0.5397559727,0.3966762063,0.5644039340,0.5171707226,0.6200000000,0.5700000000,0.4300000000,reference_record,benchmark_anchor,60_epoch_record
run_SCN_CROMA_fold_Dakar_K50_s6,CROMA,fold_Dakar,6,50,cfg_SCN_5bcca47d,SCN_CROMA_fold_Dakar_K50_s6,2026-08-12T08:00:00Z,2026-08-12T11:29:00Z,48,val_iou,0.3867810103,0.5578112296,0.4281675336,0.5810557093,0.5363549534,0.6200000000,0.5700000000,0.4300000000,reference_record,benchmark_anchor,60_epoch_record
run_SCN_CROMA_fold_Dakar_K50_s7,CROMA,fold_Dakar,7,50,cfg_SCN_5bcca47d,SCN_CROMA_fold_Dakar_K50_s7,2026-08-12T08:00:00Z,2026-08-12T11:21:00Z,49,val_iou,0.3553015047,0.5243135988,0.4145968136,0.5626540105,0.4908650367,0.6200000000,0.5700000000,0.4300000000,reference_record,benchmark_anchor,60_epoch_record
run_SCN_CROMA_fold_Dakar_K50_s8,CROMA,fold_Dakar,8,50,cfg_SCN_5bcca47d,SCN_CROMA_fold_Dakar_K50_s8,2026-08-10T08:00:00Z,2026-08-10T11:01:00Z,54,val_iou,0.3463820163,0.5145374969,0.3923669758,0.5614484776,0.4748611867,0.6200000000,0.5700000000,0.4300000000,reference_record,benchmark_anchor,60_epoch_record
run_SCN_CROMA_fold_Dakar_K50_s9,CROMA,fold_Dakar,9,50,cfg_SCN_5bcca47d,SCN_CROMA_fold_Dakar_K50_s9,2026-08-09T08:00:00Z,2026-08-09T10:44:00Z,50,val_iou,0.3839119664,0.5548213697,0.4076670446,0.5805941833,0.5312394337,0.6200000000,0.5700000000,0.4300000000,reference_record,benchmark_anchor,60_epoch_record
run_SCN_CROMA_fold_Dakar_K50_s10,CROMA,fold_Dakar,10,50,cfg_SCN_5bcca47d,SCN_CROMA_fold_Dakar_K50_s10,2026-08-06T08:00:00Z,2026-08-06T11:14:00Z,52,val_iou,0.3630888959,0.5327442649,0.3759117458,0.5736689676,0.4972697689,0.6200000000,0.5700000000,0.4300000000,reference_record,benchmark_anchor,60_epoch_record
run_SCN_CROMA_fold_DarEsSalaam_K10_s1,CROMA,fold_DarEsSalaam,1,10,cfg_SCN_e0b94a24,SCN_CROMA_fold_DarEsSalaam_K10_s1,2026-08-11T08:00:00Z,2026-08-11T11:51:00Z,54,val_iou,0.2697882811,0.4249342747,0.2924486381,0.4529298030,0.4001980864,0.6200000000,0.5700000000,0.4300000000,reference_record,benchmark_anchor,60_epoch_record
run_SCN_CROMA_fold_DarEsSalaam_K10_s2,CROMA,fold_DarEsSalaam,2,10,cfg_SCN_e0b94a24,SCN_CROMA_fold_DarEsSalaam_K10_s2,2026-08-09T08:00:00Z,2026-08-09T11:16:00Z,41,val_iou,0.2420489404,0.3897574927,0.2637191288,0.4210870193,0.3627670612,0.6200000000,0.5700000000,0.4300000000,reference_record,benchmark_anchor,60_epoch_record
run_SCN_CROMA_fold_DarEsSalaam_K10_s3,CROMA,fold_DarEsSalaam,3,10,cfg_SCN_e0b94a24,SCN_CROMA_fold_DarEsSalaam_K10_s3,2026-08-11T08:00:00Z,2026-08-11T11:58:00Z,40,val_iou,0.2602796152,0.4130505835,0.3005786443,0.4561644332,0.3773826976,0.6200000000,0.5700000000,0.4300000000,reference_record,benchmark_anchor,60_epoch_record
run_SCN_CROMA_fold_DarEsSalaam_K10_s4,CROMA,fold_DarEsSalaam,4,10,cfg_SCN_e0b94a24,SCN_CROMA_fold_DarEsSalaam_K10_s4,2026-08-08T08:00:00Z,2026-08-08T11:28:00Z,40,val_iou,0.2389450218,0.3857233656,0.2631268589,0.4146625118,0.3605600132,0.6200000000,0.5700000000,0.4300000000,reference_record,benchmark_anchor,60_epoch_record
run_SCN_CROMA_fold_DarEsSalaam_K10_s5,CROMA,fold_DarEsSalaam,5,10,cfg_SCN_e0b94a24,SCN_CROMA_fold_DarEsSalaam_K10_s5,2026-08-11T08:00:00Z,2026-08-11T10:34:00Z,43,val_iou,0.2432750075,0.3913454482,0.2782825014,0.4282849620,0.3602720389,0.6200000000,0.5700000000,0.4300000000,reference_record,benchmark_anchor,60_epoch_record
run_SCN_CROMA_fold_DarEsSalaam_K10_s6,CROMA,fold_DarEsSalaam,6,10,cfg_SCN_e0b94a24,SCN_CROMA_fold_DarEsSalaam_K10_s6,2026-08-08T08:00:00Z,2026-08-08T11:20:00Z,51,val_iou,0.2503701469,0.4004736478,0.2576444985,0.4449680948,0.3640687098,0.6200000000,0.5700000000,0.4300000000,reference_record,benchmark_anchor,60_epoch_record
run_SCN_CROMA_fold_DarEsSalaam_K10_s7,CROMA,fold_DarEsSalaam,7,10,cfg_SCN_e0b94a24,SCN_CROMA_fold_DarEsSalaam_K10_s7,2026-08-07T08:00:00Z,2026-08-07T10:52:00Z,49,val_iou,0.2430517708,0.3910565537,0.2772731695,0.4190827921,0.3665438657,0.6200000000,0.5700000000,0.4300000000,reference_record,benchmark_anchor,60_epoch_record
run_SCN_CROMA_fold_DarEsSalaam_K10_s8,CROMA,fold_DarEsSalaam,8,10,cfg_SCN_e0b94a24,SCN_CROMA_fold_DarEsSalaam_K10_s8,2026-08-12T08:00:00Z,2026-08-12T11:19:00Z,53,val_iou,0.2510564863,0.4013511605,0.3000776885,0.4471381220,0.3640703429,0.6200000000,0.5700000000,0.4300000000,reference_record,benchmark_anchor,60_epoch_record
run_SCN_CROMA_fold_DarEsSalaam_K10_s9,CROMA,fold_DarEsSalaam,9,10,cfg_SCN_e0b94a24,SCN_CROMA_fold_DarEsSalaam_K10_s9,2026-08-08T08:00:00Z,2026-08-08T11:36:00Z,53,val_iou,0.2645265737,0.4183804108,0.2943701421,0.4606407069,0.3832226363,0.6200000000,0.5700000000,0.4300000000,reference_record,benchmark_anchor,60_epoch_record
run_SCN_CROMA_fold_DarEsSalaam_K10_s10,CROMA,fold_DarEsSalaam,10,10,cfg_SCN_e0b94a24,SCN_CROMA_fold_DarEsSalaam_K10_s10,2026-08-11T08:00:00Z,2026-08-11T11:51:00Z,43,val_iou,0.2501193275,0.4001527247,0.3028098129,0.4421742946,0.3654249483,0.6200000000,0.5700000000,0.4300000000,reference_record,benchmark_anchor,60_epoch_record
run_SCN_CROMA_fold_DarEsSalaam_K25_s1,CROMA,fold_DarEsSalaam,1,25,cfg_SCN_50d4825d,SCN_CROMA_fold_DarEsSalaam_K25_s1,2026-08-07T08:00:00Z,2026-08-07T11:26:00Z,47,val_iou,0.2633437740,0.4168996268,0.2972637640,0.4584153221,0.3822790946,0.6200000000,0.5700000000,0.4300000000,reference_record,benchmark_anchor,60_epoch_record
run_SCN_CROMA_fold_DarEsSalaam_K25_s2,CROMA,fold_DarEsSalaam,2,25,cfg_SCN_50d4825d,SCN_CROMA_fold_DarEsSalaam_K25_s2,2026-08-12T08:00:00Z,2026-08-12T11:44:00Z,52,val_iou,0.2579279951,0.4100838778,0.3091969296,0.4425787024,0.3820343172,0.6200000000,0.5700000000,0.4300000000,reference_record,benchmark_anchor,60_epoch_record
run_SCN_CROMA_fold_DarEsSalaam_K25_s3,CROMA,fold_DarEsSalaam,3,25,cfg_SCN_50d4825d,SCN_CROMA_fold_DarEsSalaam_K25_s3,2026-08-10T08:00:00Z,2026-08-10T10:44:00Z,43,val_iou,0.2794729945,0.4368564178,0.2931327643,0.4632517768,0.4133068428,0.6200000000,0.5700000000,0.4300000000,reference_record,benchmark_anchor,60_epoch_record
run_SCN_CROMA_fold_DarEsSalaam_K25_s4,CROMA,fold_DarEsSalaam,4,25,cfg_SCN_50d4825d,SCN_CROMA_fold_DarEsSalaam_K25_s4,2026-08-09T08:00:00Z,2026-08-09T10:37:00Z,48,val_iou,0.2599767649,0.4126691415,0.3029679011,0.4424020183,0.3866811434,0.6200000000,0.5700000000,0.4300000000,reference_record,benchmark_anchor,60_epoch_record
run_SCN_CROMA_fold_DarEsSalaam_K25_s5,CROMA,fold_DarEsSalaam,5,25,cfg_SCN_50d4825d,SCN_CROMA_fold_DarEsSalaam_K25_s5,2026-08-08T08:00:00Z,2026-08-08T10:58:00Z,49,val_iou,0.2781600837,0.4352507753,0.2872544406,0.4742820081,0.4021552442,0.6200000000,0.5700000000,0.4300000000,reference_record,benchmark_anchor,60_epoch_record
run_SCN_CROMA_fold_DarEsSalaam_K25_s6,CROMA,fold_DarEsSalaam,6,25,cfg_SCN_50d4825d,SCN_CROMA_fold_DarEsSalaam_K25_s6,2026-08-11T08:00:00Z,2026-08-11T11:11:00Z,47,val_iou,0.2557715735,0.4073536603,0.2589911485,0.4415410009,0.3780799402,0.6200000000,0.5700000000,0.4300000000,reference_record,benchmark_anchor,60_epoch_record
run_SCN_CROMA_fold_DarEsSalaam_K25_s7,CROMA,fold_DarEsSalaam,7,25,cfg_SCN_50d4825d,SCN_CROMA_fold_DarEsSalaam_K25_s7,2026-08-11T08:00:00Z,2026-08-11T10:35:00Z,45,val_iou,0.2789872287,0.4362627279,0.2947818660,0.4759173110,0.4027081126,0.6200000000,0.5700000000,0.4300000000,reference_record,benchmark_anchor,60_epoch_record
run_SCN_CROMA_fold_DarEsSalaam_K25_s8,CROMA,fold_DarEsSalaam,8,25,cfg_SCN_50d4825d,SCN_CROMA_fold_DarEsSalaam_K25_s8,2026-08-08T08:00:00Z,2026-08-08T11:08:00Z,44,val_iou,0.2497567563,0.3996885875,0.2797185888,0.4453808205,0.3624992855,0.6200000000,0.5700000000,0.4300000000,reference_record,benchmark_anchor,60_epoch_record
run_SCN_CROMA_fold_DarEsSalaam_K25_s9,CROMA,fold_DarEsSalaam,9,25,cfg_SCN_50d4825d,SCN_CROMA_fold_DarEsSalaam_K25_s9,2026-08-06T08:00:00Z,2026-08-06T11:19:00Z,47,val_iou,0.2711116265,0.4265740646,0.2815815734,0.4666958831,0.3928046695,0.6200000000,0.5700000000,0.4300000000,reference_record,benchmark_anchor,60_epoch_record
run_SCN_CROMA_fold_DarEsSalaam_K25_s10,CROMA,fold_DarEsSalaam,10,25,cfg_SCN_50d4825d,SCN_CROMA_fold_DarEsSalaam_K25_s10,2026-08-06T08:00:00Z,2026-08-06T11:21:00Z,48,val_iou,0.2757941118,0.4323489335,0.2926558046,0.4553730533,0.4115410062,0.6200000000,0.5700000000,0.4300000000,reference_record,benchmark_anchor,60_epoch_record
run_SCN_CROMA_fold_DarEsSalaam_K50_s1,CROMA,fold_DarEsSalaam,1,50,cfg_SCN_5bcca47d,SCN_CROMA_fold_DarEsSalaam_K50_s1,2026-08-07T08:00:00Z,2026-08-07T11:14:00Z,43,val_iou,0.3029435885,0.4650141282,0.3359774301,0.5122695211,0.4257407648,0.6200000000,0.5700000000,0.4300000000,reference_record,benchmark_anchor,60_epoch_record
run_SCN_CROMA_fold_DarEsSalaam_K50_s2,CROMA,fold_DarEsSalaam,2,50,cfg_SCN_5bcca47d,SCN_CROMA_fold_DarEsSalaam_K50_s2,2026-08-09T08:00:00Z,2026-08-09T11:39:00Z,47,val_iou,0.2975837807,0.4586737059,0.3347417702,0.5061300440,0.4193537819,0.6200000000,0.5700000000,0.4300000000,reference_record,benchmark_anchor,60_epoch_record
run_SCN_CROMA_fold_DarEsSalaam_K50_s3,CROMA,fold_DarEsSalaam,3,50,cfg_SCN_5bcca47d,SCN_CROMA_fold_DarEsSalaam_K50_s3,2026-08-05T08:00:00Z,2026-08-05T10:57:00Z,53,val_iou,0.3027929519,0.4648366441,0.3385078452,0.5014896177,0.4331765497,0.6200000000,0.5700000000,0.4300000000,reference_record,benchmark_anchor,60_epoch_record
run_SCN_CROMA_fold_DarEsSalaam_K50_s4,CROMA,fold_DarEsSalaam,4,50,cfg_SCN_5bcca47d,SCN_CROMA_fold_DarEsSalaam_K50_s4,2026-08-05T08:00:00Z,2026-08-05T11:46:00Z,43,val_iou,0.2823619551,0.4403779353,0.3040493632,0.4730045529,0.4119618816,0.6200000000,0.5700000000,0.4300000000,reference_record,benchmark_anchor,60_epoch_record
run_SCN_CROMA_fold_DarEsSalaam_K50_s5,CROMA,fold_DarEsSalaam,5,50,cfg_SCN_5bcca47d,SCN_CROMA_fold_DarEsSalaam_K50_s5,2026-08-10T08:00:00Z,2026-08-10T10:51:00Z,43,val_iou,0.2850151999,0.4435981768,0.3284036569,0.4744688520,0.4164992176,0.6200000000,0.5700000000,0.4300000000,reference_record,benchmark_anchor,60_epoch_record
run_SCN_CROMA_fold_DarEsSalaam_K50_s6,CROMA,fold_DarEsSalaam,6,50,cfg_SCN_5bcca47d,SCN_CROMA_fold_DarEsSalaam_K50_s6,2026-08-12T08:00:00Z,2026-08-12T11:12:00Z,46,val_iou,0.2820673359,0.4400195341,0.3003680154,0.4804578900,0.4058598205,0.6200000000,0.5700000000,0.4300000000,reference_record,benchmark_anchor,60_epoch_record
run_SCN_CROMA_fold_DarEsSalaam_K50_s7,CROMA,fold_DarEsSalaam,7,50,cfg_SCN_5bcca47d,SCN_CROMA_fold_DarEsSalaam_K50_s7,2026-08-09T08:00:00Z,2026-08-09T11:44:00Z,52,val_iou,0.2747140541,0.4310206720,0.3304598556,0.4544031857,0.4099268075,0.6200000000,0.5700000000,0.4300000000,reference_record,benchmark_anchor,60_epoch_record
run_SCN_CROMA_fold_DarEsSalaam_K50_s8,CROMA,fold_DarEsSalaam,8,50,cfg_SCN_5bcca47d,SCN_CROMA_fold_DarEsSalaam_K50_s8,2026-08-09T08:00:00Z,2026-08-09T11:17:00Z,47,val_iou,0.3091804315,0.4723266924,0.3442386226,0.4968052588,0.4501470664,0.6200000000,0.5700000000,0.4300000000,reference_record,benchmark_anchor,60_epoch_record
run_SCN_CROMA_fold_DarEsSalaam_K50_s9,CROMA,fold_DarEsSalaam,9,50,cfg_SCN_5bcca47d,SCN_CROMA_fold_DarEsSalaam_K50_s9,2026-08-06T08:00:00Z,2026-08-06T10:38:00Z,47,val_iou,0.2951408475,0.4557664104,0.3225533544,0.5010562808,0.4179852315,0.6200000000,0.5700000000,0.4300000000,reference_record,benchmark_anchor,60_epoch_record
run_SCN_CROMA_fold_DarEsSalaam_K50_s10,CROMA,fold_DarEsSalaam,10,50,cfg_SCN_5bcca47d,SCN_CROMA_fold_DarEsSalaam_K50_s10,2026-08-09T08:00:00Z,2026-08-09T10:30:00Z,44,val_iou,0.2910227432,0.4508406141,0.3407560712,0.4764342522,0.4278565295,0.6200000000,0.5700000000,0.4300000000,reference_record,benchmark_anchor,60_epoch_record
run_SCN_CROMA_fold_Douala_K10_s1,CROMA,fold_Douala,1,10,cfg_SCN_e0b94a24,SCN_CROMA_fold_Douala_K10_s1,2026-08-07T08:00:00Z,2026-08-07T11:02:00Z,47,val_iou,0.2319905986,0.3766109885,0.2434841395,0.4015985944,0.3545507180,0.6200000000,0.5700000000,0.4300000000,reference_record,benchmark_anchor,60_epoch_record
run_SCN_CROMA_fold_Douala_K10_s2,CROMA,fold_Douala,2,10,cfg_SCN_e0b94a24,SCN_CROMA_fold_Douala_K10_s2,2026-08-09T08:00:00Z,2026-08-09T10:48:00Z,50,val_iou,0.2308178342,0.3750641691,0.2298382158,0.4079622598,0.3470759524,0.6200000000,0.5700000000,0.4300000000,reference_record,benchmark_anchor,60_epoch_record
run_SCN_CROMA_fold_Douala_K10_s3,CROMA,fold_Douala,3,10,cfg_SCN_e0b94a24,SCN_CROMA_fold_Douala_K10_s3,2026-08-11T08:00:00Z,2026-08-11T11:39:00Z,50,val_iou,0.2392550150,0.3861271685,0.2875344904,0.4146202230,0.3612984328,0.6200000000,0.5700000000,0.4300000000,reference_record,benchmark_anchor,60_epoch_record
run_SCN_CROMA_fold_Douala_K10_s4,CROMA,fold_Douala,4,10,cfg_SCN_e0b94a24,SCN_CROMA_fold_Douala_K10_s4,2026-08-12T08:00:00Z,2026-08-12T10:36:00Z,53,val_iou,0.2224036171,0.3638791869,0.2310930925,0.4009944664,0.3330524869,0.6200000000,0.5700000000,0.4300000000,reference_record,benchmark_anchor,60_epoch_record
run_SCN_CROMA_fold_Douala_K10_s5,CROMA,fold_Douala,5,10,cfg_SCN_e0b94a24,SCN_CROMA_fold_Douala_K10_s5,2026-08-08T08:00:00Z,2026-08-08T11:52:00Z,42,val_iou,0.2205875093,0.3614448085,0.2381321138,0.4054273439,0.3260711779,0.6200000000,0.5700000000,0.4300000000,reference_record,benchmark_anchor,60_epoch_record
run_SCN_CROMA_fold_Douala_K10_s6,CROMA,fold_Douala,6,10,cfg_SCN_e0b94a24,SCN_CROMA_fold_Douala_K10_s6,2026-08-10T08:00:00Z,2026-08-10T11:18:00Z,54,val_iou,0.2380972283,0.3846179813,0.2653226047,0.4209784957,0.3540391168,0.6200000000,0.5700000000,0.4300000000,reference_record,benchmark_anchor,60_epoch_record
run_SCN_CROMA_fold_Douala_K10_s7,CROMA,fold_Douala,7,10,cfg_SCN_e0b94a24,SCN_CROMA_fold_Douala_K10_s7,2026-08-10T08:00:00Z,2026-08-10T11:57:00Z,43,val_iou,0.2221537008,0.3635446190,0.2241043817,0.3921624681,0.3388194486,0.6200000000,0.5700000000,0.4300000000,reference_record,benchmark_anchor,60_epoch_record
run_SCN_CROMA_fold_Douala_K10_s8,CROMA,fold_Douala,8,10,cfg_SCN_e0b94a24,SCN_CROMA_fold_Douala_K10_s8,2026-08-09T08:00:00Z,2026-08-09T10:41:00Z,49,val_iou,0.2377590464,0.3841766248,0.2433372932,0.4246757491,0.3507293821,0.6200000000,0.5700000000,0.4300000000,reference_record,benchmark_anchor,60_epoch_record
run_SCN_CROMA_fold_Douala_K10_s9,CROMA,fold_Douala,9,10,cfg_SCN_e0b94a24,SCN_CROMA_fold_Douala_K10_s9,2026-08-05T08:00:00Z,2026-08-05T11:10:00Z,47,val_iou,0.2322551498,0.3769595118,0.2453707380,0.4037979455,0.3534663668,0.6200000000,0.5700000000,0.4300000000,reference_record,benchmark_anchor,60_epoch_record
run_SCN_CROMA_fold_Douala_K10_s10,CROMA,fold_Douala,10,10,cfg_SCN_e0b94a24,SCN_CROMA_fold_Douala_K10_s10,2026-08-07T08:00:00Z,2026-08-07T11:20:00Z,46,val_iou,0.2482522300,0.3977597220,0.2383316665,0.4381379165,0.3641959212,0.6200000000,0.5700000000,0.4300000000,reference_record,benchmark_anchor,60_epoch_record
run_SCN_CROMA_fold_Douala_K25_s1,CROMA,fold_Douala,1,25,cfg_SCN_50d4825d,SCN_CROMA_fold_Douala_K25_s1,2026-08-06T08:00:00Z,2026-08-06T11:24:00Z,53,val_iou,0.2670238711,0.4214977747,0.3101922677,0.4673957211,0.3838080787,0.6200000000,0.5700000000,0.4300000000,reference_record,benchmark_anchor,60_epoch_record
run_SCN_CROMA_fold_Douala_K25_s2,CROMA,fold_Douala,2,25,cfg_SCN_50d4825d,SCN_CROMA_fold_Douala_K25_s2,2026-08-12T08:00:00Z,2026-08-12T11:53:00Z,49,val_iou,0.2389557071,0.3857372878,0.2629252386,0.4177608316,0.3582737395,0.6200000000,0.5700000000,0.4300000000,reference_record,benchmark_anchor,60_epoch_record
run_SCN_CROMA_fold_Douala_K25_s3,CROMA,fold_Douala,3,25,cfg_SCN_50d4825d,SCN_CROMA_fold_Douala_K25_s3,2026-08-07T08:00:00Z,2026-08-07T11:35:00Z,46,val_iou,0.2424317655,0.3902536496,0.2764902367,0.4177971158,0.3661172052,0.6200000000,0.5700000000,0.4300000000,reference_record,benchmark_anchor,60_epoch_record
run_SCN_CROMA_fold_Douala_K25_s4,CROMA,fold_Douala,4,25,cfg_SCN_50d4825d,SCN_CROMA_fold_Douala_K25_s4,2026-08-11T08:00:00Z,2026-08-11T11:07:00Z,42,val_iou,0.2541236306,0.4052608920,0.2880714680,0.4375187393,0.3774331025,0.6200000000,0.5700000000,0.4300000000,reference_record,benchmark_anchor,60_epoch_record
run_SCN_CROMA_fold_Douala_K25_s5,CROMA,fold_Douala,5,25,cfg_SCN_50d4825d,SCN_CROMA_fold_Douala_K25_s5,2026-08-07T08:00:00Z,2026-08-07T11:31:00Z,45,val_iou,0.2586586066,0.4110067738,0.2483911585,0.4572314718,0.3732702931,0.6200000000,0.5700000000,0.4300000000,reference_record,benchmark_anchor,60_epoch_record
run_SCN_CROMA_fold_Douala_K25_s6,CROMA,fold_Douala,6,25,cfg_SCN_50d4825d,SCN_CROMA_fold_Douala_K25_s6,2026-08-10T08:00:00Z,2026-08-10T11:51:00Z,50,val_iou,0.2425112554,0.3903566335,0.2462186883,0.4350432105,0.3539951187,0.6200000000,0.5700000000,0.4300000000,reference_record,benchmark_anchor,60_epoch_record
run_SCN_CROMA_fold_Douala_K25_s7,CROMA,fold_Douala,7,25,cfg_SCN_50d4825d,SCN_CROMA_fold_Douala_K25_s7,2026-08-07T08:00:00Z,2026-08-07T11:15:00Z,46,val_iou,0.2536518969,0.4046608114,0.2881971352,0.4517717432,0.3664475223,0.6200000000,0.5700000000,0.4300000000,reference_record,benchmark_anchor,60_epoch_record
run_SCN_CROMA_fold_Douala_K25_s8,CROMA,fold_Douala,8,25,cfg_SCN_50d4825d,SCN_CROMA_fold_Douala_K25_s8,2026-08-08T08:00:00Z,2026-08-08T10:54:00Z,45,val_iou,0.2573263666,0.4093231056,0.2744417145,0.4495705941,0.3756897474,0.6200000000,0.5700000000,0.4300000000,reference_record,benchmark_anchor,60_epoch_record
run_SCN_CROMA_fold_Douala_K25_s9,CROMA,fold_Douala,9,25,cfg_SCN_50d4825d,SCN_CROMA_fold_Douala_K25_s9,2026-08-07T08:00:00Z,2026-08-07T10:43:00Z,46,val_iou,0.2593251784,0.4118478418,0.2809577053,0.4373680219,0.3891416438,0.6200000000,0.5700000000,0.4300000000,reference_record,benchmark_anchor,60_epoch_record
run_SCN_CROMA_fold_Douala_K25_s10,CROMA,fold_Douala,10,25,cfg_SCN_50d4825d,SCN_CROMA_fold_Douala_K25_s10,2026-08-11T08:00:00Z,2026-08-11T11:04:00Z,49,val_iou,0.2561449659,0.4078270787,0.2889041154,0.4366205449,0.3825963058,0.6200000000,0.5700000000,0.4300000000,reference_record,benchmark_anchor,60_epoch_record
run_SCN_CROMA_fold_Douala_K50_s1,CROMA,fold_Douala,1,50,cfg_SCN_5bcca47d,SCN_CROMA_fold_Douala_K50_s1,2026-08-07T08:00:00Z,2026-08-07T11:51:00Z,52,val_iou,0.2681086996,0.4228481355,0.2731186987,0.4571619729,0.3933257422,0.6200000000,0.5700000000,0.4300000000,reference_record,benchmark_anchor,60_epoch_record
run_SCN_CROMA_fold_Douala_K50_s2,CROMA,fold_Douala,2,50,cfg_SCN_5bcca47d,SCN_CROMA_fold_Douala_K50_s2,2026-08-07T08:00:00Z,2026-08-07T11:21:00Z,44,val_iou,0.2634389465,0.4170188789,0.2758315472,0.4576462686,0.3830167031,0.6200000000,0.5700000000,0.4300000000,reference_record,benchmark_anchor,60_epoch_record
run_SCN_CROMA_fold_Douala_K50_s3,CROMA,fold_Douala,3,50,cfg_SCN_5bcca47d,SCN_CROMA_fold_Douala_K50_s3,2026-08-10T08:00:00Z,2026-08-10T11:05:00Z,49,val_iou,0.2797302887,0.4371706932,0.3199996102,0.4813624227,0.4004107725,0.6200000000,0.5700000000,0.4300000000,reference_record,benchmark_anchor,60_epoch_record
run_SCN_CROMA_fold_Douala_K50_s4,CROMA,fold_Douala,4,50,cfg_SCN_5bcca47d,SCN_CROMA_fold_Douala_K50_s4,2026-08-08T08:00:00Z,2026-08-08T10:38:00Z,44,val_iou,0.2628370240,0.4162643619,0.2903215989,0.4534785745,0.3846948119,0.6200000000,0.5700000000,0.4300000000,reference_record,benchmark_anchor,60_epoch_record
run_SCN_CROMA_fold_Douala_K50_s5,CROMA,fold_Douala,5,50,cfg_SCN_5bcca47d,SCN_CROMA_fold_Douala_K50_s5,2026-08-05T08:00:00Z,2026-08-05T11:27:00Z,44,val_iou,0.2720999552,0.4277965016,0.2701709600,0.4611892982,0.3989128809,0.6200000000,0.5700000000,0.4300000000,reference_record,benchmark_anchor,60_epoch_record
run_SCN_CROMA_fold_Douala_K50_s6,CROMA,fold_Douala,6,50,cfg_SCN_5bcca47d,SCN_CROMA_fold_Douala_K50_s6,2026-08-08T08:00:00Z,2026-08-08T10:42:00Z,49,val_iou,0.2560508885,0.4077078259,0.2917072285,0.4546458990,0.3695546535,0.6200000000,0.5700000000,0.4300000000,reference_record,benchmark_anchor,60_epoch_record
run_SCN_CROMA_fold_Douala_K50_s7,CROMA,fold_Douala,7,50,cfg_SCN_5bcca47d,SCN_CROMA_fold_Douala_K50_s7,2026-08-08T08:00:00Z,2026-08-08T11:40:00Z,40,val_iou,0.2938085291,0.4541762130,0.3005649494,0.4906803985,0.4227273938,0.6200000000,0.5700000000,0.4300000000,reference_record,benchmark_anchor,60_epoch_record
run_SCN_CROMA_fold_Douala_K50_s8,CROMA,fold_Douala,8,50,cfg_SCN_5bcca47d,SCN_CROMA_fold_Douala_K50_s8,2026-08-05T08:00:00Z,2026-08-05T10:48:00Z,52,val_iou,0.2703522376,0.4256335048,0.3175983986,0.4698189520,0.3890446997,0.6200000000,0.5700000000,0.4300000000,reference_record,benchmark_anchor,60_epoch_record
run_SCN_CROMA_fold_Douala_K50_s9,CROMA,fold_Douala,9,50,cfg_SCN_5bcca47d,SCN_CROMA_fold_Douala_K50_s9,2026-08-08T08:00:00Z,2026-08-08T11:29:00Z,44,val_iou,0.2719703781,0.4276363393,0.2833897567,0.4710407097,0.3915561302,0.6200000000,0.5700000000,0.4300000000,reference_record,benchmark_anchor,60_epoch_record
run_SCN_CROMA_fold_Douala_K50_s10,CROMA,fold_Douala,10,50,cfg_SCN_5bcca47d,SCN_CROMA_fold_Douala_K50_s10,2026-08-09T08:00:00Z,2026-08-09T11:16:00Z,42,val_iou,0.2732967963,0.4292743014,0.2941592130,0.4712172622,0.3941877253,0.6200000000,0.5700000000,0.4300000000,reference_record,benchmark_anchor,60_epoch_record
run_SCN_CROMA_fold_Garoua_K10_s1,CROMA,fold_Garoua,1,10,cfg_SCN_e0b94a24,SCN_CROMA_fold_Garoua_K10_s1,2026-08-07T08:00:00Z,2026-08-07T10:40:00Z,41,val_iou,0.2883496824,0.4476264268,0.2937360101,0.4901094366,0.4119208549,0.6200000000,0.5700000000,0.4300000000,reference_record,benchmark_anchor,60_epoch_record
run_SCN_CROMA_fold_Garoua_K10_s2,CROMA,fold_Garoua,2,10,cfg_SCN_e0b94a24,SCN_CROMA_fold_Garoua_K10_s2,2026-08-09T08:00:00Z,2026-08-09T11:46:00Z,54,val_iou,0.2884243806,0.4477164278,0.2888196779,0.4748157104,0.4235434221,0.6200000000,0.5700000000,0.4300000000,reference_record,benchmark_anchor,60_epoch_record
run_SCN_CROMA_fold_Garoua_K10_s3,CROMA,fold_Garoua,3,10,cfg_SCN_e0b94a24,SCN_CROMA_fold_Garoua_K10_s3,2026-08-05T08:00:00Z,2026-08-05T10:38:00Z,42,val_iou,0.2930195087,0.4532329277,0.3143617697,0.4971722537,0.4164295212,0.6200000000,0.5700000000,0.4300000000,reference_record,benchmark_anchor,60_epoch_record
run_SCN_CROMA_fold_Garoua_K10_s4,CROMA,fold_Garoua,4,10,cfg_SCN_e0b94a24,SCN_CROMA_fold_Garoua_K10_s4,2026-08-08T08:00:00Z,2026-08-08T10:38:00Z,47,val_iou,0.2907320597,0.4504917306,0.3265421846,0.4779680492,0.4260026769,0.6200000000,0.5700000000,0.4300000000,reference_record,benchmark_anchor,60_epoch_record
run_SCN_CROMA_fold_Garoua_K10_s5,CROMA,fold_Garoua,5,10,cfg_SCN_e0b94a24,SCN_CROMA_fold_Garoua_K10_s5,2026-08-07T08:00:00Z,2026-08-07T11:24:00Z,52,val_iou,0.2820385631,0.4399845234,0.3018206010,0.4633282816,0.4188801832,0.6200000000,0.5700000000,0.4300000000,reference_record,benchmark_anchor,60_epoch_record
run_SCN_CROMA_fold_Garoua_K10_s6,CROMA,fold_Garoua,6,10,cfg_SCN_e0b94a24,SCN_CROMA_fold_Garoua_K10_s6,2026-08-11T08:00:00Z,2026-08-11T11:04:00Z,43,val_iou,0.2773157589,0.4342164528,0.2683659128,0.4758788265,0.3992617706,0.6200000000,0.5700000000,0.4300000000,reference_record,benchmark_anchor,60_epoch_record
run_SCN_CROMA_fold_Garoua_K10_s7,CROMA,fold_Garoua,7,10,cfg_SCN_e0b94a24,SCN_CROMA_fold_Garoua_K10_s7,2026-08-12T08:00:00Z,2026-08-12T10:52:00Z,44,val_iou,0.2814052502,0.4392135121,0.2688209326,0.4810124507,0.4040982506,0.6200000000,0.5700000000,0.4300000000,reference_record,benchmark_anchor,60_epoch_record
run_SCN_CROMA_fold_Garoua_K10_s8,CROMA,fold_Garoua,8,10,cfg_SCN_e0b94a24,SCN_CROMA_fold_Garoua_K10_s8,2026-08-12T08:00:00Z,2026-08-12T10:38:00Z,40,val_iou,0.2870431361,0.4460505294,0.3169465227,0.4880322296,0.4107194588,0.6200000000,0.5700000000,0.4300000000,reference_record,benchmark_anchor,60_epoch_record
run_SCN_CROMA_fold_Garoua_K10_s9,CROMA,fold_Garoua,9,10,cfg_SCN_e0b94a24,SCN_CROMA_fold_Garoua_K10_s9,2026-08-12T08:00:00Z,2026-08-12T10:57:00Z,43,val_iou,0.2904844405,0.4501944098,0.3054021498,0.4791457438,0.4245423656,0.6200000000,0.5700000000,0.4300000000,reference_record,benchmark_anchor,60_epoch_record
run_SCN_CROMA_fold_Garoua_K10_s10,CROMA,fold_Garoua,10,10,cfg_SCN_e0b94a24,SCN_CROMA_fold_Garoua_K10_s10,2026-08-05T08:00:00Z,2026-08-05T11:11:00Z,44,val_iou,0.2732813332,0.4292552259,0.3078213292,0.4636045118,0.3996448273,0.6200000000,0.5700000000,0.4300000000,reference_record,benchmark_anchor,60_epoch_record
run_SCN_CROMA_fold_Garoua_K25_s1,CROMA,fold_Garoua,1,25,cfg_SCN_50d4825d,SCN_CROMA_fold_Garoua_K25_s1,2026-08-12T08:00:00Z,2026-08-12T10:49:00Z,49,val_iou,0.2969224792,0.4578877827,0.3185174395,0.4891974221,0.4303448301,0.6200000000,0.5700000000,0.4300000000,reference_record,benchmark_anchor,60_epoch_record
run_SCN_CROMA_fold_Garoua_K25_s2,CROMA,fold_Garoua,2,25,cfg_SCN_50d4825d,SCN_CROMA_fold_Garoua_K25_s2,2026-08-12T08:00:00Z,2026-08-12T10:51:00Z,41,val_iou,0.3024802507,0.4644680801,0.3102635534,0.4913665716,0.4403617074,0.6200000000,0.5700000000,0.4300000000,reference_record,benchmark_anchor,60_epoch_record
run_SCN_CROMA_fold_Garoua_K25_s3,CROMA,fold_Garoua,3,25,cfg_SCN_50d4825d,SCN_CROMA_fold_Garoua_K25_s3,2026-08-06T08:00:00Z,2026-08-06T11:14:00Z,48,val_iou,0.3134596075,0.4773037644,0.3608385963,0.5063702172,0.4513930860,0.6200000000,0.5700000000,0.4300000000,reference_record,benchmark_anchor,60_epoch_record
run_SCN_CROMA_fold_Garoua_K25_s4,CROMA,fold_Garoua,4,25,cfg_SCN_50d4825d,SCN_CROMA_fold_Garoua_K25_s4,2026-08-07T08:00:00Z,2026-08-07T11:29:00Z,53,val_iou,0.3016447063,0.4634824002,0.3325919370,0.5015901555,0.4307561777,0.6200000000,0.5700000000,0.4300000000,reference_record,benchmark_anchor,60_epoch_record
run_SCN_CROMA_fold_Garoua_K25_s5,CROMA,fold_Garoua,5,25,cfg_SCN_50d4825d,SCN_CROMA_fold_Garoua_K25_s5,2026-08-07T08:00:00Z,2026-08-07T10:41:00Z,40,val_iou,0.3019422418,0.4638335436,0.3033664609,0.4906759280,0.4397756543,0.6200000000,0.5700000000,0.4300000000,reference_record,benchmark_anchor,60_epoch_record
run_SCN_CROMA_fold_Garoua_K25_s6,CROMA,fold_Garoua,6,25,cfg_SCN_50d4825d,SCN_CROMA_fold_Garoua_K25_s6,2026-08-12T08:00:00Z,2026-08-12T10:36:00Z,45,val_iou,0.2994765119,0.4609186994,0.3060364292,0.5078005819,0.4219617507,0.6200000000,0.5700000000,0.4300000000,reference_record,benchmark_anchor,60_epoch_record
run_SCN_CROMA_fold_Garoua_K25_s7,CROMA,fold_Garoua,7,25,cfg_SCN_50d4825d,SCN_CROMA_fold_Garoua_K25_s7,2026-08-09T08:00:00Z,2026-08-09T10:46:00Z,54,val_iou,0.2827022110,0.4407916484,0.3036516246,0.4643716031,0.4194906669,0.6200000000,0.5700000000,0.4300000000,reference_record,benchmark_anchor,60_epoch_record
run_SCN_CROMA_fold_Garoua_K25_s8,CROMA,fold_Garoua,8,25,cfg_SCN_50d4825d,SCN_CROMA_fold_Garoua_K25_s8,2026-08-11T08:00:00Z,2026-08-11T10:50:00Z,45,val_iou,0.2994375251,0.4608725226,0.3218469694,0.5035812010,0.4248417318,0.6200000000,0.5700000000,0.4300000000,reference_record,benchmark_anchor,60_epoch_record
run_SCN_CROMA_fold_Garoua_K25_s9,CROMA,fold_Garoua,9,25,cfg_SCN_50d4825d,SCN_CROMA_fold_Garoua_K25_s9,2026-08-06T08:00:00Z,2026-08-06T10:56:00Z,44,val_iou,0.3137135833,0.4775981421,0.3431034269,0.5138104836,0.4461540889,0.6200000000,0.5700000000,0.4300000000,reference_record,benchmark_anchor,60_epoch_record
run_SCN_CROMA_fold_Garoua_K25_s10,CROMA,fold_Garoua,10,25,cfg_SCN_50d4825d,SCN_CROMA_fold_Garoua_K25_s10,2026-08-08T08:00:00Z,2026-08-08T10:38:00Z,40,val_iou,0.3203092382,0.4852033583,0.3323724666,0.5140895648,0.4593906330,0.6200000000,0.5700000000,0.4300000000,reference_record,benchmark_anchor,60_epoch_record
run_SCN_CROMA_fold_Garoua_K50_s1,CROMA,fold_Garoua,1,50,cfg_SCN_5bcca47d,SCN_CROMA_fold_Garoua_K50_s1,2026-08-09T08:00:00Z,2026-08-09T10:46:00Z,53,val_iou,0.3572094257,0.5263880709,0.3754638444,0.5694386944,0.4893893282,0.6200000000,0.5700000000,0.4300000000,reference_record,benchmark_anchor,60_epoch_record
run_SCN_CROMA_fold_Garoua_K50_s2,CROMA,fold_Garoua,2,50,cfg_SCN_5bcca47d,SCN_CROMA_fold_Garoua_K50_s2,2026-08-05T08:00:00Z,2026-08-05T11:20:00Z,42,val_iou,0.3071921786,0.4700030855,0.3263526554,0.5023783167,0.4415479987,0.6200000000,0.5700000000,0.4300000000,reference_record,benchmark_anchor,60_epoch_record
run_SCN_CROMA_fold_Garoua_K50_s3,CROMA,fold_Garoua,3,50,cfg_SCN_5bcca47d,SCN_CROMA_fold_Garoua_K50_s3,2026-08-09T08:00:00Z,2026-08-09T11:14:00Z,41,val_iou,0.3007622488,0.4624400025,0.3379645647,0.5018071358,0.4288003078,0.6200000000,0.5700000000,0.4300000000,reference_record,benchmark_anchor,60_epoch_record
run_SCN_CROMA_fold_Garoua_K50_s4,CROMA,fold_Garoua,4,50,cfg_SCN_5bcca47d,SCN_CROMA_fold_Garoua_K50_s4,2026-08-11T08:00:00Z,2026-08-11T11:58:00Z,41,val_iou,0.3381309466,0.5053779639,0.3669540853,0.5365544661,0.4776255281,0.6200000000,0.5700000000,0.4300000000,reference_record,benchmark_anchor,60_epoch_record
run_SCN_CROMA_fold_Garoua_K50_s5,CROMA,fold_Garoua,5,50,cfg_SCN_5bcca47d,SCN_CROMA_fold_Garoua_K50_s5,2026-08-12T08:00:00Z,2026-08-12T10:56:00Z,47,val_iou,0.3289549014,0.4950580355,0.3564921737,0.5240812388,0.4690807175,0.6200000000,0.5700000000,0.4300000000,reference_record,benchmark_anchor,60_epoch_record
run_SCN_CROMA_fold_Garoua_K50_s6,CROMA,fold_Garoua,6,50,cfg_SCN_5bcca47d,SCN_CROMA_fold_Garoua_K50_s6,2026-08-10T08:00:00Z,2026-08-10T11:58:00Z,46,val_iou,0.3202098803,0.4850893560,0.3220850442,0.5209212482,0.4538696497,0.6200000000,0.5700000000,0.4300000000,reference_record,benchmark_anchor,60_epoch_record
run_SCN_CROMA_fold_Garoua_K50_s7,CROMA,fold_Garoua,7,50,cfg_SCN_5bcca47d,SCN_CROMA_fold_Garoua_K50_s7,2026-08-12T08:00:00Z,2026-08-12T11:54:00Z,48,val_iou,0.3167424841,0.4811001208,0.3210741399,0.5214702757,0.4465314331,0.6200000000,0.5700000000,0.4300000000,reference_record,benchmark_anchor,60_epoch_record
run_SCN_CROMA_fold_Garoua_K50_s8,CROMA,fold_Garoua,8,50,cfg_SCN_5bcca47d,SCN_CROMA_fold_Garoua_K50_s8,2026-08-09T08:00:00Z,2026-08-09T10:50:00Z,42,val_iou,0.3545836611,0.5235315784,0.3779039749,0.5617258074,0.4902006614,0.6200000000,0.5700000000,0.4300000000,reference_record,benchmark_anchor,60_epoch_record
run_SCN_CROMA_fold_Garoua_K50_s9,CROMA,fold_Garoua,9,50,cfg_SCN_5bcca47d,SCN_CROMA_fold_Garoua_K50_s9,2026-08-05T08:00:00Z,2026-08-05T11:44:00Z,45,val_iou,0.3117778591,0.4753516107,0.3479025645,0.4999144488,0.4530894748,0.6200000000,0.5700000000,0.4300000000,reference_record,benchmark_anchor,60_epoch_record
run_SCN_CROMA_fold_Garoua_K50_s10,CROMA,fold_Garoua,10,50,cfg_SCN_5bcca47d,SCN_CROMA_fold_Garoua_K50_s10,2026-08-07T08:00:00Z,2026-08-07T10:44:00Z,49,val_iou,0.3469822479,0.5151994371,0.3646847069,0.5400326085,0.4925497451,0.6200000000,0.5700000000,0.4300000000,reference_record,benchmark_anchor,60_epoch_record
run_SCN_CROMA_fold_Kigali_K10_s1,CROMA,fold_Kigali,1,10,cfg_SCN_e0b94a24,SCN_CROMA_fold_Kigali_K10_s1,2026-08-06T08:00:00Z,2026-08-06T10:50:00Z,50,val_iou,0.2753742324,0.4318328306,0.3261632539,0.4738411595,0.3966664187,0.6200000000,0.5700000000,0.4300000000,reference_record,benchmark_anchor,60_epoch_record
run_SCN_CROMA_fold_Kigali_K10_s2,CROMA,fold_Kigali,2,10,cfg_SCN_e0b94a24,SCN_CROMA_fold_Kigali_K10_s2,2026-08-07T08:00:00Z,2026-08-07T11:56:00Z,44,val_iou,0.2718731248,0.4275161091,0.3091330976,0.4621755355,0.3976923965,0.6200000000,0.5700000000,0.4300000000,reference_record,benchmark_anchor,60_epoch_record
run_SCN_CROMA_fold_Kigali_K10_s3,CROMA,fold_Kigali,3,10,cfg_SCN_e0b94a24,SCN_CROMA_fold_Kigali_K10_s3,2026-08-12T08:00:00Z,2026-08-12T11:43:00Z,52,val_iou,0.2780126206,0.4350702272,0.3262021531,0.4655858243,0.4083087079,0.6200000000,0.5700000000,0.4300000000,reference_record,benchmark_anchor,60_epoch_record
run_SCN_CROMA_fold_Kigali_K10_s4,CROMA,fold_Kigali,4,10,cfg_SCN_e0b94a24,SCN_CROMA_fold_Kigali_K10_s4,2026-08-11T08:00:00Z,2026-08-11T11:41:00Z,48,val_iou,0.2660915804,0.4203354395,0.2970041585,0.4548477363,0.3906911276,0.6200000000,0.5700000000,0.4300000000,reference_record,benchmark_anchor,60_epoch_record
run_SCN_CROMA_fold_Kigali_K10_s5,CROMA,fold_Kigali,5,10,cfg_SCN_e0b94a24,SCN_CROMA_fold_Kigali_K10_s5,2026-08-06T08:00:00Z,2026-08-06T11:27:00Z,50,val_iou,0.2632250086,0.4167507875,0.3147560034,0.4613942223,0.3799843802,0.6200000000,0.5700000000,0.4300000000,reference_record,benchmark_anchor,60_epoch_record
run_SCN_CROMA_fold_Kigali_K10_s6,CROMA,fold_Kigali,6,10,cfg_SCN_e0b94a24,SCN_CROMA_fold_Kigali_K10_s6,2026-08-12T08:00:00Z,2026-08-12T11:47:00Z,46,val_iou,0.2814539594,0.4392728391,0.2964897640,0.4634934427,0.4174578977,0.6200000000,0.5700000000,0.4300000000,reference_record,benchmark_anchor,60_epoch_record
run_SCN_CROMA_fold_Kigali_K10_s7,CROMA,fold_Kigali,7,10,cfg_SCN_e0b94a24,SCN_CROMA_fold_Kigali_K10_s7,2026-08-09T08:00:00Z,2026-08-09T11:09:00Z,46,val_iou,0.2627230954,0.4161214701,0.2644154636,0.4420614184,0.3930570728,0.6200000000,0.5700000000,0.4300000000,reference_record,benchmark_anchor,60_epoch_record
run_SCN_CROMA_fold_Kigali_K10_s8,CROMA,fold_Kigali,8,10,cfg_SCN_e0b94a24,SCN_CROMA_fold_Kigali_K10_s8,2026-08-08T08:00:00Z,2026-08-08T11:46:00Z,46,val_iou,0.2723610079,0.4281190734,0.2576050242,0.4518772506,0.4067343569,0.6200000000,0.5700000000,0.4300000000,reference_record,benchmark_anchor,60_epoch_record
run_SCN_CROMA_fold_Kigali_K10_s9,CROMA,fold_Kigali,9,10,cfg_SCN_e0b94a24,SCN_CROMA_fold_Kigali_K10_s9,2026-08-08T08:00:00Z,2026-08-08T11:10:00Z,48,val_iou,0.2558243856,0.4074206370,0.3096047511,0.4424269004,0.3775478188,0.6200000000,0.5700000000,0.4300000000,reference_record,benchmark_anchor,60_epoch_record
run_SCN_CROMA_fold_Kigali_K10_s10,CROMA,fold_Kigali,10,10,cfg_SCN_e0b94a24,SCN_CROMA_fold_Kigali_K10_s10,2026-08-09T08:00:00Z,2026-08-09T11:36:00Z,53,val_iou,0.2878452132,0.4470183377,0.3397595168,0.4931457419,0.4087820641,0.6200000000,0.5700000000,0.4300000000,reference_record,benchmark_anchor,60_epoch_record
run_SCN_CROMA_fold_Kigali_K25_s1,CROMA,fold_Kigali,1,25,cfg_SCN_50d4825d,SCN_CROMA_fold_Kigali_K25_s1,2026-08-05T08:00:00Z,2026-08-05T11:05:00Z,46,val_iou,0.3161103631,0.4803706011,0.3350725832,0.5051679124,0.4578938444,0.6200000000,0.5700000000,0.4300000000,reference_record,benchmark_anchor,60_epoch_record
run_SCN_CROMA_fold_Kigali_K25_s2,CROMA,fold_Kigali,2,25,cfg_SCN_50d4825d,SCN_CROMA_fold_Kigali_K25_s2,2026-08-12T08:00:00Z,2026-08-12T11:37:00Z,48,val_iou,0.2831979328,0.4413939978,0.3141776307,0.4720167193,0.4145025835,0.6200000000,0.5700000000,0.4300000000,reference_record,benchmark_anchor,60_epoch_record
run_SCN_CROMA_fold_Kigali_K25_s3,CROMA,fold_Kigali,3,25,cfg_SCN_50d4825d,SCN_CROMA_fold_Kigali_K25_s3,2026-08-10T08:00:00Z,2026-08-10T11:25:00Z,45,val_iou,0.2852297936,0.4438580479,0.2910414994,0.4719060306,0.4189571119,0.6200000000,0.5700000000,0.4300000000,reference_record,benchmark_anchor,60_epoch_record
run_SCN_CROMA_fold_Kigali_K25_s4,CROMA,fold_Kigali,4,25,cfg_SCN_50d4825d,SCN_CROMA_fold_Kigali_K25_s4,2026-08-12T08:00:00Z,2026-08-12T11:09:00Z,45,val_iou,0.3005865333,0.4622322708,0.3185909038,0.4878745802,0.4391508432,0.6200000000,0.5700000000,0.4300000000,reference_record,benchmark_anchor,60_epoch_record
run_SCN_CROMA_fold_Kigali_K25_s5,CROMA,fold_Kigali,5,25,cfg_SCN_50d4825d,SCN_CROMA_fold_Kigali_K25_s5,2026-08-07T08:00:00Z,2026-08-07T11:59:00Z,45,val_iou,0.3024313089,0.4644103790,0.3316874135,0.4987713341,0.4344786257,0.6200000000,0.5700000000,0.4300000000,reference_record,benchmark_anchor,60_epoch_record
run_SCN_CROMA_fold_Kigali_K25_s6,CROMA,fold_Kigali,6,25,cfg_SCN_50d4825d,SCN_CROMA_fold_Kigali_K25_s6,2026-08-12T08:00:00Z,2026-08-12T11:22:00Z,49,val_iou,0.2890922929,0.4485207064,0.3459232286,0.4773182150,0.4230003001,0.6200000000,0.5700000000,0.4300000000,reference_record,benchmark_anchor,60_epoch_record
run_SCN_CROMA_fold_Kigali_K25_s7,CROMA,fold_Kigali,7,25,cfg_SCN_50d4825d,SCN_CROMA_fold_Kigali_K25_s7,2026-08-05T08:00:00Z,2026-08-05T11:55:00Z,53,val_iou,0.2952796225,0.4559318581,0.3248599900,0.5012394484,0.4181360741,0.6200000000,0.5700000000,0.4300000000,reference_record,benchmark_anchor,60_epoch_record
run_SCN_CROMA_fold_Kigali_K25_s8,CROMA,fold_Kigali,8,25,cfg_SCN_50d4825d,SCN_CROMA_fold_Kigali_K25_s8,2026-08-10T08:00:00Z,2026-08-10T11:26:00Z,44,val_iou,0.2976728010,0.4587794408,0.3058213386,0.4995924708,0.4241310536,0.6200000000,0.5700000000,0.4300000000,reference_record,benchmark_anchor,60_epoch_record
run_SCN_CROMA_fold_Kigali_K25_s9,CROMA,fold_Kigali,9,25,cfg_SCN_50d4825d,SCN_CROMA_fold_Kigali_K25_s9,2026-08-07T08:00:00Z,2026-08-07T10:55:00Z,51,val_iou,0.2748983382,0.4312474649,0.2882261262,0.4757403267,0.3943650931,0.6200000000,0.5700000000,0.4300000000,reference_record,benchmark_anchor,60_epoch_record
run_SCN_CROMA_fold_Kigali_K25_s10,CROMA,fold_Kigali,10,25,cfg_SCN_50d4825d,SCN_CROMA_fold_Kigali_K25_s10,2026-08-07T08:00:00Z,2026-08-07T11:38:00Z,44,val_iou,0.3029683759,0.4650433296,0.3416672988,0.4966973955,0.4371821173,0.6200000000,0.5700000000,0.4300000000,reference_record,benchmark_anchor,60_epoch_record
run_SCN_CROMA_fold_Kigali_K50_s1,CROMA,fold_Kigali,1,50,cfg_SCN_5bcca47d,SCN_CROMA_fold_Kigali_K50_s1,2026-08-08T08:00:00Z,2026-08-08T10:45:00Z,45,val_iou,0.3089501826,0.4720579693,0.3216346056,0.5039344219,0.4439743036,0.6200000000,0.5700000000,0.4300000000,reference_record,benchmark_anchor,60_epoch_record
run_SCN_CROMA_fold_Kigali_K50_s2,CROMA,fold_Kigali,2,50,cfg_SCN_5bcca47d,SCN_CROMA_fold_Kigali_K50_s2,2026-08-05T08:00:00Z,2026-08-05T10:32:00Z,49,val_iou,0.3008838358,0.4625837104,0.3237197813,0.5055742942,0.4263314008,0.6200000000,0.5700000000,0.4300000000,reference_record,benchmark_anchor,60_epoch_record
run_SCN_CROMA_fold_Kigali_K50_s3,CROMA,fold_Kigali,3,50,cfg_SCN_5bcca47d,SCN_CROMA_fold_Kigali_K50_s3,2026-08-09T08:00:00Z,2026-08-09T11:14:00Z,47,val_iou,0.3126445797,0.4763583144,0.3200744474,0.5036765718,0.4518509589,0.6200000000,0.5700000000,0.4300000000,reference_record,benchmark_anchor,60_epoch_record
run_SCN_CROMA_fold_Kigali_K50_s4,CROMA,fold_Kigali,4,50,cfg_SCN_5bcca47d,SCN_CROMA_fold_Kigali_K50_s4,2026-08-07T08:00:00Z,2026-08-07T11:06:00Z,51,val_iou,0.3333088194,0.4999724213,0.3243264095,0.5400137028,0.4654592510,0.6200000000,0.5700000000,0.4300000000,reference_record,benchmark_anchor,60_epoch_record
run_SCN_CROMA_fold_Kigali_K50_s5,CROMA,fold_Kigali,5,50,cfg_SCN_5bcca47d,SCN_CROMA_fold_Kigali_K50_s5,2026-08-06T08:00:00Z,2026-08-06T11:26:00Z,53,val_iou,0.3249551241,0.4905149136,0.3189575484,0.5297611982,0.4566825151,0.6200000000,0.5700000000,0.4300000000,reference_record,benchmark_anchor,60_epoch_record
run_SCN_CROMA_fold_Kigali_K50_s6,CROMA,fold_Kigali,6,50,cfg_SCN_5bcca47d,SCN_CROMA_fold_Kigali_K50_s6,2026-08-06T08:00:00Z,2026-08-06T11:05:00Z,44,val_iou,0.3224399430,0.4876439867,0.3576370024,0.5243506876,0.4557402950,0.6200000000,0.5700000000,0.4300000000,reference_record,benchmark_anchor,60_epoch_record
run_SCN_CROMA_fold_Kigali_K50_s7,CROMA,fold_Kigali,7,50,cfg_SCN_5bcca47d,SCN_CROMA_fold_Kigali_K50_s7,2026-08-09T08:00:00Z,2026-08-09T10:40:00Z,43,val_iou,0.3002188511,0.4617974133,0.3131195482,0.5020911100,0.4274905435,0.6200000000,0.5700000000,0.4300000000,reference_record,benchmark_anchor,60_epoch_record
run_SCN_CROMA_fold_Kigali_K50_s8,CROMA,fold_Kigali,8,50,cfg_SCN_5bcca47d,SCN_CROMA_fold_Kigali_K50_s8,2026-08-10T08:00:00Z,2026-08-10T11:32:00Z,53,val_iou,0.3122739556,0.4759279939,0.3524391853,0.5220824241,0.4372712521,0.6200000000,0.5700000000,0.4300000000,reference_record,benchmark_anchor,60_epoch_record
run_SCN_CROMA_fold_Kigali_K50_s9,CROMA,fold_Kigali,9,50,cfg_SCN_5bcca47d,SCN_CROMA_fold_Kigali_K50_s9,2026-08-08T08:00:00Z,2026-08-08T11:43:00Z,46,val_iou,0.3170028391,0.4814003884,0.3362426301,0.5039511023,0.4607814235,0.6200000000,0.5700000000,0.4300000000,reference_record,benchmark_anchor,60_epoch_record
run_SCN_CROMA_fold_Kigali_K50_s10,CROMA,fold_Kigali,10,50,cfg_SCN_5bcca47d,SCN_CROMA_fold_Kigali_K50_s10,2026-08-11T08:00:00Z,2026-08-11T11:13:00Z,53,val_iou,0.3294579020,0.4956274306,0.3437345314,0.5275777716,0.4673259654,0.6200000000,0.5700000000,0.4300000000,reference_record,benchmark_anchor,60_epoch_record
run_SCN_CROMA_fold_Yaounde_K10_s1,CROMA,fold_Yaounde,1,10,cfg_SCN_e0b94a24,SCN_CROMA_fold_Yaounde_K10_s1,2026-08-09T08:00:00Z,2026-08-09T10:59:00Z,41,val_iou,0.2430600315,0.3910672459,0.2560734782,0.4182721115,0.3671851320,0.6200000000,0.5700000000,0.4300000000,reference_record,benchmark_anchor,60_epoch_record
run_SCN_CROMA_fold_Yaounde_K10_s2,CROMA,fold_Yaounde,2,10,cfg_SCN_e0b94a24,SCN_CROMA_fold_Yaounde_K10_s2,2026-08-10T08:00:00Z,2026-08-10T11:56:00Z,46,val_iou,0.2383519105,0.3849502043,0.2517866801,0.4153470526,0.3586990925,0.6200000000,0.5700000000,0.4300000000,reference_record,benchmark_anchor,60_epoch_record
run_SCN_CROMA_fold_Yaounde_K10_s3,CROMA,fold_Yaounde,3,10,cfg_SCN_e0b94a24,SCN_CROMA_fold_Yaounde_K10_s3,2026-08-07T08:00:00Z,2026-08-07T11:50:00Z,46,val_iou,0.2492639408,0.3990572891,0.2412922908,0.4458050420,0.3611831124,0.6200000000,0.5700000000,0.4300000000,reference_record,benchmark_anchor,60_epoch_record
run_SCN_CROMA_fold_Yaounde_K10_s4,CROMA,fold_Yaounde,4,10,cfg_SCN_e0b94a24,SCN_CROMA_fold_Yaounde_K10_s4,2026-08-05T08:00:00Z,2026-08-05T11:33:00Z,42,val_iou,0.2700469804,0.4252551041,0.2892917591,0.4681565093,0.3895565247,0.6200000000,0.5700000000,0.4300000000,reference_record,benchmark_anchor,60_epoch_record
run_SCN_CROMA_fold_Yaounde_K10_s5,CROMA,fold_Yaounde,5,10,cfg_SCN_e0b94a24,SCN_CROMA_fold_Yaounde_K10_s5,2026-08-12T08:00:00Z,2026-08-12T11:01:00Z,41,val_iou,0.2690196355,0.4239802568,0.3377589696,0.4499041077,0.4008811498,0.6200000000,0.5700000000,0.4300000000,reference_record,benchmark_anchor,60_epoch_record
run_SCN_CROMA_fold_Yaounde_K10_s6,CROMA,fold_Yaounde,6,10,cfg_SCN_e0b94a24,SCN_CROMA_fold_Yaounde_K10_s6,2026-08-06T08:00:00Z,2026-08-06T10:57:00Z,40,val_iou,0.2408747089,0.3882337309,0.2487101744,0.4238454737,0.3581423986,0.6200000000,0.5700000000,0.4300000000,reference_record,benchmark_anchor,60_epoch_record
run_SCN_CROMA_fold_Yaounde_K10_s7,CROMA,fold_Yaounde,7,10,cfg_SCN_e0b94a24,SCN_CROMA_fold_Yaounde_K10_s7,2026-08-11T08:00:00Z,2026-08-11T11:17:00Z,51,val_iou,0.2693754203,0.4244219889,0.3113581313,0.4665121699,0.3892982852,0.6200000000,0.5700000000,0.4300000000,reference_record,benchmark_anchor,60_epoch_record
run_SCN_CROMA_fold_Yaounde_K10_s8,CROMA,fold_Yaounde,8,10,cfg_SCN_e0b94a24,SCN_CROMA_fold_Yaounde_K10_s8,2026-08-08T08:00:00Z,2026-08-08T10:48:00Z,41,val_iou,0.2352657687,0.3809152243,0.2717044320,0.4252298363,0.3449652510,0.6200000000,0.5700000000,0.4300000000,reference_record,benchmark_anchor,60_epoch_record
run_SCN_CROMA_fold_Yaounde_K10_s9,CROMA,fold_Yaounde,9,10,cfg_SCN_e0b94a24,SCN_CROMA_fold_Yaounde_K10_s9,2026-08-05T08:00:00Z,2026-08-05T11:04:00Z,49,val_iou,0.2683578392,0.4231579305,0.2999409196,0.4683391584,0.3859270914,0.6200000000,0.5700000000,0.4300000000,reference_record,benchmark_anchor,60_epoch_record
run_SCN_CROMA_fold_Yaounde_K10_s10,CROMA,fold_Yaounde,10,10,cfg_SCN_e0b94a24,SCN_CROMA_fold_Yaounde_K10_s10,2026-08-09T08:00:00Z,2026-08-09T11:00:00Z,46,val_iou,0.2829378618,0.4410780448,0.3650148655,0.4854844701,0.4041143992,0.6200000000,0.5700000000,0.4300000000,reference_record,benchmark_anchor,60_epoch_record
run_SCN_CROMA_fold_Yaounde_K25_s1,CROMA,fold_Yaounde,1,25,cfg_SCN_50d4825d,SCN_CROMA_fold_Yaounde_K25_s1,2026-08-10T08:00:00Z,2026-08-10T11:46:00Z,47,val_iou,0.2772962686,0.4341925603,0.2932081505,0.4645330932,0.4075723629,0.6200000000,0.5700000000,0.4300000000,reference_record,benchmark_anchor,60_epoch_record
run_SCN_CROMA_fold_Yaounde_K25_s2,CROMA,fold_Yaounde,2,25,cfg_SCN_50d4825d,SCN_CROMA_fold_Yaounde_K25_s2,2026-08-09T08:00:00Z,2026-08-09T11:24:00Z,47,val_iou,0.2883912284,0.4476764853,0.3192073286,0.4851669987,0.4155644026,0.6200000000,0.5700000000,0.4300000000,reference_record,benchmark_anchor,60_epoch_record
run_SCN_CROMA_fold_Yaounde_K25_s3,CROMA,fold_Yaounde,3,25,cfg_SCN_50d4825d,SCN_CROMA_fold_Yaounde_K25_s3,2026-08-07T08:00:00Z,2026-08-07T10:54:00Z,42,val_iou,0.2963743192,0.4572357148,0.3229003384,0.4800691965,0.4364756676,0.6200000000,0.5700000000,0.4300000000,reference_record,benchmark_anchor,60_epoch_record
run_SCN_CROMA_fold_Yaounde_K25_s4,CROMA,fold_Yaounde,4,25,cfg_SCN_50d4825d,SCN_CROMA_fold_Yaounde_K25_s4,2026-08-12T08:00:00Z,2026-08-12T10:50:00Z,52,val_iou,0.2894521940,0.4489537423,0.3166104808,0.4801791451,0.4215414686,0.6200000000,0.5700000000,0.4300000000,reference_record,benchmark_anchor,60_epoch_record
run_SCN_CROMA_fold_Yaounde_K25_s5,CROMA,fold_Yaounde,5,25,cfg_SCN_50d4825d,SCN_CROMA_fold_Yaounde_K25_s5,2026-08-07T08:00:00Z,2026-08-07T11:11:00Z,50,val_iou,0.2762003494,0.4328479451,0.3133953638,0.4571730730,0.4109806118,0.6200000000,0.5700000000,0.4300000000,reference_record,benchmark_anchor,60_epoch_record
run_SCN_CROMA_fold_Yaounde_K25_s6,CROMA,fold_Yaounde,6,25,cfg_SCN_50d4825d,SCN_CROMA_fold_Yaounde_K25_s6,2026-08-06T08:00:00Z,2026-08-06T10:33:00Z,54,val_iou,0.2594815962,0.4120450778,0.2853833057,0.4431580405,0.3850142388,0.6200000000,0.5700000000,0.4300000000,reference_record,benchmark_anchor,60_epoch_record
run_SCN_CROMA_fold_Yaounde_K25_s7,CROMA,fold_Yaounde,7,25,cfg_SCN_50d4825d,SCN_CROMA_fold_Yaounde_K25_s7,2026-08-05T08:00:00Z,2026-08-05T11:59:00Z,52,val_iou,0.2772301160,0.4341114612,0.2939373755,0.4588552561,0.4118997449,0.6200000000,0.5700000000,0.4300000000,reference_record,benchmark_anchor,60_epoch_record
run_SCN_CROMA_fold_Yaounde_K25_s8,CROMA,fold_Yaounde,8,25,cfg_SCN_50d4825d,SCN_CROMA_fold_Yaounde_K25_s8,2026-08-07T08:00:00Z,2026-08-07T11:40:00Z,46,val_iou,0.2751701956,0.4315819121,0.3032451064,0.4725016518,0.3971847876,0.6200000000,0.5700000000,0.4300000000,reference_record,benchmark_anchor,60_epoch_record
run_SCN_CROMA_fold_Yaounde_K25_s9,CROMA,fold_Yaounde,9,25,cfg_SCN_50d4825d,SCN_CROMA_fold_Yaounde_K25_s9,2026-08-07T08:00:00Z,2026-08-07T11:05:00Z,43,val_iou,0.3054519649,0.4679635454,0.3311898004,0.5148324640,0.4289162045,0.6200000000,0.5700000000,0.4300000000,reference_record,benchmark_anchor,60_epoch_record
run_SCN_CROMA_fold_Yaounde_K25_s10,CROMA,fold_Yaounde,10,25,cfg_SCN_50d4825d,SCN_CROMA_fold_Yaounde_K25_s10,2026-08-12T08:00:00Z,2026-08-12T11:36:00Z,48,val_iou,0.2783938810,0.4355369424,0.3069138864,0.4685583741,0.4068634327,0.6200000000,0.5700000000,0.4300000000,reference_record,benchmark_anchor,60_epoch_record
run_SCN_CROMA_fold_Yaounde_K50_s1,CROMA,fold_Yaounde,1,50,cfg_SCN_5bcca47d,SCN_CROMA_fold_Yaounde_K50_s1,2026-08-06T08:00:00Z,2026-08-06T10:34:00Z,54,val_iou,0.3158428987,0.4800617141,0.3612292000,0.5234781941,0.4432954668,0.6200000000,0.5700000000,0.4300000000,reference_record,benchmark_anchor,60_epoch_record
run_SCN_CROMA_fold_Yaounde_K50_s2,CROMA,fold_Yaounde,2,50,cfg_SCN_5bcca47d,SCN_CROMA_fold_Yaounde_K50_s2,2026-08-07T08:00:00Z,2026-08-07T10:53:00Z,52,val_iou,0.2735910835,0.4296372471,0.2894646049,0.4645878806,0.3995773146,0.6200000000,0.5700000000,0.4300000000,reference_record,benchmark_anchor,60_epoch_record
run_SCN_CROMA_fold_Yaounde_K50_s3,CROMA,fold_Yaounde,3,50,cfg_SCN_5bcca47d,SCN_CROMA_fold_Yaounde_K50_s3,2026-08-05T08:00:00Z,2026-08-05T11:13:00Z,45,val_iou,0.2811931738,0.4389551545,0.3081160022,0.4668669554,0.4141925132,0.6200000000,0.5700000000,0.4300000000,reference_record,benchmark_anchor,60_epoch_record
run_SCN_CROMA_fold_Yaounde_K50_s4,CROMA,fold_Yaounde,4,50,cfg_SCN_5bcca47d,SCN_CROMA_fold_Yaounde_K50_s4,2026-08-06T08:00:00Z,2026-08-06T11:24:00Z,44,val_iou,0.3082039437,0.4711863852,0.3479803385,0.5169397353,0.4328735710,0.6200000000,0.5700000000,0.4300000000,reference_record,benchmark_anchor,60_epoch_record
run_SCN_CROMA_fold_Yaounde_K50_s5,CROMA,fold_Yaounde,5,50,cfg_SCN_5bcca47d,SCN_CROMA_fold_Yaounde_K50_s5,2026-08-07T08:00:00Z,2026-08-07T11:02:00Z,40,val_iou,0.2928310791,0.4530074870,0.2970441039,0.4862449547,0.4240232114,0.6200000000,0.5700000000,0.4300000000,reference_record,benchmark_anchor,60_epoch_record
run_SCN_CROMA_fold_Yaounde_K50_s6,CROMA,fold_Yaounde,6,50,cfg_SCN_5bcca47d,SCN_CROMA_fold_Yaounde_K50_s6,2026-08-12T08:00:00Z,2026-08-12T10:58:00Z,41,val_iou,0.2798539108,0.4373216481,0.3296698787,0.4793125696,0.4020954521,0.6200000000,0.5700000000,0.4300000000,reference_record,benchmark_anchor,60_epoch_record
run_SCN_CROMA_fold_Yaounde_K50_s7,CROMA,fold_Yaounde,7,50,cfg_SCN_5bcca47d,SCN_CROMA_fold_Yaounde_K50_s7,2026-08-10T08:00:00Z,2026-08-10T11:21:00Z,45,val_iou,0.2799804027,0.4374760772,0.3219976192,0.4641510254,0.4137005389,0.6200000000,0.5700000000,0.4300000000,reference_record,benchmark_anchor,60_epoch_record
run_SCN_CROMA_fold_Yaounde_K50_s8,CROMA,fold_Yaounde,8,50,cfg_SCN_5bcca47d,SCN_CROMA_fold_Yaounde_K50_s8,2026-08-06T08:00:00Z,2026-08-06T10:36:00Z,50,val_iou,0.2827150990,0.4408073144,0.3168978150,0.4798786516,0.4076192778,0.6200000000,0.5700000000,0.4300000000,reference_record,benchmark_anchor,60_epoch_record
run_SCN_CROMA_fold_Yaounde_K50_s9,CROMA,fold_Yaounde,9,50,cfg_SCN_5bcca47d,SCN_CROMA_fold_Yaounde_K50_s9,2026-08-07T08:00:00Z,2026-08-07T11:01:00Z,47,val_iou,0.3006959679,0.4623616515,0.3235429045,0.4890962866,0.4383982373,0.6200000000,0.5700000000,0.4300000000,reference_record,benchmark_anchor,60_epoch_record
run_SCN_CROMA_fold_Yaounde_K50_s10,CROMA,fold_Yaounde,10,50,cfg_SCN_5bcca47d,SCN_CROMA_fold_Yaounde_K50_s10,2026-08-10T08:00:00Z,2026-08-10T10:39:00Z,54,val_iou,0.3191834469,0.4839106307,0.3447402701,0.5096483517,0.4606474987,0.6200000000,0.5700000000,0.4300000000,reference_record,benchmark_anchor,60_epoch_record
run_SCN_UNet_S1S2_fold_Dakar_K10_s1,UNet_S1S2,fold_Dakar,1,10,cfg_SCN_7c8cf7c5,SCN_UNet_S1S2_fold_Dakar_K10_s1,2026-08-12T08:00:00Z,2026-08-12T10:45:00Z,43,val_iou,0.2433134369,0.3913951698,0.2685682711,0.4367415894,0.3545795484,0.6200000000,0.5700000000,0.4300000000,reference_record,benchmark_anchor,60_epoch_record
run_SCN_UNet_S1S2_fold_Dakar_K10_s2,UNet_S1S2,fold_Dakar,2,10,cfg_SCN_7c8cf7c5,SCN_UNet_S1S2_fold_Dakar_K10_s2,2026-08-12T08:00:00Z,2026-08-12T11:25:00Z,46,val_iou,0.2704604230,0.4257675691,0.3178997955,0.4715514422,0.3880873881,0.6200000000,0.5700000000,0.4300000000,reference_record,benchmark_anchor,60_epoch_record
run_SCN_UNet_S1S2_fold_Dakar_K10_s3,UNet_S1S2,fold_Dakar,3,10,cfg_SCN_7c8cf7c5,SCN_UNet_S1S2_fold_Dakar_K10_s3,2026-08-10T08:00:00Z,2026-08-10T10:55:00Z,51,val_iou,0.2805767237,0.4382036914,0.3551481193,0.4687813861,0.4113707785,0.6200000000,0.5700000000,0.4300000000,reference_record,benchmark_anchor,60_epoch_record
run_SCN_UNet_S1S2_fold_Dakar_K10_s4,UNet_S1S2,fold_Dakar,4,10,cfg_SCN_7c8cf7c5,SCN_UNet_S1S2_fold_Dakar_K10_s4,2026-08-06T08:00:00Z,2026-08-06T11:22:00Z,47,val_iou,0.2882656870,0.4475252115,0.2963482741,0.4801991795,0.4190144101,0.6200000000,0.5700000000,0.4300000000,reference_record,benchmark_anchor,60_epoch_record
run_SCN_UNet_S1S2_fold_Dakar_K10_s5,UNet_S1S2,fold_Dakar,5,10,cfg_SCN_7c8cf7c5,SCN_UNet_S1S2_fold_Dakar_K10_s5,2026-08-05T08:00:00Z,2026-08-05T11:56:00Z,41,val_iou,0.2622373463,0.4155119433,0.2862923266,0.4388436334,0.3945359296,0.6200000000,0.5700000000,0.4300000000,reference_record,benchmark_anchor,60_epoch_record
run_SCN_UNet_S1S2_fold_Dakar_K10_s6,UNet_S1S2,fold_Dakar,6,10,cfg_SCN_7c8cf7c5,SCN_UNet_S1S2_fold_Dakar_K10_s6,2026-08-11T08:00:00Z,2026-08-11T11:49:00Z,53,val_iou,0.2641340106,0.4178892560,0.2927048606,0.4508444961,0.3894236746,0.6200000000,0.5700000000,0.4300000000,reference_record,benchmark_anchor,60_epoch_record
run_SCN_UNet_S1S2_fold_Dakar_K10_s7,UNet_S1S2,fold_Dakar,7,10,cfg_SCN_7c8cf7c5,SCN_UNet_S1S2_fold_Dakar_K10_s7,2026-08-08T08:00:00Z,2026-08-08T10:52:00Z,48,val_iou,0.2609072639,0.4138405279,0.2679085202,0.4607325783,0.3756118255,0.6200000000,0.5700000000,0.4300000000,reference_record,benchmark_anchor,60_epoch_record
run_SCN_UNet_S1S2_fold_Dakar_K10_s8,UNet_S1S2,fold_Dakar,8,10,cfg_SCN_7c8cf7c5,SCN_UNet_S1S2_fold_Dakar_K10_s8,2026-08-06T08:00:00Z,2026-08-06T11:30:00Z,49,val_iou,0.2497522068,0.3996827619,0.2902735310,0.4398135301,0.3662630997,0.6200000000,0.5700000000,0.4300000000,reference_record,benchmark_anchor,60_epoch_record
run_SCN_UNet_S1S2_fold_Dakar_K10_s9,UNet_S1S2,fold_Dakar,9,10,cfg_SCN_7c8cf7c5,SCN_UNet_S1S2_fold_Dakar_K10_s9,2026-08-05T08:00:00Z,2026-08-05T11:01:00Z,41,val_iou,0.2680850342,0.4228187022,0.3090508231,0.4520856152,0.3971107284,0.6200000000,0.5700000000,0.4300000000,reference_record,benchmark_anchor,60_epoch_record
run_SCN_UNet_S1S2_fold_Dakar_K10_s10,UNet_S1S2,fold_Dakar,10,10,cfg_SCN_7c8cf7c5,SCN_UNet_S1S2_fold_Dakar_K10_s10,2026-08-05T08:00:00Z,2026-08-05T11:22:00Z,52,val_iou,0.2676942477,0.4223325115,0.2676685650,0.4513825966,0.3967955406,0.6200000000,0.5700000000,0.4300000000,reference_record,benchmark_anchor,60_epoch_record
run_SCN_UNet_S1S2_fold_Dakar_K25_s1,UNet_S1S2,fold_Dakar,1,25,cfg_SCN_cdd8add6,SCN_UNet_S1S2_fold_Dakar_K25_s1,2026-08-11T08:00:00Z,2026-08-11T11:18:00Z,54,val_iou,0.2987110035,0.4600115078,0.3521023455,0.5054053664,0.4220998762,0.6200000000,0.5700000000,0.4300000000,reference_record,benchmark_anchor,60_epoch_record
run_SCN_UNet_S1S2_fold_Dakar_K25_s2,UNet_S1S2,fold_Dakar,2,25,cfg_SCN_cdd8add6,SCN_UNet_S1S2_fold_Dakar_K25_s2,2026-08-07T08:00:00Z,2026-08-07T10:58:00Z,47,val_iou,0.3009570269,0.4626702046,0.3471075666,0.5082879671,0.4245662848,0.6200000000,0.5700000000,0.4300000000,reference_record,benchmark_anchor,60_epoch_record
run_SCN_UNet_S1S2_fold_Dakar_K25_s3,UNet_S1S2,fold_Dakar,3,25,cfg_SCN_cdd8add6,SCN_UNet_S1S2_fold_Dakar_K25_s3,2026-08-06T08:00:00Z,2026-08-06T11:32:00Z,50,val_iou,0.3000314291,0.4615756549,0.3211238810,0.5050721939,0.4249768801,0.6200000000,0.5700000000,0.4300000000,reference_record,benchmark_anchor,60_epoch_record
run_SCN_UNet_S1S2_fold_Dakar_K25_s4,UNet_S1S2,fold_Dakar,4,25,cfg_SCN_cdd8add6,SCN_UNet_S1S2_fold_Dakar_K25_s4,2026-08-07T08:00:00Z,2026-08-07T11:54:00Z,43,val_iou,0.3150600936,0.4791569528,0.3090928002,0.5195041960,0.4446251810,0.6200000000,0.5700000000,0.4300000000,reference_record,benchmark_anchor,60_epoch_record
run_SCN_UNet_S1S2_fold_Dakar_K25_s5,UNet_S1S2,fold_Dakar,5,25,cfg_SCN_cdd8add6,SCN_UNet_S1S2_fold_Dakar_K25_s5,2026-08-12T08:00:00Z,2026-08-12T10:41:00Z,51,val_iou,0.2795442278,0.4369434393,0.3147980870,0.4727441504,0.4061833490,0.6200000000,0.5700000000,0.4300000000,reference_record,benchmark_anchor,60_epoch_record
run_SCN_UNet_S1S2_fold_Dakar_K25_s6,UNet_S1S2,fold_Dakar,6,25,cfg_SCN_cdd8add6,SCN_UNet_S1S2_fold_Dakar_K25_s6,2026-08-10T08:00:00Z,2026-08-10T10:49:00Z,53,val_iou,0.2646435789,0.4185267427,0.2676960011,0.4555348666,0.3870799658,0.6200000000,0.5700000000,0.4300000000,reference_record,benchmark_anchor,60_epoch_record
run_SCN_UNet_S1S2_fold_Dakar_K25_s7,UNet_S1S2,fold_Dakar,7,25,cfg_SCN_cdd8add6,SCN_UNet_S1S2_fold_Dakar_K25_s7,2026-08-05T08:00:00Z,2026-08-05T11:58:00Z,51,val_iou,0.2862165687,0.4450519076,0.3046219669,0.4721078417,0.4209289730,0.6200000000,0.5700000000,0.4300000000,reference_record,benchmark_anchor,60_epoch_record
run_SCN_UNet_S1S2_fold_Dakar_K25_s8,UNet_S1S2,fold_Dakar,8,25,cfg_SCN_cdd8add6,SCN_UNet_S1S2_fold_Dakar_K25_s8,2026-08-11T08:00:00Z,2026-08-11T10:38:00Z,48,val_iou,0.2781726181,0.4352661201,0.3038386515,0.4741231391,0.4022957534,0.6200000000,0.5700000000,0.4300000000,reference_record,benchmark_anchor,60_epoch_record
run_SCN_UNet_S1S2_fold_Dakar_K25_s9,UNet_S1S2,fold_Dakar,9,25,cfg_SCN_cdd8add6,SCN_UNet_S1S2_fold_Dakar_K25_s9,2026-08-09T08:00:00Z,2026-08-09T11:26:00Z,41,val_iou,0.2878141057,0.4469808250,0.3180525211,0.4937508238,0.4083046227,0.6200000000,0.5700000000,0.4300000000,reference_record,benchmark_anchor,60_epoch_record
run_SCN_UNet_S1S2_fold_Dakar_K25_s10,UNet_S1S2,fold_Dakar,10,25,cfg_SCN_cdd8add6,SCN_UNet_S1S2_fold_Dakar_K25_s10,2026-08-08T08:00:00Z,2026-08-08T11:08:00Z,47,val_iou,0.3033776542,0.4655253268,0.3159731035,0.5036462544,0.4327690841,0.6200000000,0.5700000000,0.4300000000,reference_record,benchmark_anchor,60_epoch_record
run_SCN_UNet_S1S2_fold_Dakar_K50_s1,UNet_S1S2,fold_Dakar,1,50,cfg_SCN_ddc3188d,SCN_UNet_S1S2_fold_Dakar_K50_s1,2026-08-12T08:00:00Z,2026-08-12T11:53:00Z,52,val_iou,0.3070479030,0.4698342001,0.3486401229,0.5164339834,0.4309481275,0.6200000000,0.5700000000,0.4300000000,reference_record,benchmark_anchor,60_epoch_record
run_SCN_UNet_S1S2_fold_Dakar_K50_s2,UNet_S1S2,fold_Dakar,2,50,cfg_SCN_ddc3188d,SCN_UNet_S1S2_fold_Dakar_K50_s2,2026-08-08T08:00:00Z,2026-08-08T10:35:00Z,50,val_iou,0.3145865125,0.4786090676,0.3362950082,0.5177707253,0.4449548484,0.6200000000,0.5700000000,0.4300000000,reference_record,benchmark_anchor,60_epoch_record
run_SCN_UNet_S1S2_fold_Dakar_K50_s3,UNet_S1S2,fold_Dakar,3,50,cfg_SCN_ddc3188d,SCN_UNet_S1S2_fold_Dakar_K50_s3,2026-08-08T08:00:00Z,2026-08-08T11:48:00Z,44,val_iou,0.3211187005,0.4861314890,0.3602368349,0.5323051143,0.4473289339,0.6200000000,0.5700000000,0.4300000000,reference_record,benchmark_anchor,60_epoch_record
run_SCN_UNet_S1S2_fold_Dakar_K50_s4,UNet_S1S2,fold_Dakar,4,50,cfg_SCN_ddc3188d,SCN_UNet_S1S2_fold_Dakar_K50_s4,2026-08-12T08:00:00Z,2026-08-12T10:42:00Z,53,val_iou,0.3098170400,0.4730691853,0.3332020617,0.5139344389,0.4382240106,0.6200000000,0.5700000000,0.4300000000,reference_record,benchmark_anchor,60_epoch_record
run_SCN_UNet_S1S2_fold_Dakar_K50_s5,UNet_S1S2,fold_Dakar,5,50,cfg_SCN_ddc3188d,SCN_UNet_S1S2_fold_Dakar_K50_s5,2026-08-12T08:00:00Z,2026-08-12T11:34:00Z,51,val_iou,0.3135633366,0.4774240082,0.3413874392,0.5076968450,0.4505582208,0.6200000000,0.5700000000,0.4300000000,reference_record,benchmark_anchor,60_epoch_record
run_SCN_UNet_S1S2_fold_Dakar_K50_s6,UNet_S1S2,fold_Dakar,6,50,cfg_SCN_ddc3188d,SCN_UNet_S1S2_fold_Dakar_K50_s6,2026-08-06T08:00:00Z,2026-08-06T11:25:00Z,53,val_iou,0.3197504523,0.4845619894,0.3667555210,0.5102198270,0.4613611477,0.6200000000,0.5700000000,0.4300000000,reference_record,benchmark_anchor,60_epoch_record
run_SCN_UNet_S1S2_fold_Dakar_K50_s7,UNet_S1S2,fold_Dakar,7,50,cfg_SCN_ddc3188d,SCN_UNet_S1S2_fold_Dakar_K50_s7,2026-08-09T08:00:00Z,2026-08-09T10:54:00Z,43,val_iou,0.3077604522,0.4706679296,0.3453059358,0.5079124177,0.4385124419,0.6200000000,0.5700000000,0.4300000000,reference_record,benchmark_anchor,60_epoch_record
run_SCN_UNet_S1S2_fold_Dakar_K50_s8,UNet_S1S2,fold_Dakar,8,50,cfg_SCN_ddc3188d,SCN_UNet_S1S2_fold_Dakar_K50_s8,2026-08-09T08:00:00Z,2026-08-09T11:11:00Z,45,val_iou,0.3116591853,0.4752136664,0.3366467051,0.5178884432,0.4390364139,0.6200000000,0.5700000000,0.4300000000,reference_record,benchmark_anchor,60_epoch_record
run_SCN_UNet_S1S2_fold_Dakar_K50_s9,UNet_S1S2,fold_Dakar,9,50,cfg_SCN_ddc3188d,SCN_UNet_S1S2_fold_Dakar_K50_s9,2026-08-11T08:00:00Z,2026-08-11T11:34:00Z,52,val_iou,0.3250889670,0.4906673817,0.3359432530,0.5155832351,0.4680486635,0.6200000000,0.5700000000,0.4300000000,reference_record,benchmark_anchor,60_epoch_record
run_SCN_UNet_S1S2_fold_Dakar_K50_s10,UNet_S1S2,fold_Dakar,10,50,cfg_SCN_ddc3188d,SCN_UNet_S1S2_fold_Dakar_K50_s10,2026-08-06T08:00:00Z,2026-08-06T11:27:00Z,48,val_iou,0.3212170126,0.4862441364,0.3390473083,0.5222525317,0.4548808970,0.6200000000,0.5700000000,0.4300000000,reference_record,benchmark_anchor,60_epoch_record
run_SCN_UNet_S1S2_fold_DarEsSalaam_K10_s1,UNet_S1S2,fold_DarEsSalaam,1,10,cfg_SCN_7c8cf7c5,SCN_UNet_S1S2_fold_DarEsSalaam_K10_s1,2026-08-09T08:00:00Z,2026-08-09T11:10:00Z,45,val_iou,0.2316755027,0.3761956817,0.2538357751,0.4132376048,0.3452482132,0.6200000000,0.5700000000,0.4300000000,reference_record,benchmark_anchor,60_epoch_record
run_SCN_UNet_S1S2_fold_DarEsSalaam_K10_s2,UNet_S1S2,fold_DarEsSalaam,2,10,cfg_SCN_7c8cf7c5,SCN_UNet_S1S2_fold_DarEsSalaam_K10_s2,2026-08-12T08:00:00Z,2026-08-12T11:38:00Z,47,val_iou,0.2004777456,0.3339966048,0.2460991875,0.3635720482,0.3088709258,0.6200000000,0.5700000000,0.4300000000,reference_record,benchmark_anchor,60_epoch_record
run_SCN_UNet_S1S2_fold_DarEsSalaam_K10_s3,UNet_S1S2,fold_DarEsSalaam,3,10,cfg_SCN_7c8cf7c5,SCN_UNet_S1S2_fold_DarEsSalaam_K10_s3,2026-08-07T08:00:00Z,2026-08-07T11:20:00Z,52,val_iou,0.2092844541,0.3461294047,0.2719309753,0.3771653585,0.3198128401,0.6200000000,0.5700000000,0.4300000000,reference_record,benchmark_anchor,60_epoch_record
run_SCN_UNet_S1S2_fold_DarEsSalaam_K10_s4,UNet_S1S2,fold_DarEsSalaam,4,10,cfg_SCN_7c8cf7c5,SCN_UNet_S1S2_fold_DarEsSalaam_K10_s4,2026-08-09T08:00:00Z,2026-08-09T11:15:00Z,44,val_iou,0.1941280667,0.3251377672,0.2173555468,0.3536931124,0.3008487976,0.6200000000,0.5700000000,0.4300000000,reference_record,benchmark_anchor,60_epoch_record
run_SCN_UNet_S1S2_fold_DarEsSalaam_K10_s5,UNet_S1S2,fold_DarEsSalaam,5,10,cfg_SCN_7c8cf7c5,SCN_UNet_S1S2_fold_DarEsSalaam_K10_s5,2026-08-06T08:00:00Z,2026-08-06T11:50:00Z,41,val_iou,0.1976744243,0.3300970953,0.2131704838,0.3666876860,0.3001464423,0.6200000000,0.5700000000,0.4300000000,reference_record,benchmark_anchor,60_epoch_record
run_SCN_UNet_S1S2_fold_DarEsSalaam_K10_s6,UNet_S1S2,fold_DarEsSalaam,6,10,cfg_SCN_7c8cf7c5,SCN_UNet_S1S2_fold_DarEsSalaam_K10_s6,2026-08-07T08:00:00Z,2026-08-07T11:10:00Z,49,val_iou,0.2136409700,0.3520661799,0.2343488040,0.3963317215,0.3166951020,0.6200000000,0.5700000000,0.4300000000,reference_record,benchmark_anchor,60_epoch_record
run_SCN_UNet_S1S2_fold_DarEsSalaam_K10_s7,UNet_S1S2,fold_DarEsSalaam,7,10,cfg_SCN_7c8cf7c5,SCN_UNet_S1S2_fold_DarEsSalaam_K10_s7,2026-08-07T08:00:00Z,2026-08-07T10:32:00Z,52,val_iou,0.2144407754,0.3531514748,0.2147383040,0.3903977258,0.3223932525,0.6200000000,0.5700000000,0.4300000000,reference_record,benchmark_anchor,60_epoch_record
run_SCN_UNet_S1S2_fold_DarEsSalaam_K10_s8,UNet_S1S2,fold_DarEsSalaam,8,10,cfg_SCN_7c8cf7c5,SCN_UNet_S1S2_fold_DarEsSalaam_K10_s8,2026-08-12T08:00:00Z,2026-08-12T10:34:00Z,40,val_iou,0.2100428895,0.3471660242,0.2273995596,0.3720235448,0.3254222642,0.6200000000,0.5700000000,0.4300000000,reference_record,benchmark_anchor,60_epoch_record
run_SCN_UNet_S1S2_fold_DarEsSalaam_K10_s9,UNet_S1S2,fold_DarEsSalaam,9,10,cfg_SCN_7c8cf7c5,SCN_UNet_S1S2_fold_DarEsSalaam_K10_s9,2026-08-10T08:00:00Z,2026-08-10T11:52:00Z,53,val_iou,0.2151920973,0.3541696786,0.2183325956,0.3870389570,0.3264462363,0.6200000000,0.5700000000,0.4300000000,reference_record,benchmark_anchor,60_epoch_record
run_SCN_UNet_S1S2_fold_DarEsSalaam_K10_s10,UNet_S1S2,fold_DarEsSalaam,10,10,cfg_SCN_7c8cf7c5,SCN_UNet_S1S2_fold_DarEsSalaam_K10_s10,2026-08-05T08:00:00Z,2026-08-05T10:49:00Z,49,val_iou,0.2002945335,0.3337423072,0.2235071959,0.3630715842,0.3087973554,0.6200000000,0.5700000000,0.4300000000,reference_record,benchmark_anchor,60_epoch_record
run_SCN_UNet_S1S2_fold_DarEsSalaam_K25_s1,UNet_S1S2,fold_DarEsSalaam,1,25,cfg_SCN_cdd8add6,SCN_UNet_S1S2_fold_DarEsSalaam_K25_s1,2026-08-07T08:00:00Z,2026-08-07T10:36:00Z,41,val_iou,0.2209929454,0.3619888981,0.2461436788,0.4020574445,0.3291829349,0.6200000000,0.5700000000,0.4300000000,reference_record,benchmark_anchor,60_epoch_record
run_SCN_UNet_S1S2_fold_DarEsSalaam_K25_s2,UNet_S1S2,fold_DarEsSalaam,2,25,cfg_SCN_cdd8add6,SCN_UNet_S1S2_fold_DarEsSalaam_K25_s2,2026-08-08T08:00:00Z,2026-08-08T11:10:00Z,44,val_iou,0.2141402966,0.3527439080,0.2008560033,0.3864012793,0.3244801581,0.6200000000,0.5700000000,0.4300000000,reference_record,benchmark_anchor,60_epoch_record
run_SCN_UNet_S1S2_fold_DarEsSalaam_K25_s3,UNet_S1S2,fold_DarEsSalaam,3,25,cfg_SCN_cdd8add6,SCN_UNet_S1S2_fold_DarEsSalaam_K25_s3,2026-08-12T08:00:00Z,2026-08-12T11:26:00Z,45,val_iou,0.2361761731,0.3821076288,0.2758290626,0.4290105827,0.3444495772,0.6200000000,0.5700000000,0.4300000000,reference_record,benchmark_anchor,60_epoch_record
run_SCN_UNet_S1S2_fold_DarEsSalaam_K25_s4,UNet_S1S2,fold_DarEsSalaam,4,25,cfg_SCN_cdd8add6,SCN_UNet_S1S2_fold_DarEsSalaam_K25_s4,2026-08-07T08:00:00Z,2026-08-07T11:54:00Z,41,val_iou,0.2105078078,0.3478008261,0.2250867017,0.3743241013,0.3247875358,0.6200000000,0.5700000000,0.4300000000,reference_record,benchmark_anchor,60_epoch_record
run_SCN_UNet_S1S2_fold_DarEsSalaam_K25_s5,UNet_S1S2,fold_DarEsSalaam,5,25,cfg_SCN_cdd8add6,SCN_UNet_S1S2_fold_DarEsSalaam_K25_s5,2026-08-11T08:00:00Z,2026-08-11T11:08:00Z,52,val_iou,0.2282057407,0.3716083277,0.2522910046,0.3972549297,0.3490723703,0.6200000000,0.5700000000,0.4300000000,reference_record,benchmark_anchor,60_epoch_record
run_SCN_UNet_S1S2_fold_DarEsSalaam_K25_s6,UNet_S1S2,fold_DarEsSalaam,6,25,cfg_SCN_cdd8add6,SCN_UNet_S1S2_fold_DarEsSalaam_K25_s6,2026-08-05T08:00:00Z,2026-08-05T10:31:00Z,41,val_iou,0.2090482440,0.3458062903,0.2213460869,0.3837961647,0.3146598408,0.6200000000,0.5700000000,0.4300000000,reference_record,benchmark_anchor,60_epoch_record
run_SCN_UNet_S1S2_fold_DarEsSalaam_K25_s7,UNet_S1S2,fold_DarEsSalaam,7,25,cfg_SCN_cdd8add6,SCN_UNet_S1S2_fold_DarEsSalaam_K25_s7,2026-08-11T08:00:00Z,2026-08-11T10:52:00Z,40,val_iou,0.2336830066,0.3788380083,0.2236877596,0.4085544960,0.3531513090,0.6200000000,0.5700000000,0.4300000000,reference_record,benchmark_anchor,60_epoch_record
run_SCN_UNet_S1S2_fold_DarEsSalaam_K25_s8,UNet_S1S2,fold_DarEsSalaam,8,25,cfg_SCN_cdd8add6,SCN_UNet_S1S2_fold_DarEsSalaam_K25_s8,2026-08-07T08:00:00Z,2026-08-07T11:57:00Z,41,val_iou,0.2167356137,0.3562575325,0.2306484645,0.3981899756,0.3223152745,0.6200000000,0.5700000000,0.4300000000,reference_record,benchmark_anchor,60_epoch_record
run_SCN_UNet_S1S2_fold_DarEsSalaam_K25_s9,UNet_S1S2,fold_DarEsSalaam,9,25,cfg_SCN_cdd8add6,SCN_UNet_S1S2_fold_DarEsSalaam_K25_s9,2026-08-06T08:00:00Z,2026-08-06T10:57:00Z,41,val_iou,0.2299861361,0.3739654121,0.2670280967,0.4083403898,0.3449285779,0.6200000000,0.5700000000,0.4300000000,reference_record,benchmark_anchor,60_epoch_record
run_SCN_UNet_S1S2_fold_DarEsSalaam_K25_s10,UNet_S1S2,fold_DarEsSalaam,10,25,cfg_SCN_cdd8add6,SCN_UNet_S1S2_fold_DarEsSalaam_K25_s10,2026-08-10T08:00:00Z,2026-08-10T10:48:00Z,40,val_iou,0.2367453074,0.3828521620,0.2622134338,0.4185071167,0.3527955427,0.6200000000,0.5700000000,0.4300000000,reference_record,benchmark_anchor,60_epoch_record
run_SCN_UNet_S1S2_fold_DarEsSalaam_K50_s1,UNet_S1S2,fold_DarEsSalaam,1,50,cfg_SCN_ddc3188d,SCN_UNet_S1S2_fold_DarEsSalaam_K50_s1,2026-08-10T08:00:00Z,2026-08-10T11:18:00Z,47,val_iou,0.2562164104,0.4079176300,0.3072659243,0.4456362400,0.3760857657,0.6200000000,0.5700000000,0.4300000000,reference_record,benchmark_anchor,60_epoch_record
run_SCN_UNet_S1S2_fold_DarEsSalaam_K50_s2,UNet_S1S2,fold_DarEsSalaam,2,50,cfg_SCN_ddc3188d,SCN_UNet_S1S2_fold_DarEsSalaam_K50_s2,2026-08-09T08:00:00Z,2026-08-09T11:25:00Z,46,val_iou,0.2482933772,0.3978125363,0.3111852195,0.4261477172,0.3730105246,0.6200000000,0.5700000000,0.4300000000,reference_record,benchmark_anchor,60_epoch_record
run_SCN_UNet_S1S2_fold_DarEsSalaam_K50_s3,UNet_S1S2,fold_DarEsSalaam,3,50,cfg_SCN_ddc3188d,SCN_UNet_S1S2_fold_DarEsSalaam_K50_s3,2026-08-06T08:00:00Z,2026-08-06T11:04:00Z,45,val_iou,0.2453878674,0.3940746074,0.2528896506,0.4166112811,0.3738510568,0.6200000000,0.5700000000,0.4300000000,reference_record,benchmark_anchor,60_epoch_record
run_SCN_UNet_S1S2_fold_DarEsSalaam_K50_s4,UNet_S1S2,fold_DarEsSalaam,4,50,cfg_SCN_ddc3188d,SCN_UNet_S1S2_fold_DarEsSalaam_K50_s4,2026-08-08T08:00:00Z,2026-08-08T11:00:00Z,48,val_iou,0.2494057677,0.3992390209,0.2849762220,0.4316436232,0.3713600613,0.6200000000,0.5700000000,0.4300000000,reference_record,benchmark_anchor,60_epoch_record
run_SCN_UNet_S1S2_fold_DarEsSalaam_K50_s5,UNet_S1S2,fold_DarEsSalaam,5,50,cfg_SCN_ddc3188d,SCN_UNet_S1S2_fold_DarEsSalaam_K50_s5,2026-08-12T08:00:00Z,2026-08-12T11:49:00Z,52,val_iou,0.2273003475,0.3704070450,0.2556041925,0.3937833726,0.3496505903,0.6200000000,0.5700000000,0.4300000000,reference_record,benchmark_anchor,60_epoch_record
run_SCN_UNet_S1S2_fold_DarEsSalaam_K50_s6,UNet_S1S2,fold_DarEsSalaam,6,50,cfg_SCN_ddc3188d,SCN_UNet_S1S2_fold_DarEsSalaam_K50_s6,2026-08-12T08:00:00Z,2026-08-12T11:23:00Z,50,val_iou,0.2534438113,0.4043959674,0.2879606954,0.4400446885,0.3740903151,0.6200000000,0.5700000000,0.4300000000,reference_record,benchmark_anchor,60_epoch_record
run_SCN_UNet_S1S2_fold_DarEsSalaam_K50_s7,UNet_S1S2,fold_DarEsSalaam,7,50,cfg_SCN_ddc3188d,SCN_UNet_S1S2_fold_DarEsSalaam_K50_s7,2026-08-10T08:00:00Z,2026-08-10T10:41:00Z,41,val_iou,0.2256246459,0.3681790288,0.2500858883,0.4101597374,0.3339940390,0.6200000000,0.5700000000,0.4300000000,reference_record,benchmark_anchor,60_epoch_record
run_SCN_UNet_S1S2_fold_DarEsSalaam_K50_s8,UNet_S1S2,fold_DarEsSalaam,8,50,cfg_SCN_ddc3188d,SCN_UNet_S1S2_fold_DarEsSalaam_K50_s8,2026-08-08T08:00:00Z,2026-08-08T10:33:00Z,49,val_iou,0.2691580281,0.4241521106,0.3117537925,0.4565278194,0.3960643091,0.6200000000,0.5700000000,0.4300000000,reference_record,benchmark_anchor,60_epoch_record
run_SCN_UNet_S1S2_fold_DarEsSalaam_K50_s9,UNet_S1S2,fold_DarEsSalaam,9,50,cfg_SCN_ddc3188d,SCN_UNet_S1S2_fold_DarEsSalaam_K50_s9,2026-08-12T08:00:00Z,2026-08-12T11:07:00Z,53,val_iou,0.2526822338,0.4034259080,0.2658461106,0.4357642100,0.3755557118,0.6200000000,0.5700000000,0.4300000000,reference_record,benchmark_anchor,60_epoch_record
run_SCN_UNet_S1S2_fold_DarEsSalaam_K50_s10,UNet_S1S2,fold_DarEsSalaam,10,50,cfg_SCN_ddc3188d,SCN_UNet_S1S2_fold_DarEsSalaam_K50_s10,2026-08-12T08:00:00Z,2026-08-12T10:41:00Z,47,val_iou,0.2382322331,0.3847941069,0.2414465159,0.4178210681,0.3566059388,0.6200000000,0.5700000000,0.4300000000,reference_record,benchmark_anchor,60_epoch_record
run_SCN_UNet_S1S2_fold_Douala_K10_s1,UNet_S1S2,fold_Douala,1,10,cfg_SCN_7c8cf7c5,SCN_UNet_S1S2_fold_Douala_K10_s1,2026-08-06T08:00:00Z,2026-08-06T11:05:00Z,53,val_iou,0.1811248920,0.3066989668,0.2141983375,0.3292532988,0.2870365441,0.6200000000,0.5700000000,0.4300000000,reference_record,benchmark_anchor,60_epoch_record
run_SCN_UNet_S1S2_fold_Douala_K10_s2,UNet_S1S2,fold_Douala,2,10,cfg_SCN_7c8cf7c5,SCN_UNet_S1S2_fold_Douala_K10_s2,2026-08-09T08:00:00Z,2026-08-09T10:46:00Z,46,val_iou,0.1923081926,0.3225813490,0.2290101799,0.3616710176,0.2911171897,0.6200000000,0.5700000000,0.4300000000,reference_record,benchmark_anchor,60_epoch_record
run_SCN_UNet_S1S2_fold_Douala_K10_s3,UNet_S1S2,fold_Douala,3,10,cfg_SCN_7c8cf7c5,SCN_UNet_S1S2_fold_Douala_K10_s3,2026-08-05T08:00:00Z,2026-08-05T11:53:00Z,53,val_iou,0.2078090059,0.3441090519,0.2433897332,0.3695808568,0.3219219373,0.6200000000,0.5700000000,0.4300000000,reference_record,benchmark_anchor,60_epoch_record
run_SCN_UNet_S1S2_fold_Douala_K10_s4,UNet_S1S2,fold_Douala,4,10,cfg_SCN_7c8cf7c5,SCN_UNet_S1S2_fold_Douala_K10_s4,2026-08-11T08:00:00Z,2026-08-11T11:17:00Z,43,val_iou,0.1833111234,0.3098274322,0.2119040075,0.3556285996,0.2744776419,0.6200000000,0.5700000000,0.4300000000,reference_record,benchmark_anchor,60_epoch_record
run_SCN_UNet_S1S2_fold_Douala_K10_s5,UNet_S1S2,fold_Douala,5,10,cfg_SCN_7c8cf7c5,SCN_UNet_S1S2_fold_Douala_K10_s5,2026-08-11T08:00:00Z,2026-08-11T11:34:00Z,43,val_iou,0.1858881522,0.3135003109,0.2385955779,0.3400172558,0.2908201069,0.6200000000,0.5700000000,0.4300000000,reference_record,benchmark_anchor,60_epoch_record
run_SCN_UNet_S1S2_fold_Douala_K10_s6,UNet_S1S2,fold_Douala,6,10,cfg_SCN_7c8cf7c5,SCN_UNet_S1S2_fold_Douala_K10_s6,2026-08-11T08:00:00Z,2026-08-11T11:33:00Z,44,val_iou,0.1961149571,0.3279199143,0.2307447362,0.3570620999,0.3031757482,0.6200000000,0.5700000000,0.4300000000,reference_record,benchmark_anchor,60_epoch_record
run_SCN_UNet_S1S2_fold_Douala_K10_s7,UNet_S1S2,fold_Douala,7,10,cfg_SCN_7c8cf7c5,SCN_UNet_S1S2_fold_Douala_K10_s7,2026-08-10T08:00:00Z,2026-08-10T10:51:00Z,51,val_iou,0.1819178501,0.3078350160,0.2032076905,0.3484749180,0.2756841333,0.6200000000,0.5700000000,0.4300000000,reference_record,benchmark_anchor,60_epoch_record
run_SCN_UNet_S1S2_fold_Douala_K10_s8,UNet_S1S2,fold_Douala,8,10,cfg_SCN_7c8cf7c5,SCN_UNet_S1S2_fold_Douala_K10_s8,2026-08-09T08:00:00Z,2026-08-09T11:53:00Z,43,val_iou,0.2012359440,0.3350481560,0.2267314438,0.3790524050,0.3001981133,0.6200000000,0.5700000000,0.4300000000,reference_record,benchmark_anchor,60_epoch_record
run_SCN_UNet_S1S2_fold_Douala_K10_s9,UNet_S1S2,fold_Douala,9,10,cfg_SCN_7c8cf7c5,SCN_UNet_S1S2_fold_Douala_K10_s9,2026-08-08T08:00:00Z,2026-08-08T11:29:00Z,48,val_iou,0.1928623621,0.3233606294,0.1988147044,0.3495490358,0.3008228181,0.6200000000,0.5700000000,0.4300000000,reference_record,benchmark_anchor,60_epoch_record
run_SCN_UNet_S1S2_fold_Douala_K10_s10,UNet_S1S2,fold_Douala,10,10,cfg_SCN_7c8cf7c5,SCN_UNet_S1S2_fold_Douala_K10_s10,2026-08-10T08:00:00Z,2026-08-10T11:52:00Z,50,val_iou,0.2095825336,0.3465369708,0.2353420685,0.3787344425,0.3193849928,0.6200000000,0.5700000000,0.4300000000,reference_record,benchmark_anchor,60_epoch_record
run_SCN_UNet_S1S2_fold_Douala_K25_s1,UNet_S1S2,fold_Douala,1,25,cfg_SCN_cdd8add6,SCN_UNet_S1S2_fold_Douala_K25_s1,2026-08-09T08:00:00Z,2026-08-09T11:30:00Z,53,val_iou,0.2212114218,0.3622819404,0.2132123322,0.3899251261,0.3382987341,0.6200000000,0.5700000000,0.4300000000,reference_record,benchmark_anchor,60_epoch_record
run_SCN_UNet_S1S2_fold_Douala_K25_s2,UNet_S1S2,fold_Douala,2,25,cfg_SCN_cdd8add6,SCN_UNet_S1S2_fold_Douala_K25_s2,2026-08-06T08:00:00Z,2026-08-06T10:48:00Z,50,val_iou,0.2170216312,0.3566438354,0.2375975987,0.4029607713,0.3198767104,0.6200000000,0.5700000000,0.4300000000,reference_record,benchmark_anchor,60_epoch_record
run_SCN_UNet_S1S2_fold_Douala_K25_s3,UNet_S1S2,fold_Douala,3,25,cfg_SCN_cdd8add6,SCN_UNet_S1S2_fold_Douala_K25_s3,2026-08-09T08:00:00Z,2026-08-09T11:34:00Z,44,val_iou,0.1949825624,0.3263354104,0.1875995198,0.3735676489,0.2897062372,0.6200000000,0.5700000000,0.4300000000,reference_record,benchmark_anchor,60_epoch_record
run_SCN_UNet_S1S2_fold_Douala_K25_s4,UNet_S1S2,fold_Douala,4,25,cfg_SCN_cdd8add6,SCN_UNet_S1S2_fold_Douala_K25_s4,2026-08-10T08:00:00Z,2026-08-10T11:30:00Z,47,val_iou,0.1968881708,0.3290001114,0.2161736658,0.3699257964,0.2962277945,0.6200000000,0.5700000000,0.4300000000,reference_record,benchmark_anchor,60_epoch_record
run_SCN_UNet_S1S2_fold_Douala_K25_s5,UNet_S1S2,fold_Douala,5,25,cfg_SCN_cdd8add6,SCN_UNet_S1S2_fold_Douala_K25_s5,2026-08-08T08:00:00Z,2026-08-08T11:07:00Z,48,val_iou,0.2105358306,0.3478390730,0.2556177847,0.3822176393,0.3191345182,0.6200000000,0.5700000000,0.4300000000,reference_record,benchmark_anchor,60_epoch_record
run_SCN_UNet_S1S2_fold_Douala_K25_s6,UNet_S1S2,fold_Douala,6,25,cfg_SCN_cdd8add6,SCN_UNet_S1S2_fold_Douala_K25_s6,2026-08-10T08:00:00Z,2026-08-10T11:33:00Z,47,val_iou,0.2152243299,0.3542133327,0.2775213513,0.3818703596,0.3302918857,0.6200000000,0.5700000000,0.4300000000,reference_record,benchmark_anchor,60_epoch_record
run_SCN_UNet_S1S2_fold_Douala_K25_s7,UNet_S1S2,fold_Douala,7,25,cfg_SCN_cdd8add6,SCN_UNet_S1S2_fold_Douala_K25_s7,2026-08-11T08:00:00Z,2026-08-11T11:27:00Z,54,val_iou,0.2211824135,0.3622430377,0.2717409372,0.3928977528,0.3360256078,0.6200000000,0.5700000000,0.4300000000,reference_record,benchmark_anchor,60_epoch_record
run_SCN_UNet_S1S2_fold_Douala_K25_s8,UNet_S1S2,fold_Douala,8,25,cfg_SCN_cdd8add6,SCN_UNet_S1S2_fold_Douala_K25_s8,2026-08-10T08:00:00Z,2026-08-10T11:55:00Z,44,val_iou,0.2289931178,0.3726515869,0.2233272297,0.4035246839,0.3461668554,0.6200000000,0.5700000000,0.4300000000,reference_record,benchmark_anchor,60_epoch_record
run_SCN_UNet_S1S2_fold_Douala_K25_s9,UNet_S1S2,fold_Douala,9,25,cfg_SCN_cdd8add6,SCN_UNet_S1S2_fold_Douala_K25_s9,2026-08-11T08:00:00Z,2026-08-11T11:29:00Z,45,val_iou,0.2060813258,0.3417370312,0.2088263868,0.3665839861,0.3200445084,0.6200000000,0.5700000000,0.4300000000,reference_record,benchmark_anchor,60_epoch_record
run_SCN_UNet_S1S2_fold_Douala_K25_s10,UNet_S1S2,fold_Douala,10,25,cfg_SCN_cdd8add6,SCN_UNet_S1S2_fold_Douala_K25_s10,2026-08-09T08:00:00Z,2026-08-09T10:52:00Z,43,val_iou,0.2204161561,0.3612147463,0.2507011880,0.3966737101,0.3315750051,0.6200000000,0.5700000000,0.4300000000,reference_record,benchmark_anchor,60_epoch_record
run_SCN_UNet_S1S2_fold_Douala_K50_s1,UNet_S1S2,fold_Douala,1,50,cfg_SCN_ddc3188d,SCN_UNet_S1S2_fold_Douala_K50_s1,2026-08-08T08:00:00Z,2026-08-08T10:43:00Z,47,val_iou,0.2214255945,0.3625691086,0.2603766829,0.3922858261,0.3370375948,0.6200000000,0.5700000000,0.4300000000,reference_record,benchmark_anchor,60_epoch_record
run_SCN_UNet_S1S2_fold_Douala_K50_s2,UNet_S1S2,fold_Douala,2,50,cfg_SCN_ddc3188d,SCN_UNet_S1S2_fold_Douala_K50_s2,2026-08-11T08:00:00Z,2026-08-11T10:50:00Z,42,val_iou,0.2325429091,0.3773384397,0.2474620774,0.4084985779,0.3505951557,0.6200000000,0.5700000000,0.4300000000,reference_record,benchmark_anchor,60_epoch_record
run_SCN_UNet_S1S2_fold_Douala_K50_s3,UNet_S1S2,fold_Douala,3,50,cfg_SCN_ddc3188d,SCN_UNet_S1S2_fold_Douala_K50_s3,2026-08-06T08:00:00Z,2026-08-06T10:43:00Z,41,val_iou,0.2312516322,0.3756366711,0.2645778808,0.4135620755,0.3440828113,0.6200000000,0.5700000000,0.4300000000,reference_record,benchmark_anchor,60_epoch_record
run_SCN_UNet_S1S2_fold_Douala_K50_s4,UNet_S1S2,fold_Douala,4,50,cfg_SCN_ddc3188d,SCN_UNet_S1S2_fold_Douala_K50_s4,2026-08-11T08:00:00Z,2026-08-11T10:32:00Z,50,val_iou,0.2224078157,0.3638848064,0.2467593717,0.3865940038,0.3436955387,0.6200000000,0.5700000000,0.4300000000,reference_record,benchmark_anchor,60_epoch_record
run_SCN_UNet_S1S2_fold_Douala_K50_s5,UNet_S1S2,fold_Douala,5,50,cfg_SCN_ddc3188d,SCN_UNet_S1S2_fold_Douala_K50_s5,2026-08-09T08:00:00Z,2026-08-09T10:53:00Z,46,val_iou,0.2226618397,0.3642247307,0.2079549898,0.3977349753,0.3359223653,0.6200000000,0.5700000000,0.4300000000,reference_record,benchmark_anchor,60_epoch_record
run_SCN_UNet_S1S2_fold_Douala_K50_s6,UNet_S1S2,fold_Douala,6,50,cfg_SCN_ddc3188d,SCN_UNet_S1S2_fold_Douala_K50_s6,2026-08-08T08:00:00Z,2026-08-08T11:23:00Z,45,val_iou,0.2199061941,0.3605296787,0.2466558130,0.3870506276,0.3374101277,0.6200000000,0.5700000000,0.4300000000,reference_record,benchmark_anchor,60_epoch_record
run_SCN_UNet_S1S2_fold_Douala_K50_s7,UNet_S1S2,fold_Douala,7,50,cfg_SCN_ddc3188d,SCN_UNet_S1S2_fold_Douala_K50_s7,2026-08-05T08:00:00Z,2026-08-05T11:14:00Z,42,val_iou,0.2586641557,0.4110137792,0.2950764208,0.4468256837,0.3805163903,0.6200000000,0.5700000000,0.4300000000,reference_record,benchmark_anchor,60_epoch_record
run_SCN_UNet_S1S2_fold_Douala_K50_s8,UNet_S1S2,fold_Douala,8,50,cfg_SCN_ddc3188d,SCN_UNet_S1S2_fold_Douala_K50_s8,2026-08-06T08:00:00Z,2026-08-06T10:59:00Z,54,val_iou,0.2290568396,0.3727359585,0.2519940469,0.4120041669,0.3403017257,0.6200000000,0.5700000000,0.4300000000,reference_record,benchmark_anchor,60_epoch_record
run_SCN_UNet_S1S2_fold_Douala_K50_s9,UNet_S1S2,fold_Douala,9,50,cfg_SCN_ddc3188d,SCN_UNet_S1S2_fold_Douala_K50_s9,2026-08-05T08:00:00Z,2026-08-05T11:54:00Z,53,val_iou,0.2298372956,0.3737686220,0.2636098783,0.3968012184,0.3532632183,0.6200000000,0.5700000000,0.4300000000,reference_record,benchmark_anchor,60_epoch_record
run_SCN_UNet_S1S2_fold_Douala_K50_s10,UNet_S1S2,fold_Douala,10,50,cfg_SCN_ddc3188d,SCN_UNet_S1S2_fold_Douala_K50_s10,2026-08-07T08:00:00Z,2026-08-07T11:43:00Z,53,val_iou,0.2251772398,0.3675831259,0.2414668293,0.3910254809,0.3467925762,0.6200000000,0.5700000000,0.4300000000,reference_record,benchmark_anchor,60_epoch_record
run_SCN_UNet_S1S2_fold_Garoua_K10_s1,UNet_S1S2,fold_Garoua,1,10,cfg_SCN_7c8cf7c5,SCN_UNet_S1S2_fold_Garoua_K10_s1,2026-08-07T08:00:00Z,2026-08-07T11:58:00Z,54,val_iou,0.2460601041,0.3949409877,0.2843996838,0.4393798737,0.3586655494,0.6200000000,0.5700000000,0.4300000000,reference_record,benchmark_anchor,60_epoch_record
run_SCN_UNet_S1S2_fold_Garoua_K10_s2,UNet_S1S2,fold_Garoua,2,10,cfg_SCN_7c8cf7c5,SCN_UNet_S1S2_fold_Garoua_K10_s2,2026-08-09T08:00:00Z,2026-08-09T11:58:00Z,50,val_iou,0.2494384599,0.3992809057,0.2715007913,0.4300127430,0.3726487187,0.6200000000,0.5700000000,0.4300000000,reference_record,benchmark_anchor,60_epoch_record
run_SCN_UNet_S1S2_fold_Garoua_K10_s3,UNet_S1S2,fold_Garoua,3,10,cfg_SCN_7c8cf7c5,SCN_UNet_S1S2_fold_Garoua_K10_s3,2026-08-09T08:00:00Z,2026-08-09T10:56:00Z,40,val_iou,0.2652585795,0.4192954449,0.2605959905,0.4458850335,0.3956986360,0.6200000000,0.5700000000,0.4300000000,reference_record,benchmark_anchor,60_epoch_record
run_SCN_UNet_S1S2_fold_Garoua_K10_s4,UNet_S1S2,fold_Garoua,4,10,cfg_SCN_7c8cf7c5,SCN_UNet_S1S2_fold_Garoua_K10_s4,2026-08-05T08:00:00Z,2026-08-05T11:38:00Z,53,val_iou,0.2494341381,0.3992753687,0.2751493084,0.4455083532,0.3617359339,0.6200000000,0.5700000000,0.4300000000,reference_record,benchmark_anchor,60_epoch_record
run_SCN_UNet_S1S2_fold_Garoua_K10_s5,UNet_S1S2,fold_Garoua,5,10,cfg_SCN_7c8cf7c5,SCN_UNet_S1S2_fold_Garoua_K10_s5,2026-08-06T08:00:00Z,2026-08-06T11:15:00Z,41,val_iou,0.2437296149,0.3919334427,0.2541713818,0.4245480167,0.3639724010,0.6200000000,0.5700000000,0.4300000000,reference_record,benchmark_anchor,60_epoch_record
run_SCN_UNet_S1S2_fold_Garoua_K10_s6,UNet_S1S2,fold_Garoua,6,10,cfg_SCN_7c8cf7c5,SCN_UNet_S1S2_fold_Garoua_K10_s6,2026-08-06T08:00:00Z,2026-08-06T10:54:00Z,49,val_iou,0.2302047502,0.3742543672,0.2251276085,0.4077981269,0.3458095290,0.6200000000,0.5700000000,0.4300000000,reference_record,benchmark_anchor,60_epoch_record
run_SCN_UNet_S1S2_fold_Garoua_K10_s7,UNet_S1S2,fold_Garoua,7,10,cfg_SCN_7c8cf7c5,SCN_UNet_S1S2_fold_Garoua_K10_s7,2026-08-10T08:00:00Z,2026-08-10T11:08:00Z,49,val_iou,0.2363193162,0.3822949510,0.2663122770,0.4223201332,0.3491997200,0.6200000000,0.5700000000,0.4300000000,reference_record,benchmark_anchor,60_epoch_record
run_SCN_UNet_S1S2_fold_Garoua_K10_s8,UNet_S1S2,fold_Garoua,8,10,cfg_SCN_7c8cf7c5,SCN_UNet_S1S2_fold_Garoua_K10_s8,2026-08-06T08:00:00Z,2026-08-06T11:45:00Z,40,val_iou,0.2512284325,0.4015708499,0.2504765332,0.4469454666,0.3645601245,0.6200000000,0.5700000000,0.4300000000,reference_record,benchmark_anchor,60_epoch_record
run_SCN_UNet_S1S2_fold_Garoua_K10_s9,UNet_S1S2,fold_Garoua,9,10,cfg_SCN_7c8cf7c5,SCN_UNet_S1S2_fold_Garoua_K10_s9,2026-08-08T08:00:00Z,2026-08-08T11:42:00Z,53,val_iou,0.2581104720,0.4103144799,0.3057932434,0.4337271630,0.3892999851,0.6200000000,0.5700000000,0.4300000000,reference_record,benchmark_anchor,60_epoch_record
run_SCN_UNet_S1S2_fold_Garoua_K10_s10,UNet_S1S2,fold_Garoua,10,10,cfg_SCN_7c8cf7c5,SCN_UNet_S1S2_fold_Garoua_K10_s10,2026-08-05T08:00:00Z,2026-08-05T11:40:00Z,51,val_iou,0.2447390860,0.3932375689,0.2720682963,0.4315023284,0.3612065020,0.6200000000,0.5700000000,0.4300000000,reference_record,benchmark_anchor,60_epoch_record
run_SCN_UNet_S1S2_fold_Garoua_K25_s1,UNet_S1S2,fold_Garoua,1,25,cfg_SCN_cdd8add6,SCN_UNet_S1S2_fold_Garoua_K25_s1,2026-08-07T08:00:00Z,2026-08-07T11:17:00Z,53,val_iou,0.2597696848,0.4124082171,0.2796076563,0.4497102663,0.3808203678,0.6200000000,0.5700000000,0.4300000000,reference_record,benchmark_anchor,60_epoch_record
run_SCN_UNet_S1S2_fold_Garoua_K25_s2,UNet_S1S2,fold_Garoua,2,25,cfg_SCN_cdd8add6,SCN_UNet_S1S2_fold_Garoua_K25_s2,2026-08-09T08:00:00Z,2026-08-09T11:40:00Z,43,val_iou,0.2545032152,0.4057434244,0.2786292839,0.4299216865,0.3841398746,0.6200000000,0.5700000000,0.4300000000,reference_record,benchmark_anchor,60_epoch_record
run_SCN_UNet_S1S2_fold_Garoua_K25_s3,UNet_S1S2,fold_Garoua,3,25,cfg_SCN_cdd8add6,SCN_UNet_S1S2_fold_Garoua_K25_s3,2026-08-12T08:00:00Z,2026-08-12T11:55:00Z,50,val_iou,0.2625427093,0.4158951731,0.3067255314,0.4622584963,0.3779843293,0.6200000000,0.5700000000,0.4300000000,reference_record,benchmark_anchor,60_epoch_record
run_SCN_UNet_S1S2_fold_Garoua_K25_s4,UNet_S1S2,fold_Garoua,4,25,cfg_SCN_cdd8add6,SCN_UNet_S1S2_fold_Garoua_K25_s4,2026-08-10T08:00:00Z,2026-08-10T11:28:00Z,47,val_iou,0.2704033208,0.4256968104,0.2716490071,0.4542478729,0.4005225704,0.6200000000,0.5700000000,0.4300000000,reference_record,benchmark_anchor,60_epoch_record
run_SCN_UNet_S1S2_fold_Garoua_K25_s5,UNet_S1S2,fold_Garoua,5,25,cfg_SCN_cdd8add6,SCN_UNet_S1S2_fold_Garoua_K25_s5,2026-08-09T08:00:00Z,2026-08-09T10:32:00Z,42,val_iou,0.2418172989,0.3894571272,0.2616285626,0.4327542869,0.3540357719,0.6200000000,0.5700000000,0.4300000000,reference_record,benchmark_anchor,60_epoch_record
run_SCN_UNet_S1S2_fold_Garoua_K25_s6,UNet_S1S2,fold_Garoua,6,25,cfg_SCN_cdd8add6,SCN_UNet_S1S2_fold_Garoua_K25_s6,2026-08-06T08:00:00Z,2026-08-06T11:58:00Z,53,val_iou,0.2585884613,0.4109182140,0.3031199980,0.4471498520,0.3801180276,0.6200000000,0.5700000000,0.4300000000,reference_record,benchmark_anchor,60_epoch_record
run_SCN_UNet_S1S2_fold_Garoua_K25_s7,UNet_S1S2,fold_Garoua,7,25,cfg_SCN_cdd8add6,SCN_UNet_S1S2_fold_Garoua_K25_s7,2026-08-05T08:00:00Z,2026-08-05T11:31:00Z,53,val_iou,0.2589733363,0.4114040049,0.3089361905,0.4587823038,0.3728952355,0.6200000000,0.5700000000,0.4300000000,reference_record,benchmark_anchor,60_epoch_record
run_SCN_UNet_S1S2_fold_Garoua_K25_s8,UNet_S1S2,fold_Garoua,8,25,cfg_SCN_cdd8add6,SCN_UNet_S1S2_fold_Garoua_K25_s8,2026-08-07T08:00:00Z,2026-08-07T11:23:00Z,43,val_iou,0.2537904974,0.4048371684,0.2682340031,0.4517732710,0.3667358615,0.6200000000,0.5700000000,0.4300000000,reference_record,benchmark_anchor,60_epoch_record
run_SCN_UNet_S1S2_fold_Garoua_K25_s9,UNet_S1S2,fold_Garoua,9,25,cfg_SCN_cdd8add6,SCN_UNet_S1S2_fold_Garoua_K25_s9,2026-08-06T08:00:00Z,2026-08-06T11:43:00Z,48,val_iou,0.2672166728,0.4217379372,0.3019653089,0.4486162341,0.3978983413,0.6200000000,0.5700000000,0.4300000000,reference_record,benchmark_anchor,60_epoch_record
run_SCN_UNet_S1S2_fold_Garoua_K25_s10,UNet_S1S2,fold_Garoua,10,25,cfg_SCN_cdd8add6,SCN_UNet_S1S2_fold_Garoua_K25_s10,2026-08-05T08:00:00Z,2026-08-05T10:32:00Z,44,val_iou,0.2804741924,0.4380786338,0.2821873839,0.4637305179,0.4151159317,0.6200000000,0.5700000000,0.4300000000,reference_record,benchmark_anchor,60_epoch_record
run_SCN_UNet_S1S2_fold_Garoua_K50_s1,UNet_S1S2,fold_Garoua,1,50,cfg_SCN_ddc3188d,SCN_UNet_S1S2_fold_Garoua_K50_s1,2026-08-07T08:00:00Z,2026-08-07T11:34:00Z,43,val_iou,0.2871218255,0.4461455316,0.3205285761,0.4831843237,0.4143809077,0.6200000000,0.5700000000,0.4300000000,reference_record,benchmark_anchor,60_epoch_record
run_SCN_UNet_S1S2_fold_Garoua_K50_s2,UNet_S1S2,fold_Garoua,2,50,cfg_SCN_ddc3188d,SCN_UNet_S1S2_fold_Garoua_K50_s2,2026-08-05T08:00:00Z,2026-08-05T11:58:00Z,44,val_iou,0.2793617545,0.4367205031,0.3040385080,0.4609530159,0.4149085681,0.6200000000,0.5700000000,0.4300000000,reference_record,benchmark_anchor,60_epoch_record
run_SCN_UNet_S1S2_fold_Garoua_K50_s3,UNet_S1S2,fold_Garoua,3,50,cfg_SCN_ddc3188d,SCN_UNet_S1S2_fold_Garoua_K50_s3,2026-08-05T08:00:00Z,2026-08-05T10:45:00Z,44,val_iou,0.2698958231,0.4250676601,0.2891151838,0.4713171313,0.3870838443,0.6200000000,0.5700000000,0.4300000000,reference_record,benchmark_anchor,60_epoch_record
run_SCN_UNet_S1S2_fold_Garoua_K50_s4,UNet_S1S2,fold_Garoua,4,50,cfg_SCN_ddc3188d,SCN_UNet_S1S2_fold_Garoua_K50_s4,2026-08-10T08:00:00Z,2026-08-10T10:37:00Z,45,val_iou,0.2954065619,0.4560831643,0.3276973390,0.4885306426,0.4276774636,0.6200000000,0.5700000000,0.4300000000,reference_record,benchmark_anchor,60_epoch_record
run_SCN_UNet_S1S2_fold_Garoua_K50_s5,UNet_S1S2,fold_Garoua,5,50,cfg_SCN_ddc3188d,SCN_UNet_S1S2_fold_Garoua_K50_s5,2026-08-05T08:00:00Z,2026-08-05T10:39:00Z,52,val_iou,0.2895003215,0.4490116314,0.2777553751,0.4911847773,0.4135078314,0.6200000000,0.5700000000,0.4300000000,reference_record,benchmark_anchor,60_epoch_record
run_SCN_UNet_S1S2_fold_Garoua_K50_s6,UNet_S1S2,fold_Garoua,6,50,cfg_SCN_ddc3188d,SCN_UNet_S1S2_fold_Garoua_K50_s6,2026-08-06T08:00:00Z,2026-08-06T10:55:00Z,46,val_iou,0.2772542680,0.4341410711,0.3437244179,0.4582383470,0.4124515739,0.6200000000,0.5700000000,0.4300000000,reference_record,benchmark_anchor,60_epoch_record
run_SCN_UNet_S1S2_fold_Garoua_K50_s7,UNet_S1S2,fold_Garoua,7,50,cfg_SCN_ddc3188d,SCN_UNet_S1S2_fold_Garoua_K50_s7,2026-08-05T08:00:00Z,2026-08-05T10:49:00Z,47,val_iou,0.2948124436,0.4553747457,0.2988894459,0.4964785893,0.4205565463,0.6200000000,0.5700000000,0.4300000000,reference_record,benchmark_anchor,60_epoch_record
run_SCN_UNet_S1S2_fold_Garoua_K50_s8,UNet_S1S2,fold_Garoua,8,50,cfg_SCN_ddc3188d,SCN_UNet_S1S2_fold_Garoua_K50_s8,2026-08-05T08:00:00Z,2026-08-05T11:28:00Z,40,val_iou,0.3001490826,0.4617148705,0.3104676437,0.4907981912,0.4358855202,0.6200000000,0.5700000000,0.4300000000,reference_record,benchmark_anchor,60_epoch_record
run_SCN_UNet_S1S2_fold_Garoua_K50_s9,UNet_S1S2,fold_Garoua,9,50,cfg_SCN_ddc3188d,SCN_UNet_S1S2_fold_Garoua_K50_s9,2026-08-07T08:00:00Z,2026-08-07T11:00:00Z,42,val_iou,0.2594168353,0.4119634232,0.3028099951,0.4407675313,0.3866930747,0.6200000000,0.5700000000,0.4300000000,reference_record,benchmark_anchor,60_epoch_record
run_SCN_UNet_S1S2_fold_Garoua_K50_s10,UNet_S1S2,fold_Garoua,10,50,cfg_SCN_ddc3188d,SCN_UNet_S1S2_fold_Garoua_K50_s10,2026-08-12T08:00:00Z,2026-08-12T10:56:00Z,48,val_iou,0.2912155813,0.4510719751,0.3340060635,0.4880874217,0.4192750995,0.6200000000,0.5700000000,0.4300000000,reference_record,benchmark_anchor,60_epoch_record
run_SCN_UNet_S1S2_fold_Kigali_K10_s1,UNet_S1S2,fold_Kigali,1,10,cfg_SCN_7c8cf7c5,SCN_UNet_S1S2_fold_Kigali_K10_s1,2026-08-10T08:00:00Z,2026-08-10T10:51:00Z,50,val_iou,0.2280364886,0.3713838974,0.2348061179,0.4163176354,0.3352047818,0.6200000000,0.5700000000,0.4300000000,reference_record,benchmark_anchor,60_epoch_record
run_SCN_UNet_S1S2_fold_Kigali_K10_s2,UNet_S1S2,fold_Kigali,2,10,cfg_SCN_7c8cf7c5,SCN_UNet_S1S2_fold_Kigali_K10_s2,2026-08-05T08:00:00Z,2026-08-05T10:38:00Z,53,val_iou,0.2435330989,0.3916793194,0.2905097622,0.4157544860,0.3702397806,0.6200000000,0.5700000000,0.4300000000,reference_record,benchmark_anchor,60_epoch_record
run_SCN_UNet_S1S2_fold_Kigali_K10_s3,UNet_S1S2,fold_Kigali,3,10,cfg_SCN_7c8cf7c5,SCN_UNet_S1S2_fold_Kigali_K10_s3,2026-08-06T08:00:00Z,2026-08-06T11:46:00Z,52,val_iou,0.2394463966,0.3863763649,0.2798487539,0.4293716249,0.3512080396,0.6200000000,0.5700000000,0.4300000000,reference_record,benchmark_anchor,60_epoch_record
run_SCN_UNet_S1S2_fold_Kigali_K10_s4,UNet_S1S2,fold_Kigali,4,10,cfg_SCN_7c8cf7c5,SCN_UNet_S1S2_fold_Kigali_K10_s4,2026-08-12T08:00:00Z,2026-08-12T10:59:00Z,43,val_iou,0.2225482382,0.3640727315,0.2340951750,0.3883860303,0.3426241647,0.6200000000,0.5700000000,0.4300000000,reference_record,benchmark_anchor,60_epoch_record
run_SCN_UNet_S1S2_fold_Kigali_K10_s5,UNet_S1S2,fold_Kigali,5,10,cfg_SCN_7c8cf7c5,SCN_UNet_S1S2_fold_Kigali_K10_s5,2026-08-08T08:00:00Z,2026-08-08T11:27:00Z,43,val_iou,0.2276282184,0.3708422713,0.2432627922,0.4036797110,0.3429452902,0.6200000000,0.5700000000,0.4300000000,reference_record,benchmark_anchor,60_epoch_record
run_SCN_UNet_S1S2_fold_Kigali_K10_s6,UNet_S1S2,fold_Kigali,6,10,cfg_SCN_7c8cf7c5,SCN_UNet_S1S2_fold_Kigali_K10_s6,2026-08-10T08:00:00Z,2026-08-10T11:09:00Z,41,val_iou,0.2308006753,0.3750415155,0.2544159792,0.4113435156,0.3446273671,0.6200000000,0.5700000000,0.4300000000,reference_record,benchmark_anchor,60_epoch_record
run_SCN_UNet_S1S2_fold_Kigali_K10_s7,UNet_S1S2,fold_Kigali,7,10,cfg_SCN_7c8cf7c5,SCN_UNet_S1S2_fold_Kigali_K10_s7,2026-08-09T08:00:00Z,2026-08-09T11:42:00Z,50,val_iou,0.2204305396,0.3612340603,0.2712366659,0.4018303231,0.3280878768,0.6200000000,0.5700000000,0.4300000000,reference_record,benchmark_anchor,60_epoch_record
run_SCN_UNet_S1S2_fold_Kigali_K10_s8,UNet_S1S2,fold_Kigali,8,10,cfg_SCN_7c8cf7c5,SCN_UNet_S1S2_fold_Kigali_K10_s8,2026-08-11T08:00:00Z,2026-08-11T10:50:00Z,45,val_iou,0.2270944119,0.3701335606,0.2513905959,0.4114280332,0.3363723271,0.6200000000,0.5700000000,0.4300000000,reference_record,benchmark_anchor,60_epoch_record
run_SCN_UNet_S1S2_fold_Kigali_K10_s9,UNet_S1S2,fold_Kigali,9,10,cfg_SCN_7c8cf7c5,SCN_UNet_S1S2_fold_Kigali_K10_s9,2026-08-06T08:00:00Z,2026-08-06T10:49:00Z,42,val_iou,0.2211575986,0.3622097571,0.2609189700,0.3906442399,0.3376338325,0.6200000000,0.5700000000,0.4300000000,reference_record,benchmark_anchor,60_epoch_record
run_SCN_UNet_S1S2_fold_Kigali_K10_s10,UNet_S1S2,fold_Kigali,10,10,cfg_SCN_7c8cf7c5,SCN_UNet_S1S2_fold_Kigali_K10_s10,2026-08-05T08:00:00Z,2026-08-05T10:45:00Z,46,val_iou,0.2342758692,0.3796167049,0.2381901995,0.4102057463,0.3532731287,0.6200000000,0.5700000000,0.4300000000,reference_record,benchmark_anchor,60_epoch_record
run_SCN_UNet_S1S2_fold_Kigali_K25_s1,UNet_S1S2,fold_Kigali,1,25,cfg_SCN_cdd8add6,SCN_UNet_S1S2_fold_Kigali_K25_s1,2026-08-10T08:00:00Z,2026-08-10T11:32:00Z,54,val_iou,0.2606390845,0.4135030996,0.2844613771,0.4544868736,0.3792994235,0.6200000000,0.5700000000,0.4300000000,reference_record,benchmark_anchor,60_epoch_record
run_SCN_UNet_S1S2_fold_Kigali_K25_s2,UNet_S1S2,fold_Kigali,2,25,cfg_SCN_cdd8add6,SCN_UNet_S1S2_fold_Kigali_K25_s2,2026-08-05T08:00:00Z,2026-08-05T11:59:00Z,44,val_iou,0.2388534981,0.3856041065,0.2397005376,0.4291916403,0.3500536150,0.6200000000,0.5700000000,0.4300000000,reference_record,benchmark_anchor,60_epoch_record
run_SCN_UNet_S1S2_fold_Kigali_K25_s3,UNet_S1S2,fold_Kigali,3,25,cfg_SCN_cdd8add6,SCN_UNet_S1S2_fold_Kigali_K25_s3,2026-08-08T08:00:00Z,2026-08-08T10:55:00Z,42,val_iou,0.2414464447,0.3889760138,0.3043004530,0.4194857961,0.3626033692,0.6200000000,0.5700000000,0.4300000000,reference_record,benchmark_anchor,60_epoch_record
run_SCN_UNet_S1S2_fold_Kigali_K25_s4,UNet_S1S2,fold_Kigali,4,25,cfg_SCN_cdd8add6,SCN_UNet_S1S2_fold_Kigali_K25_s4,2026-08-06T08:00:00Z,2026-08-06T11:45:00Z,49,val_iou,0.2590058978,0.4114450905,0.2396810749,0.4390578153,0.3871000353,0.6200000000,0.5700000000,0.4300000000,reference_record,benchmark_anchor,60_epoch_record
run_SCN_UNet_S1S2_fold_Kigali_K25_s5,UNet_S1S2,fold_Kigali,5,25,cfg_SCN_cdd8add6,SCN_UNet_S1S2_fold_Kigali_K25_s5,2026-08-08T08:00:00Z,2026-08-08T11:06:00Z,45,val_iou,0.2657592206,0.4199206552,0.2792181886,0.4641554335,0.3833835688,0.6200000000,0.5700000000,0.4300000000,reference_record,benchmark_anchor,60_epoch_record
run_SCN_UNet_S1S2_fold_Kigali_K25_s6,UNet_S1S2,fold_Kigali,6,25,cfg_SCN_cdd8add6,SCN_UNet_S1S2_fold_Kigali_K25_s6,2026-08-06T08:00:00Z,2026-08-06T11:07:00Z,45,val_iou,0.2438592457,0.3921010300,0.2649682262,0.4329775313,0.3582768623,0.6200000000,0.5700000000,0.4300000000,reference_record,benchmark_anchor,60_epoch_record
run_SCN_UNet_S1S2_fold_Kigali_K25_s7,UNet_S1S2,fold_Kigali,7,25,cfg_SCN_cdd8add6,SCN_UNet_S1S2_fold_Kigali_K25_s7,2026-08-08T08:00:00Z,2026-08-08T11:40:00Z,51,val_iou,0.2432630842,0.3913300207,0.2816796194,0.4354000451,0.3553613030,0.6200000000,0.5700000000,0.4300000000,reference_record,benchmark_anchor,60_epoch_record
run_SCN_UNet_S1S2_fold_Kigali_K25_s8,UNet_S1S2,fold_Kigali,8,25,cfg_SCN_cdd8add6,SCN_UNet_S1S2_fold_Kigali_K25_s8,2026-08-11T08:00:00Z,2026-08-11T10:50:00Z,49,val_iou,0.2454532092,0.3941588610,0.2836389318,0.4250763191,0.3674339567,0.6200000000,0.5700000000,0.4300000000,reference_record,benchmark_anchor,60_epoch_record
run_SCN_UNet_S1S2_fold_Kigali_K25_s9,UNet_S1S2,fold_Kigali,9,25,cfg_SCN_cdd8add6,SCN_UNet_S1S2_fold_Kigali_K25_s9,2026-08-09T08:00:00Z,2026-08-09T11:01:00Z,53,val_iou,0.2339503895,0.3791892956,0.2764078730,0.4160598256,0.3483216133,0.6200000000,0.5700000000,0.4300000000,reference_record,benchmark_anchor,60_epoch_record
run_SCN_UNet_S1S2_fold_Kigali_K25_s10,UNet_S1S2,fold_Kigali,10,25,cfg_SCN_cdd8add6,SCN_UNet_S1S2_fold_Kigali_K25_s10,2026-08-10T08:00:00Z,2026-08-10T10:54:00Z,46,val_iou,0.2469329859,0.3960645660,0.2888315827,0.4265593663,0.3696390113,0.6200000000,0.5700000000,0.4300000000,reference_record,benchmark_anchor,60_epoch_record
run_SCN_UNet_S1S2_fold_Kigali_K50_s1,UNet_S1S2,fold_Kigali,1,50,cfg_SCN_ddc3188d,SCN_UNet_S1S2_fold_Kigali_K50_s1,2026-08-05T08:00:00Z,2026-08-05T11:27:00Z,45,val_iou,0.2611628926,0.4141620311,0.2852876115,0.4466661231,0.3860677124,0.6200000000,0.5700000000,0.4300000000,reference_record,benchmark_anchor,60_epoch_record
run_SCN_UNet_S1S2_fold_Kigali_K50_s2,UNet_S1S2,fold_Kigali,2,50,cfg_SCN_ddc3188d,SCN_UNet_S1S2_fold_Kigali_K50_s2,2026-08-11T08:00:00Z,2026-08-11T11:03:00Z,40,val_iou,0.2446583263,0.3931333140,0.2499226862,0.4245302411,0.3660606172,0.6200000000,0.5700000000,0.4300000000,reference_record,benchmark_anchor,60_epoch_record
run_SCN_UNet_S1S2_fold_Kigali_K50_s3,UNet_S1S2,fold_Kigali,3,50,cfg_SCN_ddc3188d,SCN_UNet_S1S2_fold_Kigali_K50_s3,2026-08-11T08:00:00Z,2026-08-11T10:58:00Z,42,val_iou,0.2579244087,0.4100793449,0.2768381886,0.4523116467,0.3750600211,0.6200000000,0.5700000000,0.4300000000,reference_record,benchmark_anchor,60_epoch_record
run_SCN_UNet_S1S2_fold_Kigali_K50_s4,UNet_S1S2,fold_Kigali,4,50,cfg_SCN_ddc3188d,SCN_UNet_S1S2_fold_Kigali_K50_s4,2026-08-10T08:00:00Z,2026-08-10T11:52:00Z,48,val_iou,0.2833733653,0.4416070536,0.3286984399,0.4737002491,0.4135865610,0.6200000000,0.5700000000,0.4300000000,reference_record,benchmark_anchor,60_epoch_record
run_SCN_UNet_S1S2_fold_Kigali_K50_s5,UNet_S1S2,fold_Kigali,5,50,cfg_SCN_ddc3188d,SCN_UNet_S1S2_fold_Kigali_K50_s5,2026-08-08T08:00:00Z,2026-08-08T10:48:00Z,52,val_iou,0.2832315418,0.4414348192,0.3281730029,0.4876534320,0.4032187238,0.6200000000,0.5700000000,0.4300000000,reference_record,benchmark_anchor,60_epoch_record
run_SCN_UNet_S1S2_fold_Kigali_K50_s6,UNet_S1S2,fold_Kigali,6,50,cfg_SCN_ddc3188d,SCN_UNet_S1S2_fold_Kigali_K50_s6,2026-08-08T08:00:00Z,2026-08-08T11:17:00Z,40,val_iou,0.2701297464,0.4253577198,0.2849180968,0.4552995382,0.3991110213,0.6200000000,0.5700000000,0.4300000000,reference_record,benchmark_anchor,60_epoch_record
run_SCN_UNet_S1S2_fold_Kigali_K50_s7,UNet_S1S2,fold_Kigali,7,50,cfg_SCN_ddc3188d,SCN_UNet_S1S2_fold_Kigali_K50_s7,2026-08-05T08:00:00Z,2026-08-05T11:47:00Z,41,val_iou,0.2625596374,0.4159164123,0.3039791818,0.4608305537,0.3789797352,0.6200000000,0.5700000000,0.4300000000,reference_record,benchmark_anchor,60_epoch_record
run_SCN_UNet_S1S2_fold_Kigali_K50_s8,UNet_S1S2,fold_Kigali,8,50,cfg_SCN_ddc3188d,SCN_UNet_S1S2_fold_Kigali_K50_s8,2026-08-12T08:00:00Z,2026-08-12T10:57:00Z,51,val_iou,0.2634794186,0.4170695853,0.2625288200,0.4574129073,0.3832659449,0.6200000000,0.5700000000,0.4300000000,reference_record,benchmark_anchor,60_epoch_record
run_SCN_UNet_S1S2_fold_Kigali_K50_s9,UNet_S1S2,fold_Kigali,9,50,cfg_SCN_ddc3188d,SCN_UNet_S1S2_fold_Kigali_K50_s9,2026-08-12T08:00:00Z,2026-08-12T10:48:00Z,46,val_iou,0.2628252947,0.4162496520,0.2687492691,0.4447442718,0.3911864634,0.6200000000,0.5700000000,0.4300000000,reference_record,benchmark_anchor,60_epoch_record
run_SCN_UNet_S1S2_fold_Kigali_K50_s10,UNet_S1S2,fold_Kigali,10,50,cfg_SCN_ddc3188d,SCN_UNet_S1S2_fold_Kigali_K50_s10,2026-08-07T08:00:00Z,2026-08-07T10:50:00Z,48,val_iou,0.2704888935,0.4258028462,0.3282732127,0.4484040585,0.4053706747,0.6200000000,0.5700000000,0.4300000000,reference_record,benchmark_anchor,60_epoch_record
run_SCN_UNet_S1S2_fold_Yaounde_K10_s1,UNet_S1S2,fold_Yaounde,1,10,cfg_SCN_7c8cf7c5,SCN_UNet_S1S2_fold_Yaounde_K10_s1,2026-08-10T08:00:00Z,2026-08-10T11:59:00Z,49,val_iou,0.2112844047,0.3488601090,0.2246230219,0.3804665641,0.3221021539,0.6200000000,0.5700000000,0.4300000000,reference_record,benchmark_anchor,60_epoch_record
run_SCN_UNet_S1S2_fold_Yaounde_K10_s2,UNet_S1S2,fold_Yaounde,2,10,cfg_SCN_7c8cf7c5,SCN_UNet_S1S2_fold_Yaounde_K10_s2,2026-08-07T08:00:00Z,2026-08-07T11:21:00Z,49,val_iou,0.2010044855,0.3347272852,0.2334727267,0.3761670110,0.3015118084,0.6200000000,0.5700000000,0.4300000000,reference_record,benchmark_anchor,60_epoch_record
run_SCN_UNet_S1S2_fold_Yaounde_K10_s3,UNet_S1S2,fold_Yaounde,3,10,cfg_SCN_7c8cf7c5,SCN_UNet_S1S2_fold_Yaounde_K10_s3,2026-08-05T08:00:00Z,2026-08-05T10:37:00Z,44,val_iou,0.1980251669,0.3305859883,0.2217904027,0.3763470986,0.2947468798,0.6200000000,0.5700000000,0.4300000000,reference_record,benchmark_anchor,60_epoch_record
run_SCN_UNet_S1S2_fold_Yaounde_K10_s4,UNet_S1S2,fold_Yaounde,4,10,cfg_SCN_7c8cf7c5,SCN_UNet_S1S2_fold_Yaounde_K10_s4,2026-08-06T08:00:00Z,2026-08-06T11:21:00Z,49,val_iou,0.2340617046,0.3793354964,0.2595119973,0.4180036415,0.3472157104,0.6200000000,0.5700000000,0.4300000000,reference_record,benchmark_anchor,60_epoch_record
run_SCN_UNet_S1S2_fold_Yaounde_K10_s5,UNet_S1S2,fold_Yaounde,5,10,cfg_SCN_7c8cf7c5,SCN_UNet_S1S2_fold_Yaounde_K10_s5,2026-08-11T08:00:00Z,2026-08-11T11:59:00Z,51,val_iou,0.2224186243,0.3638992729,0.2514415298,0.4033354864,0.3314879660,0.6200000000,0.5700000000,0.4300000000,reference_record,benchmark_anchor,60_epoch_record
run_SCN_UNet_S1S2_fold_Yaounde_K10_s6,UNet_S1S2,fold_Yaounde,6,10,cfg_SCN_7c8cf7c5,SCN_UNet_S1S2_fold_Yaounde_K10_s6,2026-08-06T08:00:00Z,2026-08-06T11:35:00Z,43,val_iou,0.2033775967,0.3380112730,0.2051256116,0.3693039759,0.3116074436,0.6200000000,0.5700000000,0.4300000000,reference_record,benchmark_anchor,60_epoch_record
run_SCN_UNet_S1S2_fold_Yaounde_K10_s7,UNet_S1S2,fold_Yaounde,7,10,cfg_SCN_7c8cf7c5,SCN_UNet_S1S2_fold_Yaounde_K10_s7,2026-08-11T08:00:00Z,2026-08-11T11:00:00Z,54,val_iou,0.2195092786,0.3599960779,0.2668027961,0.3965931913,0.3295826149,0.6200000000,0.5700000000,0.4300000000,reference_record,benchmark_anchor,60_epoch_record
run_SCN_UNet_S1S2_fold_Yaounde_K10_s8,UNet_S1S2,fold_Yaounde,8,10,cfg_SCN_7c8cf7c5,SCN_UNet_S1S2_fold_Yaounde_K10_s8,2026-08-12T08:00:00Z,2026-08-12T11:39:00Z,48,val_iou,0.2003363472,0.3338003513,0.2090062192,0.3728657750,0.3021444530,0.6200000000,0.5700000000,0.4300000000,reference_record,benchmark_anchor,60_epoch_record
run_SCN_UNet_S1S2_fold_Yaounde_K10_s9,UNet_S1S2,fold_Yaounde,9,10,cfg_SCN_7c8cf7c5,SCN_UNet_S1S2_fold_Yaounde_K10_s9,2026-08-06T08:00:00Z,2026-08-06T10:34:00Z,53,val_iou,0.2370198815,0.3832111109,0.2569516502,0.4182663890,0.3535774688,0.6200000000,0.5700000000,0.4300000000,reference_record,benchmark_anchor,60_epoch_record
run_SCN_UNet_S1S2_fold_Yaounde_K10_s10,UNet_S1S2,fold_Yaounde,10,10,cfg_SCN_7c8cf7c5,SCN_UNet_S1S2_fold_Yaounde_K10_s10,2026-08-05T08:00:00Z,2026-08-05T10:52:00Z,44,val_iou,0.2211520685,0.3622023402,0.2526162186,0.4033128914,0.3286974968,0.6200000000,0.5700000000,0.4300000000,reference_record,benchmark_anchor,60_epoch_record
run_SCN_UNet_S1S2_fold_Yaounde_K25_s1,UNet_S1S2,fold_Yaounde,1,25,cfg_SCN_cdd8add6,SCN_UNet_S1S2_fold_Yaounde_K25_s1,2026-08-05T08:00:00Z,2026-08-05T10:45:00Z,45,val_iou,0.2301934677,0.3742394570,0.2497133913,0.4133761624,0.3418724231,0.6200000000,0.5700000000,0.4300000000,reference_record,benchmark_anchor,60_epoch_record
run_SCN_UNet_S1S2_fold_Yaounde_K25_s2,UNet_S1S2,fold_Yaounde,2,25,cfg_SCN_cdd8add6,SCN_UNet_S1S2_fold_Yaounde_K25_s2,2026-08-05T08:00:00Z,2026-08-05T11:27:00Z,46,val_iou,0.2333102572,0.3783480367,0.2492182753,0.4060879249,0.3541556454,0.6200000000,0.5700000000,0.4300000000,reference_record,benchmark_anchor,60_epoch_record
run_SCN_UNet_S1S2_fold_Yaounde_K25_s3,UNet_S1S2,fold_Yaounde,3,25,cfg_SCN_cdd8add6,SCN_UNet_S1S2_fold_Yaounde_K25_s3,2026-08-11T08:00:00Z,2026-08-11T11:40:00Z,42,val_iou,0.2526043411,0.4033266256,0.2847989272,0.4484526675,0.3664519918,0.6200000000,0.5700000000,0.4300000000,reference_record,benchmark_anchor,60_epoch_record
run_SCN_UNet_S1S2_fold_Yaounde_K25_s4,UNet_S1S2,fold_Yaounde,4,25,cfg_SCN_cdd8add6,SCN_UNet_S1S2_fold_Yaounde_K25_s4,2026-08-05T08:00:00Z,2026-08-05T11:40:00Z,48,val_iou,0.2372734943,0.3835425157,0.2778128406,0.4302091969,0.3460093606,0.6200000000,0.5700000000,0.4300000000,reference_record,benchmark_anchor,60_epoch_record
run_SCN_UNet_S1S2_fold_Yaounde_K25_s5,UNet_S1S2,fold_Yaounde,5,25,cfg_SCN_cdd8add6,SCN_UNet_S1S2_fold_Yaounde_K25_s5,2026-08-12T08:00:00Z,2026-08-12T11:24:00Z,49,val_iou,0.2331771358,0.3781729794,0.2815205263,0.4026503322,0.3565010678,0.6200000000,0.5700000000,0.4300000000,reference_record,benchmark_anchor,60_epoch_record
run_SCN_UNet_S1S2_fold_Yaounde_K25_s6,UNet_S1S2,fold_Yaounde,6,25,cfg_SCN_cdd8add6,SCN_UNet_S1S2_fold_Yaounde_K25_s6,2026-08-11T08:00:00Z,2026-08-11T10:47:00Z,51,val_iou,0.2156802708,0.3548305849,0.2472613771,0.3872118583,0.3274472335,0.6200000000,0.5700000000,0.4300000000,reference_record,benchmark_anchor,60_epoch_record
run_SCN_UNet_S1S2_fold_Yaounde_K25_s7,UNet_S1S2,fold_Yaounde,7,25,cfg_SCN_cdd8add6,SCN_UNet_S1S2_fold_Yaounde_K25_s7,2026-08-08T08:00:00Z,2026-08-08T11:10:00Z,49,val_iou,0.2265877711,0.3694603459,0.2797902612,0.4045366863,0.3399814268,0.6200000000,0.5700000000,0.4300000000,reference_record,benchmark_anchor,60_epoch_record
run_SCN_UNet_S1S2_fold_Yaounde_K25_s8,UNet_S1S2,fold_Yaounde,8,25,cfg_SCN_cdd8add6,SCN_UNet_S1S2_fold_Yaounde_K25_s8,2026-08-06T08:00:00Z,2026-08-06T10:53:00Z,43,val_iou,0.2289098302,0.3725412957,0.2924585723,0.4133823327,0.3390446201,0.6200000000,0.5700000000,0.4300000000,reference_record,benchmark_anchor,60_epoch_record
run_SCN_UNet_S1S2_fold_Yaounde_K25_s9,UNet_S1S2,fold_Yaounde,9,25,cfg_SCN_cdd8add6,SCN_UNet_S1S2_fold_Yaounde_K25_s9,2026-08-05T08:00:00Z,2026-08-05T11:19:00Z,44,val_iou,0.2646074726,0.4184815895,0.2971881947,0.4582295153,0.3850789214,0.6200000000,0.5700000000,0.4300000000,reference_record,benchmark_anchor,60_epoch_record
run_SCN_UNet_S1S2_fold_Yaounde_K25_s10,UNet_S1S2,fold_Yaounde,10,25,cfg_SCN_cdd8add6,SCN_UNet_S1S2_fold_Yaounde_K25_s10,2026-08-08T08:00:00Z,2026-08-08T10:49:00Z,41,val_iou,0.2479195041,0.3973325255,0.3001224310,0.4272681675,0.3713169850,0.6200000000,0.5700000000,0.4300000000,reference_record,benchmark_anchor,60_epoch_record
run_SCN_UNet_S1S2_fold_Yaounde_K50_s1,UNet_S1S2,fold_Yaounde,1,50,cfg_SCN_ddc3188d,SCN_UNet_S1S2_fold_Yaounde_K50_s1,2026-08-10T08:00:00Z,2026-08-10T11:43:00Z,48,val_iou,0.2853110738,0.4439564548,0.3038438039,0.4712399852,0.4196593072,0.6200000000,0.5700000000,0.4300000000,reference_record,benchmark_anchor,60_epoch_record
run_SCN_UNet_S1S2_fold_Yaounde_K50_s2,UNet_S1S2,fold_Yaounde,2,50,cfg_SCN_ddc3188d,SCN_UNet_S1S2_fold_Yaounde_K50_s2,2026-08-09T08:00:00Z,2026-08-09T11:42:00Z,45,val_iou,0.2432442893,0.3913057013,0.2790134556,0.4343684551,0.3560111903,0.6200000000,0.5700000000,0.4300000000,reference_record,benchmark_anchor,60_epoch_record
run_SCN_UNet_S1S2_fold_Yaounde_K50_s3,UNet_S1S2,fold_Yaounde,3,50,cfg_SCN_ddc3188d,SCN_UNet_S1S2_fold_Yaounde_K50_s3,2026-08-10T08:00:00Z,2026-08-10T10:42:00Z,52,val_iou,0.2301672992,0.3742048733,0.2899407780,0.4087817914,0.3450211650,0.6200000000,0.5700000000,0.4300000000,reference_record,benchmark_anchor,60_epoch_record
run_SCN_UNet_S1S2_fold_Yaounde_K50_s4,UNet_S1S2,fold_Yaounde,4,50,cfg_SCN_ddc3188d,SCN_UNet_S1S2_fold_Yaounde_K50_s4,2026-08-08T08:00:00Z,2026-08-08T10:30:00Z,42,val_iou,0.2527659749,0.4035326310,0.3074459526,0.4321129091,0.3784984539,0.6200000000,0.5700000000,0.4300000000,reference_record,benchmark_anchor,60_epoch_record
run_SCN_UNet_S1S2_fold_Yaounde_K50_s5,UNet_S1S2,fold_Yaounde,5,50,cfg_SCN_ddc3188d,SCN_UNet_S1S2_fold_Yaounde_K50_s5,2026-08-05T08:00:00Z,2026-08-05T11:48:00Z,54,val_iou,0.2342009512,0.3795183450,0.2726301661,0.4111277906,0.3524224436,0.6200000000,0.5700000000,0.4300000000,reference_record,benchmark_anchor,60_epoch_record
run_SCN_UNet_S1S2_fold_Yaounde_K50_s6,UNet_S1S2,fold_Yaounde,6,50,cfg_SCN_ddc3188d,SCN_UNet_S1S2_fold_Yaounde_K50_s6,2026-08-09T08:00:00Z,2026-08-09T10:44:00Z,45,val_iou,0.2374320186,0.3837495960,0.2715637053,0.4108705645,0.3599873542,0.6200000000,0.5700000000,0.4300000000,reference_record,benchmark_anchor,60_epoch_record
run_SCN_UNet_S1S2_fold_Yaounde_K50_s7,UNet_S1S2,fold_Yaounde,7,50,cfg_SCN_ddc3188d,SCN_UNet_S1S2_fold_Yaounde_K50_s7,2026-08-09T08:00:00Z,2026-08-09T11:53:00Z,45,val_iou,0.2264083065,0.3692217434,0.2399611281,0.3938238735,0.3475126688,0.6200000000,0.5700000000,0.4300000000,reference_record,benchmark_anchor,60_epoch_record
run_SCN_UNet_S1S2_fold_Yaounde_K50_s8,UNet_S1S2,fold_Yaounde,8,50,cfg_SCN_ddc3188d,SCN_UNet_S1S2_fold_Yaounde_K50_s8,2026-08-08T08:00:00Z,2026-08-08T11:15:00Z,46,val_iou,0.2460762533,0.3949617893,0.2790894957,0.4378963307,0.3596947041,0.6200000000,0.5700000000,0.4300000000,reference_record,benchmark_anchor,60_epoch_record
run_SCN_UNet_S1S2_fold_Yaounde_K50_s9,UNet_S1S2,fold_Yaounde,9,50,cfg_SCN_ddc3188d,SCN_UNet_S1S2_fold_Yaounde_K50_s9,2026-08-05T08:00:00Z,2026-08-05T11:25:00Z,44,val_iou,0.2536473116,0.4046549764,0.2881668978,0.4442107380,0.3715678655,0.6200000000,0.5700000000,0.4300000000,reference_record,benchmark_anchor,60_epoch_record
run_SCN_UNet_S1S2_fold_Yaounde_K50_s10,UNet_S1S2,fold_Yaounde,10,50,cfg_SCN_ddc3188d,SCN_UNet_S1S2_fold_Yaounde_K50_s10,2026-08-07T08:00:00Z,2026-08-07T11:28:00Z,47,val_iou,0.2527774318,0.4035472309,0.2790062582,0.4412784529,0.3717601274,0.6200000000,0.5700000000,0.4300000000,reference_record,benchmark_anchor,60_epoch_record
run_SCN_UNet_S2_fold_Dakar_K10_s1,UNet_S2,fold_Dakar,1,10,cfg_SCN_37521ce2,SCN_UNet_S2_fold_Dakar_K10_s1,2026-08-06T08:00:00Z,2026-08-06T11:02:00Z,44,val_iou,0.2190396452,0.3593642686,0.2478791789,0.3873985956,0.3351135775,0.6200000000,0.5700000000,0.4300000000,reference_record,benchmark_anchor,60_epoch_record
run_SCN_UNet_S2_fold_Dakar_K10_s2,UNet_S2,fold_Dakar,2,10,cfg_SCN_37521ce2,SCN_UNet_S2_fold_Dakar_K10_s2,2026-08-10T08:00:00Z,2026-08-10T11:19:00Z,41,val_iou,0.2522166726,0.4028323183,0.2611030604,0.4308731552,0.3782182174,0.6200000000,0.5700000000,0.4300000000,reference_record,benchmark_anchor,60_epoch_record
run_SCN_UNet_S2_fold_Dakar_K10_s3,UNet_S2,fold_Dakar,3,10,cfg_SCN_37521ce2,SCN_UNet_S2_fold_Dakar_K10_s3,2026-08-11T08:00:00Z,2026-08-11T11:49:00Z,51,val_iou,0.2391622056,0.3860062944,0.2538959402,0.4246770276,0.3537904348,0.6200000000,0.5700000000,0.4300000000,reference_record,benchmark_anchor,60_epoch_record
run_SCN_UNet_S2_fold_Dakar_K10_s4,UNet_S2,fold_Dakar,4,10,cfg_SCN_37521ce2,SCN_UNet_S2_fold_Dakar_K10_s4,2026-08-11T08:00:00Z,2026-08-11T10:37:00Z,54,val_iou,0.2416238241,0.3892061660,0.2707495054,0.4343910471,0.3525357802,0.6200000000,0.5700000000,0.4300000000,reference_record,benchmark_anchor,60_epoch_record
run_SCN_UNet_S2_fold_Dakar_K10_s5,UNet_S2,fold_Dakar,5,10,cfg_SCN_37521ce2,SCN_UNet_S2_fold_Dakar_K10_s5,2026-08-05T08:00:00Z,2026-08-05T11:24:00Z,43,val_iou,0.2268175918,0.3697657962,0.2655746765,0.3995909635,0.3440836525,0.6200000000,0.5700000000,0.4300000000,reference_record,benchmark_anchor,60_epoch_record
run_SCN_UNet_S2_fold_Dakar_K10_s6,UNet_S2,fold_Dakar,6,10,cfg_SCN_37521ce2,SCN_UNet_S2_fold_Dakar_K10_s6,2026-08-11T08:00:00Z,2026-08-11T11:40:00Z,48,val_iou,0.2512218609,0.4015624547,0.2625892603,0.4465912767,0.3647822572,0.6200000000,0.5700000000,0.4300000000,reference_record,benchmark_anchor,60_epoch_record
run_SCN_UNet_S2_fold_Dakar_K10_s7,UNet_S2,fold_Dakar,7,10,cfg_SCN_37521ce2,SCN_UNet_S2_fold_Dakar_K10_s7,2026-08-11T08:00:00Z,2026-08-11T10:43:00Z,50,val_iou,0.2414415927,0.3889697173,0.2536012835,0.4310113786,0.3544007964,0.6200000000,0.5700000000,0.4300000000,reference_record,benchmark_anchor,60_epoch_record
run_SCN_UNet_S2_fold_Dakar_K10_s8,UNet_S2,fold_Dakar,8,10,cfg_SCN_37521ce2,SCN_UNet_S2_fold_Dakar_K10_s8,2026-08-06T08:00:00Z,2026-08-06T11:39:00Z,48,val_iou,0.2268566938,0.3698177545,0.2418990657,0.3944208825,0.3481037874,0.6200000000,0.5700000000,0.4300000000,reference_record,benchmark_anchor,60_epoch_record
run_SCN_UNet_S2_fold_Dakar_K10_s9,UNet_S2,fold_Dakar,9,10,cfg_SCN_37521ce2,SCN_UNet_S2_fold_Dakar_K10_s9,2026-08-09T08:00:00Z,2026-08-09T11:18:00Z,41,val_iou,0.2386886897,0.3853893099,0.2736032016,0.4159858359,0.3589852800,0.6200000000,0.5700000000,0.4300000000,reference_record,benchmark_anchor,60_epoch_record
run_SCN_UNet_S2_fold_Dakar_K10_s10,UNet_S2,fold_Dakar,10,10,cfg_SCN_37521ce2,SCN_UNet_S2_fold_Dakar_K10_s10,2026-08-12T08:00:00Z,2026-08-12T10:34:00Z,47,val_iou,0.2417262892,0.3893390859,0.2602396956,0.4231817142,0.3605085472,0.6200000000,0.5700000000,0.4300000000,reference_record,benchmark_anchor,60_epoch_record
run_SCN_UNet_S2_fold_Dakar_K25_s1,UNet_S2,fold_Dakar,1,25,cfg_SCN_9a4f2ed1,SCN_UNet_S2_fold_Dakar_K25_s1,2026-08-10T08:00:00Z,2026-08-10T11:43:00Z,43,val_iou,0.2688052526,0.4237139657,0.2713805659,0.4617532752,0.3914650145,0.6200000000,0.5700000000,0.4300000000,reference_record,benchmark_anchor,60_epoch_record
run_SCN_UNet_S2_fold_Dakar_K25_s2,UNet_S2,fold_Dakar,2,25,cfg_SCN_9a4f2ed1,SCN_UNet_S2_fold_Dakar_K25_s2,2026-08-05T08:00:00Z,2026-08-05T11:36:00Z,50,val_iou,0.2594824667,0.4120461754,0.2884070271,0.4396635550,0.3876932974,0.6200000000,0.5700000000,0.4300000000,reference_record,benchmark_anchor,60_epoch_record
run_SCN_UNet_S2_fold_Dakar_K25_s3,UNet_S2,fold_Dakar,3,25,cfg_SCN_9a4f2ed1,SCN_UNet_S2_fold_Dakar_K25_s3,2026-08-11T08:00:00Z,2026-08-11T10:38:00Z,46,val_iou,0.2694355345,0.4244966005,0.2933101031,0.4682231819,0.3882395563,0.6200000000,0.5700000000,0.4300000000,reference_record,benchmark_anchor,60_epoch_record
run_SCN_UNet_S2_fold_Dakar_K25_s4,UNet_S2,fold_Dakar,4,25,cfg_SCN_9a4f2ed1,SCN_UNet_S2_fold_Dakar_K25_s4,2026-08-10T08:00:00Z,2026-08-10T10:58:00Z,40,val_iou,0.2734498236,0.4294630515,0.3015990847,0.4705839941,0.3949511205,0.6200000000,0.5700000000,0.4300000000,reference_record,benchmark_anchor,60_epoch_record
run_SCN_UNet_S2_fold_Dakar_K25_s5,UNet_S2,fold_Dakar,5,25,cfg_SCN_9a4f2ed1,SCN_UNet_S2_fold_Dakar_K25_s5,2026-08-07T08:00:00Z,2026-08-07T11:40:00Z,47,val_iou,0.2521287726,0.4027201964,0.2785081982,0.4336782344,0.3758875364,0.6200000000,0.5700000000,0.4300000000,reference_record,benchmark_anchor,60_epoch_record
run_SCN_UNet_S2_fold_Dakar_K25_s6,UNet_S2,fold_Dakar,6,25,cfg_SCN_9a4f2ed1,SCN_UNet_S2_fold_Dakar_K25_s6,2026-08-05T08:00:00Z,2026-08-05T11:35:00Z,50,val_iou,0.2493244058,0.3991347718,0.3223357026,0.4402208504,0.3650632021,0.6200000000,0.5700000000,0.4300000000,reference_record,benchmark_anchor,60_epoch_record
run_SCN_UNet_S2_fold_Dakar_K25_s7,UNet_S2,fold_Dakar,7,25,cfg_SCN_9a4f2ed1,SCN_UNet_S2_fold_Dakar_K25_s7,2026-08-05T08:00:00Z,2026-08-05T11:04:00Z,40,val_iou,0.2529138004,0.4037209908,0.3164949534,0.4413684044,0.3719912429,0.6200000000,0.5700000000,0.4300000000,reference_record,benchmark_anchor,60_epoch_record
run_SCN_UNet_S2_fold_Dakar_K25_s8,UNet_S2,fold_Dakar,8,25,cfg_SCN_9a4f2ed1,SCN_UNet_S2_fold_Dakar_K25_s8,2026-08-10T08:00:00Z,2026-08-10T10:51:00Z,43,val_iou,0.2386941773,0.3853964630,0.2733760139,0.4242470869,0.3530644244,0.6200000000,0.5700000000,0.4300000000,reference_record,benchmark_anchor,60_epoch_record
run_SCN_UNet_S2_fold_Dakar_K25_s9,UNet_S2,fold_Dakar,9,25,cfg_SCN_9a4f2ed1,SCN_UNet_S2_fold_Dakar_K25_s9,2026-08-05T08:00:00Z,2026-08-05T10:52:00Z,50,val_iou,0.2622252640,0.4154967762,0.2813092324,0.4464990701,0.3885201974,0.6200000000,0.5700000000,0.4300000000,reference_record,benchmark_anchor,60_epoch_record
run_SCN_UNet_S2_fold_Dakar_K25_s10,UNet_S2,fold_Dakar,10,25,cfg_SCN_9a4f2ed1,SCN_UNet_S2_fold_Dakar_K25_s10,2026-08-05T08:00:00Z,2026-08-05T11:03:00Z,42,val_iou,0.2745868709,0.4308641132,0.2971054924,0.4551907788,0.4090057067,0.6200000000,0.5700000000,0.4300000000,reference_record,benchmark_anchor,60_epoch_record
run_SCN_UNet_S2_fold_Dakar_K50_s1,UNet_S2,fold_Dakar,1,50,cfg_SCN_a5d4a021,SCN_UNet_S2_fold_Dakar_K50_s1,2026-08-11T08:00:00Z,2026-08-11T11:19:00Z,48,val_iou,0.2787282759,0.4359460585,0.3094871992,0.4686100326,0.4075389786,0.6200000000,0.5700000000,0.4300000000,reference_record,benchmark_anchor,60_epoch_record
run_SCN_UNet_S2_fold_Dakar_K50_s2,UNet_S2,fold_Dakar,2,50,cfg_SCN_a5d4a021,SCN_UNet_S2_fold_Dakar_K50_s2,2026-08-08T08:00:00Z,2026-08-08T10:51:00Z,51,val_iou,0.2918123358,0.4517875046,0.3276695272,0.4818250743,0.4252753167,0.6200000000,0.5700000000,0.4300000000,reference_record,benchmark_anchor,60_epoch_record
run_SCN_UNet_S2_fold_Dakar_K50_s3,UNet_S2,fold_Dakar,3,50,cfg_SCN_a5d4a021,SCN_UNet_S2_fold_Dakar_K50_s3,2026-08-11T08:00:00Z,2026-08-11T10:52:00Z,54,val_iou,0.2885779865,0.4479014689,0.3229046124,0.4947912808,0.4091295496,0.6200000000,0.5700000000,0.4300000000,reference_record,benchmark_anchor,60_epoch_record
run_SCN_UNet_S2_fold_Dakar_K50_s4,UNet_S2,fold_Dakar,4,50,cfg_SCN_a5d4a021,SCN_UNet_S2_fold_Dakar_K50_s4,2026-08-05T08:00:00Z,2026-08-05T10:39:00Z,45,val_iou,0.2771446888,0.4340067201,0.3106774688,0.4614997586,0.4096052085,0.6200000000,0.5700000000,0.4300000000,reference_record,benchmark_anchor,60_epoch_record
run_SCN_UNet_S2_fold_Dakar_K50_s5,UNet_S2,fold_Dakar,5,50,cfg_SCN_a5d4a021,SCN_UNet_S2_fold_Dakar_K50_s5,2026-08-09T08:00:00Z,2026-08-09T11:34:00Z,51,val_iou,0.2972628870,0.4582924402,0.3166209957,0.4826071243,0.4363102810,0.6200000000,0.5700000000,0.4300000000,reference_record,benchmark_anchor,60_epoch_record
run_SCN_UNet_S2_fold_Dakar_K50_s6,UNet_S2,fold_Dakar,6,50,cfg_SCN_a5d4a021,SCN_UNet_S2_fold_Dakar_K50_s6,2026-08-07T08:00:00Z,2026-08-07T10:33:00Z,49,val_iou,0.2897186765,0.4492742205,0.3217149585,0.4775572594,0.4241539596,0.6200000000,0.5700000000,0.4300000000,reference_record,benchmark_anchor,60_epoch_record
run_SCN_UNet_S2_fold_Dakar_K50_s7,UNet_S2,fold_Dakar,7,50,cfg_SCN_a5d4a021,SCN_UNet_S2_fold_Dakar_K50_s7,2026-08-12T08:00:00Z,2026-08-12T11:06:00Z,51,val_iou,0.2802279884,0.4377782566,0.2969611942,0.4673471903,0.4117283146,0.6200000000,0.5700000000,0.4300000000,reference_record,benchmark_anchor,60_epoch_record
run_SCN_UNet_S2_fold_Dakar_K50_s8,UNet_S2,fold_Dakar,8,50,cfg_SCN_a5d4a021,SCN_UNet_S2_fold_Dakar_K50_s8,2026-08-06T08:00:00Z,2026-08-06T11:13:00Z,41,val_iou,0.2707409875,0.4261151410,0.2908413430,0.4568642536,0.3992441334,0.6200000000,0.5700000000,0.4300000000,reference_record,benchmark_anchor,60_epoch_record
run_SCN_UNet_S2_fold_Dakar_K50_s9,UNet_S2,fold_Dakar,9,50,cfg_SCN_a5d4a021,SCN_UNet_S2_fold_Dakar_K50_s9,2026-08-10T08:00:00Z,2026-08-10T10:30:00Z,52,val_iou,0.2893578061,0.4488401974,0.3163733911,0.4809920752,0.4207173772,0.6200000000,0.5700000000,0.4300000000,reference_record,benchmark_anchor,60_epoch_record
run_SCN_UNet_S2_fold_Dakar_K50_s10,UNet_S2,fold_Dakar,10,50,cfg_SCN_a5d4a021,SCN_UNet_S2_fold_Dakar_K50_s10,2026-08-09T08:00:00Z,2026-08-09T11:28:00Z,54,val_iou,0.2815176071,0.4393503539,0.2665354431,0.4811360932,0.4042426606,0.6200000000,0.5700000000,0.4300000000,reference_record,benchmark_anchor,60_epoch_record
run_SCN_UNet_S2_fold_DarEsSalaam_K10_s1,UNet_S2,fold_DarEsSalaam,1,10,cfg_SCN_37521ce2,SCN_UNet_S2_fold_DarEsSalaam_K10_s1,2026-08-11T08:00:00Z,2026-08-11T11:54:00Z,49,val_iou,0.1930639830,0.3236439717,0.2390236665,0.3582604303,0.2951276388,0.6200000000,0.5700000000,0.4300000000,reference_record,benchmark_anchor,60_epoch_record
run_SCN_UNet_S2_fold_DarEsSalaam_K10_s2,UNet_S2,fold_DarEsSalaam,2,10,cfg_SCN_37521ce2,SCN_UNet_S2_fold_DarEsSalaam_K10_s2,2026-08-08T08:00:00Z,2026-08-08T10:41:00Z,40,val_iou,0.1812828099,0.3069253330,0.1962516693,0.3471448815,0.2750576720,0.6200000000,0.5700000000,0.4300000000,reference_record,benchmark_anchor,60_epoch_record
run_SCN_UNet_S2_fold_DarEsSalaam_K10_s3,UNet_S2,fold_DarEsSalaam,3,10,cfg_SCN_37521ce2,SCN_UNet_S2_fold_DarEsSalaam_K10_s3,2026-08-07T08:00:00Z,2026-08-07T10:43:00Z,51,val_iou,0.1827428036,0.3090152873,0.2048628514,0.3420156059,0.2818228342,0.6200000000,0.5700000000,0.4300000000,reference_record,benchmark_anchor,60_epoch_record
run_SCN_UNet_S2_fold_DarEsSalaam_K10_s4,UNet_S2,fold_DarEsSalaam,4,10,cfg_SCN_37521ce2,SCN_UNet_S2_fold_DarEsSalaam_K10_s4,2026-08-09T08:00:00Z,2026-08-09T11:01:00Z,45,val_iou,0.1667940279,0.2859014084,0.2108278002,0.3278113245,0.2534929267,0.6200000000,0.5700000000,0.4300000000,reference_record,benchmark_anchor,60_epoch_record
run_SCN_UNet_S2_fold_DarEsSalaam_K10_s5,UNet_S2,fold_DarEsSalaam,5,10,cfg_SCN_37521ce2,SCN_UNet_S2_fold_DarEsSalaam_K10_s5,2026-08-10T08:00:00Z,2026-08-10T10:36:00Z,46,val_iou,0.1640341503,0.2818373504,0.2043602905,0.3229246238,0.2500254004,0.6200000000,0.5700000000,0.4300000000,reference_record,benchmark_anchor,60_epoch_record
run_SCN_UNet_S2_fold_DarEsSalaam_K10_s6,UNet_S2,fold_DarEsSalaam,6,10,cfg_SCN_37521ce2,SCN_UNet_S2_fold_DarEsSalaam_K10_s6,2026-08-09T08:00:00Z,2026-08-09T11:52:00Z,51,val_iou,0.1819133884,0.3078286280,0.2299996111,0.3354304154,0.2844240366,0.6200000000,0.5700000000,0.4300000000,reference_record,benchmark_anchor,60_epoch_record
run_SCN_UNet_S2_fold_DarEsSalaam_K10_s7,UNet_S2,fold_DarEsSalaam,7,10,cfg_SCN_37521ce2,SCN_UNet_S2_fold_DarEsSalaam_K10_s7,2026-08-05T08:00:00Z,2026-08-05T11:31:00Z,47,val_iou,0.1683728073,0.2882176069,0.2208257089,0.3302119944,0.2556992987,0.6200000000,0.5700000000,0.4300000000,reference_record,benchmark_anchor,60_epoch_record
run_SCN_UNet_S2_fold_DarEsSalaam_K10_s8,UNet_S2,fold_DarEsSalaam,8,10,cfg_SCN_37521ce2,SCN_UNet_S2_fold_DarEsSalaam_K10_s8,2026-08-12T08:00:00Z,2026-08-12T10:35:00Z,49,val_iou,0.1741280784,0.2966083199,0.1805055702,0.3289086812,0.2700847428,0.6200000000,0.5700000000,0.4300000000,reference_record,benchmark_anchor,60_epoch_record
run_SCN_UNet_S2_fold_DarEsSalaam_K10_s9,UNet_S2,fold_DarEsSalaam,9,10,cfg_SCN_37521ce2,SCN_UNet_S2_fold_DarEsSalaam_K10_s9,2026-08-06T08:00:00Z,2026-08-06T11:38:00Z,40,val_iou,0.1834212660,0.3099847387,0.2077383803,0.3545302275,0.2753837316,0.6200000000,0.5700000000,0.4300000000,reference_record,benchmark_anchor,60_epoch_record
run_SCN_UNet_S2_fold_DarEsSalaam_K10_s10,UNet_S2,fold_DarEsSalaam,10,10,cfg_SCN_37521ce2,SCN_UNet_S2_fold_DarEsSalaam_K10_s10,2026-08-05T08:00:00Z,2026-08-05T10:40:00Z,40,val_iou,0.1746499663,0.2973651238,0.1988130988,0.3356013532,0.2669505224,0.6200000000,0.5700000000,0.4300000000,reference_record,benchmark_anchor,60_epoch_record
run_SCN_UNet_S2_fold_DarEsSalaam_K25_s1,UNet_S2,fold_DarEsSalaam,1,25,cfg_SCN_9a4f2ed1,SCN_UNet_S2_fold_DarEsSalaam_K25_s1,2026-08-09T08:00:00Z,2026-08-09T10:59:00Z,51,val_iou,0.1749207541,0.2977575355,0.2069250688,0.3442808647,0.2623109563,0.6200000000,0.5700000000,0.4300000000,reference_record,benchmark_anchor,60_epoch_record
run_SCN_UNet_S2_fold_DarEsSalaam_K25_s2,UNet_S2,fold_DarEsSalaam,2,25,cfg_SCN_9a4f2ed1,SCN_UNet_S2_fold_DarEsSalaam_K25_s2,2026-08-06T08:00:00Z,2026-08-06T11:51:00Z,50,val_iou,0.1830392432,0.3094390051,0.2147295437,0.3405896810,0.2835089871,0.6200000000,0.5700000000,0.4300000000,reference_record,benchmark_anchor,60_epoch_record
run_SCN_UNet_S2_fold_DarEsSalaam_K25_s3,UNet_S2,fold_DarEsSalaam,3,25,cfg_SCN_9a4f2ed1,SCN_UNet_S2_fold_DarEsSalaam_K25_s3,2026-08-09T08:00:00Z,2026-08-09T10:56:00Z,40,val_iou,0.2039171821,0.3387561622,0.2203614665,0.3741543375,0.3094770108,0.6200000000,0.5700000000,0.4300000000,reference_record,benchmark_anchor,60_epoch_record
run_SCN_UNet_S2_fold_DarEsSalaam_K25_s4,UNet_S2,fold_DarEsSalaam,4,25,cfg_SCN_9a4f2ed1,SCN_UNet_S2_fold_DarEsSalaam_K25_s4,2026-08-05T08:00:00Z,2026-08-05T11:10:00Z,41,val_iou,0.1906786935,0.3202857237,0.2151371670,0.3461794240,0.2979960662,0.6200000000,0.5700000000,0.4300000000,reference_record,benchmark_anchor,60_epoch_record
run_SCN_UNet_S2_fold_DarEsSalaam_K25_s5,UNet_S2,fold_DarEsSalaam,5,25,cfg_SCN_9a4f2ed1,SCN_UNet_S2_fold_DarEsSalaam_K25_s5,2026-08-08T08:00:00Z,2026-08-08T11:17:00Z,50,val_iou,0.1944920755,0.3256481637,0.2273203290,0.3522341415,0.3027938474,0.6200000000,0.5700000000,0.4300000000,reference_record,benchmark_anchor,60_epoch_record
run_SCN_UNet_S2_fold_DarEsSalaam_K25_s6,UNet_S2,fold_DarEsSalaam,6,25,cfg_SCN_9a4f2ed1,SCN_UNet_S2_fold_DarEsSalaam_K25_s6,2026-08-07T08:00:00Z,2026-08-07T10:47:00Z,53,val_iou,0.1867595558,0.3147386594,0.1816927163,0.3514015805,0.2850032969,0.6200000000,0.5700000000,0.4300000000,reference_record,benchmark_anchor,60_epoch_record
run_SCN_UNet_S2_fold_DarEsSalaam_K25_s7,UNet_S2,fold_DarEsSalaam,7,25,cfg_SCN_9a4f2ed1,SCN_UNet_S2_fold_DarEsSalaam_K25_s7,2026-08-08T08:00:00Z,2026-08-08T11:20:00Z,50,val_iou,0.1897743313,0.3190089521,0.1824882057,0.3593383150,0.2868186387,0.6200000000,0.5700000000,0.4300000000,reference_record,benchmark_anchor,60_epoch_record
run_SCN_UNet_S2_fold_DarEsSalaam_K25_s8,UNet_S2,fold_DarEsSalaam,8,25,cfg_SCN_9a4f2ed1,SCN_UNet_S2_fold_DarEsSalaam_K25_s8,2026-08-06T08:00:00Z,2026-08-06T11:11:00Z,44,val_iou,0.1799984459,0.3050825135,0.1824053809,0.3393094896,0.2771279418,0.6200000000,0.5700000000,0.4300000000,reference_record,benchmark_anchor,60_epoch_record
run_SCN_UNet_S2_fold_DarEsSalaam_K25_s9,UNet_S2,fold_DarEsSalaam,9,25,cfg_SCN_9a4f2ed1,SCN_UNet_S2_fold_DarEsSalaam_K25_s9,2026-08-09T08:00:00Z,2026-08-09T10:54:00Z,41,val_iou,0.1892178761,0.3182223879,0.2328327854,0.3413374212,0.2980394504,0.6200000000,0.5700000000,0.4300000000,reference_record,benchmark_anchor,60_epoch_record
run_SCN_UNet_S2_fold_DarEsSalaam_K25_s10,UNet_S2,fold_DarEsSalaam,10,25,cfg_SCN_9a4f2ed1,SCN_UNet_S2_fold_DarEsSalaam_K25_s10,2026-08-08T08:00:00Z,2026-08-08T11:19:00Z,53,val_iou,0.1992716789,0.3323211620,0.2015113062,0.3645018583,0.3053617551,0.6200000000,0.5700000000,0.4300000000,reference_record,benchmark_anchor,60_epoch_record
run_SCN_UNet_S2_fold_DarEsSalaam_K50_s1,UNet_S2,fold_DarEsSalaam,1,50,cfg_SCN_a5d4a021,SCN_UNet_S2_fold_DarEsSalaam_K50_s1,2026-08-07T08:00:00Z,2026-08-07T11:54:00Z,44,val_iou,0.2256301969,0.3681864195,0.2313962254,0.4070029497,0.3361292306,0.6200000000,0.5700000000,0.4300000000,reference_record,benchmark_anchor,60_epoch_record
run_SCN_UNet_S2_fold_DarEsSalaam_K50_s2,UNet_S2,fold_DarEsSalaam,2,50,cfg_SCN_a5d4a021,SCN_UNet_S2_fold_DarEsSalaam_K50_s2,2026-08-08T08:00:00Z,2026-08-08T11:31:00Z,54,val_iou,0.2268825812,0.3698521516,0.2535530223,0.4078436981,0.3383354526,0.6200000000,0.5700000000,0.4300000000,reference_record,benchmark_anchor,60_epoch_record
run_SCN_UNet_S2_fold_DarEsSalaam_K50_s3,UNet_S2,fold_DarEsSalaam,3,50,cfg_SCN_a5d4a021,SCN_UNet_S2_fold_DarEsSalaam_K50_s3,2026-08-12T08:00:00Z,2026-08-12T11:43:00Z,53,val_iou,0.2186689568,0.3588652285,0.2649675201,0.4056187824,0.3217758147,0.6200000000,0.5700000000,0.4300000000,reference_record,benchmark_anchor,60_epoch_record
run_SCN_UNet_S2_fold_DarEsSalaam_K50_s4,UNet_S2,fold_DarEsSalaam,4,50,cfg_SCN_a5d4a021,SCN_UNet_S2_fold_DarEsSalaam_K50_s4,2026-08-05T08:00:00Z,2026-08-05T10:40:00Z,50,val_iou,0.2212299694,0.3623068135,0.2207841939,0.3937072611,0.3355451343,0.6200000000,0.5700000000,0.4300000000,reference_record,benchmark_anchor,60_epoch_record
run_SCN_UNet_S2_fold_DarEsSalaam_K50_s5,UNet_S2,fold_DarEsSalaam,5,50,cfg_SCN_a5d4a021,SCN_UNet_S2_fold_DarEsSalaam_K50_s5,2026-08-06T08:00:00Z,2026-08-06T11:47:00Z,50,val_iou,0.1957058077,0.3273477580,0.2470435195,0.3624653387,0.2984338869,0.6200000000,0.5700000000,0.4300000000,reference_record,benchmark_anchor,60_epoch_record
run_SCN_UNet_S2_fold_DarEsSalaam_K50_s6,UNet_S2,fold_DarEsSalaam,6,50,cfg_SCN_a5d4a021,SCN_UNet_S2_fold_DarEsSalaam_K50_s6,2026-08-07T08:00:00Z,2026-08-07T11:55:00Z,40,val_iou,0.2148410570,0.3536940998,0.2435575941,0.3978594246,0.3183544161,0.6200000000,0.5700000000,0.4300000000,reference_record,benchmark_anchor,60_epoch_record
run_SCN_UNet_S2_fold_DarEsSalaam_K50_s7,UNet_S2,fold_DarEsSalaam,7,50,cfg_SCN_a5d4a021,SCN_UNet_S2_fold_DarEsSalaam_K50_s7,2026-08-05T08:00:00Z,2026-08-05T11:20:00Z,45,val_iou,0.2054361778,0.3408495308,0.2078033249,0.3825767937,0.3073294223,0.6200000000,0.5700000000,0.4300000000,reference_record,benchmark_anchor,60_epoch_record
run_SCN_UNet_S2_fold_DarEsSalaam_K50_s8,UNet_S2,fold_DarEsSalaam,8,50,cfg_SCN_a5d4a021,SCN_UNet_S2_fold_DarEsSalaam_K50_s8,2026-08-11T08:00:00Z,2026-08-11T11:07:00Z,44,val_iou,0.2215843309,0.3627818814,0.2490313435,0.3868978542,0.3414958871,0.6200000000,0.5700000000,0.4300000000,reference_record,benchmark_anchor,60_epoch_record
run_SCN_UNet_S2_fold_DarEsSalaam_K50_s9,UNet_S2,fold_DarEsSalaam,9,50,cfg_SCN_a5d4a021,SCN_UNet_S2_fold_DarEsSalaam_K50_s9,2026-08-12T08:00:00Z,2026-08-12T11:49:00Z,48,val_iou,0.2152527692,0.3542518473,0.2781353751,0.3935121026,0.3221148179,0.6200000000,0.5700000000,0.4300000000,reference_record,benchmark_anchor,60_epoch_record
run_SCN_UNet_S2_fold_DarEsSalaam_K50_s10,UNet_S2,fold_DarEsSalaam,10,50,cfg_SCN_a5d4a021,SCN_UNet_S2_fold_DarEsSalaam_K50_s10,2026-08-08T08:00:00Z,2026-08-08T10:49:00Z,43,val_iou,0.2022897925,0.3365075438,0.2269775416,0.3634832985,0.3132591522,0.6200000000,0.5700000000,0.4300000000,reference_record,benchmark_anchor,60_epoch_record
run_SCN_UNet_S2_fold_Douala_K10_s1,UNet_S2,fold_Douala,1,10,cfg_SCN_37521ce2,SCN_UNet_S2_fold_Douala_K10_s1,2026-08-10T08:00:00Z,2026-08-10T10:56:00Z,41,val_iou,0.1500375134,0.2609262944,0.1982404223,0.2998970463,0.2309190352,0.6200000000,0.5700000000,0.4300000000,reference_record,benchmark_anchor,60_epoch_record
run_SCN_UNet_S2_fold_Douala_K10_s2,UNet_S2,fold_Douala,2,10,cfg_SCN_37521ce2,SCN_UNet_S2_fold_Douala_K10_s2,2026-08-05T08:00:00Z,2026-08-05T11:51:00Z,53,val_iou,0.1561325592,0.2700945630,0.1803574452,0.3102340939,0.2391519683,0.6200000000,0.5700000000,0.4300000000,reference_record,benchmark_anchor,60_epoch_record
run_SCN_UNet_S2_fold_Douala_K10_s3,UNet_S2,fold_Douala,3,10,cfg_SCN_37521ce2,SCN_UNet_S2_fold_Douala_K10_s3,2026-08-08T08:00:00Z,2026-08-08T11:36:00Z,46,val_iou,0.1757702996,0.2989874803,0.1966316182,0.3264352360,0.2757975121,0.6200000000,0.5700000000,0.4300000000,reference_record,benchmark_anchor,60_epoch_record
run_SCN_UNet_S2_fold_Douala_K10_s4,UNet_S2,fold_Douala,4,10,cfg_SCN_37521ce2,SCN_UNet_S2_fold_Douala_K10_s4,2026-08-05T08:00:00Z,2026-08-05T11:23:00Z,51,val_iou,0.1478970597,0.2576834891,0.1683675839,0.2994735024,0.2261284123,0.6200000000,0.5700000000,0.4300000000,reference_record,benchmark_anchor,60_epoch_record
run_SCN_UNet_S2_fold_Douala_K10_s5,UNet_S2,fold_Douala,5,10,cfg_SCN_37521ce2,SCN_UNet_S2_fold_Douala_K10_s5,2026-08-12T08:00:00Z,2026-08-12T11:24:00Z,51,val_iou,0.1594461198,0.2750384293,0.1971258135,0.3048348236,0.2505483248,0.6200000000,0.5700000000,0.4300000000,reference_record,benchmark_anchor,60_epoch_record
run_SCN_UNet_S2_fold_Douala_K10_s6,UNet_S2,fold_Douala,6,10,cfg_SCN_37521ce2,SCN_UNet_S2_fold_Douala_K10_s6,2026-08-05T08:00:00Z,2026-08-05T11:45:00Z,46,val_iou,0.1641051422,0.2819421310,0.2014727734,0.3166757235,0.2540747335,0.6200000000,0.5700000000,0.4300000000,reference_record,benchmark_anchor,60_epoch_record
run_SCN_UNet_S2_fold_Douala_K10_s7,UNet_S2,fold_Douala,7,10,cfg_SCN_37521ce2,SCN_UNet_S2_fold_Douala_K10_s7,2026-08-10T08:00:00Z,2026-08-10T11:53:00Z,45,val_iou,0.1508481628,0.2621512858,0.1858781139,0.2943158126,0.2363243951,0.6200000000,0.5700000000,0.4300000000,reference_record,benchmark_anchor,60_epoch_record
run_SCN_UNet_S2_fold_Douala_K10_s8,UNet_S2,fold_Douala,8,10,cfg_SCN_37521ce2,SCN_UNet_S2_fold_Douala_K10_s8,2026-08-06T08:00:00Z,2026-08-06T10:45:00Z,47,val_iou,0.1675999581,0.2870845566,0.1860290281,0.3286417948,0.2548574564,0.6200000000,0.5700000000,0.4300000000,reference_record,benchmark_anchor,60_epoch_record
run_SCN_UNet_S2_fold_Douala_K10_s9,UNet_S2,fold_Douala,9,10,cfg_SCN_37521ce2,SCN_UNet_S2_fold_Douala_K10_s9,2026-08-07T08:00:00Z,2026-08-07T11:58:00Z,46,val_iou,0.1550859182,0.2685270692,0.1781144980,0.2999179322,0.2430846525,0.6200000000,0.5700000000,0.4300000000,reference_record,benchmark_anchor,60_epoch_record
run_SCN_UNet_S2_fold_Douala_K10_s10,UNet_S2,fold_Douala,10,10,cfg_SCN_37521ce2,SCN_UNet_S2_fold_Douala_K10_s10,2026-08-09T08:00:00Z,2026-08-09T11:49:00Z,50,val_iou,0.1628946075,0.2801536897,0.1968405479,0.3142512427,0.2527313032,0.6200000000,0.5700000000,0.4300000000,reference_record,benchmark_anchor,60_epoch_record
run_SCN_UNet_S2_fold_Douala_K25_s1,UNet_S2,fold_Douala,1,25,cfg_SCN_9a4f2ed1,SCN_UNet_S2_fold_Douala_K25_s1,2026-08-12T08:00:00Z,2026-08-12T11:51:00Z,43,val_iou,0.1819557377,0.3078892582,0.2343773158,0.3391298026,0.2819189609,0.6200000000,0.5700000000,0.4300000000,reference_record,benchmark_anchor,60_epoch_record
run_SCN_UNet_S2_fold_Douala_K25_s2,UNet_S2,fold_Douala,2,25,cfg_SCN_9a4f2ed1,SCN_UNet_S2_fold_Douala_K25_s2,2026-08-09T08:00:00Z,2026-08-09T11:33:00Z,51,val_iou,0.1808341234,0.3062820083,0.1637357424,0.3532986133,0.2703095057,0.6200000000,0.5700000000,0.4300000000,reference_record,benchmark_anchor,60_epoch_record
run_SCN_UNet_S2_fold_Douala_K25_s3,UNet_S2,fold_Douala,3,25,cfg_SCN_9a4f2ed1,SCN_UNet_S2_fold_Douala_K25_s3,2026-08-08T08:00:00Z,2026-08-08T11:42:00Z,45,val_iou,0.1708610584,0.2918553950,0.2233054328,0.3242658073,0.2653351137,0.6200000000,0.5700000000,0.4300000000,reference_record,benchmark_anchor,60_epoch_record
run_SCN_UNet_S2_fold_Douala_K25_s4,UNet_S2,fold_Douala,4,25,cfg_SCN_9a4f2ed1,SCN_UNet_S2_fold_Douala_K25_s4,2026-08-07T08:00:00Z,2026-08-07T11:51:00Z,46,val_iou,0.1720648358,0.2936097569,0.2069808460,0.3248880004,0.2678251756,0.6200000000,0.5700000000,0.4300000000,reference_record,benchmark_anchor,60_epoch_record
run_SCN_UNet_S2_fold_Douala_K25_s5,UNet_S2,fold_Douala,5,25,cfg_SCN_9a4f2ed1,SCN_UNet_S2_fold_Douala_K25_s5,2026-08-06T08:00:00Z,2026-08-06T10:41:00Z,40,val_iou,0.1731368793,0.2951691015,0.1772341576,0.3179010063,0.2754711930,0.6200000000,0.5700000000,0.4300000000,reference_record,benchmark_anchor,60_epoch_record
run_SCN_UNet_S2_fold_Douala_K25_s6,UNet_S2,fold_Douala,6,25,cfg_SCN_9a4f2ed1,SCN_UNet_S2_fold_Douala_K25_s6,2026-08-11T08:00:00Z,2026-08-11T11:09:00Z,54,val_iou,0.1771411960,0.3009684761,0.2022740802,0.3365125137,0.2722157642,0.6200000000,0.5700000000,0.4300000000,reference_record,benchmark_anchor,60_epoch_record
run_SCN_UNet_S2_fold_Douala_K25_s7,UNet_S2,fold_Douala,7,25,cfg_SCN_9a4f2ed1,SCN_UNet_S2_fold_Douala_K25_s7,2026-08-09T08:00:00Z,2026-08-09T11:49:00Z,43,val_iou,0.1762018762,0.2996116223,0.2010149719,0.3253157904,0.2776719369,0.6200000000,0.5700000000,0.4300000000,reference_record,benchmark_anchor,60_epoch_record
run_SCN_UNet_S2_fold_Douala_K25_s8,UNet_S2,fold_Douala,8,25,cfg_SCN_9a4f2ed1,SCN_UNet_S2_fold_Douala_K25_s8,2026-08-06T08:00:00Z,2026-08-06T10:56:00Z,49,val_iou,0.1851840882,0.3124984381,0.1673807132,0.3507042597,0.2817991578,0.6200000000,0.5700000000,0.4300000000,reference_record,benchmark_anchor,60_epoch_record
run_SCN_UNet_S2_fold_Douala_K25_s9,UNet_S2,fold_Douala,9,25,cfg_SCN_9a4f2ed1,SCN_UNet_S2_fold_Douala_K25_s9,2026-08-08T08:00:00Z,2026-08-08T11:38:00Z,51,val_iou,0.1862206470,0.3139730327,0.2060493641,0.3383411971,0.2928791562,0.6200000000,0.5700000000,0.4300000000,reference_record,benchmark_anchor,60_epoch_record
run_SCN_UNet_S2_fold_Douala_K25_s10,UNet_S2,fold_Douala,10,25,cfg_SCN_9a4f2ed1,SCN_UNet_S2_fold_Douala_K25_s10,2026-08-08T08:00:00Z,2026-08-08T11:05:00Z,41,val_iou,0.1823161487,0.3084050723,0.2215915713,0.3500562095,0.2756116563,0.6200000000,0.5700000000,0.4300000000,reference_record,benchmark_anchor,60_epoch_record
run_SCN_UNet_S2_fold_Douala_K50_s1,UNet_S2,fold_Douala,1,50,cfg_SCN_a5d4a021,SCN_UNet_S2_fold_Douala_K50_s1,2026-08-06T08:00:00Z,2026-08-06T10:44:00Z,47,val_iou,0.1885266027,0.3172442288,0.2209213208,0.3578948469,0.2848861288,0.6200000000,0.5700000000,0.4300000000,reference_record,benchmark_anchor,60_epoch_record
run_SCN_UNet_S2_fold_Douala_K50_s2,UNet_S2,fold_Douala,2,50,cfg_SCN_a5d4a021,SCN_UNet_S2_fold_Douala_K50_s2,2026-08-12T08:00:00Z,2026-08-12T11:22:00Z,45,val_iou,0.1890485263,0.3179828612,0.2057059154,0.3476183512,0.2930034525,0.6200000000,0.5700000000,0.4300000000,reference_record,benchmark_anchor,60_epoch_record
run_SCN_UNet_S2_fold_Douala_K50_s3,UNet_S2,fold_Douala,3,50,cfg_SCN_a5d4a021,SCN_UNet_S2_fold_Douala_K50_s3,2026-08-08T08:00:00Z,2026-08-08T11:18:00Z,42,val_iou,0.1905250760,0.3200689844,0.2161867192,0.3593193831,0.2885491959,0.6200000000,0.5700000000,0.4300000000,reference_record,benchmark_anchor,60_epoch_record
run_SCN_UNet_S2_fold_Douala_K50_s4,UNet_S2,fold_Douala,4,50,cfg_SCN_a5d4a021,SCN_UNet_S2_fold_Douala_K50_s4,2026-08-12T08:00:00Z,2026-08-12T11:27:00Z,41,val_iou,0.1871891575,0.3153484957,0.2020851477,0.3416065520,0.2928390225,0.6200000000,0.5700000000,0.4300000000,reference_record,benchmark_anchor,60_epoch_record
run_SCN_UNet_S2_fold_Douala_K50_s5,UNet_S2,fold_Douala,5,50,cfg_SCN_a5d4a021,SCN_UNet_S2_fold_Douala_K50_s5,2026-08-12T08:00:00Z,2026-08-12T11:31:00Z,42,val_iou,0.1962932821,0.3281691623,0.2095237284,0.3560726341,0.3043211706,0.6200000000,0.5700000000,0.4300000000,reference_record,benchmark_anchor,60_epoch_record
run_SCN_UNet_S2_fold_Douala_K50_s6,UNet_S2,fold_Douala,6,50,cfg_SCN_a5d4a021,SCN_UNet_S2_fold_Douala_K50_s6,2026-08-10T08:00:00Z,2026-08-10T11:56:00Z,41,val_iou,0.1908920399,0.3205866418,0.1739476972,0.3665619529,0.2848587892,0.6200000000,0.5700000000,0.4300000000,reference_record,benchmark_anchor,60_epoch_record
run_SCN_UNet_S2_fold_Douala_K50_s7,UNet_S2,fold_Douala,7,50,cfg_SCN_a5d4a021,SCN_UNet_S2_fold_Douala_K50_s7,2026-08-05T08:00:00Z,2026-08-05T10:49:00Z,46,val_iou,0.2030684536,0.3375842048,0.2403978085,0.3818884067,0.3024911542,0.6200000000,0.5700000000,0.4300000000,reference_record,benchmark_anchor,60_epoch_record
run_SCN_UNet_S2_fold_Douala_K50_s8,UNet_S2,fold_Douala,8,50,cfg_SCN_a5d4a021,SCN_UNet_S2_fold_Douala_K50_s8,2026-08-06T08:00:00Z,2026-08-06T10:49:00Z,49,val_iou,0.1862085016,0.3139557698,0.2085070477,0.3445976844,0.2883182680,0.6200000000,0.5700000000,0.4300000000,reference_record,benchmark_anchor,60_epoch_record
run_SCN_UNet_S2_fold_Douala_K50_s9,UNet_S2,fold_Douala,9,50,cfg_SCN_a5d4a021,SCN_UNet_S2_fold_Douala_K50_s9,2026-08-10T08:00:00Z,2026-08-10T11:47:00Z,50,val_iou,0.1895315434,0.3186658554,0.2566982596,0.3649960113,0.2827725913,0.6200000000,0.5700000000,0.4300000000,reference_record,benchmark_anchor,60_epoch_record
run_SCN_UNet_S2_fold_Douala_K50_s10,UNet_S2,fold_Douala,10,50,cfg_SCN_a5d4a021,SCN_UNet_S2_fold_Douala_K50_s10,2026-08-06T08:00:00Z,2026-08-06T11:21:00Z,51,val_iou,0.1926418598,0.3230506429,0.2095286537,0.3623418454,0.2914470478,0.6200000000,0.5700000000,0.4300000000,reference_record,benchmark_anchor,60_epoch_record
run_SCN_UNet_S2_fold_Garoua_K10_s1,UNet_S2,fold_Garoua,1,10,cfg_SCN_37521ce2,SCN_UNet_S2_fold_Garoua_K10_s1,2026-08-11T08:00:00Z,2026-08-11T10:34:00Z,44,val_iou,0.2249718800,0.3673094602,0.2281827368,0.4080074846,0.3339941364,0.6200000000,0.5700000000,0.4300000000,reference_record,benchmark_anchor,60_epoch_record
run_SCN_UNet_S2_fold_Garoua_K10_s2,UNet_S2,fold_Garoua,2,10,cfg_SCN_37521ce2,SCN_UNet_S2_fold_Garoua_K10_s2,2026-08-05T08:00:00Z,2026-08-05T11:19:00Z,53,val_iou,0.2235713258,0.3654406099,0.2548715168,0.3911430910,0.3429077320,0.6200000000,0.5700000000,0.4300000000,reference_record,benchmark_anchor,60_epoch_record
run_SCN_UNet_S2_fold_Garoua_K10_s3,UNet_S2,fold_Garoua,3,10,cfg_SCN_37521ce2,SCN_UNet_S2_fold_Garoua_K10_s3,2026-08-09T08:00:00Z,2026-08-09T10:51:00Z,40,val_iou,0.2314704713,0.3759253295,0.2680744358,0.4013155262,0.3535567097,0.6200000000,0.5700000000,0.4300000000,reference_record,benchmark_anchor,60_epoch_record
run_SCN_UNet_S2_fold_Garoua_K10_s4,UNet_S2,fold_Garoua,4,10,cfg_SCN_37521ce2,SCN_UNet_S2_fold_Garoua_K10_s4,2026-08-06T08:00:00Z,2026-08-06T11:44:00Z,44,val_iou,0.2197402066,0.3603065725,0.2556976056,0.3991965850,0.3283212819,0.6200000000,0.5700000000,0.4300000000,reference_record,benchmark_anchor,60_epoch_record
run_SCN_UNet_S2_fold_Garoua_K10_s5,UNet_S2,fold_Garoua,5,10,cfg_SCN_37521ce2,SCN_UNet_S2_fold_Garoua_K10_s5,2026-08-10T08:00:00Z,2026-08-10T11:41:00Z,53,val_iou,0.2055065921,0.3409464427,0.2241063001,0.3660905993,0.3190342516,0.6200000000,0.5700000000,0.4300000000,reference_record,benchmark_anchor,60_epoch_record
run_SCN_UNet_S2_fold_Garoua_K10_s6,UNet_S2,fold_Garoua,6,10,cfg_SCN_37521ce2,SCN_UNet_S2_fold_Garoua_K10_s6,2026-08-09T08:00:00Z,2026-08-09T11:55:00Z,46,val_iou,0.2097940101,0.3468260023,0.2477627725,0.3729325614,0.3241354113,0.6200000000,0.5700000000,0.4300000000,reference_record,benchmark_anchor,60_epoch_record
run_SCN_UNet_S2_fold_Garoua_K10_s7,UNet_S2,fold_Garoua,7,10,cfg_SCN_37521ce2,SCN_UNet_S2_fold_Garoua_K10_s7,2026-08-11T08:00:00Z,2026-08-11T10:43:00Z,43,val_iou,0.2133540939,0.3516765550,0.2394915786,0.3781165712,0.3286925422,0.6200000000,0.5700000000,0.4300000000,reference_record,benchmark_anchor,60_epoch_record
run_SCN_UNet_S2_fold_Garoua_K10_s8,UNet_S2,fold_Garoua,8,10,cfg_SCN_37521ce2,SCN_UNet_S2_fold_Garoua_K10_s8,2026-08-10T08:00:00Z,2026-08-10T11:45:00Z,51,val_iou,0.2195422938,0.3600404757,0.2660171957,0.4070094481,0.3227903986,0.6200000000,0.5700000000,0.4300000000,reference_record,benchmark_anchor,60_epoch_record
run_SCN_UNet_S2_fold_Garoua_K10_s9,UNet_S2,fold_Garoua,9,10,cfg_SCN_37521ce2,SCN_UNet_S2_fold_Garoua_K10_s9,2026-08-11T08:00:00Z,2026-08-11T11:51:00Z,50,val_iou,0.2241857863,0.3662610509,0.2298447134,0.4071283228,0.3328498073,0.6200000000,0.5700000000,0.4300000000,reference_record,benchmark_anchor,60_epoch_record
run_SCN_UNet_S2_fold_Garoua_K10_s10,UNet_S2,fold_Garoua,10,10,cfg_SCN_37521ce2,SCN_UNet_S2_fold_Garoua_K10_s10,2026-08-09T08:00:00Z,2026-08-09T11:30:00Z,45,val_iou,0.2165760477,0.3560419394,0.2547996994,0.3820660142,0.3333369967,0.6200000000,0.5700000000,0.4300000000,reference_record,benchmark_anchor,60_epoch_record
run_SCN_UNet_S2_fold_Garoua_K25_s1,UNet_S2,fold_Garoua,1,25,cfg_SCN_9a4f2ed1,SCN_UNet_S2_fold_Garoua_K25_s1,2026-08-10T08:00:00Z,2026-08-10T11:33:00Z,42,val_iou,0.2288805864,0.3725025669,0.2447219988,0.4175661519,0.3362180401,0.6200000000,0.5700000000,0.4300000000,reference_record,benchmark_anchor,60_epoch_record
run_SCN_UNet_S2_fold_Garoua_K25_s2,UNet_S2,fold_Garoua,2,25,cfg_SCN_9a4f2ed1,SCN_UNet_S2_fold_Garoua_K25_s2,2026-08-07T08:00:00Z,2026-08-07T11:26:00Z,40,val_iou,0.2342988895,0.3796469258,0.2602345722,0.4077383909,0.3551767381,0.6200000000,0.5700000000,0.4300000000,reference_record,benchmark_anchor,60_epoch_record
run_SCN_UNet_S2_fold_Garoua_K25_s3,UNet_S2,fold_Garoua,3,25,cfg_SCN_9a4f2ed1,SCN_UNet_S2_fold_Garoua_K25_s3,2026-08-12T08:00:00Z,2026-08-12T11:10:00Z,52,val_iou,0.2332406507,0.3782565075,0.2587685877,0.4169771185,0.3461160729,0.6200000000,0.5700000000,0.4300000000,reference_record,benchmark_anchor,60_epoch_record
run_SCN_UNet_S2_fold_Garoua_K25_s4,UNet_S2,fold_Garoua,4,25,cfg_SCN_9a4f2ed1,SCN_UNet_S2_fold_Garoua_K25_s4,2026-08-09T08:00:00Z,2026-08-09T11:23:00Z,46,val_iou,0.2517803488,0.4022756053,0.2887908496,0.4331387891,0.3755181633,0.6200000000,0.5700000000,0.4300000000,reference_record,benchmark_anchor,60_epoch_record
run_SCN_UNet_S2_fold_Garoua_K25_s5,UNet_S2,fold_Garoua,5,25,cfg_SCN_9a4f2ed1,SCN_UNet_S2_fold_Garoua_K25_s5,2026-08-07T08:00:00Z,2026-08-07T10:33:00Z,51,val_iou,0.2200835659,0.3607680195,0.2122253652,0.3995912927,0.3288206426,0.6200000000,0.5700000000,0.4300000000,reference_record,benchmark_anchor,60_epoch_record
run_SCN_UNet_S2_fold_Garoua_K25_s6,UNet_S2,fold_Garoua,6,25,cfg_SCN_9a4f2ed1,SCN_UNet_S2_fold_Garoua_K25_s6,2026-08-08T08:00:00Z,2026-08-08T10:39:00Z,54,val_iou,0.2387150023,0.3854236073,0.2476494292,0.4284152961,0.3502734879,0.6200000000,0.5700000000,0.4300000000,reference_record,benchmark_anchor,60_epoch_record
run_SCN_UNet_S2_fold_Garoua_K25_s7,UNet_S2,fold_Garoua,7,25,cfg_SCN_9a4f2ed1,SCN_UNet_S2_fold_Garoua_K25_s7,2026-08-06T08:00:00Z,2026-08-06T11:41:00Z,44,val_iou,0.2252805380,0.3677207480,0.2451164071,0.4147513257,0.3302699101,0.6200000000,0.5700000000,0.4300000000,reference_record,benchmark_anchor,60_epoch_record
run_SCN_UNet_S2_fold_Garoua_K25_s8,UNet_S2,fold_Garoua,8,25,cfg_SCN_9a4f2ed1,SCN_UNet_S2_fold_Garoua_K25_s8,2026-08-08T08:00:00Z,2026-08-08T11:32:00Z,44,val_iou,0.2334698422,0.3785578442,0.2749055019,0.4163074682,0.3470851141,0.6200000000,0.5700000000,0.4300000000,reference_record,benchmark_anchor,60_epoch_record
run_SCN_UNet_S2_fold_Garoua_K25_s9,UNet_S2,fold_Garoua,9,25,cfg_SCN_9a4f2ed1,SCN_UNet_S2_fold_Garoua_K25_s9,2026-08-05T08:00:00Z,2026-08-05T11:56:00Z,46,val_iou,0.2337910883,0.3789800243,0.2888005271,0.4074076425,0.3542608233,0.6200000000,0.5700000000,0.4300000000,reference_record,benchmark_anchor,60_epoch_record
run_SCN_UNet_S2_fold_Garoua_K25_s10,UNet_S2,fold_Garoua,10,25,cfg_SCN_9a4f2ed1,SCN_UNet_S2_fold_Garoua_K25_s10,2026-08-11T08:00:00Z,2026-08-11T10:31:00Z,50,val_iou,0.2454334092,0.3941333312,0.2296824907,0.4279637801,0.3652596323,0.6200000000,0.5700000000,0.4300000000,reference_record,benchmark_anchor,60_epoch_record
run_SCN_UNet_S2_fold_Garoua_K50_s1,UNet_S2,fold_Garoua,1,50,cfg_SCN_a5d4a021,SCN_UNet_S2_fold_Garoua_K50_s1,2026-08-07T08:00:00Z,2026-08-07T11:36:00Z,40,val_iou,0.2692072017,0.4242131644,0.3068971913,0.4524331924,0.3993068352,0.6200000000,0.5700000000,0.4300000000,reference_record,benchmark_anchor,60_epoch_record
run_SCN_UNet_S2_fold_Garoua_K50_s2,UNet_S2,fold_Garoua,2,50,cfg_SCN_a5d4a021,SCN_UNet_S2_fold_Garoua_K50_s2,2026-08-11T08:00:00Z,2026-08-11T10:39:00Z,53,val_iou,0.2455479825,0.3942810489,0.2994368059,0.4353323635,0.3603047476,0.6200000000,0.5700000000,0.4300000000,reference_record,benchmark_anchor,60_epoch_record
run_SCN_UNet_S2_fold_Garoua_K50_s3,UNet_S2,fold_Garoua,3,50,cfg_SCN_a5d4a021,SCN_UNet_S2_fold_Garoua_K50_s3,2026-08-10T08:00:00Z,2026-08-10T10:53:00Z,51,val_iou,0.2421024782,0.3898268982,0.2927377375,0.4218052023,0.3623556417,0.6200000000,0.5700000000,0.4300000000,reference_record,benchmark_anchor,60_epoch_record
run_SCN_UNet_S2_fold_Garoua_K50_s4,UNet_S2,fold_Garoua,4,50,cfg_SCN_a5d4a021,SCN_UNet_S2_fold_Garoua_K50_s4,2026-08-12T08:00:00Z,2026-08-12T11:25:00Z,52,val_iou,0.2583228896,0.4105828349,0.2841408069,0.4497064353,0.3777217634,0.6200000000,0.5700000000,0.4300000000,reference_record,benchmark_anchor,60_epoch_record
run_SCN_UNet_S2_fold_Garoua_K50_s5,UNet_S2,fold_Garoua,5,50,cfg_SCN_a5d4a021,SCN_UNet_S2_fold_Garoua_K50_s5,2026-08-09T08:00:00Z,2026-08-09T11:49:00Z,40,val_iou,0.2512035397,0.4015390489,0.2960565600,0.4280888802,0.3780901131,0.6200000000,0.5700000000,0.4300000000,reference_record,benchmark_anchor,60_epoch_record
run_SCN_UNet_S2_fold_Garoua_K50_s6,UNet_S2,fold_Garoua,6,50,cfg_SCN_a5d4a021,SCN_UNet_S2_fold_Garoua_K50_s6,2026-08-06T08:00:00Z,2026-08-06T11:06:00Z,47,val_iou,0.2600010576,0.4126997450,0.3068195687,0.4581904380,0.3754261680,0.6200000000,0.5700000000,0.4300000000,reference_record,benchmark_anchor,60_epoch_record
run_SCN_UNet_S2_fold_Garoua_K50_s7,UNet_S2,fold_Garoua,7,50,cfg_SCN_a5d4a021,SCN_UNet_S2_fold_Garoua_K50_s7,2026-08-09T08:00:00Z,2026-08-09T11:59:00Z,51,val_iou,0.2430013012,0.3909912258,0.2745797328,0.4174130914,0.3677151917,0.6200000000,0.5700000000,0.4300000000,reference_record,benchmark_anchor,60_epoch_record
run_SCN_UNet_S2_fold_Garoua_K50_s8,UNet_S2,fold_Garoua,8,50,cfg_SCN_a5d4a021,SCN_UNet_S2_fold_Garoua_K50_s8,2026-08-05T08:00:00Z,2026-08-05T10:49:00Z,50,val_iou,0.2826389511,0.4407147480,0.2795168647,0.4777263280,0.4090257100,0.6200000000,0.5700000000,0.4300000000,reference_record,benchmark_anchor,60_epoch_record
run_SCN_UNet_S2_fold_Garoua_K50_s9,UNet_S2,fold_Garoua,9,50,cfg_SCN_a5d4a021,SCN_UNet_S2_fold_Garoua_K50_s9,2026-08-07T08:00:00Z,2026-08-07T11:36:00Z,54,val_iou,0.2408623107,0.3882176268,0.2497198398,0.4275690849,0.3554991484,0.6200000000,0.5700000000,0.4300000000,reference_record,benchmark_anchor,60_epoch_record
run_SCN_UNet_S2_fold_Garoua_K50_s10,UNet_S2,fold_Garoua,10,50,cfg_SCN_a5d4a021,SCN_UNet_S2_fold_Garoua_K50_s10,2026-08-05T08:00:00Z,2026-08-05T11:42:00Z,49,val_iou,0.2674341567,0.4220087573,0.2880349330,0.4624834342,0.3880483385,0.6200000000,0.5700000000,0.4300000000,reference_record,benchmark_anchor,60_epoch_record
run_SCN_UNet_S2_fold_Kigali_K10_s1,UNet_S2,fold_Kigali,1,10,cfg_SCN_37521ce2,SCN_UNet_S2_fold_Kigali_K10_s1,2026-08-08T08:00:00Z,2026-08-08T10:32:00Z,48,val_iou,0.2134406350,0.3517941114,0.2742407965,0.3866581441,0.3226972760,0.6200000000,0.5700000000,0.4300000000,reference_record,benchmark_anchor,60_epoch_record
run_SCN_UNet_S2_fold_Kigali_K10_s2,UNet_S2,fold_Kigali,2,10,cfg_SCN_37521ce2,SCN_UNet_S2_fold_Kigali_K10_s2,2026-08-11T08:00:00Z,2026-08-11T10:53:00Z,45,val_iou,0.1942119598,0.3252554259,0.2282822006,0.3568636474,0.2987908441,0.6200000000,0.5700000000,0.4300000000,reference_record,benchmark_anchor,60_epoch_record
run_SCN_UNet_S2_fold_Kigali_K10_s3,UNet_S2,fold_Kigali,3,10,cfg_SCN_37521ce2,SCN_UNet_S2_fold_Kigali_K10_s3,2026-08-05T08:00:00Z,2026-08-05T10:36:00Z,47,val_iou,0.2044364230,0.3394723359,0.2215336129,0.3653088811,0.3170489820,0.6200000000,0.5700000000,0.4300000000,reference_record,benchmark_anchor,60_epoch_record
run_SCN_UNet_S2_fold_Kigali_K10_s4,UNet_S2,fold_Kigali,4,10,cfg_SCN_37521ce2,SCN_UNet_S2_fold_Kigali_K10_s4,2026-08-09T08:00:00Z,2026-08-09T11:16:00Z,44,val_iou,0.1894639029,0.3185702440,0.2180384960,0.3509399525,0.2916676455,0.6200000000,0.5700000000,0.4300000000,reference_record,benchmark_anchor,60_epoch_record
run_SCN_UNet_S2_fold_Kigali_K10_s5,UNet_S2,fold_Kigali,5,10,cfg_SCN_37521ce2,SCN_UNet_S2_fold_Kigali_K10_s5,2026-08-07T08:00:00Z,2026-08-07T11:02:00Z,47,val_iou,0.1837374754,0.3104361891,0.2285195858,0.3430917910,0.2834566790,0.6200000000,0.5700000000,0.4300000000,reference_record,benchmark_anchor,60_epoch_record
run_SCN_UNet_S2_fold_Kigali_K10_s6,UNet_S2,fold_Kigali,6,10,cfg_SCN_37521ce2,SCN_UNet_S2_fold_Kigali_K10_s6,2026-08-08T08:00:00Z,2026-08-08T11:47:00Z,54,val_iou,0.2013266458,0.3351738622,0.2326066794,0.3641978010,0.3104344730,0.6200000000,0.5700000000,0.4300000000,reference_record,benchmark_anchor,60_epoch_record
run_SCN_UNet_S2_fold_Kigali_K10_s7,UNet_S2,fold_Kigali,7,10,cfg_SCN_37521ce2,SCN_UNet_S2_fold_Kigali_K10_s7,2026-08-07T08:00:00Z,2026-08-07T11:42:00Z,50,val_iou,0.1886685031,0.3174451121,0.2219994603,0.3626455333,0.2822635623,0.6200000000,0.5700000000,0.4300000000,reference_record,benchmark_anchor,60_epoch_record
run_SCN_UNet_S2_fold_Kigali_K10_s8,UNet_S2,fold_Kigali,8,10,cfg_SCN_37521ce2,SCN_UNet_S2_fold_Kigali_K10_s8,2026-08-08T08:00:00Z,2026-08-08T11:01:00Z,41,val_iou,0.1929543955,0.3234899779,0.2463489209,0.3647017444,0.2906465443,0.6200000000,0.5700000000,0.4300000000,reference_record,benchmark_anchor,60_epoch_record
run_SCN_UNet_S2_fold_Kigali_K10_s9,UNet_S2,fold_Kigali,9,10,cfg_SCN_37521ce2,SCN_UNet_S2_fold_Kigali_K10_s9,2026-08-07T08:00:00Z,2026-08-07T10:55:00Z,47,val_iou,0.1775302346,0.3015298110,0.1944884611,0.3287442249,0.2784766914,0.6200000000,0.5700000000,0.4300000000,reference_record,benchmark_anchor,60_epoch_record
run_SCN_UNet_S2_fold_Kigali_K10_s10,UNet_S2,fold_Kigali,10,10,cfg_SCN_37521ce2,SCN_UNet_S2_fold_Kigali_K10_s10,2026-08-09T08:00:00Z,2026-08-09T11:15:00Z,45,val_iou,0.2031075697,0.3376382541,0.2474177159,0.3791723045,0.3043050656,0.6200000000,0.5700000000,0.4300000000,reference_record,benchmark_anchor,60_epoch_record
run_SCN_UNet_S2_fold_Kigali_K25_s1,UNet_S2,fold_Kigali,1,25,cfg_SCN_9a4f2ed1,SCN_UNet_S2_fold_Kigali_K25_s1,2026-08-05T08:00:00Z,2026-08-05T11:39:00Z,50,val_iou,0.2172649363,0.3569723071,0.2588772062,0.3934524109,0.3266829329,0.6200000000,0.5700000000,0.4300000000,reference_record,benchmark_anchor,60_epoch_record
run_SCN_UNet_S2_fold_Kigali_K25_s2,UNet_S2,fold_Kigali,2,25,cfg_SCN_9a4f2ed1,SCN_UNet_S2_fold_Kigali_K25_s2,2026-08-08T08:00:00Z,2026-08-08T11:38:00Z,54,val_iou,0.2084269870,0.3449558629,0.2130085046,0.3909604534,0.3086381908,0.6200000000,0.5700000000,0.4300000000,reference_record,benchmark_anchor,60_epoch_record
run_SCN_UNet_S2_fold_Kigali_K25_s3,UNet_S2,fold_Kigali,3,25,cfg_SCN_9a4f2ed1,SCN_UNet_S2_fold_Kigali_K25_s3,2026-08-10T08:00:00Z,2026-08-10T11:46:00Z,53,val_iou,0.2152541391,0.3542537024,0.2346974189,0.3899556808,0.3245407212,0.6200000000,0.5700000000,0.4300000000,reference_record,benchmark_anchor,60_epoch_record
run_SCN_UNet_S2_fold_Kigali_K25_s4,UNet_S2,fold_Kigali,4,25,cfg_SCN_9a4f2ed1,SCN_UNet_S2_fold_Kigali_K25_s4,2026-08-11T08:00:00Z,2026-08-11T11:28:00Z,44,val_iou,0.2222644512,0.3636928996,0.2481820435,0.4100767037,0.3267357918,0.6200000000,0.5700000000,0.4300000000,reference_record,benchmark_anchor,60_epoch_record
run_SCN_UNet_S2_fold_Kigali_K25_s5,UNet_S2,fold_Kigali,5,25,cfg_SCN_9a4f2ed1,SCN_UNet_S2_fold_Kigali_K25_s5,2026-08-09T08:00:00Z,2026-08-09T10:57:00Z,51,val_iou,0.2327650027,0.3776307767,0.2665538428,0.4119639677,0.3485800214,0.6200000000,0.5700000000,0.4300000000,reference_record,benchmark_anchor,60_epoch_record
run_SCN_UNet_S2_fold_Kigali_K25_s6,UNet_S2,fold_Kigali,6,25,cfg_SCN_9a4f2ed1,SCN_UNet_S2_fold_Kigali_K25_s6,2026-08-05T08:00:00Z,2026-08-05T10:59:00Z,47,val_iou,0.2072836825,0.3433885266,0.2551358487,0.3676680905,0.3221170033,0.6200000000,0.5700000000,0.4300000000,reference_record,benchmark_anchor,60_epoch_record
run_SCN_UNet_S2_fold_Kigali_K25_s7,UNet_S2,fold_Kigali,7,25,cfg_SCN_9a4f2ed1,SCN_UNet_S2_fold_Kigali_K25_s7,2026-08-07T08:00:00Z,2026-08-07T11:50:00Z,54,val_iou,0.2144975685,0.3532284857,0.2596482147,0.3764799146,0.3326820182,0.6200000000,0.5700000000,0.4300000000,reference_record,benchmark_anchor,60_epoch_record
run_SCN_UNet_S2_fold_Kigali_K25_s8,UNet_S2,fold_Kigali,8,25,cfg_SCN_9a4f2ed1,SCN_UNet_S2_fold_Kigali_K25_s8,2026-08-06T08:00:00Z,2026-08-06T11:51:00Z,52,val_iou,0.2240712394,0.3661081679,0.2511013763,0.4001874507,0.3373776601,0.6200000000,0.5700000000,0.4300000000,reference_record,benchmark_anchor,60_epoch_record
run_SCN_UNet_S2_fold_Kigali_K25_s9,UNet_S2,fold_Kigali,9,25,cfg_SCN_9a4f2ed1,SCN_UNet_S2_fold_Kigali_K25_s9,2026-08-10T08:00:00Z,2026-08-10T11:21:00Z,50,val_iou,0.2025852413,0.3369162274,0.2302736383,0.3656506864,0.3123688893,0.6200000000,0.5700000000,0.4300000000,reference_record,benchmark_anchor,60_epoch_record
run_SCN_UNet_S2_fold_Kigali_K25_s10,UNet_S2,fold_Kigali,10,25,cfg_SCN_9a4f2ed1,SCN_UNet_S2_fold_Kigali_K25_s10,2026-08-05T08:00:00Z,2026-08-05T11:18:00Z,44,val_iou,0.2189243704,0.3592091121,0.2553070655,0.3843276678,0.3371724842,0.6200000000,0.5700000000,0.4300000000,reference_record,benchmark_anchor,60_epoch_record
run_SCN_UNet_S2_fold_Kigali_K50_s1,UNet_S2,fold_Kigali,1,50,cfg_SCN_a5d4a021,SCN_UNet_S2_fold_Kigali_K50_s1,2026-08-11T08:00:00Z,2026-08-11T11:45:00Z,42,val_iou,0.2303903638,0.3744996232,0.2776571387,0.3994423974,0.3524888176,0.6200000000,0.5700000000,0.4300000000,reference_record,benchmark_anchor,60_epoch_record
run_SCN_UNet_S2_fold_Kigali_K50_s2,UNet_S2,fold_Kigali,2,50,cfg_SCN_a5d4a021,SCN_UNet_S2_fold_Kigali_K50_s2,2026-08-07T08:00:00Z,2026-08-07T11:13:00Z,49,val_iou,0.2191797711,0.3595528343,0.2455390511,0.3878434529,0.3351088563,0.6200000000,0.5700000000,0.4300000000,reference_record,benchmark_anchor,60_epoch_record
run_SCN_UNet_S2_fold_Kigali_K50_s3,UNet_S2,fold_Kigali,3,50,cfg_SCN_a5d4a021,SCN_UNet_S2_fold_Kigali_K50_s3,2026-08-05T08:00:00Z,2026-08-05T10:56:00Z,52,val_iou,0.2240888439,0.3661316660,0.2718177288,0.3997961847,0.3376962250,0.6200000000,0.5700000000,0.4300000000,reference_record,benchmark_anchor,60_epoch_record
run_SCN_UNet_S2_fold_Kigali_K50_s4,UNet_S2,fold_Kigali,4,50,cfg_SCN_a5d4a021,SCN_UNet_S2_fold_Kigali_K50_s4,2026-08-05T08:00:00Z,2026-08-05T11:04:00Z,49,val_iou,0.2585652367,0.4108888902,0.2956331938,0.4487566379,0.3789146668,0.6200000000,0.5700000000,0.4300000000,reference_record,benchmark_anchor,60_epoch_record
run_SCN_UNet_S2_fold_Kigali_K50_s5,UNet_S2,fold_Kigali,5,50,cfg_SCN_a5d4a021,SCN_UNet_S2_fold_Kigali_K50_s5,2026-08-10T08:00:00Z,2026-08-10T10:53:00Z,43,val_iou,0.2342549615,0.3795892564,0.2477473938,0.4105952088,0.3529373192,0.6200000000,0.5700000000,0.4300000000,reference_record,benchmark_anchor,60_epoch_record
run_SCN_UNet_S2_fold_Kigali_K50_s6,UNet_S2,fold_Kigali,6,50,cfg_SCN_a5d4a021,SCN_UNet_S2_fold_Kigali_K50_s6,2026-08-10T08:00:00Z,2026-08-10T11:02:00Z,52,val_iou,0.2251839916,0.3675921219,0.2281896772,0.4127522090,0.3313395635,0.6200000000,0.5700000000,0.4300000000,reference_record,benchmark_anchor,60_epoch_record
run_SCN_UNet_S2_fold_Kigali_K50_s7,UNet_S2,fold_Kigali,7,50,cfg_SCN_a5d4a021,SCN_UNet_S2_fold_Kigali_K50_s7,2026-08-09T08:00:00Z,2026-08-09T11:56:00Z,46,val_iou,0.2285237650,0.3720298646,0.2617755750,0.3964453183,0.3504472450,0.6200000000,0.5700000000,0.4300000000,reference_record,benchmark_anchor,60_epoch_record
run_SCN_UNet_S2_fold_Kigali_K50_s8,UNet_S2,fold_Kigali,8,50,cfg_SCN_a5d4a021,SCN_UNet_S2_fold_Kigali_K50_s8,2026-08-11T08:00:00Z,2026-08-11T11:05:00Z,40,val_iou,0.2295827097,0.3734319097,0.2423925318,0.4027305573,0.3481071172,0.6200000000,0.5700000000,0.4300000000,reference_record,benchmark_anchor,60_epoch_record
run_SCN_UNet_S2_fold_Kigali_K50_s9,UNet_S2,fold_Kigali,9,50,cfg_SCN_a5d4a021,SCN_UNet_S2_fold_Kigali_K50_s9,2026-08-05T08:00:00Z,2026-08-05T10:30:00Z,50,val_iou,0.2248380143,0.3671310193,0.2680998829,0.4056694219,0.3352796149,0.6200000000,0.5700000000,0.4300000000,reference_record,benchmark_anchor,60_epoch_record
run_SCN_UNet_S2_fold_Kigali_K50_s10,UNet_S2,fold_Kigali,10,50,cfg_SCN_a5d4a021,SCN_UNet_S2_fold_Kigali_K50_s10,2026-08-08T08:00:00Z,2026-08-08T11:50:00Z,51,val_iou,0.2431107139,0.3911328431,0.2701520139,0.4161840533,0.3689262067,0.6200000000,0.5700000000,0.4300000000,reference_record,benchmark_anchor,60_epoch_record
run_SCN_UNet_S2_fold_Yaounde_K10_s1,UNet_S2,fold_Yaounde,1,10,cfg_SCN_37521ce2,SCN_UNet_S2_fold_Yaounde_K10_s1,2026-08-11T08:00:00Z,2026-08-11T11:15:00Z,40,val_iou,0.1825877987,0.3087936455,0.2288803332,0.3418301734,0.2815800523,0.6200000000,0.5700000000,0.4300000000,reference_record,benchmark_anchor,60_epoch_record
run_SCN_UNet_S2_fold_Yaounde_K10_s2,UNet_S2,fold_Yaounde,2,10,cfg_SCN_37521ce2,SCN_UNet_S2_fold_Yaounde_K10_s2,2026-08-07T08:00:00Z,2026-08-07T11:45:00Z,51,val_iou,0.1784864490,0.3029079362,0.2171704141,0.3489017548,0.2676279948,0.6200000000,0.5700000000,0.4300000000,reference_record,benchmark_anchor,60_epoch_record
run_SCN_UNet_S2_fold_Yaounde_K10_s3,UNet_S2,fold_Yaounde,3,10,cfg_SCN_37521ce2,SCN_UNet_S2_fold_Yaounde_K10_s3,2026-08-06T08:00:00Z,2026-08-06T11:50:00Z,49,val_iou,0.1724895345,0.2942278450,0.2214841123,0.3170687660,0.2744566080,0.6200000000,0.5700000000,0.4300000000,reference_record,benchmark_anchor,60_epoch_record
run_SCN_UNet_S2_fold_Yaounde_K10_s4,UNet_S2,fold_Yaounde,4,10,cfg_SCN_37521ce2,SCN_UNet_S2_fold_Yaounde_K10_s4,2026-08-06T08:00:00Z,2026-08-06T11:02:00Z,40,val_iou,0.1895228839,0.3186536157,0.2223247546,0.3426701098,0.2977830886,0.6200000000,0.5700000000,0.4300000000,reference_record,benchmark_anchor,60_epoch_record
run_SCN_UNet_S2_fold_Yaounde_K10_s5,UNet_S2,fold_Yaounde,5,10,cfg_SCN_37521ce2,SCN_UNet_S2_fold_Yaounde_K10_s5,2026-08-05T08:00:00Z,2026-08-05T11:31:00Z,50,val_iou,0.1916804059,0.3216976715,0.1989401245,0.3493825045,0.2980781600,0.6200000000,0.5700000000,0.4300000000,reference_record,benchmark_anchor,60_epoch_record
run_SCN_UNet_S2_fold_Yaounde_K10_s6,UNet_S2,fold_Yaounde,6,10,cfg_SCN_37521ce2,SCN_UNet_S2_fold_Yaounde_K10_s6,2026-08-07T08:00:00Z,2026-08-07T11:05:00Z,49,val_iou,0.1731983842,0.2952584772,0.1786616368,0.3276416865,0.2687008219,0.6200000000,0.5700000000,0.4300000000,reference_record,benchmark_anchor,60_epoch_record
run_SCN_UNet_S2_fold_Yaounde_K10_s7,UNet_S2,fold_Yaounde,7,10,cfg_SCN_37521ce2,SCN_UNet_S2_fold_Yaounde_K10_s7,2026-08-09T08:00:00Z,2026-08-09T11:33:00Z,44,val_iou,0.1801019245,0.3052311343,0.1756094700,0.3356798796,0.2798468720,0.6200000000,0.5700000000,0.4300000000,reference_record,benchmark_anchor,60_epoch_record
run_SCN_UNet_S2_fold_Yaounde_K10_s8,UNet_S2,fold_Yaounde,8,10,cfg_SCN_37521ce2,SCN_UNet_S2_fold_Yaounde_K10_s8,2026-08-10T08:00:00Z,2026-08-10T10:49:00Z,42,val_iou,0.1732479187,0.2953304513,0.1898759926,0.3182853884,0.2754638311,0.6200000000,0.5700000000,0.4300000000,reference_record,benchmark_anchor,60_epoch_record
run_SCN_UNet_S2_fold_Yaounde_K10_s9,UNet_S2,fold_Yaounde,9,10,cfg_SCN_37521ce2,SCN_UNet_S2_fold_Yaounde_K10_s9,2026-08-09T08:00:00Z,2026-08-09T10:34:00Z,50,val_iou,0.1951362517,0.3265506363,0.2093913346,0.3738054168,0.2899024830,0.6200000000,0.5700000000,0.4300000000,reference_record,benchmark_anchor,60_epoch_record
run_SCN_UNet_S2_fold_Yaounde_K10_s10,UNet_S2,fold_Yaounde,10,10,cfg_SCN_37521ce2,SCN_UNet_S2_fold_Yaounde_K10_s10,2026-08-12T08:00:00Z,2026-08-12T10:56:00Z,52,val_iou,0.1986153312,0.3314079605,0.2320310339,0.3615872321,0.3058783383,0.6200000000,0.5700000000,0.4300000000,reference_record,benchmark_anchor,60_epoch_record
run_SCN_UNet_S2_fold_Yaounde_K25_s1,UNet_S2,fold_Yaounde,1,25,cfg_SCN_9a4f2ed1,SCN_UNet_S2_fold_Yaounde_K25_s1,2026-08-12T08:00:00Z,2026-08-12T10:36:00Z,47,val_iou,0.1881956695,0.3167755519,0.2040682432,0.3614079035,0.2819552659,0.6200000000,0.5700000000,0.4300000000,reference_record,benchmark_anchor,60_epoch_record
run_SCN_UNet_S2_fold_Yaounde_K25_s2,UNet_S2,fold_Yaounde,2,25,cfg_SCN_9a4f2ed1,SCN_UNet_S2_fold_Yaounde_K25_s2,2026-08-06T08:00:00Z,2026-08-06T11:13:00Z,46,val_iou,0.2072546696,0.3433487148,0.2356112005,0.3853985382,0.3095721136,0.6200000000,0.5700000000,0.4300000000,reference_record,benchmark_anchor,60_epoch_record
run_SCN_UNet_S2_fold_Yaounde_K25_s3,UNet_S2,fold_Yaounde,3,25,cfg_SCN_9a4f2ed1,SCN_UNet_S2_fold_Yaounde_K25_s3,2026-08-10T08:00:00Z,2026-08-10T11:11:00Z,40,val_iou,0.2124700351,0.3504746986,0.2323369823,0.3844344128,0.3220277874,0.6200000000,0.5700000000,0.4300000000,reference_record,benchmark_anchor,60_epoch_record
run_SCN_UNet_S2_fold_Yaounde_K25_s4,UNet_S2,fold_Yaounde,4,25,cfg_SCN_9a4f2ed1,SCN_UNet_S2_fold_Yaounde_K25_s4,2026-08-08T08:00:00Z,2026-08-08T11:32:00Z,41,val_iou,0.2128916195,0.3510480509,0.2702336655,0.3741517573,0.3306316895,0.6200000000,0.5700000000,0.4300000000,reference_record,benchmark_anchor,60_epoch_record
run_SCN_UNet_S2_fold_Yaounde_K25_s5,UNet_S2,fold_Yaounde,5,25,cfg_SCN_9a4f2ed1,SCN_UNet_S2_fold_Yaounde_K25_s5,2026-08-09T08:00:00Z,2026-08-09T10:55:00Z,54,val_iou,0.1841200809,0.3109821105,0.2047941040,0.3424910237,0.2847823512,0.6200000000,0.5700000000,0.4300000000,reference_record,benchmark_anchor,60_epoch_record
run_SCN_UNet_S2_fold_Yaounde_K25_s6,UNet_S2,fold_Yaounde,6,25,cfg_SCN_9a4f2ed1,SCN_UNet_S2_fold_Yaounde_K25_s6,2026-08-05T08:00:00Z,2026-08-05T11:55:00Z,45,val_iou,0.1974623432,0.3298013408,0.1904532643,0.3553675341,0.3076668744,0.6200000000,0.5700000000,0.4300000000,reference_record,benchmark_anchor,60_epoch_record
run_SCN_UNet_S2_fold_Yaounde_K25_s7,UNet_S2,fold_Yaounde,7,25,cfg_SCN_9a4f2ed1,SCN_UNet_S2_fold_Yaounde_K25_s7,2026-08-06T08:00:00Z,2026-08-06T11:18:00Z,48,val_iou,0.1975093794,0.3298669435,0.2307794592,0.3654727393,0.3005829655,0.6200000000,0.5700000000,0.4300000000,reference_record,benchmark_anchor,60_epoch_record
run_SCN_UNet_S2_fold_Yaounde_K25_s8,UNet_S2,fold_Yaounde,8,25,cfg_SCN_9a4f2ed1,SCN_UNet_S2_fold_Yaounde_K25_s8,2026-08-05T08:00:00Z,2026-08-05T11:11:00Z,40,val_iou,0.1966678739,0.3286924938,0.2277954375,0.3682944257,0.2967803242,0.6200000000,0.5700000000,0.4300000000,reference_record,benchmark_anchor,60_epoch_record
run_SCN_UNet_S2_fold_Yaounde_K25_s9,UNet_S2,fold_Yaounde,9,25,cfg_SCN_9a4f2ed1,SCN_UNet_S2_fold_Yaounde_K25_s9,2026-08-06T08:00:00Z,2026-08-06T11:40:00Z,43,val_iou,0.2170027310,0.3566183139,0.2461218469,0.3919318776,0.3271423679,0.6200000000,0.5700000000,0.4300000000,reference_record,benchmark_anchor,60_epoch_record
run_SCN_UNet_S2_fold_Yaounde_K25_s10,UNet_S2,fold_Yaounde,10,25,cfg_SCN_9a4f2ed1,SCN_UNet_S2_fold_Yaounde_K25_s10,2026-08-09T08:00:00Z,2026-08-09T10:32:00Z,45,val_iou,0.2022824029,0.3364973194,0.2598531791,0.3810867797,0.3012493246,0.6200000000,0.5700000000,0.4300000000,reference_record,benchmark_anchor,60_epoch_record
run_SCN_UNet_S2_fold_Yaounde_K50_s1,UNet_S2,fold_Yaounde,1,50,cfg_SCN_a5d4a021,SCN_UNet_S2_fold_Yaounde_K50_s1,2026-08-05T08:00:00Z,2026-08-05T10:44:00Z,41,val_iou,0.2356151388,0.3813730204,0.2119841537,0.4240820060,0.3464793418,0.6200000000,0.5700000000,0.4300000000,reference_record,benchmark_anchor,60_epoch_record
run_SCN_UNet_S2_fold_Yaounde_K50_s2,UNet_S2,fold_Yaounde,2,50,cfg_SCN_a5d4a021,SCN_UNet_S2_fold_Yaounde_K50_s2,2026-08-12T08:00:00Z,2026-08-12T11:55:00Z,52,val_iou,0.2058873381,0.3414702710,0.2301650570,0.3721909570,0.3154342874,0.6200000000,0.5700000000,0.4300000000,reference_record,benchmark_anchor,60_epoch_record
run_SCN_UNet_S2_fold_Yaounde_K50_s3,UNet_S2,fold_Yaounde,3,50,cfg_SCN_a5d4a021,SCN_UNet_S2_fold_Yaounde_K50_s3,2026-08-09T08:00:00Z,2026-08-09T11:50:00Z,52,val_iou,0.2092761807,0.3461180895,0.2055541752,0.3788331475,0.3186042450,0.6200000000,0.5700000000,0.4300000000,reference_record,benchmark_anchor,60_epoch_record
run_SCN_UNet_S2_fold_Yaounde_K50_s4,UNet_S2,fold_Yaounde,4,50,cfg_SCN_a5d4a021,SCN_UNet_S2_fold_Yaounde_K50_s4,2026-08-09T08:00:00Z,2026-08-09T11:41:00Z,51,val_iou,0.2078755814,0.3442003210,0.2338045963,0.3774070018,0.3163645457,0.6200000000,0.5700000000,0.4300000000,reference_record,benchmark_anchor,60_epoch_record
run_SCN_UNet_S2_fold_Yaounde_K50_s5,UNet_S2,fold_Yaounde,5,50,cfg_SCN_a5d4a021,SCN_UNet_S2_fold_Yaounde_K50_s5,2026-08-05T08:00:00Z,2026-08-05T10:49:00Z,49,val_iou,0.2003673223,0.3338433470,0.2236842529,0.3781141734,0.2988527085,0.6200000000,0.5700000000,0.4300000000,reference_record,benchmark_anchor,60_epoch_record
run_SCN_UNet_S2_fold_Yaounde_K50_s6,UNet_S2,fold_Yaounde,6,50,cfg_SCN_a5d4a021,SCN_UNet_S2_fold_Yaounde_K50_s6,2026-08-12T08:00:00Z,2026-08-12T11:50:00Z,50,val_iou,0.2162988494,0.3556672762,0.2451837670,0.3904187490,0.3265966568,0.6200000000,0.5700000000,0.4300000000,reference_record,benchmark_anchor,60_epoch_record
run_SCN_UNet_S2_fold_Yaounde_K50_s7,UNet_S2,fold_Yaounde,7,50,cfg_SCN_a5d4a021,SCN_UNet_S2_fold_Yaounde_K50_s7,2026-08-11T08:00:00Z,2026-08-11T11:46:00Z,49,val_iou,0.2169129935,0.3564971278,0.2461048568,0.3941446494,0.3254145048,0.6200000000,0.5700000000,0.4300000000,reference_record,benchmark_anchor,60_epoch_record
run_SCN_UNet_S2_fold_Yaounde_K50_s8,UNet_S2,fold_Yaounde,8,50,cfg_SCN_a5d4a021,SCN_UNet_S2_fold_Yaounde_K50_s8,2026-08-12T08:00:00Z,2026-08-12T10:40:00Z,40,val_iou,0.2179188271,0.3578544354,0.2532551007,0.4044642595,0.3208770676,0.6200000000,0.5700000000,0.4300000000,reference_record,benchmark_anchor,60_epoch_record
run_SCN_UNet_S2_fold_Yaounde_K50_s9,UNet_S2,fold_Yaounde,9,50,cfg_SCN_a5d4a021,SCN_UNet_S2_fold_Yaounde_K50_s9,2026-08-12T08:00:00Z,2026-08-12T10:58:00Z,40,val_iou,0.2169218255,0.3565090558,0.2330264601,0.3812552668,0.3347794591,0.6200000000,0.5700000000,0.4300000000,reference_record,benchmark_anchor,60_epoch_record
run_SCN_UNet_S2_fold_Yaounde_K50_s10,UNet_S2,fold_Yaounde,10,50,cfg_SCN_a5d4a021,SCN_UNet_S2_fold_Yaounde_K50_s10,2026-08-07T08:00:00Z,2026-08-07T10:46:00Z,54,val_iou,0.2234599587,0.3652918219,0.2621461599,0.3965205252,0.3386229488,0.6200000000,0.5700000000,0.4300000000,reference_record,benchmark_anchor,60_epoch_record
